case:concept:name,reason
201810002650,"alignment-based replay of the historical prefix needed at least one 'log move' -- a logged activity the model could not explain at all (a genuine deviation). Informational only: unlike the old token-based replay, the reconstructed marking is always legally reachable, so this does not by itself put the case at risk of an unrecoverable loop."
201810006512,"alignment-based replay of the historical prefix needed at least one 'log move' -- a logged activity the model could not explain at all (a genuine deviation). Informational only: unlike the old token-based replay, the reconstructed marking is always legally reachable, so this does not by itself put the case at risk of an unrecoverable loop."
20181012611,"alignment-based replay of the historical prefix needed at least one 'log move' -- a logged activity the model could not explain at all (a genuine deviation). Informational only: unlike the old token-based replay, the reconstructed marking is always legally reachable, so this does not by itself put the case at risk of an unrecoverable loop."
20181013679,"alignment-based replay of the historical prefix needed at least one 'log move' -- a logged activity the model could not explain at all (a genuine deviation). Informational only: unlike the old token-based replay, the reconstructed marking is always legally reachable, so this does not by itself put the case at risk of an unrecoverable loop."
201811004205,"alignment-based replay of the historical prefix needed at least one 'log move' -- a logged activity the model could not explain at all (a genuine deviation). Informational only: unlike the old token-based replay, the reconstructed marking is always legally reachable, so this does not by itself put the case at risk of an unrecoverable loop."
201811005226,"alignment-based replay of the historical prefix needed at least one 'log move' -- a logged activity the model could not explain at all (a genuine deviation). Informational only: unlike the old token-based replay, the reconstructed marking is always legally reachable, so this does not by itself put the case at risk of an unrecoverable loop."
201811008330,"alignment-based replay of the historical prefix needed at least one 'log move' -- a logged activity the model could not explain at all (a genuine deviation). Informational only: unlike the old token-based replay, the reconstructed marking is always legally reachable, so this does not by itself put the case at risk of an unrecoverable loop."
201811008631,"alignment-based replay of the historical prefix needed at least one 'log move' -- a logged activity the model could not explain at all (a genuine deviation). Informational only: unlike the old token-based replay, the reconstructed marking is always legally reachable, so this does not by itself put the case at risk of an unrecoverable loop."
201811009800,"alignment-based replay of the historical prefix needed at least one 'log move' -- a logged activity the model could not explain at all (a genuine deviation). Informational only: unlike the old token-based replay, the reconstructed marking is always legally reachable, so this does not by itself put the case at risk of an unrecoverable loop."
201811010681,"alignment-based replay of the historical prefix needed at least one 'log move' -- a logged activity the model could not explain at all (a genuine deviation). Informational only: unlike the old token-based replay, the reconstructed marking is always legally reachable, so this does not by itself put the case at risk of an unrecoverable loop."
201811011742,"alignment-based replay of the historical prefix needed at least one 'log move' -- a logged activity the model could not explain at all (a genuine deviation). Informational only: unlike the old token-based replay, the reconstructed marking is always legally reachable, so this does not by itself put the case at risk of an unrecoverable loop."
201811011907,"alignment-based replay of the historical prefix needed at least one 'log move' -- a logged activity the model could not explain at all (a genuine deviation). Informational only: unlike the old token-based replay, the reconstructed marking is always legally reachable, so this does not by itself put the case at risk of an unrecoverable loop."
201812000179,"alignment-based replay of the historical prefix needed at least one 'log move' -- a logged activity the model could not explain at all (a genuine deviation). Informational only: unlike the old token-based replay, the reconstructed marking is always legally reachable, so this does not by itself put the case at risk of an unrecoverable loop."
201812000181,"alignment-based replay of the historical prefix needed at least one 'log move' -- a logged activity the model could not explain at all (a genuine deviation). Informational only: unlike the old token-based replay, the reconstructed marking is always legally reachable, so this does not by itself put the case at risk of an unrecoverable loop."
201812000900,"alignment-based replay of the historical prefix needed at least one 'log move' -- a logged activity the model could not explain at all (a genuine deviation). Informational only: unlike the old token-based replay, the reconstructed marking is always legally reachable, so this does not by itself put the case at risk of an unrecoverable loop."
201812002344,"alignment-based replay of the historical prefix needed at least one 'log move' -- a logged activity the model could not explain at all (a genuine deviation). Informational only: unlike the old token-based replay, the reconstructed marking is always legally reachable, so this does not by itself put the case at risk of an unrecoverable loop."
201812002552,"alignment-based replay of the historical prefix needed at least one 'log move' -- a logged activity the model could not explain at all (a genuine deviation). Informational only: unlike the old token-based replay, the reconstructed marking is always legally reachable, so this does not by itself put the case at risk of an unrecoverable loop."
201812002677,"alignment-based replay of the historical prefix needed at least one 'log move' -- a logged activity the model could not explain at all (a genuine deviation). Informational only: unlike the old token-based replay, the reconstructed marking is always legally reachable, so this does not by itself put the case at risk of an unrecoverable loop."
201812002837,"alignment-based replay of the historical prefix needed at least one 'log move' -- a logged activity the model could not explain at all (a genuine deviation). Informational only: unlike the old token-based replay, the reconstructed marking is always legally reachable, so this does not by itself put the case at risk of an unrecoverable loop."
201812004271,"alignment-based replay of the historical prefix needed at least one 'log move' -- a logged activity the model could not explain at all (a genuine deviation). Informational only: unlike the old token-based replay, the reconstructed marking is always legally reachable, so this does not by itself put the case at risk of an unrecoverable loop."
201812004625,"alignment-based replay of the historical prefix needed at least one 'log move' -- a logged activity the model could not explain at all (a genuine deviation). Informational only: unlike the old token-based replay, the reconstructed marking is always legally reachable, so this does not by itself put the case at risk of an unrecoverable loop."
201812004772,"alignment-based replay of the historical prefix needed at least one 'log move' -- a logged activity the model could not explain at all (a genuine deviation). Informational only: unlike the old token-based replay, the reconstructed marking is always legally reachable, so this does not by itself put the case at risk of an unrecoverable loop."
201812004871,"alignment-based replay of the historical prefix needed at least one 'log move' -- a logged activity the model could not explain at all (a genuine deviation). Informational only: unlike the old token-based replay, the reconstructed marking is always legally reachable, so this does not by itself put the case at risk of an unrecoverable loop."
201812004921,"alignment-based replay of the historical prefix needed at least one 'log move' -- a logged activity the model could not explain at all (a genuine deviation). Informational only: unlike the old token-based replay, the reconstructed marking is always legally reachable, so this does not by itself put the case at risk of an unrecoverable loop."
201812005259,"alignment-based replay of the historical prefix needed at least one 'log move' -- a logged activity the model could not explain at all (a genuine deviation). Informational only: unlike the old token-based replay, the reconstructed marking is always legally reachable, so this does not by itself put the case at risk of an unrecoverable loop."
201812005402,"alignment-based replay of the historical prefix needed at least one 'log move' -- a logged activity the model could not explain at all (a genuine deviation). Informational only: unlike the old token-based replay, the reconstructed marking is always legally reachable, so this does not by itself put the case at risk of an unrecoverable loop."
201812006485,"alignment-based replay of the historical prefix needed at least one 'log move' -- a logged activity the model could not explain at all (a genuine deviation). Informational only: unlike the old token-based replay, the reconstructed marking is always legally reachable, so this does not by itself put the case at risk of an unrecoverable loop."
201812006628,"alignment-based replay of the historical prefix needed at least one 'log move' -- a logged activity the model could not explain at all (a genuine deviation). Informational only: unlike the old token-based replay, the reconstructed marking is always legally reachable, so this does not by itself put the case at risk of an unrecoverable loop."
201812007280,"alignment-based replay of the historical prefix needed at least one 'log move' -- a logged activity the model could not explain at all (a genuine deviation). Informational only: unlike the old token-based replay, the reconstructed marking is always legally reachable, so this does not by itself put the case at risk of an unrecoverable loop."
201812007439,"alignment-based replay of the historical prefix needed at least one 'log move' -- a logged activity the model could not explain at all (a genuine deviation). Informational only: unlike the old token-based replay, the reconstructed marking is always legally reachable, so this does not by itself put the case at risk of an unrecoverable loop."
201812007727,"alignment-based replay of the historical prefix needed at least one 'log move' -- a logged activity the model could not explain at all (a genuine deviation). Informational only: unlike the old token-based replay, the reconstructed marking is always legally reachable, so this does not by itself put the case at risk of an unrecoverable loop."
201812007839,"alignment-based replay of the historical prefix needed at least one 'log move' -- a logged activity the model could not explain at all (a genuine deviation). Informational only: unlike the old token-based replay, the reconstructed marking is always legally reachable, so this does not by itself put the case at risk of an unrecoverable loop."
201812008642,"alignment-based replay of the historical prefix needed at least one 'log move' -- a logged activity the model could not explain at all (a genuine deviation). Informational only: unlike the old token-based replay, the reconstructed marking is always legally reachable, so this does not by itself put the case at risk of an unrecoverable loop."
201812008694,"alignment-based replay of the historical prefix needed at least one 'log move' -- a logged activity the model could not explain at all (a genuine deviation). Informational only: unlike the old token-based replay, the reconstructed marking is always legally reachable, so this does not by itself put the case at risk of an unrecoverable loop."
201812009363,"alignment-based replay of the historical prefix needed at least one 'log move' -- a logged activity the model could not explain at all (a genuine deviation). Informational only: unlike the old token-based replay, the reconstructed marking is always legally reachable, so this does not by itself put the case at risk of an unrecoverable loop."
201812009515,"alignment-based replay of the historical prefix needed at least one 'log move' -- a logged activity the model could not explain at all (a genuine deviation). Informational only: unlike the old token-based replay, the reconstructed marking is always legally reachable, so this does not by itself put the case at risk of an unrecoverable loop."
201812009682,"alignment-based replay of the historical prefix needed at least one 'log move' -- a logged activity the model could not explain at all (a genuine deviation). Informational only: unlike the old token-based replay, the reconstructed marking is always legally reachable, so this does not by itself put the case at risk of an unrecoverable loop."
201812009750,"alignment-based replay of the historical prefix needed at least one 'log move' -- a logged activity the model could not explain at all (a genuine deviation). Informational only: unlike the old token-based replay, the reconstructed marking is always legally reachable, so this does not by itself put the case at risk of an unrecoverable loop."
20186005840,"alignment-based replay of the historical prefix needed at least one 'log move' -- a logged activity the model could not explain at all (a genuine deviation). Informational only: unlike the old token-based replay, the reconstructed marking is always legally reachable, so this does not by itself put the case at risk of an unrecoverable loop."
20187003190,"alignment-based replay of the historical prefix needed at least one 'log move' -- a logged activity the model could not explain at all (a genuine deviation). Informational only: unlike the old token-based replay, the reconstructed marking is always legally reachable, so this does not by itself put the case at risk of an unrecoverable loop."
20187006392,"alignment-based replay of the historical prefix needed at least one 'log move' -- a logged activity the model could not explain at all (a genuine deviation). Informational only: unlike the old token-based replay, the reconstructed marking is always legally reachable, so this does not by itself put the case at risk of an unrecoverable loop."
20187006846,"alignment-based replay of the historical prefix needed at least one 'log move' -- a logged activity the model could not explain at all (a genuine deviation). Informational only: unlike the old token-based replay, the reconstructed marking is always legally reachable, so this does not by itself put the case at risk of an unrecoverable loop."
20187010782,"alignment-based replay of the historical prefix needed at least one 'log move' -- a logged activity the model could not explain at all (a genuine deviation). Informational only: unlike the old token-based replay, the reconstructed marking is always legally reachable, so this does not by itself put the case at risk of an unrecoverable loop."
20188002087,"alignment-based replay of the historical prefix needed at least one 'log move' -- a logged activity the model could not explain at all (a genuine deviation). Informational only: unlike the old token-based replay, the reconstructed marking is always legally reachable, so this does not by itself put the case at risk of an unrecoverable loop."
20189001829,"alignment-based replay of the historical prefix needed at least one 'log move' -- a logged activity the model could not explain at all (a genuine deviation). Informational only: unlike the old token-based replay, the reconstructed marking is always legally reachable, so this does not by itself put the case at risk of an unrecoverable loop."
20189003084,"alignment-based replay of the historical prefix needed at least one 'log move' -- a logged activity the model could not explain at all (a genuine deviation). Informational only: unlike the old token-based replay, the reconstructed marking is always legally reachable, so this does not by itself put the case at risk of an unrecoverable loop."
20189007982,"alignment-based replay of the historical prefix needed at least one 'log move' -- a logged activity the model could not explain at all (a genuine deviation). Informational only: unlike the old token-based replay, the reconstructed marking is always legally reachable, so this does not by itself put the case at risk of an unrecoverable loop."
20191000242,"alignment-based replay of the historical prefix needed at least one 'log move' -- a logged activity the model could not explain at all (a genuine deviation). Informational only: unlike the old token-based replay, the reconstructed marking is always legally reachable, so this does not by itself put the case at risk of an unrecoverable loop."
20191000260,"alignment-based replay of the historical prefix needed at least one 'log move' -- a logged activity the model could not explain at all (a genuine deviation). Informational only: unlike the old token-based replay, the reconstructed marking is always legally reachable, so this does not by itself put the case at risk of an unrecoverable loop."
20191000546,"alignment-based replay of the historical prefix needed at least one 'log move' -- a logged activity the model could not explain at all (a genuine deviation). Informational only: unlike the old token-based replay, the reconstructed marking is always legally reachable, so this does not by itself put the case at risk of an unrecoverable loop."
20191000676,"alignment-based replay of the historical prefix needed at least one 'log move' -- a logged activity the model could not explain at all (a genuine deviation). Informational only: unlike the old token-based replay, the reconstructed marking is always legally reachable, so this does not by itself put the case at risk of an unrecoverable loop."
20191000845,"alignment-based replay of the historical prefix needed at least one 'log move' -- a logged activity the model could not explain at all (a genuine deviation). Informational only: unlike the old token-based replay, the reconstructed marking is always legally reachable, so this does not by itself put the case at risk of an unrecoverable loop."
20191000957,"alignment-based replay of the historical prefix needed at least one 'log move' -- a logged activity the model could not explain at all (a genuine deviation). Informational only: unlike the old token-based replay, the reconstructed marking is always legally reachable, so this does not by itself put the case at risk of an unrecoverable loop."
20191001061,"alignment-based replay of the historical prefix needed at least one 'log move' -- a logged activity the model could not explain at all (a genuine deviation). Informational only: unlike the old token-based replay, the reconstructed marking is always legally reachable, so this does not by itself put the case at risk of an unrecoverable loop."
20191001209,"alignment-based replay of the historical prefix needed at least one 'log move' -- a logged activity the model could not explain at all (a genuine deviation). Informational only: unlike the old token-based replay, the reconstructed marking is always legally reachable, so this does not by itself put the case at risk of an unrecoverable loop."
20191001457,"alignment-based replay of the historical prefix needed at least one 'log move' -- a logged activity the model could not explain at all (a genuine deviation). Informational only: unlike the old token-based replay, the reconstructed marking is always legally reachable, so this does not by itself put the case at risk of an unrecoverable loop."
20191001846,"alignment-based replay of the historical prefix needed at least one 'log move' -- a logged activity the model could not explain at all (a genuine deviation). Informational only: unlike the old token-based replay, the reconstructed marking is always legally reachable, so this does not by itself put the case at risk of an unrecoverable loop."
20191002027,"alignment-based replay of the historical prefix needed at least one 'log move' -- a logged activity the model could not explain at all (a genuine deviation). Informational only: unlike the old token-based replay, the reconstructed marking is always legally reachable, so this does not by itself put the case at risk of an unrecoverable loop."
20191002394,"alignment-based replay of the historical prefix needed at least one 'log move' -- a logged activity the model could not explain at all (a genuine deviation). Informational only: unlike the old token-based replay, the reconstructed marking is always legally reachable, so this does not by itself put the case at risk of an unrecoverable loop."
20191002483,"alignment-based replay of the historical prefix needed at least one 'log move' -- a logged activity the model could not explain at all (a genuine deviation). Informational only: unlike the old token-based replay, the reconstructed marking is always legally reachable, so this does not by itself put the case at risk of an unrecoverable loop."
20191002503,"alignment-based replay of the historical prefix needed at least one 'log move' -- a logged activity the model could not explain at all (a genuine deviation). Informational only: unlike the old token-based replay, the reconstructed marking is always legally reachable, so this does not by itself put the case at risk of an unrecoverable loop."
20191002511,"alignment-based replay of the historical prefix needed at least one 'log move' -- a logged activity the model could not explain at all (a genuine deviation). Informational only: unlike the old token-based replay, the reconstructed marking is always legally reachable, so this does not by itself put the case at risk of an unrecoverable loop."
20191002521,"alignment-based replay of the historical prefix needed at least one 'log move' -- a logged activity the model could not explain at all (a genuine deviation). Informational only: unlike the old token-based replay, the reconstructed marking is always legally reachable, so this does not by itself put the case at risk of an unrecoverable loop."
20191002759,"alignment-based replay of the historical prefix needed at least one 'log move' -- a logged activity the model could not explain at all (a genuine deviation). Informational only: unlike the old token-based replay, the reconstructed marking is always legally reachable, so this does not by itself put the case at risk of an unrecoverable loop."
20191002939,"alignment-based replay of the historical prefix needed at least one 'log move' -- a logged activity the model could not explain at all (a genuine deviation). Informational only: unlike the old token-based replay, the reconstructed marking is always legally reachable, so this does not by itself put the case at risk of an unrecoverable loop."
20191003043,"alignment-based replay of the historical prefix needed at least one 'log move' -- a logged activity the model could not explain at all (a genuine deviation). Informational only: unlike the old token-based replay, the reconstructed marking is always legally reachable, so this does not by itself put the case at risk of an unrecoverable loop."
20191003785,"alignment-based replay of the historical prefix needed at least one 'log move' -- a logged activity the model could not explain at all (a genuine deviation). Informational only: unlike the old token-based replay, the reconstructed marking is always legally reachable, so this does not by itself put the case at risk of an unrecoverable loop."
20191003938,"alignment-based replay of the historical prefix needed at least one 'log move' -- a logged activity the model could not explain at all (a genuine deviation). Informational only: unlike the old token-based replay, the reconstructed marking is always legally reachable, so this does not by itself put the case at risk of an unrecoverable loop."
20191004011,"alignment-based replay of the historical prefix needed at least one 'log move' -- a logged activity the model could not explain at all (a genuine deviation). Informational only: unlike the old token-based replay, the reconstructed marking is always legally reachable, so this does not by itself put the case at risk of an unrecoverable loop."
20191004025,"alignment-based replay of the historical prefix needed at least one 'log move' -- a logged activity the model could not explain at all (a genuine deviation). Informational only: unlike the old token-based replay, the reconstructed marking is always legally reachable, so this does not by itself put the case at risk of an unrecoverable loop."
20191004146,"alignment-based replay of the historical prefix needed at least one 'log move' -- a logged activity the model could not explain at all (a genuine deviation). Informational only: unlike the old token-based replay, the reconstructed marking is always legally reachable, so this does not by itself put the case at risk of an unrecoverable loop."
20191004208,"alignment-based replay of the historical prefix needed at least one 'log move' -- a logged activity the model could not explain at all (a genuine deviation). Informational only: unlike the old token-based replay, the reconstructed marking is always legally reachable, so this does not by itself put the case at risk of an unrecoverable loop."
20191004224,"alignment-based replay of the historical prefix needed at least one 'log move' -- a logged activity the model could not explain at all (a genuine deviation). Informational only: unlike the old token-based replay, the reconstructed marking is always legally reachable, so this does not by itself put the case at risk of an unrecoverable loop."
20191004251,"alignment-based replay of the historical prefix needed at least one 'log move' -- a logged activity the model could not explain at all (a genuine deviation). Informational only: unlike the old token-based replay, the reconstructed marking is always legally reachable, so this does not by itself put the case at risk of an unrecoverable loop."
20191004267,"alignment-based replay of the historical prefix needed at least one 'log move' -- a logged activity the model could not explain at all (a genuine deviation). Informational only: unlike the old token-based replay, the reconstructed marking is always legally reachable, so this does not by itself put the case at risk of an unrecoverable loop."
20191004286,"alignment-based replay of the historical prefix needed at least one 'log move' -- a logged activity the model could not explain at all (a genuine deviation). Informational only: unlike the old token-based replay, the reconstructed marking is always legally reachable, so this does not by itself put the case at risk of an unrecoverable loop."
20191004364,"alignment-based replay of the historical prefix needed at least one 'log move' -- a logged activity the model could not explain at all (a genuine deviation). Informational only: unlike the old token-based replay, the reconstructed marking is always legally reachable, so this does not by itself put the case at risk of an unrecoverable loop."
20191004374,"alignment-based replay of the historical prefix needed at least one 'log move' -- a logged activity the model could not explain at all (a genuine deviation). Informational only: unlike the old token-based replay, the reconstructed marking is always legally reachable, so this does not by itself put the case at risk of an unrecoverable loop."
20191004556,"alignment-based replay of the historical prefix needed at least one 'log move' -- a logged activity the model could not explain at all (a genuine deviation). Informational only: unlike the old token-based replay, the reconstructed marking is always legally reachable, so this does not by itself put the case at risk of an unrecoverable loop."
20191004805,"alignment-based replay of the historical prefix needed at least one 'log move' -- a logged activity the model could not explain at all (a genuine deviation). Informational only: unlike the old token-based replay, the reconstructed marking is always legally reachable, so this does not by itself put the case at risk of an unrecoverable loop."
20191005303,"alignment-based replay of the historical prefix needed at least one 'log move' -- a logged activity the model could not explain at all (a genuine deviation). Informational only: unlike the old token-based replay, the reconstructed marking is always legally reachable, so this does not by itself put the case at risk of an unrecoverable loop."
20191005375,"alignment-based replay of the historical prefix needed at least one 'log move' -- a logged activity the model could not explain at all (a genuine deviation). Informational only: unlike the old token-based replay, the reconstructed marking is always legally reachable, so this does not by itself put the case at risk of an unrecoverable loop."
20191005557,"alignment-based replay of the historical prefix needed at least one 'log move' -- a logged activity the model could not explain at all (a genuine deviation). Informational only: unlike the old token-based replay, the reconstructed marking is always legally reachable, so this does not by itself put the case at risk of an unrecoverable loop."
20191005637,"alignment-based replay of the historical prefix needed at least one 'log move' -- a logged activity the model could not explain at all (a genuine deviation). Informational only: unlike the old token-based replay, the reconstructed marking is always legally reachable, so this does not by itself put the case at risk of an unrecoverable loop."
20191005838,"alignment-based replay of the historical prefix needed at least one 'log move' -- a logged activity the model could not explain at all (a genuine deviation). Informational only: unlike the old token-based replay, the reconstructed marking is always legally reachable, so this does not by itself put the case at risk of an unrecoverable loop."
20191005922,"alignment-based replay of the historical prefix needed at least one 'log move' -- a logged activity the model could not explain at all (a genuine deviation). Informational only: unlike the old token-based replay, the reconstructed marking is always legally reachable, so this does not by itself put the case at risk of an unrecoverable loop."
20191006142,"alignment-based replay of the historical prefix needed at least one 'log move' -- a logged activity the model could not explain at all (a genuine deviation). Informational only: unlike the old token-based replay, the reconstructed marking is always legally reachable, so this does not by itself put the case at risk of an unrecoverable loop."
20191006145,"alignment-based replay of the historical prefix needed at least one 'log move' -- a logged activity the model could not explain at all (a genuine deviation). Informational only: unlike the old token-based replay, the reconstructed marking is always legally reachable, so this does not by itself put the case at risk of an unrecoverable loop."
20191006217,"alignment-based replay of the historical prefix needed at least one 'log move' -- a logged activity the model could not explain at all (a genuine deviation). Informational only: unlike the old token-based replay, the reconstructed marking is always legally reachable, so this does not by itself put the case at risk of an unrecoverable loop."
20191006233,"alignment-based replay of the historical prefix needed at least one 'log move' -- a logged activity the model could not explain at all (a genuine deviation). Informational only: unlike the old token-based replay, the reconstructed marking is always legally reachable, so this does not by itself put the case at risk of an unrecoverable loop."
20191006394,"alignment-based replay of the historical prefix needed at least one 'log move' -- a logged activity the model could not explain at all (a genuine deviation). Informational only: unlike the old token-based replay, the reconstructed marking is always legally reachable, so this does not by itself put the case at risk of an unrecoverable loop."
20191006502,"alignment-based replay of the historical prefix needed at least one 'log move' -- a logged activity the model could not explain at all (a genuine deviation). Informational only: unlike the old token-based replay, the reconstructed marking is always legally reachable, so this does not by itself put the case at risk of an unrecoverable loop."
20191006539,"alignment-based replay of the historical prefix needed at least one 'log move' -- a logged activity the model could not explain at all (a genuine deviation). Informational only: unlike the old token-based replay, the reconstructed marking is always legally reachable, so this does not by itself put the case at risk of an unrecoverable loop."
20191006608,"alignment-based replay of the historical prefix needed at least one 'log move' -- a logged activity the model could not explain at all (a genuine deviation). Informational only: unlike the old token-based replay, the reconstructed marking is always legally reachable, so this does not by itself put the case at risk of an unrecoverable loop."
20191006655,"alignment-based replay of the historical prefix needed at least one 'log move' -- a logged activity the model could not explain at all (a genuine deviation). Informational only: unlike the old token-based replay, the reconstructed marking is always legally reachable, so this does not by itself put the case at risk of an unrecoverable loop."
20191006747,"alignment-based replay of the historical prefix needed at least one 'log move' -- a logged activity the model could not explain at all (a genuine deviation). Informational only: unlike the old token-based replay, the reconstructed marking is always legally reachable, so this does not by itself put the case at risk of an unrecoverable loop."
20191006788,"alignment-based replay of the historical prefix needed at least one 'log move' -- a logged activity the model could not explain at all (a genuine deviation). Informational only: unlike the old token-based replay, the reconstructed marking is always legally reachable, so this does not by itself put the case at risk of an unrecoverable loop."
20191006920,"alignment-based replay of the historical prefix needed at least one 'log move' -- a logged activity the model could not explain at all (a genuine deviation). Informational only: unlike the old token-based replay, the reconstructed marking is always legally reachable, so this does not by itself put the case at risk of an unrecoverable loop."
20191007056,"alignment-based replay of the historical prefix needed at least one 'log move' -- a logged activity the model could not explain at all (a genuine deviation). Informational only: unlike the old token-based replay, the reconstructed marking is always legally reachable, so this does not by itself put the case at risk of an unrecoverable loop."
20191007413,"alignment-based replay of the historical prefix needed at least one 'log move' -- a logged activity the model could not explain at all (a genuine deviation). Informational only: unlike the old token-based replay, the reconstructed marking is always legally reachable, so this does not by itself put the case at risk of an unrecoverable loop."
20191007469,"alignment-based replay of the historical prefix needed at least one 'log move' -- a logged activity the model could not explain at all (a genuine deviation). Informational only: unlike the old token-based replay, the reconstructed marking is always legally reachable, so this does not by itself put the case at risk of an unrecoverable loop."
20191007481,"alignment-based replay of the historical prefix needed at least one 'log move' -- a logged activity the model could not explain at all (a genuine deviation). Informational only: unlike the old token-based replay, the reconstructed marking is always legally reachable, so this does not by itself put the case at risk of an unrecoverable loop."
20191007501,"alignment-based replay of the historical prefix needed at least one 'log move' -- a logged activity the model could not explain at all (a genuine deviation). Informational only: unlike the old token-based replay, the reconstructed marking is always legally reachable, so this does not by itself put the case at risk of an unrecoverable loop."
20191007560,"alignment-based replay of the historical prefix needed at least one 'log move' -- a logged activity the model could not explain at all (a genuine deviation). Informational only: unlike the old token-based replay, the reconstructed marking is always legally reachable, so this does not by itself put the case at risk of an unrecoverable loop."
20191007651,"alignment-based replay of the historical prefix needed at least one 'log move' -- a logged activity the model could not explain at all (a genuine deviation). Informational only: unlike the old token-based replay, the reconstructed marking is always legally reachable, so this does not by itself put the case at risk of an unrecoverable loop."
20191007912,"alignment-based replay of the historical prefix needed at least one 'log move' -- a logged activity the model could not explain at all (a genuine deviation). Informational only: unlike the old token-based replay, the reconstructed marking is always legally reachable, so this does not by itself put the case at risk of an unrecoverable loop."
20191008019,"alignment-based replay of the historical prefix needed at least one 'log move' -- a logged activity the model could not explain at all (a genuine deviation). Informational only: unlike the old token-based replay, the reconstructed marking is always legally reachable, so this does not by itself put the case at risk of an unrecoverable loop."
20191008140,"alignment-based replay of the historical prefix needed at least one 'log move' -- a logged activity the model could not explain at all (a genuine deviation). Informational only: unlike the old token-based replay, the reconstructed marking is always legally reachable, so this does not by itself put the case at risk of an unrecoverable loop."
20191008169,"alignment-based replay of the historical prefix needed at least one 'log move' -- a logged activity the model could not explain at all (a genuine deviation). Informational only: unlike the old token-based replay, the reconstructed marking is always legally reachable, so this does not by itself put the case at risk of an unrecoverable loop."
20191008273,"alignment-based replay of the historical prefix needed at least one 'log move' -- a logged activity the model could not explain at all (a genuine deviation). Informational only: unlike the old token-based replay, the reconstructed marking is always legally reachable, so this does not by itself put the case at risk of an unrecoverable loop."
20191008283,"alignment-based replay of the historical prefix needed at least one 'log move' -- a logged activity the model could not explain at all (a genuine deviation). Informational only: unlike the old token-based replay, the reconstructed marking is always legally reachable, so this does not by itself put the case at risk of an unrecoverable loop."
20191008334,"alignment-based replay of the historical prefix needed at least one 'log move' -- a logged activity the model could not explain at all (a genuine deviation). Informational only: unlike the old token-based replay, the reconstructed marking is always legally reachable, so this does not by itself put the case at risk of an unrecoverable loop."
20191008363,"alignment-based replay of the historical prefix needed at least one 'log move' -- a logged activity the model could not explain at all (a genuine deviation). Informational only: unlike the old token-based replay, the reconstructed marking is always legally reachable, so this does not by itself put the case at risk of an unrecoverable loop."
20191008378,"alignment-based replay of the historical prefix needed at least one 'log move' -- a logged activity the model could not explain at all (a genuine deviation). Informational only: unlike the old token-based replay, the reconstructed marking is always legally reachable, so this does not by itself put the case at risk of an unrecoverable loop."
20191008415,"alignment-based replay of the historical prefix needed at least one 'log move' -- a logged activity the model could not explain at all (a genuine deviation). Informational only: unlike the old token-based replay, the reconstructed marking is always legally reachable, so this does not by itself put the case at risk of an unrecoverable loop."
20191008446,"alignment-based replay of the historical prefix needed at least one 'log move' -- a logged activity the model could not explain at all (a genuine deviation). Informational only: unlike the old token-based replay, the reconstructed marking is always legally reachable, so this does not by itself put the case at risk of an unrecoverable loop."
20191008454,"alignment-based replay of the historical prefix needed at least one 'log move' -- a logged activity the model could not explain at all (a genuine deviation). Informational only: unlike the old token-based replay, the reconstructed marking is always legally reachable, so this does not by itself put the case at risk of an unrecoverable loop."
20191008473,"alignment-based replay of the historical prefix needed at least one 'log move' -- a logged activity the model could not explain at all (a genuine deviation). Informational only: unlike the old token-based replay, the reconstructed marking is always legally reachable, so this does not by itself put the case at risk of an unrecoverable loop."
20191008481,"alignment-based replay of the historical prefix needed at least one 'log move' -- a logged activity the model could not explain at all (a genuine deviation). Informational only: unlike the old token-based replay, the reconstructed marking is always legally reachable, so this does not by itself put the case at risk of an unrecoverable loop."
20191008564,"alignment-based replay of the historical prefix needed at least one 'log move' -- a logged activity the model could not explain at all (a genuine deviation). Informational only: unlike the old token-based replay, the reconstructed marking is always legally reachable, so this does not by itself put the case at risk of an unrecoverable loop."
20191008668,"alignment-based replay of the historical prefix needed at least one 'log move' -- a logged activity the model could not explain at all (a genuine deviation). Informational only: unlike the old token-based replay, the reconstructed marking is always legally reachable, so this does not by itself put the case at risk of an unrecoverable loop."
20191008774,"alignment-based replay of the historical prefix needed at least one 'log move' -- a logged activity the model could not explain at all (a genuine deviation). Informational only: unlike the old token-based replay, the reconstructed marking is always legally reachable, so this does not by itself put the case at risk of an unrecoverable loop."
20191008812,"alignment-based replay of the historical prefix needed at least one 'log move' -- a logged activity the model could not explain at all (a genuine deviation). Informational only: unlike the old token-based replay, the reconstructed marking is always legally reachable, so this does not by itself put the case at risk of an unrecoverable loop."
20191008827,"alignment-based replay of the historical prefix needed at least one 'log move' -- a logged activity the model could not explain at all (a genuine deviation). Informational only: unlike the old token-based replay, the reconstructed marking is always legally reachable, so this does not by itself put the case at risk of an unrecoverable loop."
20191008838,"alignment-based replay of the historical prefix needed at least one 'log move' -- a logged activity the model could not explain at all (a genuine deviation). Informational only: unlike the old token-based replay, the reconstructed marking is always legally reachable, so this does not by itself put the case at risk of an unrecoverable loop."
20191008891,"alignment-based replay of the historical prefix needed at least one 'log move' -- a logged activity the model could not explain at all (a genuine deviation). Informational only: unlike the old token-based replay, the reconstructed marking is always legally reachable, so this does not by itself put the case at risk of an unrecoverable loop."
20191008985,"alignment-based replay of the historical prefix needed at least one 'log move' -- a logged activity the model could not explain at all (a genuine deviation). Informational only: unlike the old token-based replay, the reconstructed marking is always legally reachable, so this does not by itself put the case at risk of an unrecoverable loop."
20191008994,"alignment-based replay of the historical prefix needed at least one 'log move' -- a logged activity the model could not explain at all (a genuine deviation). Informational only: unlike the old token-based replay, the reconstructed marking is always legally reachable, so this does not by itself put the case at risk of an unrecoverable loop."
20191009080,"alignment-based replay of the historical prefix needed at least one 'log move' -- a logged activity the model could not explain at all (a genuine deviation). Informational only: unlike the old token-based replay, the reconstructed marking is always legally reachable, so this does not by itself put the case at risk of an unrecoverable loop."
20191009081,"alignment-based replay of the historical prefix needed at least one 'log move' -- a logged activity the model could not explain at all (a genuine deviation). Informational only: unlike the old token-based replay, the reconstructed marking is always legally reachable, so this does not by itself put the case at risk of an unrecoverable loop."
20191009106,"alignment-based replay of the historical prefix needed at least one 'log move' -- a logged activity the model could not explain at all (a genuine deviation). Informational only: unlike the old token-based replay, the reconstructed marking is always legally reachable, so this does not by itself put the case at risk of an unrecoverable loop."
20191009120,"alignment-based replay of the historical prefix needed at least one 'log move' -- a logged activity the model could not explain at all (a genuine deviation). Informational only: unlike the old token-based replay, the reconstructed marking is always legally reachable, so this does not by itself put the case at risk of an unrecoverable loop."
20191009140,"alignment-based replay of the historical prefix needed at least one 'log move' -- a logged activity the model could not explain at all (a genuine deviation). Informational only: unlike the old token-based replay, the reconstructed marking is always legally reachable, so this does not by itself put the case at risk of an unrecoverable loop."
20191009168,"alignment-based replay of the historical prefix needed at least one 'log move' -- a logged activity the model could not explain at all (a genuine deviation). Informational only: unlike the old token-based replay, the reconstructed marking is always legally reachable, so this does not by itself put the case at risk of an unrecoverable loop."
20191009224,"alignment-based replay of the historical prefix needed at least one 'log move' -- a logged activity the model could not explain at all (a genuine deviation). Informational only: unlike the old token-based replay, the reconstructed marking is always legally reachable, so this does not by itself put the case at risk of an unrecoverable loop."
20191009239,"alignment-based replay of the historical prefix needed at least one 'log move' -- a logged activity the model could not explain at all (a genuine deviation). Informational only: unlike the old token-based replay, the reconstructed marking is always legally reachable, so this does not by itself put the case at risk of an unrecoverable loop."
20191009426,"alignment-based replay of the historical prefix needed at least one 'log move' -- a logged activity the model could not explain at all (a genuine deviation). Informational only: unlike the old token-based replay, the reconstructed marking is always legally reachable, so this does not by itself put the case at risk of an unrecoverable loop."
20191009437,"alignment-based replay of the historical prefix needed at least one 'log move' -- a logged activity the model could not explain at all (a genuine deviation). Informational only: unlike the old token-based replay, the reconstructed marking is always legally reachable, so this does not by itself put the case at risk of an unrecoverable loop."
20191009525,"alignment-based replay of the historical prefix needed at least one 'log move' -- a logged activity the model could not explain at all (a genuine deviation). Informational only: unlike the old token-based replay, the reconstructed marking is always legally reachable, so this does not by itself put the case at risk of an unrecoverable loop."
20191009581,"alignment-based replay of the historical prefix needed at least one 'log move' -- a logged activity the model could not explain at all (a genuine deviation). Informational only: unlike the old token-based replay, the reconstructed marking is always legally reachable, so this does not by itself put the case at risk of an unrecoverable loop."
20191009599,"alignment-based replay of the historical prefix needed at least one 'log move' -- a logged activity the model could not explain at all (a genuine deviation). Informational only: unlike the old token-based replay, the reconstructed marking is always legally reachable, so this does not by itself put the case at risk of an unrecoverable loop."
20191009638,"alignment-based replay of the historical prefix needed at least one 'log move' -- a logged activity the model could not explain at all (a genuine deviation). Informational only: unlike the old token-based replay, the reconstructed marking is always legally reachable, so this does not by itself put the case at risk of an unrecoverable loop."
20191009680,"alignment-based replay of the historical prefix needed at least one 'log move' -- a logged activity the model could not explain at all (a genuine deviation). Informational only: unlike the old token-based replay, the reconstructed marking is always legally reachable, so this does not by itself put the case at risk of an unrecoverable loop."
20191009686,"alignment-based replay of the historical prefix needed at least one 'log move' -- a logged activity the model could not explain at all (a genuine deviation). Informational only: unlike the old token-based replay, the reconstructed marking is always legally reachable, so this does not by itself put the case at risk of an unrecoverable loop."
20191009711,"alignment-based replay of the historical prefix needed at least one 'log move' -- a logged activity the model could not explain at all (a genuine deviation). Informational only: unlike the old token-based replay, the reconstructed marking is always legally reachable, so this does not by itself put the case at risk of an unrecoverable loop."
20191009713,"alignment-based replay of the historical prefix needed at least one 'log move' -- a logged activity the model could not explain at all (a genuine deviation). Informational only: unlike the old token-based replay, the reconstructed marking is always legally reachable, so this does not by itself put the case at risk of an unrecoverable loop."
20191009721,"alignment-based replay of the historical prefix needed at least one 'log move' -- a logged activity the model could not explain at all (a genuine deviation). Informational only: unlike the old token-based replay, the reconstructed marking is always legally reachable, so this does not by itself put the case at risk of an unrecoverable loop."
20191009722,"alignment-based replay of the historical prefix needed at least one 'log move' -- a logged activity the model could not explain at all (a genuine deviation). Informational only: unlike the old token-based replay, the reconstructed marking is always legally reachable, so this does not by itself put the case at risk of an unrecoverable loop."
20191009734,"alignment-based replay of the historical prefix needed at least one 'log move' -- a logged activity the model could not explain at all (a genuine deviation). Informational only: unlike the old token-based replay, the reconstructed marking is always legally reachable, so this does not by itself put the case at risk of an unrecoverable loop."
20191009759,"alignment-based replay of the historical prefix needed at least one 'log move' -- a logged activity the model could not explain at all (a genuine deviation). Informational only: unlike the old token-based replay, the reconstructed marking is always legally reachable, so this does not by itself put the case at risk of an unrecoverable loop."
20191009817,"alignment-based replay of the historical prefix needed at least one 'log move' -- a logged activity the model could not explain at all (a genuine deviation). Informational only: unlike the old token-based replay, the reconstructed marking is always legally reachable, so this does not by itself put the case at risk of an unrecoverable loop."
20191009836,"alignment-based replay of the historical prefix needed at least one 'log move' -- a logged activity the model could not explain at all (a genuine deviation). Informational only: unlike the old token-based replay, the reconstructed marking is always legally reachable, so this does not by itself put the case at risk of an unrecoverable loop."
20191009939,"alignment-based replay of the historical prefix needed at least one 'log move' -- a logged activity the model could not explain at all (a genuine deviation). Informational only: unlike the old token-based replay, the reconstructed marking is always legally reachable, so this does not by itself put the case at risk of an unrecoverable loop."
20191009973,"alignment-based replay of the historical prefix needed at least one 'log move' -- a logged activity the model could not explain at all (a genuine deviation). Informational only: unlike the old token-based replay, the reconstructed marking is always legally reachable, so this does not by itself put the case at risk of an unrecoverable loop."
20191009979,"alignment-based replay of the historical prefix needed at least one 'log move' -- a logged activity the model could not explain at all (a genuine deviation). Informational only: unlike the old token-based replay, the reconstructed marking is always legally reachable, so this does not by itself put the case at risk of an unrecoverable loop."
20191010030,"alignment-based replay of the historical prefix needed at least one 'log move' -- a logged activity the model could not explain at all (a genuine deviation). Informational only: unlike the old token-based replay, the reconstructed marking is always legally reachable, so this does not by itself put the case at risk of an unrecoverable loop."
20191010046,"alignment-based replay of the historical prefix needed at least one 'log move' -- a logged activity the model could not explain at all (a genuine deviation). Informational only: unlike the old token-based replay, the reconstructed marking is always legally reachable, so this does not by itself put the case at risk of an unrecoverable loop."
20191010048,"alignment-based replay of the historical prefix needed at least one 'log move' -- a logged activity the model could not explain at all (a genuine deviation). Informational only: unlike the old token-based replay, the reconstructed marking is always legally reachable, so this does not by itself put the case at risk of an unrecoverable loop."
20191010053,"alignment-based replay of the historical prefix needed at least one 'log move' -- a logged activity the model could not explain at all (a genuine deviation). Informational only: unlike the old token-based replay, the reconstructed marking is always legally reachable, so this does not by itself put the case at risk of an unrecoverable loop."
20191010054,"alignment-based replay of the historical prefix needed at least one 'log move' -- a logged activity the model could not explain at all (a genuine deviation). Informational only: unlike the old token-based replay, the reconstructed marking is always legally reachable, so this does not by itself put the case at risk of an unrecoverable loop."
20191010059,"alignment-based replay of the historical prefix needed at least one 'log move' -- a logged activity the model could not explain at all (a genuine deviation). Informational only: unlike the old token-based replay, the reconstructed marking is always legally reachable, so this does not by itself put the case at risk of an unrecoverable loop."
20191010088,"alignment-based replay of the historical prefix needed at least one 'log move' -- a logged activity the model could not explain at all (a genuine deviation). Informational only: unlike the old token-based replay, the reconstructed marking is always legally reachable, so this does not by itself put the case at risk of an unrecoverable loop."
20191010116,"alignment-based replay of the historical prefix needed at least one 'log move' -- a logged activity the model could not explain at all (a genuine deviation). Informational only: unlike the old token-based replay, the reconstructed marking is always legally reachable, so this does not by itself put the case at risk of an unrecoverable loop."
20191010271,"alignment-based replay of the historical prefix needed at least one 'log move' -- a logged activity the model could not explain at all (a genuine deviation). Informational only: unlike the old token-based replay, the reconstructed marking is always legally reachable, so this does not by itself put the case at risk of an unrecoverable loop."
20191010278,"alignment-based replay of the historical prefix needed at least one 'log move' -- a logged activity the model could not explain at all (a genuine deviation). Informational only: unlike the old token-based replay, the reconstructed marking is always legally reachable, so this does not by itself put the case at risk of an unrecoverable loop."
20191010292,"alignment-based replay of the historical prefix needed at least one 'log move' -- a logged activity the model could not explain at all (a genuine deviation). Informational only: unlike the old token-based replay, the reconstructed marking is always legally reachable, so this does not by itself put the case at risk of an unrecoverable loop."
20191010328,"alignment-based replay of the historical prefix needed at least one 'log move' -- a logged activity the model could not explain at all (a genuine deviation). Informational only: unlike the old token-based replay, the reconstructed marking is always legally reachable, so this does not by itself put the case at risk of an unrecoverable loop."
20191010329,"alignment-based replay of the historical prefix needed at least one 'log move' -- a logged activity the model could not explain at all (a genuine deviation). Informational only: unlike the old token-based replay, the reconstructed marking is always legally reachable, so this does not by itself put the case at risk of an unrecoverable loop."
20191010433,"alignment-based replay of the historical prefix needed at least one 'log move' -- a logged activity the model could not explain at all (a genuine deviation). Informational only: unlike the old token-based replay, the reconstructed marking is always legally reachable, so this does not by itself put the case at risk of an unrecoverable loop."
20191010506,"alignment-based replay of the historical prefix needed at least one 'log move' -- a logged activity the model could not explain at all (a genuine deviation). Informational only: unlike the old token-based replay, the reconstructed marking is always legally reachable, so this does not by itself put the case at risk of an unrecoverable loop."
20191010514,"alignment-based replay of the historical prefix needed at least one 'log move' -- a logged activity the model could not explain at all (a genuine deviation). Informational only: unlike the old token-based replay, the reconstructed marking is always legally reachable, so this does not by itself put the case at risk of an unrecoverable loop."
20191010532,"alignment-based replay of the historical prefix needed at least one 'log move' -- a logged activity the model could not explain at all (a genuine deviation). Informational only: unlike the old token-based replay, the reconstructed marking is always legally reachable, so this does not by itself put the case at risk of an unrecoverable loop."
20191010555,"alignment-based replay of the historical prefix needed at least one 'log move' -- a logged activity the model could not explain at all (a genuine deviation). Informational only: unlike the old token-based replay, the reconstructed marking is always legally reachable, so this does not by itself put the case at risk of an unrecoverable loop."
20191010564,"alignment-based replay of the historical prefix needed at least one 'log move' -- a logged activity the model could not explain at all (a genuine deviation). Informational only: unlike the old token-based replay, the reconstructed marking is always legally reachable, so this does not by itself put the case at risk of an unrecoverable loop."
20191010565,"alignment-based replay of the historical prefix needed at least one 'log move' -- a logged activity the model could not explain at all (a genuine deviation). Informational only: unlike the old token-based replay, the reconstructed marking is always legally reachable, so this does not by itself put the case at risk of an unrecoverable loop."
20191010580,"alignment-based replay of the historical prefix needed at least one 'log move' -- a logged activity the model could not explain at all (a genuine deviation). Informational only: unlike the old token-based replay, the reconstructed marking is always legally reachable, so this does not by itself put the case at risk of an unrecoverable loop."
20191010603,"alignment-based replay of the historical prefix needed at least one 'log move' -- a logged activity the model could not explain at all (a genuine deviation). Informational only: unlike the old token-based replay, the reconstructed marking is always legally reachable, so this does not by itself put the case at risk of an unrecoverable loop."
20191010609,"alignment-based replay of the historical prefix needed at least one 'log move' -- a logged activity the model could not explain at all (a genuine deviation). Informational only: unlike the old token-based replay, the reconstructed marking is always legally reachable, so this does not by itself put the case at risk of an unrecoverable loop."
20191010611,"alignment-based replay of the historical prefix needed at least one 'log move' -- a logged activity the model could not explain at all (a genuine deviation). Informational only: unlike the old token-based replay, the reconstructed marking is always legally reachable, so this does not by itself put the case at risk of an unrecoverable loop."
20191010620,"alignment-based replay of the historical prefix needed at least one 'log move' -- a logged activity the model could not explain at all (a genuine deviation). Informational only: unlike the old token-based replay, the reconstructed marking is always legally reachable, so this does not by itself put the case at risk of an unrecoverable loop."
20191010628,"alignment-based replay of the historical prefix needed at least one 'log move' -- a logged activity the model could not explain at all (a genuine deviation). Informational only: unlike the old token-based replay, the reconstructed marking is always legally reachable, so this does not by itself put the case at risk of an unrecoverable loop."
20191010724,"alignment-based replay of the historical prefix needed at least one 'log move' -- a logged activity the model could not explain at all (a genuine deviation). Informational only: unlike the old token-based replay, the reconstructed marking is always legally reachable, so this does not by itself put the case at risk of an unrecoverable loop."
20191010725,"alignment-based replay of the historical prefix needed at least one 'log move' -- a logged activity the model could not explain at all (a genuine deviation). Informational only: unlike the old token-based replay, the reconstructed marking is always legally reachable, so this does not by itself put the case at risk of an unrecoverable loop."
20191010841,"alignment-based replay of the historical prefix needed at least one 'log move' -- a logged activity the model could not explain at all (a genuine deviation). Informational only: unlike the old token-based replay, the reconstructed marking is always legally reachable, so this does not by itself put the case at risk of an unrecoverable loop."
20191010846,"alignment-based replay of the historical prefix needed at least one 'log move' -- a logged activity the model could not explain at all (a genuine deviation). Informational only: unlike the old token-based replay, the reconstructed marking is always legally reachable, so this does not by itself put the case at risk of an unrecoverable loop."
20191010875,"alignment-based replay of the historical prefix needed at least one 'log move' -- a logged activity the model could not explain at all (a genuine deviation). Informational only: unlike the old token-based replay, the reconstructed marking is always legally reachable, so this does not by itself put the case at risk of an unrecoverable loop."
20191010902,"alignment-based replay of the historical prefix needed at least one 'log move' -- a logged activity the model could not explain at all (a genuine deviation). Informational only: unlike the old token-based replay, the reconstructed marking is always legally reachable, so this does not by itself put the case at risk of an unrecoverable loop."
20191010911,"alignment-based replay of the historical prefix needed at least one 'log move' -- a logged activity the model could not explain at all (a genuine deviation). Informational only: unlike the old token-based replay, the reconstructed marking is always legally reachable, so this does not by itself put the case at risk of an unrecoverable loop."
20191010920,"alignment-based replay of the historical prefix needed at least one 'log move' -- a logged activity the model could not explain at all (a genuine deviation). Informational only: unlike the old token-based replay, the reconstructed marking is always legally reachable, so this does not by itself put the case at risk of an unrecoverable loop."
20191010988,"alignment-based replay of the historical prefix needed at least one 'log move' -- a logged activity the model could not explain at all (a genuine deviation). Informational only: unlike the old token-based replay, the reconstructed marking is always legally reachable, so this does not by itself put the case at risk of an unrecoverable loop."
20191010991,"alignment-based replay of the historical prefix needed at least one 'log move' -- a logged activity the model could not explain at all (a genuine deviation). Informational only: unlike the old token-based replay, the reconstructed marking is always legally reachable, so this does not by itself put the case at risk of an unrecoverable loop."
20191011026,"alignment-based replay of the historical prefix needed at least one 'log move' -- a logged activity the model could not explain at all (a genuine deviation). Informational only: unlike the old token-based replay, the reconstructed marking is always legally reachable, so this does not by itself put the case at risk of an unrecoverable loop."
20191011033,"alignment-based replay of the historical prefix needed at least one 'log move' -- a logged activity the model could not explain at all (a genuine deviation). Informational only: unlike the old token-based replay, the reconstructed marking is always legally reachable, so this does not by itself put the case at risk of an unrecoverable loop."
20191011038,"alignment-based replay of the historical prefix needed at least one 'log move' -- a logged activity the model could not explain at all (a genuine deviation). Informational only: unlike the old token-based replay, the reconstructed marking is always legally reachable, so this does not by itself put the case at risk of an unrecoverable loop."
20191011051,"alignment-based replay of the historical prefix needed at least one 'log move' -- a logged activity the model could not explain at all (a genuine deviation). Informational only: unlike the old token-based replay, the reconstructed marking is always legally reachable, so this does not by itself put the case at risk of an unrecoverable loop."
20191011057,"alignment-based replay of the historical prefix needed at least one 'log move' -- a logged activity the model could not explain at all (a genuine deviation). Informational only: unlike the old token-based replay, the reconstructed marking is always legally reachable, so this does not by itself put the case at risk of an unrecoverable loop."
20191011062,"alignment-based replay of the historical prefix needed at least one 'log move' -- a logged activity the model could not explain at all (a genuine deviation). Informational only: unlike the old token-based replay, the reconstructed marking is always legally reachable, so this does not by itself put the case at risk of an unrecoverable loop."
20191011067,"alignment-based replay of the historical prefix needed at least one 'log move' -- a logged activity the model could not explain at all (a genuine deviation). Informational only: unlike the old token-based replay, the reconstructed marking is always legally reachable, so this does not by itself put the case at risk of an unrecoverable loop."
20191011071,"alignment-based replay of the historical prefix needed at least one 'log move' -- a logged activity the model could not explain at all (a genuine deviation). Informational only: unlike the old token-based replay, the reconstructed marking is always legally reachable, so this does not by itself put the case at risk of an unrecoverable loop."
20191011098,"alignment-based replay of the historical prefix needed at least one 'log move' -- a logged activity the model could not explain at all (a genuine deviation). Informational only: unlike the old token-based replay, the reconstructed marking is always legally reachable, so this does not by itself put the case at risk of an unrecoverable loop."
20191011126,"alignment-based replay of the historical prefix needed at least one 'log move' -- a logged activity the model could not explain at all (a genuine deviation). Informational only: unlike the old token-based replay, the reconstructed marking is always legally reachable, so this does not by itself put the case at risk of an unrecoverable loop."
20191011127,"alignment-based replay of the historical prefix needed at least one 'log move' -- a logged activity the model could not explain at all (a genuine deviation). Informational only: unlike the old token-based replay, the reconstructed marking is always legally reachable, so this does not by itself put the case at risk of an unrecoverable loop."
20191011155,"alignment-based replay of the historical prefix needed at least one 'log move' -- a logged activity the model could not explain at all (a genuine deviation). Informational only: unlike the old token-based replay, the reconstructed marking is always legally reachable, so this does not by itself put the case at risk of an unrecoverable loop."
20191011177,"alignment-based replay of the historical prefix needed at least one 'log move' -- a logged activity the model could not explain at all (a genuine deviation). Informational only: unlike the old token-based replay, the reconstructed marking is always legally reachable, so this does not by itself put the case at risk of an unrecoverable loop."
20191011196,"alignment-based replay of the historical prefix needed at least one 'log move' -- a logged activity the model could not explain at all (a genuine deviation). Informational only: unlike the old token-based replay, the reconstructed marking is always legally reachable, so this does not by itself put the case at risk of an unrecoverable loop."
20191011211,"alignment-based replay of the historical prefix needed at least one 'log move' -- a logged activity the model could not explain at all (a genuine deviation). Informational only: unlike the old token-based replay, the reconstructed marking is always legally reachable, so this does not by itself put the case at risk of an unrecoverable loop."
20191011232,"alignment-based replay of the historical prefix needed at least one 'log move' -- a logged activity the model could not explain at all (a genuine deviation). Informational only: unlike the old token-based replay, the reconstructed marking is always legally reachable, so this does not by itself put the case at risk of an unrecoverable loop."
20191011272,"alignment-based replay of the historical prefix needed at least one 'log move' -- a logged activity the model could not explain at all (a genuine deviation). Informational only: unlike the old token-based replay, the reconstructed marking is always legally reachable, so this does not by itself put the case at risk of an unrecoverable loop."
20191011306,"alignment-based replay of the historical prefix needed at least one 'log move' -- a logged activity the model could not explain at all (a genuine deviation). Informational only: unlike the old token-based replay, the reconstructed marking is always legally reachable, so this does not by itself put the case at risk of an unrecoverable loop."
20191011319,"alignment-based replay of the historical prefix needed at least one 'log move' -- a logged activity the model could not explain at all (a genuine deviation). Informational only: unlike the old token-based replay, the reconstructed marking is always legally reachable, so this does not by itself put the case at risk of an unrecoverable loop."
20191011370,"alignment-based replay of the historical prefix needed at least one 'log move' -- a logged activity the model could not explain at all (a genuine deviation). Informational only: unlike the old token-based replay, the reconstructed marking is always legally reachable, so this does not by itself put the case at risk of an unrecoverable loop."
20191011372,"alignment-based replay of the historical prefix needed at least one 'log move' -- a logged activity the model could not explain at all (a genuine deviation). Informational only: unlike the old token-based replay, the reconstructed marking is always legally reachable, so this does not by itself put the case at risk of an unrecoverable loop."
20191011414,"alignment-based replay of the historical prefix needed at least one 'log move' -- a logged activity the model could not explain at all (a genuine deviation). Informational only: unlike the old token-based replay, the reconstructed marking is always legally reachable, so this does not by itself put the case at risk of an unrecoverable loop."
20191011417,"alignment-based replay of the historical prefix needed at least one 'log move' -- a logged activity the model could not explain at all (a genuine deviation). Informational only: unlike the old token-based replay, the reconstructed marking is always legally reachable, so this does not by itself put the case at risk of an unrecoverable loop."
20191011424,"alignment-based replay of the historical prefix needed at least one 'log move' -- a logged activity the model could not explain at all (a genuine deviation). Informational only: unlike the old token-based replay, the reconstructed marking is always legally reachable, so this does not by itself put the case at risk of an unrecoverable loop."
20191011438,"alignment-based replay of the historical prefix needed at least one 'log move' -- a logged activity the model could not explain at all (a genuine deviation). Informational only: unlike the old token-based replay, the reconstructed marking is always legally reachable, so this does not by itself put the case at risk of an unrecoverable loop."
20191011450,"alignment-based replay of the historical prefix needed at least one 'log move' -- a logged activity the model could not explain at all (a genuine deviation). Informational only: unlike the old token-based replay, the reconstructed marking is always legally reachable, so this does not by itself put the case at risk of an unrecoverable loop."
20191011463,"alignment-based replay of the historical prefix needed at least one 'log move' -- a logged activity the model could not explain at all (a genuine deviation). Informational only: unlike the old token-based replay, the reconstructed marking is always legally reachable, so this does not by itself put the case at risk of an unrecoverable loop."
20191011494,"alignment-based replay of the historical prefix needed at least one 'log move' -- a logged activity the model could not explain at all (a genuine deviation). Informational only: unlike the old token-based replay, the reconstructed marking is always legally reachable, so this does not by itself put the case at risk of an unrecoverable loop."
20191011496,"alignment-based replay of the historical prefix needed at least one 'log move' -- a logged activity the model could not explain at all (a genuine deviation). Informational only: unlike the old token-based replay, the reconstructed marking is always legally reachable, so this does not by itself put the case at risk of an unrecoverable loop."
20191011514,"alignment-based replay of the historical prefix needed at least one 'log move' -- a logged activity the model could not explain at all (a genuine deviation). Informational only: unlike the old token-based replay, the reconstructed marking is always legally reachable, so this does not by itself put the case at risk of an unrecoverable loop."
20191011522,"alignment-based replay of the historical prefix needed at least one 'log move' -- a logged activity the model could not explain at all (a genuine deviation). Informational only: unlike the old token-based replay, the reconstructed marking is always legally reachable, so this does not by itself put the case at risk of an unrecoverable loop."
20191011549,"alignment-based replay of the historical prefix needed at least one 'log move' -- a logged activity the model could not explain at all (a genuine deviation). Informational only: unlike the old token-based replay, the reconstructed marking is always legally reachable, so this does not by itself put the case at risk of an unrecoverable loop."
20191011553,"alignment-based replay of the historical prefix needed at least one 'log move' -- a logged activity the model could not explain at all (a genuine deviation). Informational only: unlike the old token-based replay, the reconstructed marking is always legally reachable, so this does not by itself put the case at risk of an unrecoverable loop."
20191011566,"alignment-based replay of the historical prefix needed at least one 'log move' -- a logged activity the model could not explain at all (a genuine deviation). Informational only: unlike the old token-based replay, the reconstructed marking is always legally reachable, so this does not by itself put the case at risk of an unrecoverable loop."
20191011570,"alignment-based replay of the historical prefix needed at least one 'log move' -- a logged activity the model could not explain at all (a genuine deviation). Informational only: unlike the old token-based replay, the reconstructed marking is always legally reachable, so this does not by itself put the case at risk of an unrecoverable loop."
20191011592,"alignment-based replay of the historical prefix needed at least one 'log move' -- a logged activity the model could not explain at all (a genuine deviation). Informational only: unlike the old token-based replay, the reconstructed marking is always legally reachable, so this does not by itself put the case at risk of an unrecoverable loop."
20191011595,"alignment-based replay of the historical prefix needed at least one 'log move' -- a logged activity the model could not explain at all (a genuine deviation). Informational only: unlike the old token-based replay, the reconstructed marking is always legally reachable, so this does not by itself put the case at risk of an unrecoverable loop."
20191011607,"alignment-based replay of the historical prefix needed at least one 'log move' -- a logged activity the model could not explain at all (a genuine deviation). Informational only: unlike the old token-based replay, the reconstructed marking is always legally reachable, so this does not by itself put the case at risk of an unrecoverable loop."
20191011617,"alignment-based replay of the historical prefix needed at least one 'log move' -- a logged activity the model could not explain at all (a genuine deviation). Informational only: unlike the old token-based replay, the reconstructed marking is always legally reachable, so this does not by itself put the case at risk of an unrecoverable loop."
20191011623,"alignment-based replay of the historical prefix needed at least one 'log move' -- a logged activity the model could not explain at all (a genuine deviation). Informational only: unlike the old token-based replay, the reconstructed marking is always legally reachable, so this does not by itself put the case at risk of an unrecoverable loop."
20191011677,"alignment-based replay of the historical prefix needed at least one 'log move' -- a logged activity the model could not explain at all (a genuine deviation). Informational only: unlike the old token-based replay, the reconstructed marking is always legally reachable, so this does not by itself put the case at risk of an unrecoverable loop."
20191011688,"alignment-based replay of the historical prefix needed at least one 'log move' -- a logged activity the model could not explain at all (a genuine deviation). Informational only: unlike the old token-based replay, the reconstructed marking is always legally reachable, so this does not by itself put the case at risk of an unrecoverable loop."
20191011702,"alignment-based replay of the historical prefix needed at least one 'log move' -- a logged activity the model could not explain at all (a genuine deviation). Informational only: unlike the old token-based replay, the reconstructed marking is always legally reachable, so this does not by itself put the case at risk of an unrecoverable loop."
20191011715,"alignment-based replay of the historical prefix needed at least one 'log move' -- a logged activity the model could not explain at all (a genuine deviation). Informational only: unlike the old token-based replay, the reconstructed marking is always legally reachable, so this does not by itself put the case at risk of an unrecoverable loop."
20191011725,"alignment-based replay of the historical prefix needed at least one 'log move' -- a logged activity the model could not explain at all (a genuine deviation). Informational only: unlike the old token-based replay, the reconstructed marking is always legally reachable, so this does not by itself put the case at risk of an unrecoverable loop."
20191011779,"alignment-based replay of the historical prefix needed at least one 'log move' -- a logged activity the model could not explain at all (a genuine deviation). Informational only: unlike the old token-based replay, the reconstructed marking is always legally reachable, so this does not by itself put the case at risk of an unrecoverable loop."
20191011790,"alignment-based replay of the historical prefix needed at least one 'log move' -- a logged activity the model could not explain at all (a genuine deviation). Informational only: unlike the old token-based replay, the reconstructed marking is always legally reachable, so this does not by itself put the case at risk of an unrecoverable loop."
20191011798,"alignment-based replay of the historical prefix needed at least one 'log move' -- a logged activity the model could not explain at all (a genuine deviation). Informational only: unlike the old token-based replay, the reconstructed marking is always legally reachable, so this does not by itself put the case at risk of an unrecoverable loop."
20191011809,"alignment-based replay of the historical prefix needed at least one 'log move' -- a logged activity the model could not explain at all (a genuine deviation). Informational only: unlike the old token-based replay, the reconstructed marking is always legally reachable, so this does not by itself put the case at risk of an unrecoverable loop."
20191011828,"alignment-based replay of the historical prefix needed at least one 'log move' -- a logged activity the model could not explain at all (a genuine deviation). Informational only: unlike the old token-based replay, the reconstructed marking is always legally reachable, so this does not by itself put the case at risk of an unrecoverable loop."
20191011830,"alignment-based replay of the historical prefix needed at least one 'log move' -- a logged activity the model could not explain at all (a genuine deviation). Informational only: unlike the old token-based replay, the reconstructed marking is always legally reachable, so this does not by itself put the case at risk of an unrecoverable loop."
20191011835,"alignment-based replay of the historical prefix needed at least one 'log move' -- a logged activity the model could not explain at all (a genuine deviation). Informational only: unlike the old token-based replay, the reconstructed marking is always legally reachable, so this does not by itself put the case at risk of an unrecoverable loop."
20191011840,"alignment-based replay of the historical prefix needed at least one 'log move' -- a logged activity the model could not explain at all (a genuine deviation). Informational only: unlike the old token-based replay, the reconstructed marking is always legally reachable, so this does not by itself put the case at risk of an unrecoverable loop."
20191011856,"alignment-based replay of the historical prefix needed at least one 'log move' -- a logged activity the model could not explain at all (a genuine deviation). Informational only: unlike the old token-based replay, the reconstructed marking is always legally reachable, so this does not by itself put the case at risk of an unrecoverable loop."
20191011863,"alignment-based replay of the historical prefix needed at least one 'log move' -- a logged activity the model could not explain at all (a genuine deviation). Informational only: unlike the old token-based replay, the reconstructed marking is always legally reachable, so this does not by itself put the case at risk of an unrecoverable loop."
20191011864,"alignment-based replay of the historical prefix needed at least one 'log move' -- a logged activity the model could not explain at all (a genuine deviation). Informational only: unlike the old token-based replay, the reconstructed marking is always legally reachable, so this does not by itself put the case at risk of an unrecoverable loop."
20191011868,"alignment-based replay of the historical prefix needed at least one 'log move' -- a logged activity the model could not explain at all (a genuine deviation). Informational only: unlike the old token-based replay, the reconstructed marking is always legally reachable, so this does not by itself put the case at risk of an unrecoverable loop."
20191011869,"alignment-based replay of the historical prefix needed at least one 'log move' -- a logged activity the model could not explain at all (a genuine deviation). Informational only: unlike the old token-based replay, the reconstructed marking is always legally reachable, so this does not by itself put the case at risk of an unrecoverable loop."
20191011870,"alignment-based replay of the historical prefix needed at least one 'log move' -- a logged activity the model could not explain at all (a genuine deviation). Informational only: unlike the old token-based replay, the reconstructed marking is always legally reachable, so this does not by itself put the case at risk of an unrecoverable loop."
20191011873,"alignment-based replay of the historical prefix needed at least one 'log move' -- a logged activity the model could not explain at all (a genuine deviation). Informational only: unlike the old token-based replay, the reconstructed marking is always legally reachable, so this does not by itself put the case at risk of an unrecoverable loop."
20191011878,"alignment-based replay of the historical prefix needed at least one 'log move' -- a logged activity the model could not explain at all (a genuine deviation). Informational only: unlike the old token-based replay, the reconstructed marking is always legally reachable, so this does not by itself put the case at risk of an unrecoverable loop."
20191011885,"alignment-based replay of the historical prefix needed at least one 'log move' -- a logged activity the model could not explain at all (a genuine deviation). Informational only: unlike the old token-based replay, the reconstructed marking is always legally reachable, so this does not by itself put the case at risk of an unrecoverable loop."
20191011889,"alignment-based replay of the historical prefix needed at least one 'log move' -- a logged activity the model could not explain at all (a genuine deviation). Informational only: unlike the old token-based replay, the reconstructed marking is always legally reachable, so this does not by itself put the case at risk of an unrecoverable loop."
20191011890,"alignment-based replay of the historical prefix needed at least one 'log move' -- a logged activity the model could not explain at all (a genuine deviation). Informational only: unlike the old token-based replay, the reconstructed marking is always legally reachable, so this does not by itself put the case at risk of an unrecoverable loop."
20191011892,"alignment-based replay of the historical prefix needed at least one 'log move' -- a logged activity the model could not explain at all (a genuine deviation). Informational only: unlike the old token-based replay, the reconstructed marking is always legally reachable, so this does not by itself put the case at risk of an unrecoverable loop."
20191011901,"alignment-based replay of the historical prefix needed at least one 'log move' -- a logged activity the model could not explain at all (a genuine deviation). Informational only: unlike the old token-based replay, the reconstructed marking is always legally reachable, so this does not by itself put the case at risk of an unrecoverable loop."
20191011909,"alignment-based replay of the historical prefix needed at least one 'log move' -- a logged activity the model could not explain at all (a genuine deviation). Informational only: unlike the old token-based replay, the reconstructed marking is always legally reachable, so this does not by itself put the case at risk of an unrecoverable loop."
20191011931,"alignment-based replay of the historical prefix needed at least one 'log move' -- a logged activity the model could not explain at all (a genuine deviation). Informational only: unlike the old token-based replay, the reconstructed marking is always legally reachable, so this does not by itself put the case at risk of an unrecoverable loop."
20191011944,"alignment-based replay of the historical prefix needed at least one 'log move' -- a logged activity the model could not explain at all (a genuine deviation). Informational only: unlike the old token-based replay, the reconstructed marking is always legally reachable, so this does not by itself put the case at risk of an unrecoverable loop."
20191011948,"alignment-based replay of the historical prefix needed at least one 'log move' -- a logged activity the model could not explain at all (a genuine deviation). Informational only: unlike the old token-based replay, the reconstructed marking is always legally reachable, so this does not by itself put the case at risk of an unrecoverable loop."
20191011976,"alignment-based replay of the historical prefix needed at least one 'log move' -- a logged activity the model could not explain at all (a genuine deviation). Informational only: unlike the old token-based replay, the reconstructed marking is always legally reachable, so this does not by itself put the case at risk of an unrecoverable loop."
20191011984,"alignment-based replay of the historical prefix needed at least one 'log move' -- a logged activity the model could not explain at all (a genuine deviation). Informational only: unlike the old token-based replay, the reconstructed marking is always legally reachable, so this does not by itself put the case at risk of an unrecoverable loop."
20191011987,"alignment-based replay of the historical prefix needed at least one 'log move' -- a logged activity the model could not explain at all (a genuine deviation). Informational only: unlike the old token-based replay, the reconstructed marking is always legally reachable, so this does not by itself put the case at risk of an unrecoverable loop."
20191012037,"alignment-based replay of the historical prefix needed at least one 'log move' -- a logged activity the model could not explain at all (a genuine deviation). Informational only: unlike the old token-based replay, the reconstructed marking is always legally reachable, so this does not by itself put the case at risk of an unrecoverable loop."
20191012055,"alignment-based replay of the historical prefix needed at least one 'log move' -- a logged activity the model could not explain at all (a genuine deviation). Informational only: unlike the old token-based replay, the reconstructed marking is always legally reachable, so this does not by itself put the case at risk of an unrecoverable loop."
20191012063,"alignment-based replay of the historical prefix needed at least one 'log move' -- a logged activity the model could not explain at all (a genuine deviation). Informational only: unlike the old token-based replay, the reconstructed marking is always legally reachable, so this does not by itself put the case at risk of an unrecoverable loop."
20191012073,"alignment-based replay of the historical prefix needed at least one 'log move' -- a logged activity the model could not explain at all (a genuine deviation). Informational only: unlike the old token-based replay, the reconstructed marking is always legally reachable, so this does not by itself put the case at risk of an unrecoverable loop."
20191012077,"alignment-based replay of the historical prefix needed at least one 'log move' -- a logged activity the model could not explain at all (a genuine deviation). Informational only: unlike the old token-based replay, the reconstructed marking is always legally reachable, so this does not by itself put the case at risk of an unrecoverable loop."
20191012095,"alignment-based replay of the historical prefix needed at least one 'log move' -- a logged activity the model could not explain at all (a genuine deviation). Informational only: unlike the old token-based replay, the reconstructed marking is always legally reachable, so this does not by itself put the case at risk of an unrecoverable loop."
20191012096,"alignment-based replay of the historical prefix needed at least one 'log move' -- a logged activity the model could not explain at all (a genuine deviation). Informational only: unlike the old token-based replay, the reconstructed marking is always legally reachable, so this does not by itself put the case at risk of an unrecoverable loop."
20191012125,"alignment-based replay of the historical prefix needed at least one 'log move' -- a logged activity the model could not explain at all (a genuine deviation). Informational only: unlike the old token-based replay, the reconstructed marking is always legally reachable, so this does not by itself put the case at risk of an unrecoverable loop."
20191012126,"alignment-based replay of the historical prefix needed at least one 'log move' -- a logged activity the model could not explain at all (a genuine deviation). Informational only: unlike the old token-based replay, the reconstructed marking is always legally reachable, so this does not by itself put the case at risk of an unrecoverable loop."
20191012128,"alignment-based replay of the historical prefix needed at least one 'log move' -- a logged activity the model could not explain at all (a genuine deviation). Informational only: unlike the old token-based replay, the reconstructed marking is always legally reachable, so this does not by itself put the case at risk of an unrecoverable loop."
20191012131,"alignment-based replay of the historical prefix needed at least one 'log move' -- a logged activity the model could not explain at all (a genuine deviation). Informational only: unlike the old token-based replay, the reconstructed marking is always legally reachable, so this does not by itself put the case at risk of an unrecoverable loop."
20191012135,"alignment-based replay of the historical prefix needed at least one 'log move' -- a logged activity the model could not explain at all (a genuine deviation). Informational only: unlike the old token-based replay, the reconstructed marking is always legally reachable, so this does not by itself put the case at risk of an unrecoverable loop."
20191012141,"alignment-based replay of the historical prefix needed at least one 'log move' -- a logged activity the model could not explain at all (a genuine deviation). Informational only: unlike the old token-based replay, the reconstructed marking is always legally reachable, so this does not by itself put the case at risk of an unrecoverable loop."
20191012157,"alignment-based replay of the historical prefix needed at least one 'log move' -- a logged activity the model could not explain at all (a genuine deviation). Informational only: unlike the old token-based replay, the reconstructed marking is always legally reachable, so this does not by itself put the case at risk of an unrecoverable loop."
20191012168,"alignment-based replay of the historical prefix needed at least one 'log move' -- a logged activity the model could not explain at all (a genuine deviation). Informational only: unlike the old token-based replay, the reconstructed marking is always legally reachable, so this does not by itself put the case at risk of an unrecoverable loop."
20191012180,"alignment-based replay of the historical prefix needed at least one 'log move' -- a logged activity the model could not explain at all (a genuine deviation). Informational only: unlike the old token-based replay, the reconstructed marking is always legally reachable, so this does not by itself put the case at risk of an unrecoverable loop."
20191012184,"alignment-based replay of the historical prefix needed at least one 'log move' -- a logged activity the model could not explain at all (a genuine deviation). Informational only: unlike the old token-based replay, the reconstructed marking is always legally reachable, so this does not by itself put the case at risk of an unrecoverable loop."
20191012195,"alignment-based replay of the historical prefix needed at least one 'log move' -- a logged activity the model could not explain at all (a genuine deviation). Informational only: unlike the old token-based replay, the reconstructed marking is always legally reachable, so this does not by itself put the case at risk of an unrecoverable loop."
20191012203,"alignment-based replay of the historical prefix needed at least one 'log move' -- a logged activity the model could not explain at all (a genuine deviation). Informational only: unlike the old token-based replay, the reconstructed marking is always legally reachable, so this does not by itself put the case at risk of an unrecoverable loop."
20191012216,"alignment-based replay of the historical prefix needed at least one 'log move' -- a logged activity the model could not explain at all (a genuine deviation). Informational only: unlike the old token-based replay, the reconstructed marking is always legally reachable, so this does not by itself put the case at risk of an unrecoverable loop."
20191012218,"alignment-based replay of the historical prefix needed at least one 'log move' -- a logged activity the model could not explain at all (a genuine deviation). Informational only: unlike the old token-based replay, the reconstructed marking is always legally reachable, so this does not by itself put the case at risk of an unrecoverable loop."
20191012235,"alignment-based replay of the historical prefix needed at least one 'log move' -- a logged activity the model could not explain at all (a genuine deviation). Informational only: unlike the old token-based replay, the reconstructed marking is always legally reachable, so this does not by itself put the case at risk of an unrecoverable loop."
20191012255,"alignment-based replay of the historical prefix needed at least one 'log move' -- a logged activity the model could not explain at all (a genuine deviation). Informational only: unlike the old token-based replay, the reconstructed marking is always legally reachable, so this does not by itself put the case at risk of an unrecoverable loop."
20191012263,"alignment-based replay of the historical prefix needed at least one 'log move' -- a logged activity the model could not explain at all (a genuine deviation). Informational only: unlike the old token-based replay, the reconstructed marking is always legally reachable, so this does not by itself put the case at risk of an unrecoverable loop."
20191012273,"alignment-based replay of the historical prefix needed at least one 'log move' -- a logged activity the model could not explain at all (a genuine deviation). Informational only: unlike the old token-based replay, the reconstructed marking is always legally reachable, so this does not by itself put the case at risk of an unrecoverable loop."
20191012293,"alignment-based replay of the historical prefix needed at least one 'log move' -- a logged activity the model could not explain at all (a genuine deviation). Informational only: unlike the old token-based replay, the reconstructed marking is always legally reachable, so this does not by itself put the case at risk of an unrecoverable loop."
20191012302,"alignment-based replay of the historical prefix needed at least one 'log move' -- a logged activity the model could not explain at all (a genuine deviation). Informational only: unlike the old token-based replay, the reconstructed marking is always legally reachable, so this does not by itself put the case at risk of an unrecoverable loop."
20191012305,"alignment-based replay of the historical prefix needed at least one 'log move' -- a logged activity the model could not explain at all (a genuine deviation). Informational only: unlike the old token-based replay, the reconstructed marking is always legally reachable, so this does not by itself put the case at risk of an unrecoverable loop."
20191012313,"alignment-based replay of the historical prefix needed at least one 'log move' -- a logged activity the model could not explain at all (a genuine deviation). Informational only: unlike the old token-based replay, the reconstructed marking is always legally reachable, so this does not by itself put the case at risk of an unrecoverable loop."
20191012315,"alignment-based replay of the historical prefix needed at least one 'log move' -- a logged activity the model could not explain at all (a genuine deviation). Informational only: unlike the old token-based replay, the reconstructed marking is always legally reachable, so this does not by itself put the case at risk of an unrecoverable loop."
20191012317,"alignment-based replay of the historical prefix needed at least one 'log move' -- a logged activity the model could not explain at all (a genuine deviation). Informational only: unlike the old token-based replay, the reconstructed marking is always legally reachable, so this does not by itself put the case at risk of an unrecoverable loop."
20191012338,"alignment-based replay of the historical prefix needed at least one 'log move' -- a logged activity the model could not explain at all (a genuine deviation). Informational only: unlike the old token-based replay, the reconstructed marking is always legally reachable, so this does not by itself put the case at risk of an unrecoverable loop."
20191012349,"alignment-based replay of the historical prefix needed at least one 'log move' -- a logged activity the model could not explain at all (a genuine deviation). Informational only: unlike the old token-based replay, the reconstructed marking is always legally reachable, so this does not by itself put the case at risk of an unrecoverable loop."
20191012350,"alignment-based replay of the historical prefix needed at least one 'log move' -- a logged activity the model could not explain at all (a genuine deviation). Informational only: unlike the old token-based replay, the reconstructed marking is always legally reachable, so this does not by itself put the case at risk of an unrecoverable loop."
20191012359,"alignment-based replay of the historical prefix needed at least one 'log move' -- a logged activity the model could not explain at all (a genuine deviation). Informational only: unlike the old token-based replay, the reconstructed marking is always legally reachable, so this does not by itself put the case at risk of an unrecoverable loop."
20191012361,"alignment-based replay of the historical prefix needed at least one 'log move' -- a logged activity the model could not explain at all (a genuine deviation). Informational only: unlike the old token-based replay, the reconstructed marking is always legally reachable, so this does not by itself put the case at risk of an unrecoverable loop."
20191012372,"alignment-based replay of the historical prefix needed at least one 'log move' -- a logged activity the model could not explain at all (a genuine deviation). Informational only: unlike the old token-based replay, the reconstructed marking is always legally reachable, so this does not by itself put the case at risk of an unrecoverable loop."
20191012378,"alignment-based replay of the historical prefix needed at least one 'log move' -- a logged activity the model could not explain at all (a genuine deviation). Informational only: unlike the old token-based replay, the reconstructed marking is always legally reachable, so this does not by itself put the case at risk of an unrecoverable loop."
20191012379,"alignment-based replay of the historical prefix needed at least one 'log move' -- a logged activity the model could not explain at all (a genuine deviation). Informational only: unlike the old token-based replay, the reconstructed marking is always legally reachable, so this does not by itself put the case at risk of an unrecoverable loop."
20191012381,"alignment-based replay of the historical prefix needed at least one 'log move' -- a logged activity the model could not explain at all (a genuine deviation). Informational only: unlike the old token-based replay, the reconstructed marking is always legally reachable, so this does not by itself put the case at risk of an unrecoverable loop."
20191012386,"alignment-based replay of the historical prefix needed at least one 'log move' -- a logged activity the model could not explain at all (a genuine deviation). Informational only: unlike the old token-based replay, the reconstructed marking is always legally reachable, so this does not by itself put the case at risk of an unrecoverable loop."
20191012468,"alignment-based replay of the historical prefix needed at least one 'log move' -- a logged activity the model could not explain at all (a genuine deviation). Informational only: unlike the old token-based replay, the reconstructed marking is always legally reachable, so this does not by itself put the case at risk of an unrecoverable loop."
20191012473,"alignment-based replay of the historical prefix needed at least one 'log move' -- a logged activity the model could not explain at all (a genuine deviation). Informational only: unlike the old token-based replay, the reconstructed marking is always legally reachable, so this does not by itself put the case at risk of an unrecoverable loop."
20191012474,"alignment-based replay of the historical prefix needed at least one 'log move' -- a logged activity the model could not explain at all (a genuine deviation). Informational only: unlike the old token-based replay, the reconstructed marking is always legally reachable, so this does not by itself put the case at risk of an unrecoverable loop."
20191012477,"alignment-based replay of the historical prefix needed at least one 'log move' -- a logged activity the model could not explain at all (a genuine deviation). Informational only: unlike the old token-based replay, the reconstructed marking is always legally reachable, so this does not by itself put the case at risk of an unrecoverable loop."
20191012479,"alignment-based replay of the historical prefix needed at least one 'log move' -- a logged activity the model could not explain at all (a genuine deviation). Informational only: unlike the old token-based replay, the reconstructed marking is always legally reachable, so this does not by itself put the case at risk of an unrecoverable loop."
20191012482,"alignment-based replay of the historical prefix needed at least one 'log move' -- a logged activity the model could not explain at all (a genuine deviation). Informational only: unlike the old token-based replay, the reconstructed marking is always legally reachable, so this does not by itself put the case at risk of an unrecoverable loop."
20191012485,"alignment-based replay of the historical prefix needed at least one 'log move' -- a logged activity the model could not explain at all (a genuine deviation). Informational only: unlike the old token-based replay, the reconstructed marking is always legally reachable, so this does not by itself put the case at risk of an unrecoverable loop."
20191012487,"alignment-based replay of the historical prefix needed at least one 'log move' -- a logged activity the model could not explain at all (a genuine deviation). Informational only: unlike the old token-based replay, the reconstructed marking is always legally reachable, so this does not by itself put the case at risk of an unrecoverable loop."
20191012540,"alignment-based replay of the historical prefix needed at least one 'log move' -- a logged activity the model could not explain at all (a genuine deviation). Informational only: unlike the old token-based replay, the reconstructed marking is always legally reachable, so this does not by itself put the case at risk of an unrecoverable loop."
20191012547,"alignment-based replay of the historical prefix needed at least one 'log move' -- a logged activity the model could not explain at all (a genuine deviation). Informational only: unlike the old token-based replay, the reconstructed marking is always legally reachable, so this does not by itself put the case at risk of an unrecoverable loop."
20191012555,"alignment-based replay of the historical prefix needed at least one 'log move' -- a logged activity the model could not explain at all (a genuine deviation). Informational only: unlike the old token-based replay, the reconstructed marking is always legally reachable, so this does not by itself put the case at risk of an unrecoverable loop."
20191012581,"alignment-based replay of the historical prefix needed at least one 'log move' -- a logged activity the model could not explain at all (a genuine deviation). Informational only: unlike the old token-based replay, the reconstructed marking is always legally reachable, so this does not by itself put the case at risk of an unrecoverable loop."
20191012585,"alignment-based replay of the historical prefix needed at least one 'log move' -- a logged activity the model could not explain at all (a genuine deviation). Informational only: unlike the old token-based replay, the reconstructed marking is always legally reachable, so this does not by itself put the case at risk of an unrecoverable loop."
20191012591,"alignment-based replay of the historical prefix needed at least one 'log move' -- a logged activity the model could not explain at all (a genuine deviation). Informational only: unlike the old token-based replay, the reconstructed marking is always legally reachable, so this does not by itself put the case at risk of an unrecoverable loop."
20191012599,"alignment-based replay of the historical prefix needed at least one 'log move' -- a logged activity the model could not explain at all (a genuine deviation). Informational only: unlike the old token-based replay, the reconstructed marking is always legally reachable, so this does not by itself put the case at risk of an unrecoverable loop."
20191012600,"alignment-based replay of the historical prefix needed at least one 'log move' -- a logged activity the model could not explain at all (a genuine deviation). Informational only: unlike the old token-based replay, the reconstructed marking is always legally reachable, so this does not by itself put the case at risk of an unrecoverable loop."
20191012607,"alignment-based replay of the historical prefix needed at least one 'log move' -- a logged activity the model could not explain at all (a genuine deviation). Informational only: unlike the old token-based replay, the reconstructed marking is always legally reachable, so this does not by itself put the case at risk of an unrecoverable loop."
20191012613,"alignment-based replay of the historical prefix needed at least one 'log move' -- a logged activity the model could not explain at all (a genuine deviation). Informational only: unlike the old token-based replay, the reconstructed marking is always legally reachable, so this does not by itself put the case at risk of an unrecoverable loop."
20191012622,"alignment-based replay of the historical prefix needed at least one 'log move' -- a logged activity the model could not explain at all (a genuine deviation). Informational only: unlike the old token-based replay, the reconstructed marking is always legally reachable, so this does not by itself put the case at risk of an unrecoverable loop."
20191012669,"alignment-based replay of the historical prefix needed at least one 'log move' -- a logged activity the model could not explain at all (a genuine deviation). Informational only: unlike the old token-based replay, the reconstructed marking is always legally reachable, so this does not by itself put the case at risk of an unrecoverable loop."
20191012673,"alignment-based replay of the historical prefix needed at least one 'log move' -- a logged activity the model could not explain at all (a genuine deviation). Informational only: unlike the old token-based replay, the reconstructed marking is always legally reachable, so this does not by itself put the case at risk of an unrecoverable loop."
20191012677,"alignment-based replay of the historical prefix needed at least one 'log move' -- a logged activity the model could not explain at all (a genuine deviation). Informational only: unlike the old token-based replay, the reconstructed marking is always legally reachable, so this does not by itself put the case at risk of an unrecoverable loop."
20191012698,"alignment-based replay of the historical prefix needed at least one 'log move' -- a logged activity the model could not explain at all (a genuine deviation). Informational only: unlike the old token-based replay, the reconstructed marking is always legally reachable, so this does not by itself put the case at risk of an unrecoverable loop."
20191012708,"alignment-based replay of the historical prefix needed at least one 'log move' -- a logged activity the model could not explain at all (a genuine deviation). Informational only: unlike the old token-based replay, the reconstructed marking is always legally reachable, so this does not by itself put the case at risk of an unrecoverable loop."
20191012711,"alignment-based replay of the historical prefix needed at least one 'log move' -- a logged activity the model could not explain at all (a genuine deviation). Informational only: unlike the old token-based replay, the reconstructed marking is always legally reachable, so this does not by itself put the case at risk of an unrecoverable loop."
20191012732,"alignment-based replay of the historical prefix needed at least one 'log move' -- a logged activity the model could not explain at all (a genuine deviation). Informational only: unlike the old token-based replay, the reconstructed marking is always legally reachable, so this does not by itself put the case at risk of an unrecoverable loop."
20191012747,"alignment-based replay of the historical prefix needed at least one 'log move' -- a logged activity the model could not explain at all (a genuine deviation). Informational only: unlike the old token-based replay, the reconstructed marking is always legally reachable, so this does not by itself put the case at risk of an unrecoverable loop."
20191012752,"alignment-based replay of the historical prefix needed at least one 'log move' -- a logged activity the model could not explain at all (a genuine deviation). Informational only: unlike the old token-based replay, the reconstructed marking is always legally reachable, so this does not by itself put the case at risk of an unrecoverable loop."
20191012753,"alignment-based replay of the historical prefix needed at least one 'log move' -- a logged activity the model could not explain at all (a genuine deviation). Informational only: unlike the old token-based replay, the reconstructed marking is always legally reachable, so this does not by itself put the case at risk of an unrecoverable loop."
20191012758,"alignment-based replay of the historical prefix needed at least one 'log move' -- a logged activity the model could not explain at all (a genuine deviation). Informational only: unlike the old token-based replay, the reconstructed marking is always legally reachable, so this does not by itself put the case at risk of an unrecoverable loop."
20191012759,"alignment-based replay of the historical prefix needed at least one 'log move' -- a logged activity the model could not explain at all (a genuine deviation). Informational only: unlike the old token-based replay, the reconstructed marking is always legally reachable, so this does not by itself put the case at risk of an unrecoverable loop."
20191012761,"alignment-based replay of the historical prefix needed at least one 'log move' -- a logged activity the model could not explain at all (a genuine deviation). Informational only: unlike the old token-based replay, the reconstructed marking is always legally reachable, so this does not by itself put the case at risk of an unrecoverable loop."
20191012771,"alignment-based replay of the historical prefix needed at least one 'log move' -- a logged activity the model could not explain at all (a genuine deviation). Informational only: unlike the old token-based replay, the reconstructed marking is always legally reachable, so this does not by itself put the case at risk of an unrecoverable loop."
20191012781,"alignment-based replay of the historical prefix needed at least one 'log move' -- a logged activity the model could not explain at all (a genuine deviation). Informational only: unlike the old token-based replay, the reconstructed marking is always legally reachable, so this does not by itself put the case at risk of an unrecoverable loop."
20191012788,"alignment-based replay of the historical prefix needed at least one 'log move' -- a logged activity the model could not explain at all (a genuine deviation). Informational only: unlike the old token-based replay, the reconstructed marking is always legally reachable, so this does not by itself put the case at risk of an unrecoverable loop."
20191012790,"alignment-based replay of the historical prefix needed at least one 'log move' -- a logged activity the model could not explain at all (a genuine deviation). Informational only: unlike the old token-based replay, the reconstructed marking is always legally reachable, so this does not by itself put the case at risk of an unrecoverable loop."
20191012793,"alignment-based replay of the historical prefix needed at least one 'log move' -- a logged activity the model could not explain at all (a genuine deviation). Informational only: unlike the old token-based replay, the reconstructed marking is always legally reachable, so this does not by itself put the case at risk of an unrecoverable loop."
20191012817,"alignment-based replay of the historical prefix needed at least one 'log move' -- a logged activity the model could not explain at all (a genuine deviation). Informational only: unlike the old token-based replay, the reconstructed marking is always legally reachable, so this does not by itself put the case at risk of an unrecoverable loop."
20191012839,"alignment-based replay of the historical prefix needed at least one 'log move' -- a logged activity the model could not explain at all (a genuine deviation). Informational only: unlike the old token-based replay, the reconstructed marking is always legally reachable, so this does not by itself put the case at risk of an unrecoverable loop."
20191012882,"alignment-based replay of the historical prefix needed at least one 'log move' -- a logged activity the model could not explain at all (a genuine deviation). Informational only: unlike the old token-based replay, the reconstructed marking is always legally reachable, so this does not by itself put the case at risk of an unrecoverable loop."
20191012883,"alignment-based replay of the historical prefix needed at least one 'log move' -- a logged activity the model could not explain at all (a genuine deviation). Informational only: unlike the old token-based replay, the reconstructed marking is always legally reachable, so this does not by itself put the case at risk of an unrecoverable loop."
20191012919,"alignment-based replay of the historical prefix needed at least one 'log move' -- a logged activity the model could not explain at all (a genuine deviation). Informational only: unlike the old token-based replay, the reconstructed marking is always legally reachable, so this does not by itself put the case at risk of an unrecoverable loop."
20191012927,"alignment-based replay of the historical prefix needed at least one 'log move' -- a logged activity the model could not explain at all (a genuine deviation). Informational only: unlike the old token-based replay, the reconstructed marking is always legally reachable, so this does not by itself put the case at risk of an unrecoverable loop."
20191012941,"alignment-based replay of the historical prefix needed at least one 'log move' -- a logged activity the model could not explain at all (a genuine deviation). Informational only: unlike the old token-based replay, the reconstructed marking is always legally reachable, so this does not by itself put the case at risk of an unrecoverable loop."
20191012942,"alignment-based replay of the historical prefix needed at least one 'log move' -- a logged activity the model could not explain at all (a genuine deviation). Informational only: unlike the old token-based replay, the reconstructed marking is always legally reachable, so this does not by itself put the case at risk of an unrecoverable loop."
20191012967,"alignment-based replay of the historical prefix needed at least one 'log move' -- a logged activity the model could not explain at all (a genuine deviation). Informational only: unlike the old token-based replay, the reconstructed marking is always legally reachable, so this does not by itself put the case at risk of an unrecoverable loop."
20191012981,"alignment-based replay of the historical prefix needed at least one 'log move' -- a logged activity the model could not explain at all (a genuine deviation). Informational only: unlike the old token-based replay, the reconstructed marking is always legally reachable, so this does not by itself put the case at risk of an unrecoverable loop."
20191012987,"alignment-based replay of the historical prefix needed at least one 'log move' -- a logged activity the model could not explain at all (a genuine deviation). Informational only: unlike the old token-based replay, the reconstructed marking is always legally reachable, so this does not by itself put the case at risk of an unrecoverable loop."
20191012988,"alignment-based replay of the historical prefix needed at least one 'log move' -- a logged activity the model could not explain at all (a genuine deviation). Informational only: unlike the old token-based replay, the reconstructed marking is always legally reachable, so this does not by itself put the case at risk of an unrecoverable loop."
20191012993,"alignment-based replay of the historical prefix needed at least one 'log move' -- a logged activity the model could not explain at all (a genuine deviation). Informational only: unlike the old token-based replay, the reconstructed marking is always legally reachable, so this does not by itself put the case at risk of an unrecoverable loop."
20191013020,"alignment-based replay of the historical prefix needed at least one 'log move' -- a logged activity the model could not explain at all (a genuine deviation). Informational only: unlike the old token-based replay, the reconstructed marking is always legally reachable, so this does not by itself put the case at risk of an unrecoverable loop."
20191013029,"alignment-based replay of the historical prefix needed at least one 'log move' -- a logged activity the model could not explain at all (a genuine deviation). Informational only: unlike the old token-based replay, the reconstructed marking is always legally reachable, so this does not by itself put the case at risk of an unrecoverable loop."
20191013038,"alignment-based replay of the historical prefix needed at least one 'log move' -- a logged activity the model could not explain at all (a genuine deviation). Informational only: unlike the old token-based replay, the reconstructed marking is always legally reachable, so this does not by itself put the case at risk of an unrecoverable loop."
20191013055,"alignment-based replay of the historical prefix needed at least one 'log move' -- a logged activity the model could not explain at all (a genuine deviation). Informational only: unlike the old token-based replay, the reconstructed marking is always legally reachable, so this does not by itself put the case at risk of an unrecoverable loop."
20191013074,"alignment-based replay of the historical prefix needed at least one 'log move' -- a logged activity the model could not explain at all (a genuine deviation). Informational only: unlike the old token-based replay, the reconstructed marking is always legally reachable, so this does not by itself put the case at risk of an unrecoverable loop."
20191013075,"alignment-based replay of the historical prefix needed at least one 'log move' -- a logged activity the model could not explain at all (a genuine deviation). Informational only: unlike the old token-based replay, the reconstructed marking is always legally reachable, so this does not by itself put the case at risk of an unrecoverable loop."
20191013076,"alignment-based replay of the historical prefix needed at least one 'log move' -- a logged activity the model could not explain at all (a genuine deviation). Informational only: unlike the old token-based replay, the reconstructed marking is always legally reachable, so this does not by itself put the case at risk of an unrecoverable loop."
20191013077,"alignment-based replay of the historical prefix needed at least one 'log move' -- a logged activity the model could not explain at all (a genuine deviation). Informational only: unlike the old token-based replay, the reconstructed marking is always legally reachable, so this does not by itself put the case at risk of an unrecoverable loop."
20191013088,"alignment-based replay of the historical prefix needed at least one 'log move' -- a logged activity the model could not explain at all (a genuine deviation). Informational only: unlike the old token-based replay, the reconstructed marking is always legally reachable, so this does not by itself put the case at risk of an unrecoverable loop."
20191013089,"alignment-based replay of the historical prefix needed at least one 'log move' -- a logged activity the model could not explain at all (a genuine deviation). Informational only: unlike the old token-based replay, the reconstructed marking is always legally reachable, so this does not by itself put the case at risk of an unrecoverable loop."
20191013106,"alignment-based replay of the historical prefix needed at least one 'log move' -- a logged activity the model could not explain at all (a genuine deviation). Informational only: unlike the old token-based replay, the reconstructed marking is always legally reachable, so this does not by itself put the case at risk of an unrecoverable loop."
20191013118,"alignment-based replay of the historical prefix needed at least one 'log move' -- a logged activity the model could not explain at all (a genuine deviation). Informational only: unlike the old token-based replay, the reconstructed marking is always legally reachable, so this does not by itself put the case at risk of an unrecoverable loop."
20191013125,"alignment-based replay of the historical prefix needed at least one 'log move' -- a logged activity the model could not explain at all (a genuine deviation). Informational only: unlike the old token-based replay, the reconstructed marking is always legally reachable, so this does not by itself put the case at risk of an unrecoverable loop."
20191013127,"alignment-based replay of the historical prefix needed at least one 'log move' -- a logged activity the model could not explain at all (a genuine deviation). Informational only: unlike the old token-based replay, the reconstructed marking is always legally reachable, so this does not by itself put the case at risk of an unrecoverable loop."
20191013129,"alignment-based replay of the historical prefix needed at least one 'log move' -- a logged activity the model could not explain at all (a genuine deviation). Informational only: unlike the old token-based replay, the reconstructed marking is always legally reachable, so this does not by itself put the case at risk of an unrecoverable loop."
20191013146,"alignment-based replay of the historical prefix needed at least one 'log move' -- a logged activity the model could not explain at all (a genuine deviation). Informational only: unlike the old token-based replay, the reconstructed marking is always legally reachable, so this does not by itself put the case at risk of an unrecoverable loop."
20191013185,"alignment-based replay of the historical prefix needed at least one 'log move' -- a logged activity the model could not explain at all (a genuine deviation). Informational only: unlike the old token-based replay, the reconstructed marking is always legally reachable, so this does not by itself put the case at risk of an unrecoverable loop."
20191013187,"alignment-based replay of the historical prefix needed at least one 'log move' -- a logged activity the model could not explain at all (a genuine deviation). Informational only: unlike the old token-based replay, the reconstructed marking is always legally reachable, so this does not by itself put the case at risk of an unrecoverable loop."
20191013188,"alignment-based replay of the historical prefix needed at least one 'log move' -- a logged activity the model could not explain at all (a genuine deviation). Informational only: unlike the old token-based replay, the reconstructed marking is always legally reachable, so this does not by itself put the case at risk of an unrecoverable loop."
20191013189,"alignment-based replay of the historical prefix needed at least one 'log move' -- a logged activity the model could not explain at all (a genuine deviation). Informational only: unlike the old token-based replay, the reconstructed marking is always legally reachable, so this does not by itself put the case at risk of an unrecoverable loop."
20191013190,"alignment-based replay of the historical prefix needed at least one 'log move' -- a logged activity the model could not explain at all (a genuine deviation). Informational only: unlike the old token-based replay, the reconstructed marking is always legally reachable, so this does not by itself put the case at risk of an unrecoverable loop."
20191013191,"alignment-based replay of the historical prefix needed at least one 'log move' -- a logged activity the model could not explain at all (a genuine deviation). Informational only: unlike the old token-based replay, the reconstructed marking is always legally reachable, so this does not by itself put the case at risk of an unrecoverable loop."
20191013192,"alignment-based replay of the historical prefix needed at least one 'log move' -- a logged activity the model could not explain at all (a genuine deviation). Informational only: unlike the old token-based replay, the reconstructed marking is always legally reachable, so this does not by itself put the case at risk of an unrecoverable loop."
20191013193,"alignment-based replay of the historical prefix needed at least one 'log move' -- a logged activity the model could not explain at all (a genuine deviation). Informational only: unlike the old token-based replay, the reconstructed marking is always legally reachable, so this does not by itself put the case at risk of an unrecoverable loop."
20191013194,"alignment-based replay of the historical prefix needed at least one 'log move' -- a logged activity the model could not explain at all (a genuine deviation). Informational only: unlike the old token-based replay, the reconstructed marking is always legally reachable, so this does not by itself put the case at risk of an unrecoverable loop."
20191013195,"alignment-based replay of the historical prefix needed at least one 'log move' -- a logged activity the model could not explain at all (a genuine deviation). Informational only: unlike the old token-based replay, the reconstructed marking is always legally reachable, so this does not by itself put the case at risk of an unrecoverable loop."
20191013196,"alignment-based replay of the historical prefix needed at least one 'log move' -- a logged activity the model could not explain at all (a genuine deviation). Informational only: unlike the old token-based replay, the reconstructed marking is always legally reachable, so this does not by itself put the case at risk of an unrecoverable loop."
20191013197,"alignment-based replay of the historical prefix needed at least one 'log move' -- a logged activity the model could not explain at all (a genuine deviation). Informational only: unlike the old token-based replay, the reconstructed marking is always legally reachable, so this does not by itself put the case at risk of an unrecoverable loop."
20191013198,"alignment-based replay of the historical prefix needed at least one 'log move' -- a logged activity the model could not explain at all (a genuine deviation). Informational only: unlike the old token-based replay, the reconstructed marking is always legally reachable, so this does not by itself put the case at risk of an unrecoverable loop."
20191013199,"alignment-based replay of the historical prefix needed at least one 'log move' -- a logged activity the model could not explain at all (a genuine deviation). Informational only: unlike the old token-based replay, the reconstructed marking is always legally reachable, so this does not by itself put the case at risk of an unrecoverable loop."
20191013200,"alignment-based replay of the historical prefix needed at least one 'log move' -- a logged activity the model could not explain at all (a genuine deviation). Informational only: unlike the old token-based replay, the reconstructed marking is always legally reachable, so this does not by itself put the case at risk of an unrecoverable loop."
20191013201,"alignment-based replay of the historical prefix needed at least one 'log move' -- a logged activity the model could not explain at all (a genuine deviation). Informational only: unlike the old token-based replay, the reconstructed marking is always legally reachable, so this does not by itself put the case at risk of an unrecoverable loop."
20191013202,"alignment-based replay of the historical prefix needed at least one 'log move' -- a logged activity the model could not explain at all (a genuine deviation). Informational only: unlike the old token-based replay, the reconstructed marking is always legally reachable, so this does not by itself put the case at risk of an unrecoverable loop."
20191013203,"alignment-based replay of the historical prefix needed at least one 'log move' -- a logged activity the model could not explain at all (a genuine deviation). Informational only: unlike the old token-based replay, the reconstructed marking is always legally reachable, so this does not by itself put the case at risk of an unrecoverable loop."
20191013204,"alignment-based replay of the historical prefix needed at least one 'log move' -- a logged activity the model could not explain at all (a genuine deviation). Informational only: unlike the old token-based replay, the reconstructed marking is always legally reachable, so this does not by itself put the case at risk of an unrecoverable loop."
20191013226,"alignment-based replay of the historical prefix needed at least one 'log move' -- a logged activity the model could not explain at all (a genuine deviation). Informational only: unlike the old token-based replay, the reconstructed marking is always legally reachable, so this does not by itself put the case at risk of an unrecoverable loop."
20191013230,"alignment-based replay of the historical prefix needed at least one 'log move' -- a logged activity the model could not explain at all (a genuine deviation). Informational only: unlike the old token-based replay, the reconstructed marking is always legally reachable, so this does not by itself put the case at risk of an unrecoverable loop."
20191013231,"alignment-based replay of the historical prefix needed at least one 'log move' -- a logged activity the model could not explain at all (a genuine deviation). Informational only: unlike the old token-based replay, the reconstructed marking is always legally reachable, so this does not by itself put the case at risk of an unrecoverable loop."
20191013252,"alignment-based replay of the historical prefix needed at least one 'log move' -- a logged activity the model could not explain at all (a genuine deviation). Informational only: unlike the old token-based replay, the reconstructed marking is always legally reachable, so this does not by itself put the case at risk of an unrecoverable loop."
20191013259,"alignment-based replay of the historical prefix needed at least one 'log move' -- a logged activity the model could not explain at all (a genuine deviation). Informational only: unlike the old token-based replay, the reconstructed marking is always legally reachable, so this does not by itself put the case at risk of an unrecoverable loop."
20191013260,"alignment-based replay of the historical prefix needed at least one 'log move' -- a logged activity the model could not explain at all (a genuine deviation). Informational only: unlike the old token-based replay, the reconstructed marking is always legally reachable, so this does not by itself put the case at risk of an unrecoverable loop."
20191013261,"alignment-based replay of the historical prefix needed at least one 'log move' -- a logged activity the model could not explain at all (a genuine deviation). Informational only: unlike the old token-based replay, the reconstructed marking is always legally reachable, so this does not by itself put the case at risk of an unrecoverable loop."
20191013269,"alignment-based replay of the historical prefix needed at least one 'log move' -- a logged activity the model could not explain at all (a genuine deviation). Informational only: unlike the old token-based replay, the reconstructed marking is always legally reachable, so this does not by itself put the case at risk of an unrecoverable loop."
20191013275,"alignment-based replay of the historical prefix needed at least one 'log move' -- a logged activity the model could not explain at all (a genuine deviation). Informational only: unlike the old token-based replay, the reconstructed marking is always legally reachable, so this does not by itself put the case at risk of an unrecoverable loop."
20191013292,"alignment-based replay of the historical prefix needed at least one 'log move' -- a logged activity the model could not explain at all (a genuine deviation). Informational only: unlike the old token-based replay, the reconstructed marking is always legally reachable, so this does not by itself put the case at risk of an unrecoverable loop."
20191013309,"alignment-based replay of the historical prefix needed at least one 'log move' -- a logged activity the model could not explain at all (a genuine deviation). Informational only: unlike the old token-based replay, the reconstructed marking is always legally reachable, so this does not by itself put the case at risk of an unrecoverable loop."
20191013312,"alignment-based replay of the historical prefix needed at least one 'log move' -- a logged activity the model could not explain at all (a genuine deviation). Informational only: unlike the old token-based replay, the reconstructed marking is always legally reachable, so this does not by itself put the case at risk of an unrecoverable loop."
20191013316,"alignment-based replay of the historical prefix needed at least one 'log move' -- a logged activity the model could not explain at all (a genuine deviation). Informational only: unlike the old token-based replay, the reconstructed marking is always legally reachable, so this does not by itself put the case at risk of an unrecoverable loop."
20191013321,"alignment-based replay of the historical prefix needed at least one 'log move' -- a logged activity the model could not explain at all (a genuine deviation). Informational only: unlike the old token-based replay, the reconstructed marking is always legally reachable, so this does not by itself put the case at risk of an unrecoverable loop."
20191013326,"alignment-based replay of the historical prefix needed at least one 'log move' -- a logged activity the model could not explain at all (a genuine deviation). Informational only: unlike the old token-based replay, the reconstructed marking is always legally reachable, so this does not by itself put the case at risk of an unrecoverable loop."
20191013375,"alignment-based replay of the historical prefix needed at least one 'log move' -- a logged activity the model could not explain at all (a genuine deviation). Informational only: unlike the old token-based replay, the reconstructed marking is always legally reachable, so this does not by itself put the case at risk of an unrecoverable loop."
20191013388,"alignment-based replay of the historical prefix needed at least one 'log move' -- a logged activity the model could not explain at all (a genuine deviation). Informational only: unlike the old token-based replay, the reconstructed marking is always legally reachable, so this does not by itself put the case at risk of an unrecoverable loop."
20191013391,"alignment-based replay of the historical prefix needed at least one 'log move' -- a logged activity the model could not explain at all (a genuine deviation). Informational only: unlike the old token-based replay, the reconstructed marking is always legally reachable, so this does not by itself put the case at risk of an unrecoverable loop."
20191013396,"alignment-based replay of the historical prefix needed at least one 'log move' -- a logged activity the model could not explain at all (a genuine deviation). Informational only: unlike the old token-based replay, the reconstructed marking is always legally reachable, so this does not by itself put the case at risk of an unrecoverable loop."
20191013400,"alignment-based replay of the historical prefix needed at least one 'log move' -- a logged activity the model could not explain at all (a genuine deviation). Informational only: unlike the old token-based replay, the reconstructed marking is always legally reachable, so this does not by itself put the case at risk of an unrecoverable loop."
20191013404,"alignment-based replay of the historical prefix needed at least one 'log move' -- a logged activity the model could not explain at all (a genuine deviation). Informational only: unlike the old token-based replay, the reconstructed marking is always legally reachable, so this does not by itself put the case at risk of an unrecoverable loop."
20191013423,"alignment-based replay of the historical prefix needed at least one 'log move' -- a logged activity the model could not explain at all (a genuine deviation). Informational only: unlike the old token-based replay, the reconstructed marking is always legally reachable, so this does not by itself put the case at risk of an unrecoverable loop."
20191013433,"alignment-based replay of the historical prefix needed at least one 'log move' -- a logged activity the model could not explain at all (a genuine deviation). Informational only: unlike the old token-based replay, the reconstructed marking is always legally reachable, so this does not by itself put the case at risk of an unrecoverable loop."
20191013450,"alignment-based replay of the historical prefix needed at least one 'log move' -- a logged activity the model could not explain at all (a genuine deviation). Informational only: unlike the old token-based replay, the reconstructed marking is always legally reachable, so this does not by itself put the case at risk of an unrecoverable loop."
20191013452,"alignment-based replay of the historical prefix needed at least one 'log move' -- a logged activity the model could not explain at all (a genuine deviation). Informational only: unlike the old token-based replay, the reconstructed marking is always legally reachable, so this does not by itself put the case at risk of an unrecoverable loop."
20191013461,"alignment-based replay of the historical prefix needed at least one 'log move' -- a logged activity the model could not explain at all (a genuine deviation). Informational only: unlike the old token-based replay, the reconstructed marking is always legally reachable, so this does not by itself put the case at risk of an unrecoverable loop."
20191013463,"alignment-based replay of the historical prefix needed at least one 'log move' -- a logged activity the model could not explain at all (a genuine deviation). Informational only: unlike the old token-based replay, the reconstructed marking is always legally reachable, so this does not by itself put the case at risk of an unrecoverable loop."
20191013472,"alignment-based replay of the historical prefix needed at least one 'log move' -- a logged activity the model could not explain at all (a genuine deviation). Informational only: unlike the old token-based replay, the reconstructed marking is always legally reachable, so this does not by itself put the case at risk of an unrecoverable loop."
20191013493,"alignment-based replay of the historical prefix needed at least one 'log move' -- a logged activity the model could not explain at all (a genuine deviation). Informational only: unlike the old token-based replay, the reconstructed marking is always legally reachable, so this does not by itself put the case at risk of an unrecoverable loop."
20191013505,"alignment-based replay of the historical prefix needed at least one 'log move' -- a logged activity the model could not explain at all (a genuine deviation). Informational only: unlike the old token-based replay, the reconstructed marking is always legally reachable, so this does not by itself put the case at risk of an unrecoverable loop."
20191013526,"alignment-based replay of the historical prefix needed at least one 'log move' -- a logged activity the model could not explain at all (a genuine deviation). Informational only: unlike the old token-based replay, the reconstructed marking is always legally reachable, so this does not by itself put the case at risk of an unrecoverable loop."
20191013530,"alignment-based replay of the historical prefix needed at least one 'log move' -- a logged activity the model could not explain at all (a genuine deviation). Informational only: unlike the old token-based replay, the reconstructed marking is always legally reachable, so this does not by itself put the case at risk of an unrecoverable loop."
20191013546,"alignment-based replay of the historical prefix needed at least one 'log move' -- a logged activity the model could not explain at all (a genuine deviation). Informational only: unlike the old token-based replay, the reconstructed marking is always legally reachable, so this does not by itself put the case at risk of an unrecoverable loop."
20191013557,"alignment-based replay of the historical prefix needed at least one 'log move' -- a logged activity the model could not explain at all (a genuine deviation). Informational only: unlike the old token-based replay, the reconstructed marking is always legally reachable, so this does not by itself put the case at risk of an unrecoverable loop."
20191013577,"alignment-based replay of the historical prefix needed at least one 'log move' -- a logged activity the model could not explain at all (a genuine deviation). Informational only: unlike the old token-based replay, the reconstructed marking is always legally reachable, so this does not by itself put the case at risk of an unrecoverable loop."
20191013586,"alignment-based replay of the historical prefix needed at least one 'log move' -- a logged activity the model could not explain at all (a genuine deviation). Informational only: unlike the old token-based replay, the reconstructed marking is always legally reachable, so this does not by itself put the case at risk of an unrecoverable loop."
20191013598,"alignment-based replay of the historical prefix needed at least one 'log move' -- a logged activity the model could not explain at all (a genuine deviation). Informational only: unlike the old token-based replay, the reconstructed marking is always legally reachable, so this does not by itself put the case at risk of an unrecoverable loop."
20191013612,"alignment-based replay of the historical prefix needed at least one 'log move' -- a logged activity the model could not explain at all (a genuine deviation). Informational only: unlike the old token-based replay, the reconstructed marking is always legally reachable, so this does not by itself put the case at risk of an unrecoverable loop."
20191013613,"alignment-based replay of the historical prefix needed at least one 'log move' -- a logged activity the model could not explain at all (a genuine deviation). Informational only: unlike the old token-based replay, the reconstructed marking is always legally reachable, so this does not by itself put the case at risk of an unrecoverable loop."
20191013618,"alignment-based replay of the historical prefix needed at least one 'log move' -- a logged activity the model could not explain at all (a genuine deviation). Informational only: unlike the old token-based replay, the reconstructed marking is always legally reachable, so this does not by itself put the case at risk of an unrecoverable loop."
20191013621,"alignment-based replay of the historical prefix needed at least one 'log move' -- a logged activity the model could not explain at all (a genuine deviation). Informational only: unlike the old token-based replay, the reconstructed marking is always legally reachable, so this does not by itself put the case at risk of an unrecoverable loop."
20191013626,"alignment-based replay of the historical prefix needed at least one 'log move' -- a logged activity the model could not explain at all (a genuine deviation). Informational only: unlike the old token-based replay, the reconstructed marking is always legally reachable, so this does not by itself put the case at risk of an unrecoverable loop."
20191013642,"alignment-based replay of the historical prefix needed at least one 'log move' -- a logged activity the model could not explain at all (a genuine deviation). Informational only: unlike the old token-based replay, the reconstructed marking is always legally reachable, so this does not by itself put the case at risk of an unrecoverable loop."
20191013646,"alignment-based replay of the historical prefix needed at least one 'log move' -- a logged activity the model could not explain at all (a genuine deviation). Informational only: unlike the old token-based replay, the reconstructed marking is always legally reachable, so this does not by itself put the case at risk of an unrecoverable loop."
20191013648,"alignment-based replay of the historical prefix needed at least one 'log move' -- a logged activity the model could not explain at all (a genuine deviation). Informational only: unlike the old token-based replay, the reconstructed marking is always legally reachable, so this does not by itself put the case at risk of an unrecoverable loop."
20191013660,"alignment-based replay of the historical prefix needed at least one 'log move' -- a logged activity the model could not explain at all (a genuine deviation). Informational only: unlike the old token-based replay, the reconstructed marking is always legally reachable, so this does not by itself put the case at risk of an unrecoverable loop."
20191013662,"alignment-based replay of the historical prefix needed at least one 'log move' -- a logged activity the model could not explain at all (a genuine deviation). Informational only: unlike the old token-based replay, the reconstructed marking is always legally reachable, so this does not by itself put the case at risk of an unrecoverable loop."
20191013682,"alignment-based replay of the historical prefix needed at least one 'log move' -- a logged activity the model could not explain at all (a genuine deviation). Informational only: unlike the old token-based replay, the reconstructed marking is always legally reachable, so this does not by itself put the case at risk of an unrecoverable loop."
20191013683,"alignment-based replay of the historical prefix needed at least one 'log move' -- a logged activity the model could not explain at all (a genuine deviation). Informational only: unlike the old token-based replay, the reconstructed marking is always legally reachable, so this does not by itself put the case at risk of an unrecoverable loop."
20191013685,"alignment-based replay of the historical prefix needed at least one 'log move' -- a logged activity the model could not explain at all (a genuine deviation). Informational only: unlike the old token-based replay, the reconstructed marking is always legally reachable, so this does not by itself put the case at risk of an unrecoverable loop."
20191013693,"alignment-based replay of the historical prefix needed at least one 'log move' -- a logged activity the model could not explain at all (a genuine deviation). Informational only: unlike the old token-based replay, the reconstructed marking is always legally reachable, so this does not by itself put the case at risk of an unrecoverable loop."
20191013696,"alignment-based replay of the historical prefix needed at least one 'log move' -- a logged activity the model could not explain at all (a genuine deviation). Informational only: unlike the old token-based replay, the reconstructed marking is always legally reachable, so this does not by itself put the case at risk of an unrecoverable loop."
20191013699,"alignment-based replay of the historical prefix needed at least one 'log move' -- a logged activity the model could not explain at all (a genuine deviation). Informational only: unlike the old token-based replay, the reconstructed marking is always legally reachable, so this does not by itself put the case at risk of an unrecoverable loop."
20191013700,"alignment-based replay of the historical prefix needed at least one 'log move' -- a logged activity the model could not explain at all (a genuine deviation). Informational only: unlike the old token-based replay, the reconstructed marking is always legally reachable, so this does not by itself put the case at risk of an unrecoverable loop."
20191013703,"alignment-based replay of the historical prefix needed at least one 'log move' -- a logged activity the model could not explain at all (a genuine deviation). Informational only: unlike the old token-based replay, the reconstructed marking is always legally reachable, so this does not by itself put the case at risk of an unrecoverable loop."
20191013707,"alignment-based replay of the historical prefix needed at least one 'log move' -- a logged activity the model could not explain at all (a genuine deviation). Informational only: unlike the old token-based replay, the reconstructed marking is always legally reachable, so this does not by itself put the case at risk of an unrecoverable loop."
20191013709,"alignment-based replay of the historical prefix needed at least one 'log move' -- a logged activity the model could not explain at all (a genuine deviation). Informational only: unlike the old token-based replay, the reconstructed marking is always legally reachable, so this does not by itself put the case at risk of an unrecoverable loop."
20191013714,"alignment-based replay of the historical prefix needed at least one 'log move' -- a logged activity the model could not explain at all (a genuine deviation). Informational only: unlike the old token-based replay, the reconstructed marking is always legally reachable, so this does not by itself put the case at risk of an unrecoverable loop."
20191013719,"alignment-based replay of the historical prefix needed at least one 'log move' -- a logged activity the model could not explain at all (a genuine deviation). Informational only: unlike the old token-based replay, the reconstructed marking is always legally reachable, so this does not by itself put the case at risk of an unrecoverable loop."
20191013726,"alignment-based replay of the historical prefix needed at least one 'log move' -- a logged activity the model could not explain at all (a genuine deviation). Informational only: unlike the old token-based replay, the reconstructed marking is always legally reachable, so this does not by itself put the case at risk of an unrecoverable loop."
20191013737,"alignment-based replay of the historical prefix needed at least one 'log move' -- a logged activity the model could not explain at all (a genuine deviation). Informational only: unlike the old token-based replay, the reconstructed marking is always legally reachable, so this does not by itself put the case at risk of an unrecoverable loop."
20191013741,"alignment-based replay of the historical prefix needed at least one 'log move' -- a logged activity the model could not explain at all (a genuine deviation). Informational only: unlike the old token-based replay, the reconstructed marking is always legally reachable, so this does not by itself put the case at risk of an unrecoverable loop."
20191013744,"alignment-based replay of the historical prefix needed at least one 'log move' -- a logged activity the model could not explain at all (a genuine deviation). Informational only: unlike the old token-based replay, the reconstructed marking is always legally reachable, so this does not by itself put the case at risk of an unrecoverable loop."
20191013748,"alignment-based replay of the historical prefix needed at least one 'log move' -- a logged activity the model could not explain at all (a genuine deviation). Informational only: unlike the old token-based replay, the reconstructed marking is always legally reachable, so this does not by itself put the case at risk of an unrecoverable loop."
20191013750,"alignment-based replay of the historical prefix needed at least one 'log move' -- a logged activity the model could not explain at all (a genuine deviation). Informational only: unlike the old token-based replay, the reconstructed marking is always legally reachable, so this does not by itself put the case at risk of an unrecoverable loop."
20191013751,"alignment-based replay of the historical prefix needed at least one 'log move' -- a logged activity the model could not explain at all (a genuine deviation). Informational only: unlike the old token-based replay, the reconstructed marking is always legally reachable, so this does not by itself put the case at risk of an unrecoverable loop."
20191013755,"alignment-based replay of the historical prefix needed at least one 'log move' -- a logged activity the model could not explain at all (a genuine deviation). Informational only: unlike the old token-based replay, the reconstructed marking is always legally reachable, so this does not by itself put the case at risk of an unrecoverable loop."
20191013757,"alignment-based replay of the historical prefix needed at least one 'log move' -- a logged activity the model could not explain at all (a genuine deviation). Informational only: unlike the old token-based replay, the reconstructed marking is always legally reachable, so this does not by itself put the case at risk of an unrecoverable loop."
20191013760,"alignment-based replay of the historical prefix needed at least one 'log move' -- a logged activity the model could not explain at all (a genuine deviation). Informational only: unlike the old token-based replay, the reconstructed marking is always legally reachable, so this does not by itself put the case at risk of an unrecoverable loop."
20191013761,"alignment-based replay of the historical prefix needed at least one 'log move' -- a logged activity the model could not explain at all (a genuine deviation). Informational only: unlike the old token-based replay, the reconstructed marking is always legally reachable, so this does not by itself put the case at risk of an unrecoverable loop."
20191013762,"alignment-based replay of the historical prefix needed at least one 'log move' -- a logged activity the model could not explain at all (a genuine deviation). Informational only: unlike the old token-based replay, the reconstructed marking is always legally reachable, so this does not by itself put the case at risk of an unrecoverable loop."
20191013763,"alignment-based replay of the historical prefix needed at least one 'log move' -- a logged activity the model could not explain at all (a genuine deviation). Informational only: unlike the old token-based replay, the reconstructed marking is always legally reachable, so this does not by itself put the case at risk of an unrecoverable loop."
20191013768,"alignment-based replay of the historical prefix needed at least one 'log move' -- a logged activity the model could not explain at all (a genuine deviation). Informational only: unlike the old token-based replay, the reconstructed marking is always legally reachable, so this does not by itself put the case at risk of an unrecoverable loop."
20191013769,"alignment-based replay of the historical prefix needed at least one 'log move' -- a logged activity the model could not explain at all (a genuine deviation). Informational only: unlike the old token-based replay, the reconstructed marking is always legally reachable, so this does not by itself put the case at risk of an unrecoverable loop."
20191013784,"alignment-based replay of the historical prefix needed at least one 'log move' -- a logged activity the model could not explain at all (a genuine deviation). Informational only: unlike the old token-based replay, the reconstructed marking is always legally reachable, so this does not by itself put the case at risk of an unrecoverable loop."
20191013790,"alignment-based replay of the historical prefix needed at least one 'log move' -- a logged activity the model could not explain at all (a genuine deviation). Informational only: unlike the old token-based replay, the reconstructed marking is always legally reachable, so this does not by itself put the case at risk of an unrecoverable loop."
20191013795,"alignment-based replay of the historical prefix needed at least one 'log move' -- a logged activity the model could not explain at all (a genuine deviation). Informational only: unlike the old token-based replay, the reconstructed marking is always legally reachable, so this does not by itself put the case at risk of an unrecoverable loop."
20191013803,"alignment-based replay of the historical prefix needed at least one 'log move' -- a logged activity the model could not explain at all (a genuine deviation). Informational only: unlike the old token-based replay, the reconstructed marking is always legally reachable, so this does not by itself put the case at risk of an unrecoverable loop."
20191013805,"alignment-based replay of the historical prefix needed at least one 'log move' -- a logged activity the model could not explain at all (a genuine deviation). Informational only: unlike the old token-based replay, the reconstructed marking is always legally reachable, so this does not by itself put the case at risk of an unrecoverable loop."
20191013811,"alignment-based replay of the historical prefix needed at least one 'log move' -- a logged activity the model could not explain at all (a genuine deviation). Informational only: unlike the old token-based replay, the reconstructed marking is always legally reachable, so this does not by itself put the case at risk of an unrecoverable loop."
20191013817,"alignment-based replay of the historical prefix needed at least one 'log move' -- a logged activity the model could not explain at all (a genuine deviation). Informational only: unlike the old token-based replay, the reconstructed marking is always legally reachable, so this does not by itself put the case at risk of an unrecoverable loop."
20191013818,"alignment-based replay of the historical prefix needed at least one 'log move' -- a logged activity the model could not explain at all (a genuine deviation). Informational only: unlike the old token-based replay, the reconstructed marking is always legally reachable, so this does not by itself put the case at risk of an unrecoverable loop."
20191013820,"alignment-based replay of the historical prefix needed at least one 'log move' -- a logged activity the model could not explain at all (a genuine deviation). Informational only: unlike the old token-based replay, the reconstructed marking is always legally reachable, so this does not by itself put the case at risk of an unrecoverable loop."
20191013824,"alignment-based replay of the historical prefix needed at least one 'log move' -- a logged activity the model could not explain at all (a genuine deviation). Informational only: unlike the old token-based replay, the reconstructed marking is always legally reachable, so this does not by itself put the case at risk of an unrecoverable loop."
20191013829,"alignment-based replay of the historical prefix needed at least one 'log move' -- a logged activity the model could not explain at all (a genuine deviation). Informational only: unlike the old token-based replay, the reconstructed marking is always legally reachable, so this does not by itself put the case at risk of an unrecoverable loop."
20191013846,"alignment-based replay of the historical prefix needed at least one 'log move' -- a logged activity the model could not explain at all (a genuine deviation). Informational only: unlike the old token-based replay, the reconstructed marking is always legally reachable, so this does not by itself put the case at risk of an unrecoverable loop."
20191013850,"alignment-based replay of the historical prefix needed at least one 'log move' -- a logged activity the model could not explain at all (a genuine deviation). Informational only: unlike the old token-based replay, the reconstructed marking is always legally reachable, so this does not by itself put the case at risk of an unrecoverable loop."
20191013851,"alignment-based replay of the historical prefix needed at least one 'log move' -- a logged activity the model could not explain at all (a genuine deviation). Informational only: unlike the old token-based replay, the reconstructed marking is always legally reachable, so this does not by itself put the case at risk of an unrecoverable loop."
20191013852,"alignment-based replay of the historical prefix needed at least one 'log move' -- a logged activity the model could not explain at all (a genuine deviation). Informational only: unlike the old token-based replay, the reconstructed marking is always legally reachable, so this does not by itself put the case at risk of an unrecoverable loop."
20191013853,"alignment-based replay of the historical prefix needed at least one 'log move' -- a logged activity the model could not explain at all (a genuine deviation). Informational only: unlike the old token-based replay, the reconstructed marking is always legally reachable, so this does not by itself put the case at risk of an unrecoverable loop."
20191013866,"alignment-based replay of the historical prefix needed at least one 'log move' -- a logged activity the model could not explain at all (a genuine deviation). Informational only: unlike the old token-based replay, the reconstructed marking is always legally reachable, so this does not by itself put the case at risk of an unrecoverable loop."
20191013868,"alignment-based replay of the historical prefix needed at least one 'log move' -- a logged activity the model could not explain at all (a genuine deviation). Informational only: unlike the old token-based replay, the reconstructed marking is always legally reachable, so this does not by itself put the case at risk of an unrecoverable loop."
20191013870,"alignment-based replay of the historical prefix needed at least one 'log move' -- a logged activity the model could not explain at all (a genuine deviation). Informational only: unlike the old token-based replay, the reconstructed marking is always legally reachable, so this does not by itself put the case at risk of an unrecoverable loop."
20191013871,"alignment-based replay of the historical prefix needed at least one 'log move' -- a logged activity the model could not explain at all (a genuine deviation). Informational only: unlike the old token-based replay, the reconstructed marking is always legally reachable, so this does not by itself put the case at risk of an unrecoverable loop."
20191013872,"alignment-based replay of the historical prefix needed at least one 'log move' -- a logged activity the model could not explain at all (a genuine deviation). Informational only: unlike the old token-based replay, the reconstructed marking is always legally reachable, so this does not by itself put the case at risk of an unrecoverable loop."
20191013873,"alignment-based replay of the historical prefix needed at least one 'log move' -- a logged activity the model could not explain at all (a genuine deviation). Informational only: unlike the old token-based replay, the reconstructed marking is always legally reachable, so this does not by itself put the case at risk of an unrecoverable loop."
20191013874,"alignment-based replay of the historical prefix needed at least one 'log move' -- a logged activity the model could not explain at all (a genuine deviation). Informational only: unlike the old token-based replay, the reconstructed marking is always legally reachable, so this does not by itself put the case at risk of an unrecoverable loop."
20191013875,"alignment-based replay of the historical prefix needed at least one 'log move' -- a logged activity the model could not explain at all (a genuine deviation). Informational only: unlike the old token-based replay, the reconstructed marking is always legally reachable, so this does not by itself put the case at risk of an unrecoverable loop."
20191013876,"alignment-based replay of the historical prefix needed at least one 'log move' -- a logged activity the model could not explain at all (a genuine deviation). Informational only: unlike the old token-based replay, the reconstructed marking is always legally reachable, so this does not by itself put the case at risk of an unrecoverable loop."
20191013877,"alignment-based replay of the historical prefix needed at least one 'log move' -- a logged activity the model could not explain at all (a genuine deviation). Informational only: unlike the old token-based replay, the reconstructed marking is always legally reachable, so this does not by itself put the case at risk of an unrecoverable loop."
20191013878,"alignment-based replay of the historical prefix needed at least one 'log move' -- a logged activity the model could not explain at all (a genuine deviation). Informational only: unlike the old token-based replay, the reconstructed marking is always legally reachable, so this does not by itself put the case at risk of an unrecoverable loop."
20191013879,"alignment-based replay of the historical prefix needed at least one 'log move' -- a logged activity the model could not explain at all (a genuine deviation). Informational only: unlike the old token-based replay, the reconstructed marking is always legally reachable, so this does not by itself put the case at risk of an unrecoverable loop."
20191013880,"alignment-based replay of the historical prefix needed at least one 'log move' -- a logged activity the model could not explain at all (a genuine deviation). Informational only: unlike the old token-based replay, the reconstructed marking is always legally reachable, so this does not by itself put the case at risk of an unrecoverable loop."
20191013881,"alignment-based replay of the historical prefix needed at least one 'log move' -- a logged activity the model could not explain at all (a genuine deviation). Informational only: unlike the old token-based replay, the reconstructed marking is always legally reachable, so this does not by itself put the case at risk of an unrecoverable loop."
20191013882,"alignment-based replay of the historical prefix needed at least one 'log move' -- a logged activity the model could not explain at all (a genuine deviation). Informational only: unlike the old token-based replay, the reconstructed marking is always legally reachable, so this does not by itself put the case at risk of an unrecoverable loop."
20191013883,"alignment-based replay of the historical prefix needed at least one 'log move' -- a logged activity the model could not explain at all (a genuine deviation). Informational only: unlike the old token-based replay, the reconstructed marking is always legally reachable, so this does not by itself put the case at risk of an unrecoverable loop."
20191013884,"alignment-based replay of the historical prefix needed at least one 'log move' -- a logged activity the model could not explain at all (a genuine deviation). Informational only: unlike the old token-based replay, the reconstructed marking is always legally reachable, so this does not by itself put the case at risk of an unrecoverable loop."
20191013885,"alignment-based replay of the historical prefix needed at least one 'log move' -- a logged activity the model could not explain at all (a genuine deviation). Informational only: unlike the old token-based replay, the reconstructed marking is always legally reachable, so this does not by itself put the case at risk of an unrecoverable loop."
20191013886,"alignment-based replay of the historical prefix needed at least one 'log move' -- a logged activity the model could not explain at all (a genuine deviation). Informational only: unlike the old token-based replay, the reconstructed marking is always legally reachable, so this does not by itself put the case at risk of an unrecoverable loop."
20191013890,"alignment-based replay of the historical prefix needed at least one 'log move' -- a logged activity the model could not explain at all (a genuine deviation). Informational only: unlike the old token-based replay, the reconstructed marking is always legally reachable, so this does not by itself put the case at risk of an unrecoverable loop."
20191013902,"alignment-based replay of the historical prefix needed at least one 'log move' -- a logged activity the model could not explain at all (a genuine deviation). Informational only: unlike the old token-based replay, the reconstructed marking is always legally reachable, so this does not by itself put the case at risk of an unrecoverable loop."
20191013905,"alignment-based replay of the historical prefix needed at least one 'log move' -- a logged activity the model could not explain at all (a genuine deviation). Informational only: unlike the old token-based replay, the reconstructed marking is always legally reachable, so this does not by itself put the case at risk of an unrecoverable loop."
20191013907,"alignment-based replay of the historical prefix needed at least one 'log move' -- a logged activity the model could not explain at all (a genuine deviation). Informational only: unlike the old token-based replay, the reconstructed marking is always legally reachable, so this does not by itself put the case at risk of an unrecoverable loop."
20191013912,"alignment-based replay of the historical prefix needed at least one 'log move' -- a logged activity the model could not explain at all (a genuine deviation). Informational only: unlike the old token-based replay, the reconstructed marking is always legally reachable, so this does not by itself put the case at risk of an unrecoverable loop."
20191013919,"alignment-based replay of the historical prefix needed at least one 'log move' -- a logged activity the model could not explain at all (a genuine deviation). Informational only: unlike the old token-based replay, the reconstructed marking is always legally reachable, so this does not by itself put the case at risk of an unrecoverable loop."
20191013928,"alignment-based replay of the historical prefix needed at least one 'log move' -- a logged activity the model could not explain at all (a genuine deviation). Informational only: unlike the old token-based replay, the reconstructed marking is always legally reachable, so this does not by itself put the case at risk of an unrecoverable loop."
20191013929,"alignment-based replay of the historical prefix needed at least one 'log move' -- a logged activity the model could not explain at all (a genuine deviation). Informational only: unlike the old token-based replay, the reconstructed marking is always legally reachable, so this does not by itself put the case at risk of an unrecoverable loop."
20191013931,"alignment-based replay of the historical prefix needed at least one 'log move' -- a logged activity the model could not explain at all (a genuine deviation). Informational only: unlike the old token-based replay, the reconstructed marking is always legally reachable, so this does not by itself put the case at risk of an unrecoverable loop."
20191013943,"alignment-based replay of the historical prefix needed at least one 'log move' -- a logged activity the model could not explain at all (a genuine deviation). Informational only: unlike the old token-based replay, the reconstructed marking is always legally reachable, so this does not by itself put the case at risk of an unrecoverable loop."
20191013951,"alignment-based replay of the historical prefix needed at least one 'log move' -- a logged activity the model could not explain at all (a genuine deviation). Informational only: unlike the old token-based replay, the reconstructed marking is always legally reachable, so this does not by itself put the case at risk of an unrecoverable loop."
20191013954,"alignment-based replay of the historical prefix needed at least one 'log move' -- a logged activity the model could not explain at all (a genuine deviation). Informational only: unlike the old token-based replay, the reconstructed marking is always legally reachable, so this does not by itself put the case at risk of an unrecoverable loop."
20191013956,"alignment-based replay of the historical prefix needed at least one 'log move' -- a logged activity the model could not explain at all (a genuine deviation). Informational only: unlike the old token-based replay, the reconstructed marking is always legally reachable, so this does not by itself put the case at risk of an unrecoverable loop."
20191013965,"alignment-based replay of the historical prefix needed at least one 'log move' -- a logged activity the model could not explain at all (a genuine deviation). Informational only: unlike the old token-based replay, the reconstructed marking is always legally reachable, so this does not by itself put the case at risk of an unrecoverable loop."
20191013967,"alignment-based replay of the historical prefix needed at least one 'log move' -- a logged activity the model could not explain at all (a genuine deviation). Informational only: unlike the old token-based replay, the reconstructed marking is always legally reachable, so this does not by itself put the case at risk of an unrecoverable loop."
20191013972,"alignment-based replay of the historical prefix needed at least one 'log move' -- a logged activity the model could not explain at all (a genuine deviation). Informational only: unlike the old token-based replay, the reconstructed marking is always legally reachable, so this does not by itself put the case at risk of an unrecoverable loop."
20191013977,"alignment-based replay of the historical prefix needed at least one 'log move' -- a logged activity the model could not explain at all (a genuine deviation). Informational only: unlike the old token-based replay, the reconstructed marking is always legally reachable, so this does not by itself put the case at risk of an unrecoverable loop."
20191013979,"alignment-based replay of the historical prefix needed at least one 'log move' -- a logged activity the model could not explain at all (a genuine deviation). Informational only: unlike the old token-based replay, the reconstructed marking is always legally reachable, so this does not by itself put the case at risk of an unrecoverable loop."
20191013983,"alignment-based replay of the historical prefix needed at least one 'log move' -- a logged activity the model could not explain at all (a genuine deviation). Informational only: unlike the old token-based replay, the reconstructed marking is always legally reachable, so this does not by itself put the case at risk of an unrecoverable loop."
20191013986,"alignment-based replay of the historical prefix needed at least one 'log move' -- a logged activity the model could not explain at all (a genuine deviation). Informational only: unlike the old token-based replay, the reconstructed marking is always legally reachable, so this does not by itself put the case at risk of an unrecoverable loop."
20191013987,"alignment-based replay of the historical prefix needed at least one 'log move' -- a logged activity the model could not explain at all (a genuine deviation). Informational only: unlike the old token-based replay, the reconstructed marking is always legally reachable, so this does not by itself put the case at risk of an unrecoverable loop."
20191013989,"alignment-based replay of the historical prefix needed at least one 'log move' -- a logged activity the model could not explain at all (a genuine deviation). Informational only: unlike the old token-based replay, the reconstructed marking is always legally reachable, so this does not by itself put the case at risk of an unrecoverable loop."
20191013991,"alignment-based replay of the historical prefix needed at least one 'log move' -- a logged activity the model could not explain at all (a genuine deviation). Informational only: unlike the old token-based replay, the reconstructed marking is always legally reachable, so this does not by itself put the case at risk of an unrecoverable loop."
20191013997,"alignment-based replay of the historical prefix needed at least one 'log move' -- a logged activity the model could not explain at all (a genuine deviation). Informational only: unlike the old token-based replay, the reconstructed marking is always legally reachable, so this does not by itself put the case at risk of an unrecoverable loop."
20191014003,"alignment-based replay of the historical prefix needed at least one 'log move' -- a logged activity the model could not explain at all (a genuine deviation). Informational only: unlike the old token-based replay, the reconstructed marking is always legally reachable, so this does not by itself put the case at risk of an unrecoverable loop."
20191014006,"alignment-based replay of the historical prefix needed at least one 'log move' -- a logged activity the model could not explain at all (a genuine deviation). Informational only: unlike the old token-based replay, the reconstructed marking is always legally reachable, so this does not by itself put the case at risk of an unrecoverable loop."
20191014019,"alignment-based replay of the historical prefix needed at least one 'log move' -- a logged activity the model could not explain at all (a genuine deviation). Informational only: unlike the old token-based replay, the reconstructed marking is always legally reachable, so this does not by itself put the case at risk of an unrecoverable loop."
20191014026,"alignment-based replay of the historical prefix needed at least one 'log move' -- a logged activity the model could not explain at all (a genuine deviation). Informational only: unlike the old token-based replay, the reconstructed marking is always legally reachable, so this does not by itself put the case at risk of an unrecoverable loop."
20191014059,"alignment-based replay of the historical prefix needed at least one 'log move' -- a logged activity the model could not explain at all (a genuine deviation). Informational only: unlike the old token-based replay, the reconstructed marking is always legally reachable, so this does not by itself put the case at risk of an unrecoverable loop."
20191014071,"alignment-based replay of the historical prefix needed at least one 'log move' -- a logged activity the model could not explain at all (a genuine deviation). Informational only: unlike the old token-based replay, the reconstructed marking is always legally reachable, so this does not by itself put the case at risk of an unrecoverable loop."
20191014087,"alignment-based replay of the historical prefix needed at least one 'log move' -- a logged activity the model could not explain at all (a genuine deviation). Informational only: unlike the old token-based replay, the reconstructed marking is always legally reachable, so this does not by itself put the case at risk of an unrecoverable loop."
20191014092,"alignment-based replay of the historical prefix needed at least one 'log move' -- a logged activity the model could not explain at all (a genuine deviation). Informational only: unlike the old token-based replay, the reconstructed marking is always legally reachable, so this does not by itself put the case at risk of an unrecoverable loop."
20191014093,"alignment-based replay of the historical prefix needed at least one 'log move' -- a logged activity the model could not explain at all (a genuine deviation). Informational only: unlike the old token-based replay, the reconstructed marking is always legally reachable, so this does not by itself put the case at risk of an unrecoverable loop."
20191014094,"alignment-based replay of the historical prefix needed at least one 'log move' -- a logged activity the model could not explain at all (a genuine deviation). Informational only: unlike the old token-based replay, the reconstructed marking is always legally reachable, so this does not by itself put the case at risk of an unrecoverable loop."
20191014097,"alignment-based replay of the historical prefix needed at least one 'log move' -- a logged activity the model could not explain at all (a genuine deviation). Informational only: unlike the old token-based replay, the reconstructed marking is always legally reachable, so this does not by itself put the case at risk of an unrecoverable loop."
20191014102,"alignment-based replay of the historical prefix needed at least one 'log move' -- a logged activity the model could not explain at all (a genuine deviation). Informational only: unlike the old token-based replay, the reconstructed marking is always legally reachable, so this does not by itself put the case at risk of an unrecoverable loop."
20191014103,"alignment-based replay of the historical prefix needed at least one 'log move' -- a logged activity the model could not explain at all (a genuine deviation). Informational only: unlike the old token-based replay, the reconstructed marking is always legally reachable, so this does not by itself put the case at risk of an unrecoverable loop."
20191014104,"alignment-based replay of the historical prefix needed at least one 'log move' -- a logged activity the model could not explain at all (a genuine deviation). Informational only: unlike the old token-based replay, the reconstructed marking is always legally reachable, so this does not by itself put the case at risk of an unrecoverable loop."
20191014107,"alignment-based replay of the historical prefix needed at least one 'log move' -- a logged activity the model could not explain at all (a genuine deviation). Informational only: unlike the old token-based replay, the reconstructed marking is always legally reachable, so this does not by itself put the case at risk of an unrecoverable loop."
20191014109,"alignment-based replay of the historical prefix needed at least one 'log move' -- a logged activity the model could not explain at all (a genuine deviation). Informational only: unlike the old token-based replay, the reconstructed marking is always legally reachable, so this does not by itself put the case at risk of an unrecoverable loop."
20191014110,"alignment-based replay of the historical prefix needed at least one 'log move' -- a logged activity the model could not explain at all (a genuine deviation). Informational only: unlike the old token-based replay, the reconstructed marking is always legally reachable, so this does not by itself put the case at risk of an unrecoverable loop."
20191014113,"alignment-based replay of the historical prefix needed at least one 'log move' -- a logged activity the model could not explain at all (a genuine deviation). Informational only: unlike the old token-based replay, the reconstructed marking is always legally reachable, so this does not by itself put the case at risk of an unrecoverable loop."
20191014117,"alignment-based replay of the historical prefix needed at least one 'log move' -- a logged activity the model could not explain at all (a genuine deviation). Informational only: unlike the old token-based replay, the reconstructed marking is always legally reachable, so this does not by itself put the case at risk of an unrecoverable loop."
20191014123,"alignment-based replay of the historical prefix needed at least one 'log move' -- a logged activity the model could not explain at all (a genuine deviation). Informational only: unlike the old token-based replay, the reconstructed marking is always legally reachable, so this does not by itself put the case at risk of an unrecoverable loop."
20191014128,"alignment-based replay of the historical prefix needed at least one 'log move' -- a logged activity the model could not explain at all (a genuine deviation). Informational only: unlike the old token-based replay, the reconstructed marking is always legally reachable, so this does not by itself put the case at risk of an unrecoverable loop."
20191014130,"alignment-based replay of the historical prefix needed at least one 'log move' -- a logged activity the model could not explain at all (a genuine deviation). Informational only: unlike the old token-based replay, the reconstructed marking is always legally reachable, so this does not by itself put the case at risk of an unrecoverable loop."
20191014131,"alignment-based replay of the historical prefix needed at least one 'log move' -- a logged activity the model could not explain at all (a genuine deviation). Informational only: unlike the old token-based replay, the reconstructed marking is always legally reachable, so this does not by itself put the case at risk of an unrecoverable loop."
20191014134,"alignment-based replay of the historical prefix needed at least one 'log move' -- a logged activity the model could not explain at all (a genuine deviation). Informational only: unlike the old token-based replay, the reconstructed marking is always legally reachable, so this does not by itself put the case at risk of an unrecoverable loop."
20191014139,"alignment-based replay of the historical prefix needed at least one 'log move' -- a logged activity the model could not explain at all (a genuine deviation). Informational only: unlike the old token-based replay, the reconstructed marking is always legally reachable, so this does not by itself put the case at risk of an unrecoverable loop."
20191014141,"alignment-based replay of the historical prefix needed at least one 'log move' -- a logged activity the model could not explain at all (a genuine deviation). Informational only: unlike the old token-based replay, the reconstructed marking is always legally reachable, so this does not by itself put the case at risk of an unrecoverable loop."
20191014148,"alignment-based replay of the historical prefix needed at least one 'log move' -- a logged activity the model could not explain at all (a genuine deviation). Informational only: unlike the old token-based replay, the reconstructed marking is always legally reachable, so this does not by itself put the case at risk of an unrecoverable loop."
20191014149,"alignment-based replay of the historical prefix needed at least one 'log move' -- a logged activity the model could not explain at all (a genuine deviation). Informational only: unlike the old token-based replay, the reconstructed marking is always legally reachable, so this does not by itself put the case at risk of an unrecoverable loop."
20191014151,"alignment-based replay of the historical prefix needed at least one 'log move' -- a logged activity the model could not explain at all (a genuine deviation). Informational only: unlike the old token-based replay, the reconstructed marking is always legally reachable, so this does not by itself put the case at risk of an unrecoverable loop."
20191014152,"alignment-based replay of the historical prefix needed at least one 'log move' -- a logged activity the model could not explain at all (a genuine deviation). Informational only: unlike the old token-based replay, the reconstructed marking is always legally reachable, so this does not by itself put the case at risk of an unrecoverable loop."
20191014161,"alignment-based replay of the historical prefix needed at least one 'log move' -- a logged activity the model could not explain at all (a genuine deviation). Informational only: unlike the old token-based replay, the reconstructed marking is always legally reachable, so this does not by itself put the case at risk of an unrecoverable loop."
20191014172,"alignment-based replay of the historical prefix needed at least one 'log move' -- a logged activity the model could not explain at all (a genuine deviation). Informational only: unlike the old token-based replay, the reconstructed marking is always legally reachable, so this does not by itself put the case at risk of an unrecoverable loop."
20191014176,"alignment-based replay of the historical prefix needed at least one 'log move' -- a logged activity the model could not explain at all (a genuine deviation). Informational only: unlike the old token-based replay, the reconstructed marking is always legally reachable, so this does not by itself put the case at risk of an unrecoverable loop."
20191014186,"alignment-based replay of the historical prefix needed at least one 'log move' -- a logged activity the model could not explain at all (a genuine deviation). Informational only: unlike the old token-based replay, the reconstructed marking is always legally reachable, so this does not by itself put the case at risk of an unrecoverable loop."
20191014197,"alignment-based replay of the historical prefix needed at least one 'log move' -- a logged activity the model could not explain at all (a genuine deviation). Informational only: unlike the old token-based replay, the reconstructed marking is always legally reachable, so this does not by itself put the case at risk of an unrecoverable loop."
20191014201,"alignment-based replay of the historical prefix needed at least one 'log move' -- a logged activity the model could not explain at all (a genuine deviation). Informational only: unlike the old token-based replay, the reconstructed marking is always legally reachable, so this does not by itself put the case at risk of an unrecoverable loop."
20191014203,"alignment-based replay of the historical prefix needed at least one 'log move' -- a logged activity the model could not explain at all (a genuine deviation). Informational only: unlike the old token-based replay, the reconstructed marking is always legally reachable, so this does not by itself put the case at risk of an unrecoverable loop."
20191014207,"alignment-based replay of the historical prefix needed at least one 'log move' -- a logged activity the model could not explain at all (a genuine deviation). Informational only: unlike the old token-based replay, the reconstructed marking is always legally reachable, so this does not by itself put the case at risk of an unrecoverable loop."
20191014212,"alignment-based replay of the historical prefix needed at least one 'log move' -- a logged activity the model could not explain at all (a genuine deviation). Informational only: unlike the old token-based replay, the reconstructed marking is always legally reachable, so this does not by itself put the case at risk of an unrecoverable loop."
20191014215,"alignment-based replay of the historical prefix needed at least one 'log move' -- a logged activity the model could not explain at all (a genuine deviation). Informational only: unlike the old token-based replay, the reconstructed marking is always legally reachable, so this does not by itself put the case at risk of an unrecoverable loop."
20191014219,"alignment-based replay of the historical prefix needed at least one 'log move' -- a logged activity the model could not explain at all (a genuine deviation). Informational only: unlike the old token-based replay, the reconstructed marking is always legally reachable, so this does not by itself put the case at risk of an unrecoverable loop."
20191014222,"alignment-based replay of the historical prefix needed at least one 'log move' -- a logged activity the model could not explain at all (a genuine deviation). Informational only: unlike the old token-based replay, the reconstructed marking is always legally reachable, so this does not by itself put the case at risk of an unrecoverable loop."
20191014224,"alignment-based replay of the historical prefix needed at least one 'log move' -- a logged activity the model could not explain at all (a genuine deviation). Informational only: unlike the old token-based replay, the reconstructed marking is always legally reachable, so this does not by itself put the case at risk of an unrecoverable loop."
20191014225,"alignment-based replay of the historical prefix needed at least one 'log move' -- a logged activity the model could not explain at all (a genuine deviation). Informational only: unlike the old token-based replay, the reconstructed marking is always legally reachable, so this does not by itself put the case at risk of an unrecoverable loop."
20191014231,"alignment-based replay of the historical prefix needed at least one 'log move' -- a logged activity the model could not explain at all (a genuine deviation). Informational only: unlike the old token-based replay, the reconstructed marking is always legally reachable, so this does not by itself put the case at risk of an unrecoverable loop."
20191014236,"alignment-based replay of the historical prefix needed at least one 'log move' -- a logged activity the model could not explain at all (a genuine deviation). Informational only: unlike the old token-based replay, the reconstructed marking is always legally reachable, so this does not by itself put the case at risk of an unrecoverable loop."
20191014238,"alignment-based replay of the historical prefix needed at least one 'log move' -- a logged activity the model could not explain at all (a genuine deviation). Informational only: unlike the old token-based replay, the reconstructed marking is always legally reachable, so this does not by itself put the case at risk of an unrecoverable loop."
20191014246,"alignment-based replay of the historical prefix needed at least one 'log move' -- a logged activity the model could not explain at all (a genuine deviation). Informational only: unlike the old token-based replay, the reconstructed marking is always legally reachable, so this does not by itself put the case at risk of an unrecoverable loop."
20191014247,"alignment-based replay of the historical prefix needed at least one 'log move' -- a logged activity the model could not explain at all (a genuine deviation). Informational only: unlike the old token-based replay, the reconstructed marking is always legally reachable, so this does not by itself put the case at risk of an unrecoverable loop."
20191014248,"alignment-based replay of the historical prefix needed at least one 'log move' -- a logged activity the model could not explain at all (a genuine deviation). Informational only: unlike the old token-based replay, the reconstructed marking is always legally reachable, so this does not by itself put the case at risk of an unrecoverable loop."
20191014257,"alignment-based replay of the historical prefix needed at least one 'log move' -- a logged activity the model could not explain at all (a genuine deviation). Informational only: unlike the old token-based replay, the reconstructed marking is always legally reachable, so this does not by itself put the case at risk of an unrecoverable loop."
20191014259,"alignment-based replay of the historical prefix needed at least one 'log move' -- a logged activity the model could not explain at all (a genuine deviation). Informational only: unlike the old token-based replay, the reconstructed marking is always legally reachable, so this does not by itself put the case at risk of an unrecoverable loop."
20191014261,"alignment-based replay of the historical prefix needed at least one 'log move' -- a logged activity the model could not explain at all (a genuine deviation). Informational only: unlike the old token-based replay, the reconstructed marking is always legally reachable, so this does not by itself put the case at risk of an unrecoverable loop."
20191014263,"alignment-based replay of the historical prefix needed at least one 'log move' -- a logged activity the model could not explain at all (a genuine deviation). Informational only: unlike the old token-based replay, the reconstructed marking is always legally reachable, so this does not by itself put the case at risk of an unrecoverable loop."
20191014264,"alignment-based replay of the historical prefix needed at least one 'log move' -- a logged activity the model could not explain at all (a genuine deviation). Informational only: unlike the old token-based replay, the reconstructed marking is always legally reachable, so this does not by itself put the case at risk of an unrecoverable loop."
20191014266,"alignment-based replay of the historical prefix needed at least one 'log move' -- a logged activity the model could not explain at all (a genuine deviation). Informational only: unlike the old token-based replay, the reconstructed marking is always legally reachable, so this does not by itself put the case at risk of an unrecoverable loop."
20191014268,"alignment-based replay of the historical prefix needed at least one 'log move' -- a logged activity the model could not explain at all (a genuine deviation). Informational only: unlike the old token-based replay, the reconstructed marking is always legally reachable, so this does not by itself put the case at risk of an unrecoverable loop."
20191014274,"alignment-based replay of the historical prefix needed at least one 'log move' -- a logged activity the model could not explain at all (a genuine deviation). Informational only: unlike the old token-based replay, the reconstructed marking is always legally reachable, so this does not by itself put the case at risk of an unrecoverable loop."
20191014277,"alignment-based replay of the historical prefix needed at least one 'log move' -- a logged activity the model could not explain at all (a genuine deviation). Informational only: unlike the old token-based replay, the reconstructed marking is always legally reachable, so this does not by itself put the case at risk of an unrecoverable loop."
20191014280,"alignment-based replay of the historical prefix needed at least one 'log move' -- a logged activity the model could not explain at all (a genuine deviation). Informational only: unlike the old token-based replay, the reconstructed marking is always legally reachable, so this does not by itself put the case at risk of an unrecoverable loop."
20191014281,"alignment-based replay of the historical prefix needed at least one 'log move' -- a logged activity the model could not explain at all (a genuine deviation). Informational only: unlike the old token-based replay, the reconstructed marking is always legally reachable, so this does not by itself put the case at risk of an unrecoverable loop."
20191014283,"alignment-based replay of the historical prefix needed at least one 'log move' -- a logged activity the model could not explain at all (a genuine deviation). Informational only: unlike the old token-based replay, the reconstructed marking is always legally reachable, so this does not by itself put the case at risk of an unrecoverable loop."
20191014285,"alignment-based replay of the historical prefix needed at least one 'log move' -- a logged activity the model could not explain at all (a genuine deviation). Informational only: unlike the old token-based replay, the reconstructed marking is always legally reachable, so this does not by itself put the case at risk of an unrecoverable loop."
20191014289,"alignment-based replay of the historical prefix needed at least one 'log move' -- a logged activity the model could not explain at all (a genuine deviation). Informational only: unlike the old token-based replay, the reconstructed marking is always legally reachable, so this does not by itself put the case at risk of an unrecoverable loop."
20191014297,"alignment-based replay of the historical prefix needed at least one 'log move' -- a logged activity the model could not explain at all (a genuine deviation). Informational only: unlike the old token-based replay, the reconstructed marking is always legally reachable, so this does not by itself put the case at risk of an unrecoverable loop."
20191014298,"alignment-based replay of the historical prefix needed at least one 'log move' -- a logged activity the model could not explain at all (a genuine deviation). Informational only: unlike the old token-based replay, the reconstructed marking is always legally reachable, so this does not by itself put the case at risk of an unrecoverable loop."
20191014300,"alignment-based replay of the historical prefix needed at least one 'log move' -- a logged activity the model could not explain at all (a genuine deviation). Informational only: unlike the old token-based replay, the reconstructed marking is always legally reachable, so this does not by itself put the case at risk of an unrecoverable loop."
20191014302,"alignment-based replay of the historical prefix needed at least one 'log move' -- a logged activity the model could not explain at all (a genuine deviation). Informational only: unlike the old token-based replay, the reconstructed marking is always legally reachable, so this does not by itself put the case at risk of an unrecoverable loop."
20191014309,"alignment-based replay of the historical prefix needed at least one 'log move' -- a logged activity the model could not explain at all (a genuine deviation). Informational only: unlike the old token-based replay, the reconstructed marking is always legally reachable, so this does not by itself put the case at risk of an unrecoverable loop."
20191014314,"alignment-based replay of the historical prefix needed at least one 'log move' -- a logged activity the model could not explain at all (a genuine deviation). Informational only: unlike the old token-based replay, the reconstructed marking is always legally reachable, so this does not by itself put the case at risk of an unrecoverable loop."
20191014318,"alignment-based replay of the historical prefix needed at least one 'log move' -- a logged activity the model could not explain at all (a genuine deviation). Informational only: unlike the old token-based replay, the reconstructed marking is always legally reachable, so this does not by itself put the case at risk of an unrecoverable loop."
20191014319,"alignment-based replay of the historical prefix needed at least one 'log move' -- a logged activity the model could not explain at all (a genuine deviation). Informational only: unlike the old token-based replay, the reconstructed marking is always legally reachable, so this does not by itself put the case at risk of an unrecoverable loop."
20191014322,"alignment-based replay of the historical prefix needed at least one 'log move' -- a logged activity the model could not explain at all (a genuine deviation). Informational only: unlike the old token-based replay, the reconstructed marking is always legally reachable, so this does not by itself put the case at risk of an unrecoverable loop."
20191014323,"alignment-based replay of the historical prefix needed at least one 'log move' -- a logged activity the model could not explain at all (a genuine deviation). Informational only: unlike the old token-based replay, the reconstructed marking is always legally reachable, so this does not by itself put the case at risk of an unrecoverable loop."
20191014327,"alignment-based replay of the historical prefix needed at least one 'log move' -- a logged activity the model could not explain at all (a genuine deviation). Informational only: unlike the old token-based replay, the reconstructed marking is always legally reachable, so this does not by itself put the case at risk of an unrecoverable loop."
20191014336,"alignment-based replay of the historical prefix needed at least one 'log move' -- a logged activity the model could not explain at all (a genuine deviation). Informational only: unlike the old token-based replay, the reconstructed marking is always legally reachable, so this does not by itself put the case at risk of an unrecoverable loop."
20191014337,"alignment-based replay of the historical prefix needed at least one 'log move' -- a logged activity the model could not explain at all (a genuine deviation). Informational only: unlike the old token-based replay, the reconstructed marking is always legally reachable, so this does not by itself put the case at risk of an unrecoverable loop."
20191014338,"alignment-based replay of the historical prefix needed at least one 'log move' -- a logged activity the model could not explain at all (a genuine deviation). Informational only: unlike the old token-based replay, the reconstructed marking is always legally reachable, so this does not by itself put the case at risk of an unrecoverable loop."
20191014339,"alignment-based replay of the historical prefix needed at least one 'log move' -- a logged activity the model could not explain at all (a genuine deviation). Informational only: unlike the old token-based replay, the reconstructed marking is always legally reachable, so this does not by itself put the case at risk of an unrecoverable loop."
20191014340,"alignment-based replay of the historical prefix needed at least one 'log move' -- a logged activity the model could not explain at all (a genuine deviation). Informational only: unlike the old token-based replay, the reconstructed marking is always legally reachable, so this does not by itself put the case at risk of an unrecoverable loop."
20191014343,"alignment-based replay of the historical prefix needed at least one 'log move' -- a logged activity the model could not explain at all (a genuine deviation). Informational only: unlike the old token-based replay, the reconstructed marking is always legally reachable, so this does not by itself put the case at risk of an unrecoverable loop."
20191014353,"alignment-based replay of the historical prefix needed at least one 'log move' -- a logged activity the model could not explain at all (a genuine deviation). Informational only: unlike the old token-based replay, the reconstructed marking is always legally reachable, so this does not by itself put the case at risk of an unrecoverable loop."
20191014357,"alignment-based replay of the historical prefix needed at least one 'log move' -- a logged activity the model could not explain at all (a genuine deviation). Informational only: unlike the old token-based replay, the reconstructed marking is always legally reachable, so this does not by itself put the case at risk of an unrecoverable loop."
20191014359,"alignment-based replay of the historical prefix needed at least one 'log move' -- a logged activity the model could not explain at all (a genuine deviation). Informational only: unlike the old token-based replay, the reconstructed marking is always legally reachable, so this does not by itself put the case at risk of an unrecoverable loop."
20191014360,"alignment-based replay of the historical prefix needed at least one 'log move' -- a logged activity the model could not explain at all (a genuine deviation). Informational only: unlike the old token-based replay, the reconstructed marking is always legally reachable, so this does not by itself put the case at risk of an unrecoverable loop."
20191014364,"alignment-based replay of the historical prefix needed at least one 'log move' -- a logged activity the model could not explain at all (a genuine deviation). Informational only: unlike the old token-based replay, the reconstructed marking is always legally reachable, so this does not by itself put the case at risk of an unrecoverable loop."
20191014369,"alignment-based replay of the historical prefix needed at least one 'log move' -- a logged activity the model could not explain at all (a genuine deviation). Informational only: unlike the old token-based replay, the reconstructed marking is always legally reachable, so this does not by itself put the case at risk of an unrecoverable loop."
20191014376,"alignment-based replay of the historical prefix needed at least one 'log move' -- a logged activity the model could not explain at all (a genuine deviation). Informational only: unlike the old token-based replay, the reconstructed marking is always legally reachable, so this does not by itself put the case at risk of an unrecoverable loop."
20191014385,"alignment-based replay of the historical prefix needed at least one 'log move' -- a logged activity the model could not explain at all (a genuine deviation). Informational only: unlike the old token-based replay, the reconstructed marking is always legally reachable, so this does not by itself put the case at risk of an unrecoverable loop."
20191014387,"alignment-based replay of the historical prefix needed at least one 'log move' -- a logged activity the model could not explain at all (a genuine deviation). Informational only: unlike the old token-based replay, the reconstructed marking is always legally reachable, so this does not by itself put the case at risk of an unrecoverable loop."
20191014393,"alignment-based replay of the historical prefix needed at least one 'log move' -- a logged activity the model could not explain at all (a genuine deviation). Informational only: unlike the old token-based replay, the reconstructed marking is always legally reachable, so this does not by itself put the case at risk of an unrecoverable loop."
20191014395,"alignment-based replay of the historical prefix needed at least one 'log move' -- a logged activity the model could not explain at all (a genuine deviation). Informational only: unlike the old token-based replay, the reconstructed marking is always legally reachable, so this does not by itself put the case at risk of an unrecoverable loop."
20191014396,"alignment-based replay of the historical prefix needed at least one 'log move' -- a logged activity the model could not explain at all (a genuine deviation). Informational only: unlike the old token-based replay, the reconstructed marking is always legally reachable, so this does not by itself put the case at risk of an unrecoverable loop."
20191014397,"alignment-based replay of the historical prefix needed at least one 'log move' -- a logged activity the model could not explain at all (a genuine deviation). Informational only: unlike the old token-based replay, the reconstructed marking is always legally reachable, so this does not by itself put the case at risk of an unrecoverable loop."
20191014400,"alignment-based replay of the historical prefix needed at least one 'log move' -- a logged activity the model could not explain at all (a genuine deviation). Informational only: unlike the old token-based replay, the reconstructed marking is always legally reachable, so this does not by itself put the case at risk of an unrecoverable loop."
20191014404,"alignment-based replay of the historical prefix needed at least one 'log move' -- a logged activity the model could not explain at all (a genuine deviation). Informational only: unlike the old token-based replay, the reconstructed marking is always legally reachable, so this does not by itself put the case at risk of an unrecoverable loop."
20191014405,"alignment-based replay of the historical prefix needed at least one 'log move' -- a logged activity the model could not explain at all (a genuine deviation). Informational only: unlike the old token-based replay, the reconstructed marking is always legally reachable, so this does not by itself put the case at risk of an unrecoverable loop."
20191014413,"alignment-based replay of the historical prefix needed at least one 'log move' -- a logged activity the model could not explain at all (a genuine deviation). Informational only: unlike the old token-based replay, the reconstructed marking is always legally reachable, so this does not by itself put the case at risk of an unrecoverable loop."
20191014414,"alignment-based replay of the historical prefix needed at least one 'log move' -- a logged activity the model could not explain at all (a genuine deviation). Informational only: unlike the old token-based replay, the reconstructed marking is always legally reachable, so this does not by itself put the case at risk of an unrecoverable loop."
20191014415,"alignment-based replay of the historical prefix needed at least one 'log move' -- a logged activity the model could not explain at all (a genuine deviation). Informational only: unlike the old token-based replay, the reconstructed marking is always legally reachable, so this does not by itself put the case at risk of an unrecoverable loop."
20191014417,"alignment-based replay of the historical prefix needed at least one 'log move' -- a logged activity the model could not explain at all (a genuine deviation). Informational only: unlike the old token-based replay, the reconstructed marking is always legally reachable, so this does not by itself put the case at risk of an unrecoverable loop."
20191014419,"alignment-based replay of the historical prefix needed at least one 'log move' -- a logged activity the model could not explain at all (a genuine deviation). Informational only: unlike the old token-based replay, the reconstructed marking is always legally reachable, so this does not by itself put the case at risk of an unrecoverable loop."
20191014420,"alignment-based replay of the historical prefix needed at least one 'log move' -- a logged activity the model could not explain at all (a genuine deviation). Informational only: unlike the old token-based replay, the reconstructed marking is always legally reachable, so this does not by itself put the case at risk of an unrecoverable loop."
20191014423,"alignment-based replay of the historical prefix needed at least one 'log move' -- a logged activity the model could not explain at all (a genuine deviation). Informational only: unlike the old token-based replay, the reconstructed marking is always legally reachable, so this does not by itself put the case at risk of an unrecoverable loop."
20191014425,"alignment-based replay of the historical prefix needed at least one 'log move' -- a logged activity the model could not explain at all (a genuine deviation). Informational only: unlike the old token-based replay, the reconstructed marking is always legally reachable, so this does not by itself put the case at risk of an unrecoverable loop."
20191014427,"alignment-based replay of the historical prefix needed at least one 'log move' -- a logged activity the model could not explain at all (a genuine deviation). Informational only: unlike the old token-based replay, the reconstructed marking is always legally reachable, so this does not by itself put the case at risk of an unrecoverable loop."
20191014430,"alignment-based replay of the historical prefix needed at least one 'log move' -- a logged activity the model could not explain at all (a genuine deviation). Informational only: unlike the old token-based replay, the reconstructed marking is always legally reachable, so this does not by itself put the case at risk of an unrecoverable loop."
20191014431,"alignment-based replay of the historical prefix needed at least one 'log move' -- a logged activity the model could not explain at all (a genuine deviation). Informational only: unlike the old token-based replay, the reconstructed marking is always legally reachable, so this does not by itself put the case at risk of an unrecoverable loop."
20191014438,"alignment-based replay of the historical prefix needed at least one 'log move' -- a logged activity the model could not explain at all (a genuine deviation). Informational only: unlike the old token-based replay, the reconstructed marking is always legally reachable, so this does not by itself put the case at risk of an unrecoverable loop."
20191014441,"alignment-based replay of the historical prefix needed at least one 'log move' -- a logged activity the model could not explain at all (a genuine deviation). Informational only: unlike the old token-based replay, the reconstructed marking is always legally reachable, so this does not by itself put the case at risk of an unrecoverable loop."
20191014442,"alignment-based replay of the historical prefix needed at least one 'log move' -- a logged activity the model could not explain at all (a genuine deviation). Informational only: unlike the old token-based replay, the reconstructed marking is always legally reachable, so this does not by itself put the case at risk of an unrecoverable loop."
20191014448,"alignment-based replay of the historical prefix needed at least one 'log move' -- a logged activity the model could not explain at all (a genuine deviation). Informational only: unlike the old token-based replay, the reconstructed marking is always legally reachable, so this does not by itself put the case at risk of an unrecoverable loop."
20191014452,"alignment-based replay of the historical prefix needed at least one 'log move' -- a logged activity the model could not explain at all (a genuine deviation). Informational only: unlike the old token-based replay, the reconstructed marking is always legally reachable, so this does not by itself put the case at risk of an unrecoverable loop."
20191014456,"alignment-based replay of the historical prefix needed at least one 'log move' -- a logged activity the model could not explain at all (a genuine deviation). Informational only: unlike the old token-based replay, the reconstructed marking is always legally reachable, so this does not by itself put the case at risk of an unrecoverable loop."
20191014458,"alignment-based replay of the historical prefix needed at least one 'log move' -- a logged activity the model could not explain at all (a genuine deviation). Informational only: unlike the old token-based replay, the reconstructed marking is always legally reachable, so this does not by itself put the case at risk of an unrecoverable loop."
20191014459,"alignment-based replay of the historical prefix needed at least one 'log move' -- a logged activity the model could not explain at all (a genuine deviation). Informational only: unlike the old token-based replay, the reconstructed marking is always legally reachable, so this does not by itself put the case at risk of an unrecoverable loop."
20191014462,"alignment-based replay of the historical prefix needed at least one 'log move' -- a logged activity the model could not explain at all (a genuine deviation). Informational only: unlike the old token-based replay, the reconstructed marking is always legally reachable, so this does not by itself put the case at risk of an unrecoverable loop."
