case:concept:name,reason
201810002650,"alignment-based replay of the historical prefix needed at least one 'log move' -- a logged activity the model could not explain at all (a genuine deviation). Informational only: unlike the old token-based replay, the reconstructed marking is always legally reachable, so this does not by itself put the case at risk of an unrecoverable loop."
201810008108,"alignment-based replay of the historical prefix needed at least one 'log move' -- a logged activity the model could not explain at all (a genuine deviation). Informational only: unlike the old token-based replay, the reconstructed marking is always legally reachable, so this does not by itself put the case at risk of an unrecoverable loop."
201810008899,"alignment-based replay of the historical prefix needed at least one 'log move' -- a logged activity the model could not explain at all (a genuine deviation). Informational only: unlike the old token-based replay, the reconstructed marking is always legally reachable, so this does not by itself put the case at risk of an unrecoverable loop."
20181000902,"alignment-based replay of the historical prefix needed at least one 'log move' -- a logged activity the model could not explain at all (a genuine deviation). Informational only: unlike the old token-based replay, the reconstructed marking is always legally reachable, so this does not by itself put the case at risk of an unrecoverable loop."
201810010740,"alignment-based replay of the historical prefix needed at least one 'log move' -- a logged activity the model could not explain at all (a genuine deviation). Informational only: unlike the old token-based replay, the reconstructed marking is always legally reachable, so this does not by itself put the case at risk of an unrecoverable loop."
201810011081,"alignment-based replay of the historical prefix needed at least one 'log move' -- a logged activity the model could not explain at all (a genuine deviation). Informational only: unlike the old token-based replay, the reconstructed marking is always legally reachable, so this does not by itself put the case at risk of an unrecoverable loop."
201810011583,"alignment-based replay of the historical prefix needed at least one 'log move' -- a logged activity the model could not explain at all (a genuine deviation). Informational only: unlike the old token-based replay, the reconstructed marking is always legally reachable, so this does not by itself put the case at risk of an unrecoverable loop."
20181012611,"alignment-based replay of the historical prefix needed at least one 'log move' -- a logged activity the model could not explain at all (a genuine deviation). Informational only: unlike the old token-based replay, the reconstructed marking is always legally reachable, so this does not by itself put the case at risk of an unrecoverable loop."
20181013679,"alignment-based replay of the historical prefix needed at least one 'log move' -- a logged activity the model could not explain at all (a genuine deviation). Informational only: unlike the old token-based replay, the reconstructed marking is always legally reachable, so this does not by itself put the case at risk of an unrecoverable loop."
201811001580,"alignment-based replay of the historical prefix needed at least one 'log move' -- a logged activity the model could not explain at all (a genuine deviation). Informational only: unlike the old token-based replay, the reconstructed marking is always legally reachable, so this does not by itself put the case at risk of an unrecoverable loop."
201811001889,"alignment-based replay of the historical prefix needed at least one 'log move' -- a logged activity the model could not explain at all (a genuine deviation). Informational only: unlike the old token-based replay, the reconstructed marking is always legally reachable, so this does not by itself put the case at risk of an unrecoverable loop."
201811003327,"alignment-based replay of the historical prefix needed at least one 'log move' -- a logged activity the model could not explain at all (a genuine deviation). Informational only: unlike the old token-based replay, the reconstructed marking is always legally reachable, so this does not by itself put the case at risk of an unrecoverable loop."
201811004163,"alignment-based replay of the historical prefix needed at least one 'log move' -- a logged activity the model could not explain at all (a genuine deviation). Informational only: unlike the old token-based replay, the reconstructed marking is always legally reachable, so this does not by itself put the case at risk of an unrecoverable loop."
201811005226,"alignment-based replay of the historical prefix needed at least one 'log move' -- a logged activity the model could not explain at all (a genuine deviation). Informational only: unlike the old token-based replay, the reconstructed marking is always legally reachable, so this does not by itself put the case at risk of an unrecoverable loop."
201811005747,"alignment-based replay of the historical prefix needed at least one 'log move' -- a logged activity the model could not explain at all (a genuine deviation). Informational only: unlike the old token-based replay, the reconstructed marking is always legally reachable, so this does not by itself put the case at risk of an unrecoverable loop."
201811006467,"alignment-based replay of the historical prefix needed at least one 'log move' -- a logged activity the model could not explain at all (a genuine deviation). Informational only: unlike the old token-based replay, the reconstructed marking is always legally reachable, so this does not by itself put the case at risk of an unrecoverable loop."
201811006982,"alignment-based replay of the historical prefix needed at least one 'log move' -- a logged activity the model could not explain at all (a genuine deviation). Informational only: unlike the old token-based replay, the reconstructed marking is always legally reachable, so this does not by itself put the case at risk of an unrecoverable loop."
201811008100,"alignment-based replay of the historical prefix needed at least one 'log move' -- a logged activity the model could not explain at all (a genuine deviation). Informational only: unlike the old token-based replay, the reconstructed marking is always legally reachable, so this does not by itself put the case at risk of an unrecoverable loop."
201811008330,"alignment-based replay of the historical prefix needed at least one 'log move' -- a logged activity the model could not explain at all (a genuine deviation). Informational only: unlike the old token-based replay, the reconstructed marking is always legally reachable, so this does not by itself put the case at risk of an unrecoverable loop."
201811008394,"alignment-based replay of the historical prefix needed at least one 'log move' -- a logged activity the model could not explain at all (a genuine deviation). Informational only: unlike the old token-based replay, the reconstructed marking is always legally reachable, so this does not by itself put the case at risk of an unrecoverable loop."
201811008631,"alignment-based replay of the historical prefix needed at least one 'log move' -- a logged activity the model could not explain at all (a genuine deviation). Informational only: unlike the old token-based replay, the reconstructed marking is always legally reachable, so this does not by itself put the case at risk of an unrecoverable loop."
201811009800,"alignment-based replay of the historical prefix needed at least one 'log move' -- a logged activity the model could not explain at all (a genuine deviation). Informational only: unlike the old token-based replay, the reconstructed marking is always legally reachable, so this does not by itself put the case at risk of an unrecoverable loop."
201811010119,"alignment-based replay of the historical prefix needed at least one 'log move' -- a logged activity the model could not explain at all (a genuine deviation). Informational only: unlike the old token-based replay, the reconstructed marking is always legally reachable, so this does not by itself put the case at risk of an unrecoverable loop."
201811010142,"alignment-based replay of the historical prefix needed at least one 'log move' -- a logged activity the model could not explain at all (a genuine deviation). Informational only: unlike the old token-based replay, the reconstructed marking is always legally reachable, so this does not by itself put the case at risk of an unrecoverable loop."
201811010681,"alignment-based replay of the historical prefix needed at least one 'log move' -- a logged activity the model could not explain at all (a genuine deviation). Informational only: unlike the old token-based replay, the reconstructed marking is always legally reachable, so this does not by itself put the case at risk of an unrecoverable loop."
201811011699,"alignment-based replay of the historical prefix needed at least one 'log move' -- a logged activity the model could not explain at all (a genuine deviation). Informational only: unlike the old token-based replay, the reconstructed marking is always legally reachable, so this does not by itself put the case at risk of an unrecoverable loop."
201811011715,"alignment-based replay of the historical prefix needed at least one 'log move' -- a logged activity the model could not explain at all (a genuine deviation). Informational only: unlike the old token-based replay, the reconstructed marking is always legally reachable, so this does not by itself put the case at risk of an unrecoverable loop."
201811011907,"alignment-based replay of the historical prefix needed at least one 'log move' -- a logged activity the model could not explain at all (a genuine deviation). Informational only: unlike the old token-based replay, the reconstructed marking is always legally reachable, so this does not by itself put the case at risk of an unrecoverable loop."
201812000605,"alignment-based replay of the historical prefix needed at least one 'log move' -- a logged activity the model could not explain at all (a genuine deviation). Informational only: unlike the old token-based replay, the reconstructed marking is always legally reachable, so this does not by itself put the case at risk of an unrecoverable loop."
201812000606,"alignment-based replay of the historical prefix needed at least one 'log move' -- a logged activity the model could not explain at all (a genuine deviation). Informational only: unlike the old token-based replay, the reconstructed marking is always legally reachable, so this does not by itself put the case at risk of an unrecoverable loop."
201812000900,"alignment-based replay of the historical prefix needed at least one 'log move' -- a logged activity the model could not explain at all (a genuine deviation). Informational only: unlike the old token-based replay, the reconstructed marking is always legally reachable, so this does not by itself put the case at risk of an unrecoverable loop."
201812002344,"alignment-based replay of the historical prefix needed at least one 'log move' -- a logged activity the model could not explain at all (a genuine deviation). Informational only: unlike the old token-based replay, the reconstructed marking is always legally reachable, so this does not by itself put the case at risk of an unrecoverable loop."
201812002552,"alignment-based replay of the historical prefix needed at least one 'log move' -- a logged activity the model could not explain at all (a genuine deviation). Informational only: unlike the old token-based replay, the reconstructed marking is always legally reachable, so this does not by itself put the case at risk of an unrecoverable loop."
201812002677,"alignment-based replay of the historical prefix needed at least one 'log move' -- a logged activity the model could not explain at all (a genuine deviation). Informational only: unlike the old token-based replay, the reconstructed marking is always legally reachable, so this does not by itself put the case at risk of an unrecoverable loop."
201812002837,"alignment-based replay of the historical prefix needed at least one 'log move' -- a logged activity the model could not explain at all (a genuine deviation). Informational only: unlike the old token-based replay, the reconstructed marking is always legally reachable, so this does not by itself put the case at risk of an unrecoverable loop."
201812003088,"alignment-based replay of the historical prefix needed at least one 'log move' -- a logged activity the model could not explain at all (a genuine deviation). Informational only: unlike the old token-based replay, the reconstructed marking is always legally reachable, so this does not by itself put the case at risk of an unrecoverable loop."
201812003287,"alignment-based replay of the historical prefix needed at least one 'log move' -- a logged activity the model could not explain at all (a genuine deviation). Informational only: unlike the old token-based replay, the reconstructed marking is always legally reachable, so this does not by itself put the case at risk of an unrecoverable loop."
201812004065,"alignment-based replay of the historical prefix needed at least one 'log move' -- a logged activity the model could not explain at all (a genuine deviation). Informational only: unlike the old token-based replay, the reconstructed marking is always legally reachable, so this does not by itself put the case at risk of an unrecoverable loop."
201812004155,"alignment-based replay of the historical prefix needed at least one 'log move' -- a logged activity the model could not explain at all (a genuine deviation). Informational only: unlike the old token-based replay, the reconstructed marking is always legally reachable, so this does not by itself put the case at risk of an unrecoverable loop."
201812004198,"alignment-based replay of the historical prefix needed at least one 'log move' -- a logged activity the model could not explain at all (a genuine deviation). Informational only: unlike the old token-based replay, the reconstructed marking is always legally reachable, so this does not by itself put the case at risk of an unrecoverable loop."
201812004271,"alignment-based replay of the historical prefix needed at least one 'log move' -- a logged activity the model could not explain at all (a genuine deviation). Informational only: unlike the old token-based replay, the reconstructed marking is always legally reachable, so this does not by itself put the case at risk of an unrecoverable loop."
201812004433,"alignment-based replay of the historical prefix needed at least one 'log move' -- a logged activity the model could not explain at all (a genuine deviation). Informational only: unlike the old token-based replay, the reconstructed marking is always legally reachable, so this does not by itself put the case at risk of an unrecoverable loop."
201812004478,"alignment-based replay of the historical prefix needed at least one 'log move' -- a logged activity the model could not explain at all (a genuine deviation). Informational only: unlike the old token-based replay, the reconstructed marking is always legally reachable, so this does not by itself put the case at risk of an unrecoverable loop."
201812004552,"alignment-based replay of the historical prefix needed at least one 'log move' -- a logged activity the model could not explain at all (a genuine deviation). Informational only: unlike the old token-based replay, the reconstructed marking is always legally reachable, so this does not by itself put the case at risk of an unrecoverable loop."
201812004625,"alignment-based replay of the historical prefix needed at least one 'log move' -- a logged activity the model could not explain at all (a genuine deviation). Informational only: unlike the old token-based replay, the reconstructed marking is always legally reachable, so this does not by itself put the case at risk of an unrecoverable loop."
201812004772,"alignment-based replay of the historical prefix needed at least one 'log move' -- a logged activity the model could not explain at all (a genuine deviation). Informational only: unlike the old token-based replay, the reconstructed marking is always legally reachable, so this does not by itself put the case at risk of an unrecoverable loop."
201812004817,"alignment-based replay of the historical prefix needed at least one 'log move' -- a logged activity the model could not explain at all (a genuine deviation). Informational only: unlike the old token-based replay, the reconstructed marking is always legally reachable, so this does not by itself put the case at risk of an unrecoverable loop."
201812004871,"alignment-based replay of the historical prefix needed at least one 'log move' -- a logged activity the model could not explain at all (a genuine deviation). Informational only: unlike the old token-based replay, the reconstructed marking is always legally reachable, so this does not by itself put the case at risk of an unrecoverable loop."
201812004921,"alignment-based replay of the historical prefix needed at least one 'log move' -- a logged activity the model could not explain at all (a genuine deviation). Informational only: unlike the old token-based replay, the reconstructed marking is always legally reachable, so this does not by itself put the case at risk of an unrecoverable loop."
201812005259,"alignment-based replay of the historical prefix needed at least one 'log move' -- a logged activity the model could not explain at all (a genuine deviation). Informational only: unlike the old token-based replay, the reconstructed marking is always legally reachable, so this does not by itself put the case at risk of an unrecoverable loop."
201812005350,"alignment-based replay of the historical prefix needed at least one 'log move' -- a logged activity the model could not explain at all (a genuine deviation). Informational only: unlike the old token-based replay, the reconstructed marking is always legally reachable, so this does not by itself put the case at risk of an unrecoverable loop."
201812005434,"alignment-based replay of the historical prefix needed at least one 'log move' -- a logged activity the model could not explain at all (a genuine deviation). Informational only: unlike the old token-based replay, the reconstructed marking is always legally reachable, so this does not by itself put the case at risk of an unrecoverable loop."
201812005659,"alignment-based replay of the historical prefix needed at least one 'log move' -- a logged activity the model could not explain at all (a genuine deviation). Informational only: unlike the old token-based replay, the reconstructed marking is always legally reachable, so this does not by itself put the case at risk of an unrecoverable loop."
201812005779,"alignment-based replay of the historical prefix needed at least one 'log move' -- a logged activity the model could not explain at all (a genuine deviation). Informational only: unlike the old token-based replay, the reconstructed marking is always legally reachable, so this does not by itself put the case at risk of an unrecoverable loop."
201812005853,"alignment-based replay of the historical prefix needed at least one 'log move' -- a logged activity the model could not explain at all (a genuine deviation). Informational only: unlike the old token-based replay, the reconstructed marking is always legally reachable, so this does not by itself put the case at risk of an unrecoverable loop."
201812005898,"alignment-based replay of the historical prefix needed at least one 'log move' -- a logged activity the model could not explain at all (a genuine deviation). Informational only: unlike the old token-based replay, the reconstructed marking is always legally reachable, so this does not by itself put the case at risk of an unrecoverable loop."
201812006094,"alignment-based replay of the historical prefix needed at least one 'log move' -- a logged activity the model could not explain at all (a genuine deviation). Informational only: unlike the old token-based replay, the reconstructed marking is always legally reachable, so this does not by itself put the case at risk of an unrecoverable loop."
201812006485,"alignment-based replay of the historical prefix needed at least one 'log move' -- a logged activity the model could not explain at all (a genuine deviation). Informational only: unlike the old token-based replay, the reconstructed marking is always legally reachable, so this does not by itself put the case at risk of an unrecoverable loop."
201812006628,"alignment-based replay of the historical prefix needed at least one 'log move' -- a logged activity the model could not explain at all (a genuine deviation). Informational only: unlike the old token-based replay, the reconstructed marking is always legally reachable, so this does not by itself put the case at risk of an unrecoverable loop."
201812006707,"alignment-based replay of the historical prefix needed at least one 'log move' -- a logged activity the model could not explain at all (a genuine deviation). Informational only: unlike the old token-based replay, the reconstructed marking is always legally reachable, so this does not by itself put the case at risk of an unrecoverable loop."
201812006755,"alignment-based replay of the historical prefix needed at least one 'log move' -- a logged activity the model could not explain at all (a genuine deviation). Informational only: unlike the old token-based replay, the reconstructed marking is always legally reachable, so this does not by itself put the case at risk of an unrecoverable loop."
201812006820,"alignment-based replay of the historical prefix needed at least one 'log move' -- a logged activity the model could not explain at all (a genuine deviation). Informational only: unlike the old token-based replay, the reconstructed marking is always legally reachable, so this does not by itself put the case at risk of an unrecoverable loop."
201812006824,"alignment-based replay of the historical prefix needed at least one 'log move' -- a logged activity the model could not explain at all (a genuine deviation). Informational only: unlike the old token-based replay, the reconstructed marking is always legally reachable, so this does not by itself put the case at risk of an unrecoverable loop."
201812007280,"alignment-based replay of the historical prefix needed at least one 'log move' -- a logged activity the model could not explain at all (a genuine deviation). Informational only: unlike the old token-based replay, the reconstructed marking is always legally reachable, so this does not by itself put the case at risk of an unrecoverable loop."
201812007397,"alignment-based replay of the historical prefix needed at least one 'log move' -- a logged activity the model could not explain at all (a genuine deviation). Informational only: unlike the old token-based replay, the reconstructed marking is always legally reachable, so this does not by itself put the case at risk of an unrecoverable loop."
201812007718,"alignment-based replay of the historical prefix needed at least one 'log move' -- a logged activity the model could not explain at all (a genuine deviation). Informational only: unlike the old token-based replay, the reconstructed marking is always legally reachable, so this does not by itself put the case at risk of an unrecoverable loop."
201812007723,"alignment-based replay of the historical prefix needed at least one 'log move' -- a logged activity the model could not explain at all (a genuine deviation). Informational only: unlike the old token-based replay, the reconstructed marking is always legally reachable, so this does not by itself put the case at risk of an unrecoverable loop."
201812007727,"alignment-based replay of the historical prefix needed at least one 'log move' -- a logged activity the model could not explain at all (a genuine deviation). Informational only: unlike the old token-based replay, the reconstructed marking is always legally reachable, so this does not by itself put the case at risk of an unrecoverable loop."
201812007780,"alignment-based replay of the historical prefix needed at least one 'log move' -- a logged activity the model could not explain at all (a genuine deviation). Informational only: unlike the old token-based replay, the reconstructed marking is always legally reachable, so this does not by itself put the case at risk of an unrecoverable loop."
201812007839,"alignment-based replay of the historical prefix needed at least one 'log move' -- a logged activity the model could not explain at all (a genuine deviation). Informational only: unlike the old token-based replay, the reconstructed marking is always legally reachable, so this does not by itself put the case at risk of an unrecoverable loop."
201812007853,"alignment-based replay of the historical prefix needed at least one 'log move' -- a logged activity the model could not explain at all (a genuine deviation). Informational only: unlike the old token-based replay, the reconstructed marking is always legally reachable, so this does not by itself put the case at risk of an unrecoverable loop."
201812008090,"alignment-based replay of the historical prefix needed at least one 'log move' -- a logged activity the model could not explain at all (a genuine deviation). Informational only: unlike the old token-based replay, the reconstructed marking is always legally reachable, so this does not by itself put the case at risk of an unrecoverable loop."
201812008149,"alignment-based replay of the historical prefix needed at least one 'log move' -- a logged activity the model could not explain at all (a genuine deviation). Informational only: unlike the old token-based replay, the reconstructed marking is always legally reachable, so this does not by itself put the case at risk of an unrecoverable loop."
201812008346,"alignment-based replay of the historical prefix needed at least one 'log move' -- a logged activity the model could not explain at all (a genuine deviation). Informational only: unlike the old token-based replay, the reconstructed marking is always legally reachable, so this does not by itself put the case at risk of an unrecoverable loop."
201812008642,"alignment-based replay of the historical prefix needed at least one 'log move' -- a logged activity the model could not explain at all (a genuine deviation). Informational only: unlike the old token-based replay, the reconstructed marking is always legally reachable, so this does not by itself put the case at risk of an unrecoverable loop."
201812008657,"alignment-based replay of the historical prefix needed at least one 'log move' -- a logged activity the model could not explain at all (a genuine deviation). Informational only: unlike the old token-based replay, the reconstructed marking is always legally reachable, so this does not by itself put the case at risk of an unrecoverable loop."
201812008694,"alignment-based replay of the historical prefix needed at least one 'log move' -- a logged activity the model could not explain at all (a genuine deviation). Informational only: unlike the old token-based replay, the reconstructed marking is always legally reachable, so this does not by itself put the case at risk of an unrecoverable loop."
201812008800,"alignment-based replay of the historical prefix needed at least one 'log move' -- a logged activity the model could not explain at all (a genuine deviation). Informational only: unlike the old token-based replay, the reconstructed marking is always legally reachable, so this does not by itself put the case at risk of an unrecoverable loop."
201812008953,"alignment-based replay of the historical prefix needed at least one 'log move' -- a logged activity the model could not explain at all (a genuine deviation). Informational only: unlike the old token-based replay, the reconstructed marking is always legally reachable, so this does not by itself put the case at risk of an unrecoverable loop."
201812009363,"alignment-based replay of the historical prefix needed at least one 'log move' -- a logged activity the model could not explain at all (a genuine deviation). Informational only: unlike the old token-based replay, the reconstructed marking is always legally reachable, so this does not by itself put the case at risk of an unrecoverable loop."
201812009485,"alignment-based replay of the historical prefix needed at least one 'log move' -- a logged activity the model could not explain at all (a genuine deviation). Informational only: unlike the old token-based replay, the reconstructed marking is always legally reachable, so this does not by itself put the case at risk of an unrecoverable loop."
201812009556,"alignment-based replay of the historical prefix needed at least one 'log move' -- a logged activity the model could not explain at all (a genuine deviation). Informational only: unlike the old token-based replay, the reconstructed marking is always legally reachable, so this does not by itself put the case at risk of an unrecoverable loop."
201812009573,"alignment-based replay of the historical prefix needed at least one 'log move' -- a logged activity the model could not explain at all (a genuine deviation). Informational only: unlike the old token-based replay, the reconstructed marking is always legally reachable, so this does not by itself put the case at risk of an unrecoverable loop."
201812009682,"alignment-based replay of the historical prefix needed at least one 'log move' -- a logged activity the model could not explain at all (a genuine deviation). Informational only: unlike the old token-based replay, the reconstructed marking is always legally reachable, so this does not by itself put the case at risk of an unrecoverable loop."
201812009703,"alignment-based replay of the historical prefix needed at least one 'log move' -- a logged activity the model could not explain at all (a genuine deviation). Informational only: unlike the old token-based replay, the reconstructed marking is always legally reachable, so this does not by itself put the case at risk of an unrecoverable loop."
201812009725,"alignment-based replay of the historical prefix needed at least one 'log move' -- a logged activity the model could not explain at all (a genuine deviation). Informational only: unlike the old token-based replay, the reconstructed marking is always legally reachable, so this does not by itself put the case at risk of an unrecoverable loop."
201812009750,"alignment-based replay of the historical prefix needed at least one 'log move' -- a logged activity the model could not explain at all (a genuine deviation). Informational only: unlike the old token-based replay, the reconstructed marking is always legally reachable, so this does not by itself put the case at risk of an unrecoverable loop."
201812009753,"alignment-based replay of the historical prefix needed at least one 'log move' -- a logged activity the model could not explain at all (a genuine deviation). Informational only: unlike the old token-based replay, the reconstructed marking is always legally reachable, so this does not by itself put the case at risk of an unrecoverable loop."
20182005961,"alignment-based replay of the historical prefix needed at least one 'log move' -- a logged activity the model could not explain at all (a genuine deviation). Informational only: unlike the old token-based replay, the reconstructed marking is always legally reachable, so this does not by itself put the case at risk of an unrecoverable loop."
20182009106,"alignment-based replay of the historical prefix needed at least one 'log move' -- a logged activity the model could not explain at all (a genuine deviation). Informational only: unlike the old token-based replay, the reconstructed marking is always legally reachable, so this does not by itself put the case at risk of an unrecoverable loop."
20183007131,"alignment-based replay of the historical prefix needed at least one 'log move' -- a logged activity the model could not explain at all (a genuine deviation). Informational only: unlike the old token-based replay, the reconstructed marking is always legally reachable, so this does not by itself put the case at risk of an unrecoverable loop."
20184001796,"alignment-based replay of the historical prefix needed at least one 'log move' -- a logged activity the model could not explain at all (a genuine deviation). Informational only: unlike the old token-based replay, the reconstructed marking is always legally reachable, so this does not by itself put the case at risk of an unrecoverable loop."
20186002647,"alignment-based replay of the historical prefix needed at least one 'log move' -- a logged activity the model could not explain at all (a genuine deviation). Informational only: unlike the old token-based replay, the reconstructed marking is always legally reachable, so this does not by itself put the case at risk of an unrecoverable loop."
20186007767,"alignment-based replay of the historical prefix needed at least one 'log move' -- a logged activity the model could not explain at all (a genuine deviation). Informational only: unlike the old token-based replay, the reconstructed marking is always legally reachable, so this does not by itself put the case at risk of an unrecoverable loop."
20187002397,"alignment-based replay of the historical prefix needed at least one 'log move' -- a logged activity the model could not explain at all (a genuine deviation). Informational only: unlike the old token-based replay, the reconstructed marking is always legally reachable, so this does not by itself put the case at risk of an unrecoverable loop."
20187003190,"alignment-based replay of the historical prefix needed at least one 'log move' -- a logged activity the model could not explain at all (a genuine deviation). Informational only: unlike the old token-based replay, the reconstructed marking is always legally reachable, so this does not by itself put the case at risk of an unrecoverable loop."
20187006392,"alignment-based replay of the historical prefix needed at least one 'log move' -- a logged activity the model could not explain at all (a genuine deviation). Informational only: unlike the old token-based replay, the reconstructed marking is always legally reachable, so this does not by itself put the case at risk of an unrecoverable loop."
20187007250,"alignment-based replay of the historical prefix needed at least one 'log move' -- a logged activity the model could not explain at all (a genuine deviation). Informational only: unlike the old token-based replay, the reconstructed marking is always legally reachable, so this does not by itself put the case at risk of an unrecoverable loop."
20187010782,"alignment-based replay of the historical prefix needed at least one 'log move' -- a logged activity the model could not explain at all (a genuine deviation). Informational only: unlike the old token-based replay, the reconstructed marking is always legally reachable, so this does not by itself put the case at risk of an unrecoverable loop."
20188002441,"alignment-based replay of the historical prefix needed at least one 'log move' -- a logged activity the model could not explain at all (a genuine deviation). Informational only: unlike the old token-based replay, the reconstructed marking is always legally reachable, so this does not by itself put the case at risk of an unrecoverable loop."
20189001829,"alignment-based replay of the historical prefix needed at least one 'log move' -- a logged activity the model could not explain at all (a genuine deviation). Informational only: unlike the old token-based replay, the reconstructed marking is always legally reachable, so this does not by itself put the case at risk of an unrecoverable loop."
20189003084,"alignment-based replay of the historical prefix needed at least one 'log move' -- a logged activity the model could not explain at all (a genuine deviation). Informational only: unlike the old token-based replay, the reconstructed marking is always legally reachable, so this does not by itself put the case at risk of an unrecoverable loop."
20189003486,"alignment-based replay of the historical prefix needed at least one 'log move' -- a logged activity the model could not explain at all (a genuine deviation). Informational only: unlike the old token-based replay, the reconstructed marking is always legally reachable, so this does not by itself put the case at risk of an unrecoverable loop."
20189004803,"alignment-based replay of the historical prefix needed at least one 'log move' -- a logged activity the model could not explain at all (a genuine deviation). Informational only: unlike the old token-based replay, the reconstructed marking is always legally reachable, so this does not by itself put the case at risk of an unrecoverable loop."
20189006540,"alignment-based replay of the historical prefix needed at least one 'log move' -- a logged activity the model could not explain at all (a genuine deviation). Informational only: unlike the old token-based replay, the reconstructed marking is always legally reachable, so this does not by itself put the case at risk of an unrecoverable loop."
20189007102,"alignment-based replay of the historical prefix needed at least one 'log move' -- a logged activity the model could not explain at all (a genuine deviation). Informational only: unlike the old token-based replay, the reconstructed marking is always legally reachable, so this does not by itself put the case at risk of an unrecoverable loop."
20189007982,"alignment-based replay of the historical prefix needed at least one 'log move' -- a logged activity the model could not explain at all (a genuine deviation). Informational only: unlike the old token-based replay, the reconstructed marking is always legally reachable, so this does not by itself put the case at risk of an unrecoverable loop."
20189008206,"alignment-based replay of the historical prefix needed at least one 'log move' -- a logged activity the model could not explain at all (a genuine deviation). Informational only: unlike the old token-based replay, the reconstructed marking is always legally reachable, so this does not by itself put the case at risk of an unrecoverable loop."
20189009645,"alignment-based replay of the historical prefix needed at least one 'log move' -- a logged activity the model could not explain at all (a genuine deviation). Informational only: unlike the old token-based replay, the reconstructed marking is always legally reachable, so this does not by itself put the case at risk of an unrecoverable loop."
20191000127,"alignment-based replay of the historical prefix needed at least one 'log move' -- a logged activity the model could not explain at all (a genuine deviation). Informational only: unlike the old token-based replay, the reconstructed marking is always legally reachable, so this does not by itself put the case at risk of an unrecoverable loop."
20191000242,"alignment-based replay of the historical prefix needed at least one 'log move' -- a logged activity the model could not explain at all (a genuine deviation). Informational only: unlike the old token-based replay, the reconstructed marking is always legally reachable, so this does not by itself put the case at risk of an unrecoverable loop."
20191000260,"alignment-based replay of the historical prefix needed at least one 'log move' -- a logged activity the model could not explain at all (a genuine deviation). Informational only: unlike the old token-based replay, the reconstructed marking is always legally reachable, so this does not by itself put the case at risk of an unrecoverable loop."
20191000380,"alignment-based replay of the historical prefix needed at least one 'log move' -- a logged activity the model could not explain at all (a genuine deviation). Informational only: unlike the old token-based replay, the reconstructed marking is always legally reachable, so this does not by itself put the case at risk of an unrecoverable loop."
20191000535,"alignment-based replay of the historical prefix needed at least one 'log move' -- a logged activity the model could not explain at all (a genuine deviation). Informational only: unlike the old token-based replay, the reconstructed marking is always legally reachable, so this does not by itself put the case at risk of an unrecoverable loop."
20191000546,"alignment-based replay of the historical prefix needed at least one 'log move' -- a logged activity the model could not explain at all (a genuine deviation). Informational only: unlike the old token-based replay, the reconstructed marking is always legally reachable, so this does not by itself put the case at risk of an unrecoverable loop."
20191000553,"alignment-based replay of the historical prefix needed at least one 'log move' -- a logged activity the model could not explain at all (a genuine deviation). Informational only: unlike the old token-based replay, the reconstructed marking is always legally reachable, so this does not by itself put the case at risk of an unrecoverable loop."
20191000568,"alignment-based replay of the historical prefix needed at least one 'log move' -- a logged activity the model could not explain at all (a genuine deviation). Informational only: unlike the old token-based replay, the reconstructed marking is always legally reachable, so this does not by itself put the case at risk of an unrecoverable loop."
20191000676,"alignment-based replay of the historical prefix needed at least one 'log move' -- a logged activity the model could not explain at all (a genuine deviation). Informational only: unlike the old token-based replay, the reconstructed marking is always legally reachable, so this does not by itself put the case at risk of an unrecoverable loop."
20191000845,"alignment-based replay of the historical prefix needed at least one 'log move' -- a logged activity the model could not explain at all (a genuine deviation). Informational only: unlike the old token-based replay, the reconstructed marking is always legally reachable, so this does not by itself put the case at risk of an unrecoverable loop."
20191000920,"alignment-based replay of the historical prefix needed at least one 'log move' -- a logged activity the model could not explain at all (a genuine deviation). Informational only: unlike the old token-based replay, the reconstructed marking is always legally reachable, so this does not by itself put the case at risk of an unrecoverable loop."
20191000928,"alignment-based replay of the historical prefix needed at least one 'log move' -- a logged activity the model could not explain at all (a genuine deviation). Informational only: unlike the old token-based replay, the reconstructed marking is always legally reachable, so this does not by itself put the case at risk of an unrecoverable loop."
20191000957,"alignment-based replay of the historical prefix needed at least one 'log move' -- a logged activity the model could not explain at all (a genuine deviation). Informational only: unlike the old token-based replay, the reconstructed marking is always legally reachable, so this does not by itself put the case at risk of an unrecoverable loop."
20191001073,"alignment-based replay of the historical prefix needed at least one 'log move' -- a logged activity the model could not explain at all (a genuine deviation). Informational only: unlike the old token-based replay, the reconstructed marking is always legally reachable, so this does not by itself put the case at risk of an unrecoverable loop."
20191001178,"alignment-based replay of the historical prefix needed at least one 'log move' -- a logged activity the model could not explain at all (a genuine deviation). Informational only: unlike the old token-based replay, the reconstructed marking is always legally reachable, so this does not by itself put the case at risk of an unrecoverable loop."
20191001209,"alignment-based replay of the historical prefix needed at least one 'log move' -- a logged activity the model could not explain at all (a genuine deviation). Informational only: unlike the old token-based replay, the reconstructed marking is always legally reachable, so this does not by itself put the case at risk of an unrecoverable loop."
20191001270,"alignment-based replay of the historical prefix needed at least one 'log move' -- a logged activity the model could not explain at all (a genuine deviation). Informational only: unlike the old token-based replay, the reconstructed marking is always legally reachable, so this does not by itself put the case at risk of an unrecoverable loop."
20191001457,"alignment-based replay of the historical prefix needed at least one 'log move' -- a logged activity the model could not explain at all (a genuine deviation). Informational only: unlike the old token-based replay, the reconstructed marking is always legally reachable, so this does not by itself put the case at risk of an unrecoverable loop."
20191001584,"alignment-based replay of the historical prefix needed at least one 'log move' -- a logged activity the model could not explain at all (a genuine deviation). Informational only: unlike the old token-based replay, the reconstructed marking is always legally reachable, so this does not by itself put the case at risk of an unrecoverable loop."
20191001595,"alignment-based replay of the historical prefix needed at least one 'log move' -- a logged activity the model could not explain at all (a genuine deviation). Informational only: unlike the old token-based replay, the reconstructed marking is always legally reachable, so this does not by itself put the case at risk of an unrecoverable loop."
20191001604,"alignment-based replay of the historical prefix needed at least one 'log move' -- a logged activity the model could not explain at all (a genuine deviation). Informational only: unlike the old token-based replay, the reconstructed marking is always legally reachable, so this does not by itself put the case at risk of an unrecoverable loop."
20191001611,"alignment-based replay of the historical prefix needed at least one 'log move' -- a logged activity the model could not explain at all (a genuine deviation). Informational only: unlike the old token-based replay, the reconstructed marking is always legally reachable, so this does not by itself put the case at risk of an unrecoverable loop."
20191001699,"alignment-based replay of the historical prefix needed at least one 'log move' -- a logged activity the model could not explain at all (a genuine deviation). Informational only: unlike the old token-based replay, the reconstructed marking is always legally reachable, so this does not by itself put the case at risk of an unrecoverable loop."
20191001846,"alignment-based replay of the historical prefix needed at least one 'log move' -- a logged activity the model could not explain at all (a genuine deviation). Informational only: unlike the old token-based replay, the reconstructed marking is always legally reachable, so this does not by itself put the case at risk of an unrecoverable loop."
20191001877,"alignment-based replay of the historical prefix needed at least one 'log move' -- a logged activity the model could not explain at all (a genuine deviation). Informational only: unlike the old token-based replay, the reconstructed marking is always legally reachable, so this does not by itself put the case at risk of an unrecoverable loop."
20191001991,"alignment-based replay of the historical prefix needed at least one 'log move' -- a logged activity the model could not explain at all (a genuine deviation). Informational only: unlike the old token-based replay, the reconstructed marking is always legally reachable, so this does not by itself put the case at risk of an unrecoverable loop."
20191002029,"alignment-based replay of the historical prefix needed at least one 'log move' -- a logged activity the model could not explain at all (a genuine deviation). Informational only: unlike the old token-based replay, the reconstructed marking is always legally reachable, so this does not by itself put the case at risk of an unrecoverable loop."
20191002074,"alignment-based replay of the historical prefix needed at least one 'log move' -- a logged activity the model could not explain at all (a genuine deviation). Informational only: unlike the old token-based replay, the reconstructed marking is always legally reachable, so this does not by itself put the case at risk of an unrecoverable loop."
20191002078,"alignment-based replay of the historical prefix needed at least one 'log move' -- a logged activity the model could not explain at all (a genuine deviation). Informational only: unlike the old token-based replay, the reconstructed marking is always legally reachable, so this does not by itself put the case at risk of an unrecoverable loop."
20191002091,"alignment-based replay of the historical prefix needed at least one 'log move' -- a logged activity the model could not explain at all (a genuine deviation). Informational only: unlike the old token-based replay, the reconstructed marking is always legally reachable, so this does not by itself put the case at risk of an unrecoverable loop."
20191002111,"alignment-based replay of the historical prefix needed at least one 'log move' -- a logged activity the model could not explain at all (a genuine deviation). Informational only: unlike the old token-based replay, the reconstructed marking is always legally reachable, so this does not by itself put the case at risk of an unrecoverable loop."
20191002163,"alignment-based replay of the historical prefix needed at least one 'log move' -- a logged activity the model could not explain at all (a genuine deviation). Informational only: unlike the old token-based replay, the reconstructed marking is always legally reachable, so this does not by itself put the case at risk of an unrecoverable loop."
20191002211,"alignment-based replay of the historical prefix needed at least one 'log move' -- a logged activity the model could not explain at all (a genuine deviation). Informational only: unlike the old token-based replay, the reconstructed marking is always legally reachable, so this does not by itself put the case at risk of an unrecoverable loop."
20191002216,"alignment-based replay of the historical prefix needed at least one 'log move' -- a logged activity the model could not explain at all (a genuine deviation). Informational only: unlike the old token-based replay, the reconstructed marking is always legally reachable, so this does not by itself put the case at risk of an unrecoverable loop."
20191002277,"alignment-based replay of the historical prefix needed at least one 'log move' -- a logged activity the model could not explain at all (a genuine deviation). Informational only: unlike the old token-based replay, the reconstructed marking is always legally reachable, so this does not by itself put the case at risk of an unrecoverable loop."
20191002394,"alignment-based replay of the historical prefix needed at least one 'log move' -- a logged activity the model could not explain at all (a genuine deviation). Informational only: unlike the old token-based replay, the reconstructed marking is always legally reachable, so this does not by itself put the case at risk of an unrecoverable loop."
20191002483,"alignment-based replay of the historical prefix needed at least one 'log move' -- a logged activity the model could not explain at all (a genuine deviation). Informational only: unlike the old token-based replay, the reconstructed marking is always legally reachable, so this does not by itself put the case at risk of an unrecoverable loop."
20191002534,"alignment-based replay of the historical prefix needed at least one 'log move' -- a logged activity the model could not explain at all (a genuine deviation). Informational only: unlike the old token-based replay, the reconstructed marking is always legally reachable, so this does not by itself put the case at risk of an unrecoverable loop."
20191002742,"alignment-based replay of the historical prefix needed at least one 'log move' -- a logged activity the model could not explain at all (a genuine deviation). Informational only: unlike the old token-based replay, the reconstructed marking is always legally reachable, so this does not by itself put the case at risk of an unrecoverable loop."
20191002745,"alignment-based replay of the historical prefix needed at least one 'log move' -- a logged activity the model could not explain at all (a genuine deviation). Informational only: unlike the old token-based replay, the reconstructed marking is always legally reachable, so this does not by itself put the case at risk of an unrecoverable loop."
20191002751,"alignment-based replay of the historical prefix needed at least one 'log move' -- a logged activity the model could not explain at all (a genuine deviation). Informational only: unlike the old token-based replay, the reconstructed marking is always legally reachable, so this does not by itself put the case at risk of an unrecoverable loop."
20191002759,"alignment-based replay of the historical prefix needed at least one 'log move' -- a logged activity the model could not explain at all (a genuine deviation). Informational only: unlike the old token-based replay, the reconstructed marking is always legally reachable, so this does not by itself put the case at risk of an unrecoverable loop."
20191002920,"alignment-based replay of the historical prefix needed at least one 'log move' -- a logged activity the model could not explain at all (a genuine deviation). Informational only: unlike the old token-based replay, the reconstructed marking is always legally reachable, so this does not by itself put the case at risk of an unrecoverable loop."
20191002939,"alignment-based replay of the historical prefix needed at least one 'log move' -- a logged activity the model could not explain at all (a genuine deviation). Informational only: unlike the old token-based replay, the reconstructed marking is always legally reachable, so this does not by itself put the case at risk of an unrecoverable loop."
20191002981,"alignment-based replay of the historical prefix needed at least one 'log move' -- a logged activity the model could not explain at all (a genuine deviation). Informational only: unlike the old token-based replay, the reconstructed marking is always legally reachable, so this does not by itself put the case at risk of an unrecoverable loop."
20191003000,"alignment-based replay of the historical prefix needed at least one 'log move' -- a logged activity the model could not explain at all (a genuine deviation). Informational only: unlike the old token-based replay, the reconstructed marking is always legally reachable, so this does not by itself put the case at risk of an unrecoverable loop."
20191003019,"alignment-based replay of the historical prefix needed at least one 'log move' -- a logged activity the model could not explain at all (a genuine deviation). Informational only: unlike the old token-based replay, the reconstructed marking is always legally reachable, so this does not by itself put the case at risk of an unrecoverable loop."
20191003077,"alignment-based replay of the historical prefix needed at least one 'log move' -- a logged activity the model could not explain at all (a genuine deviation). Informational only: unlike the old token-based replay, the reconstructed marking is always legally reachable, so this does not by itself put the case at risk of an unrecoverable loop."
20191003315,"alignment-based replay of the historical prefix needed at least one 'log move' -- a logged activity the model could not explain at all (a genuine deviation). Informational only: unlike the old token-based replay, the reconstructed marking is always legally reachable, so this does not by itself put the case at risk of an unrecoverable loop."
20191003440,"alignment-based replay of the historical prefix needed at least one 'log move' -- a logged activity the model could not explain at all (a genuine deviation). Informational only: unlike the old token-based replay, the reconstructed marking is always legally reachable, so this does not by itself put the case at risk of an unrecoverable loop."
20191003502,"alignment-based replay of the historical prefix needed at least one 'log move' -- a logged activity the model could not explain at all (a genuine deviation). Informational only: unlike the old token-based replay, the reconstructed marking is always legally reachable, so this does not by itself put the case at risk of an unrecoverable loop."
20191003568,"alignment-based replay of the historical prefix needed at least one 'log move' -- a logged activity the model could not explain at all (a genuine deviation). Informational only: unlike the old token-based replay, the reconstructed marking is always legally reachable, so this does not by itself put the case at risk of an unrecoverable loop."
20191003680,"alignment-based replay of the historical prefix needed at least one 'log move' -- a logged activity the model could not explain at all (a genuine deviation). Informational only: unlike the old token-based replay, the reconstructed marking is always legally reachable, so this does not by itself put the case at risk of an unrecoverable loop."
20191003699,"alignment-based replay of the historical prefix needed at least one 'log move' -- a logged activity the model could not explain at all (a genuine deviation). Informational only: unlike the old token-based replay, the reconstructed marking is always legally reachable, so this does not by itself put the case at risk of an unrecoverable loop."
20191003724,"alignment-based replay of the historical prefix needed at least one 'log move' -- a logged activity the model could not explain at all (a genuine deviation). Informational only: unlike the old token-based replay, the reconstructed marking is always legally reachable, so this does not by itself put the case at risk of an unrecoverable loop."
20191003759,"alignment-based replay of the historical prefix needed at least one 'log move' -- a logged activity the model could not explain at all (a genuine deviation). Informational only: unlike the old token-based replay, the reconstructed marking is always legally reachable, so this does not by itself put the case at risk of an unrecoverable loop."
20191003785,"alignment-based replay of the historical prefix needed at least one 'log move' -- a logged activity the model could not explain at all (a genuine deviation). Informational only: unlike the old token-based replay, the reconstructed marking is always legally reachable, so this does not by itself put the case at risk of an unrecoverable loop."
20191003861,"alignment-based replay of the historical prefix needed at least one 'log move' -- a logged activity the model could not explain at all (a genuine deviation). Informational only: unlike the old token-based replay, the reconstructed marking is always legally reachable, so this does not by itself put the case at risk of an unrecoverable loop."
20191003909,"alignment-based replay of the historical prefix needed at least one 'log move' -- a logged activity the model could not explain at all (a genuine deviation). Informational only: unlike the old token-based replay, the reconstructed marking is always legally reachable, so this does not by itself put the case at risk of an unrecoverable loop."
20191004025,"alignment-based replay of the historical prefix needed at least one 'log move' -- a logged activity the model could not explain at all (a genuine deviation). Informational only: unlike the old token-based replay, the reconstructed marking is always legally reachable, so this does not by itself put the case at risk of an unrecoverable loop."
20191004038,"alignment-based replay of the historical prefix needed at least one 'log move' -- a logged activity the model could not explain at all (a genuine deviation). Informational only: unlike the old token-based replay, the reconstructed marking is always legally reachable, so this does not by itself put the case at risk of an unrecoverable loop."
20191004043,"alignment-based replay of the historical prefix needed at least one 'log move' -- a logged activity the model could not explain at all (a genuine deviation). Informational only: unlike the old token-based replay, the reconstructed marking is always legally reachable, so this does not by itself put the case at risk of an unrecoverable loop."
20191004048,"alignment-based replay of the historical prefix needed at least one 'log move' -- a logged activity the model could not explain at all (a genuine deviation). Informational only: unlike the old token-based replay, the reconstructed marking is always legally reachable, so this does not by itself put the case at risk of an unrecoverable loop."
20191004109,"alignment-based replay of the historical prefix needed at least one 'log move' -- a logged activity the model could not explain at all (a genuine deviation). Informational only: unlike the old token-based replay, the reconstructed marking is always legally reachable, so this does not by itself put the case at risk of an unrecoverable loop."
20191004146,"alignment-based replay of the historical prefix needed at least one 'log move' -- a logged activity the model could not explain at all (a genuine deviation). Informational only: unlike the old token-based replay, the reconstructed marking is always legally reachable, so this does not by itself put the case at risk of an unrecoverable loop."
20191004208,"alignment-based replay of the historical prefix needed at least one 'log move' -- a logged activity the model could not explain at all (a genuine deviation). Informational only: unlike the old token-based replay, the reconstructed marking is always legally reachable, so this does not by itself put the case at risk of an unrecoverable loop."
20191004220,"alignment-based replay of the historical prefix needed at least one 'log move' -- a logged activity the model could not explain at all (a genuine deviation). Informational only: unlike the old token-based replay, the reconstructed marking is always legally reachable, so this does not by itself put the case at risk of an unrecoverable loop."
20191004251,"alignment-based replay of the historical prefix needed at least one 'log move' -- a logged activity the model could not explain at all (a genuine deviation). Informational only: unlike the old token-based replay, the reconstructed marking is always legally reachable, so this does not by itself put the case at risk of an unrecoverable loop."
20191004267,"alignment-based replay of the historical prefix needed at least one 'log move' -- a logged activity the model could not explain at all (a genuine deviation). Informational only: unlike the old token-based replay, the reconstructed marking is always legally reachable, so this does not by itself put the case at risk of an unrecoverable loop."
20191004286,"alignment-based replay of the historical prefix needed at least one 'log move' -- a logged activity the model could not explain at all (a genuine deviation). Informational only: unlike the old token-based replay, the reconstructed marking is always legally reachable, so this does not by itself put the case at risk of an unrecoverable loop."
20191004364,"alignment-based replay of the historical prefix needed at least one 'log move' -- a logged activity the model could not explain at all (a genuine deviation). Informational only: unlike the old token-based replay, the reconstructed marking is always legally reachable, so this does not by itself put the case at risk of an unrecoverable loop."
20191004374,"alignment-based replay of the historical prefix needed at least one 'log move' -- a logged activity the model could not explain at all (a genuine deviation). Informational only: unlike the old token-based replay, the reconstructed marking is always legally reachable, so this does not by itself put the case at risk of an unrecoverable loop."
20191004432,"alignment-based replay of the historical prefix needed at least one 'log move' -- a logged activity the model could not explain at all (a genuine deviation). Informational only: unlike the old token-based replay, the reconstructed marking is always legally reachable, so this does not by itself put the case at risk of an unrecoverable loop."
20191004556,"alignment-based replay of the historical prefix needed at least one 'log move' -- a logged activity the model could not explain at all (a genuine deviation). Informational only: unlike the old token-based replay, the reconstructed marking is always legally reachable, so this does not by itself put the case at risk of an unrecoverable loop."
20191004566,"alignment-based replay of the historical prefix needed at least one 'log move' -- a logged activity the model could not explain at all (a genuine deviation). Informational only: unlike the old token-based replay, the reconstructed marking is always legally reachable, so this does not by itself put the case at risk of an unrecoverable loop."
20191004680,"alignment-based replay of the historical prefix needed at least one 'log move' -- a logged activity the model could not explain at all (a genuine deviation). Informational only: unlike the old token-based replay, the reconstructed marking is always legally reachable, so this does not by itself put the case at risk of an unrecoverable loop."
20191004710,"alignment-based replay of the historical prefix needed at least one 'log move' -- a logged activity the model could not explain at all (a genuine deviation). Informational only: unlike the old token-based replay, the reconstructed marking is always legally reachable, so this does not by itself put the case at risk of an unrecoverable loop."
20191004805,"alignment-based replay of the historical prefix needed at least one 'log move' -- a logged activity the model could not explain at all (a genuine deviation). Informational only: unlike the old token-based replay, the reconstructed marking is always legally reachable, so this does not by itself put the case at risk of an unrecoverable loop."
20191004843,"alignment-based replay of the historical prefix needed at least one 'log move' -- a logged activity the model could not explain at all (a genuine deviation). Informational only: unlike the old token-based replay, the reconstructed marking is always legally reachable, so this does not by itself put the case at risk of an unrecoverable loop."
20191004854,"alignment-based replay of the historical prefix needed at least one 'log move' -- a logged activity the model could not explain at all (a genuine deviation). Informational only: unlike the old token-based replay, the reconstructed marking is always legally reachable, so this does not by itself put the case at risk of an unrecoverable loop."
20191004909,"alignment-based replay of the historical prefix needed at least one 'log move' -- a logged activity the model could not explain at all (a genuine deviation). Informational only: unlike the old token-based replay, the reconstructed marking is always legally reachable, so this does not by itself put the case at risk of an unrecoverable loop."
20191004957,"alignment-based replay of the historical prefix needed at least one 'log move' -- a logged activity the model could not explain at all (a genuine deviation). Informational only: unlike the old token-based replay, the reconstructed marking is always legally reachable, so this does not by itself put the case at risk of an unrecoverable loop."
20191005120,"alignment-based replay of the historical prefix needed at least one 'log move' -- a logged activity the model could not explain at all (a genuine deviation). Informational only: unlike the old token-based replay, the reconstructed marking is always legally reachable, so this does not by itself put the case at risk of an unrecoverable loop."
20191005134,"alignment-based replay of the historical prefix needed at least one 'log move' -- a logged activity the model could not explain at all (a genuine deviation). Informational only: unlike the old token-based replay, the reconstructed marking is always legally reachable, so this does not by itself put the case at risk of an unrecoverable loop."
20191005248,"alignment-based replay of the historical prefix needed at least one 'log move' -- a logged activity the model could not explain at all (a genuine deviation). Informational only: unlike the old token-based replay, the reconstructed marking is always legally reachable, so this does not by itself put the case at risk of an unrecoverable loop."
20191005294,"alignment-based replay of the historical prefix needed at least one 'log move' -- a logged activity the model could not explain at all (a genuine deviation). Informational only: unlike the old token-based replay, the reconstructed marking is always legally reachable, so this does not by itself put the case at risk of an unrecoverable loop."
20191005303,"alignment-based replay of the historical prefix needed at least one 'log move' -- a logged activity the model could not explain at all (a genuine deviation). Informational only: unlike the old token-based replay, the reconstructed marking is always legally reachable, so this does not by itself put the case at risk of an unrecoverable loop."
20191005314,"alignment-based replay of the historical prefix needed at least one 'log move' -- a logged activity the model could not explain at all (a genuine deviation). Informational only: unlike the old token-based replay, the reconstructed marking is always legally reachable, so this does not by itself put the case at risk of an unrecoverable loop."
20191005347,"alignment-based replay of the historical prefix needed at least one 'log move' -- a logged activity the model could not explain at all (a genuine deviation). Informational only: unlike the old token-based replay, the reconstructed marking is always legally reachable, so this does not by itself put the case at risk of an unrecoverable loop."
20191005375,"alignment-based replay of the historical prefix needed at least one 'log move' -- a logged activity the model could not explain at all (a genuine deviation). Informational only: unlike the old token-based replay, the reconstructed marking is always legally reachable, so this does not by itself put the case at risk of an unrecoverable loop."
20191005409,"alignment-based replay of the historical prefix needed at least one 'log move' -- a logged activity the model could not explain at all (a genuine deviation). Informational only: unlike the old token-based replay, the reconstructed marking is always legally reachable, so this does not by itself put the case at risk of an unrecoverable loop."
20191005427,"alignment-based replay of the historical prefix needed at least one 'log move' -- a logged activity the model could not explain at all (a genuine deviation). Informational only: unlike the old token-based replay, the reconstructed marking is always legally reachable, so this does not by itself put the case at risk of an unrecoverable loop."
20191005428,"alignment-based replay of the historical prefix needed at least one 'log move' -- a logged activity the model could not explain at all (a genuine deviation). Informational only: unlike the old token-based replay, the reconstructed marking is always legally reachable, so this does not by itself put the case at risk of an unrecoverable loop."
20191005462,"alignment-based replay of the historical prefix needed at least one 'log move' -- a logged activity the model could not explain at all (a genuine deviation). Informational only: unlike the old token-based replay, the reconstructed marking is always legally reachable, so this does not by itself put the case at risk of an unrecoverable loop."
20191005480,"alignment-based replay of the historical prefix needed at least one 'log move' -- a logged activity the model could not explain at all (a genuine deviation). Informational only: unlike the old token-based replay, the reconstructed marking is always legally reachable, so this does not by itself put the case at risk of an unrecoverable loop."
20191005537,"alignment-based replay of the historical prefix needed at least one 'log move' -- a logged activity the model could not explain at all (a genuine deviation). Informational only: unlike the old token-based replay, the reconstructed marking is always legally reachable, so this does not by itself put the case at risk of an unrecoverable loop."
20191005567,"alignment-based replay of the historical prefix needed at least one 'log move' -- a logged activity the model could not explain at all (a genuine deviation). Informational only: unlike the old token-based replay, the reconstructed marking is always legally reachable, so this does not by itself put the case at risk of an unrecoverable loop."
20191005632,"alignment-based replay of the historical prefix needed at least one 'log move' -- a logged activity the model could not explain at all (a genuine deviation). Informational only: unlike the old token-based replay, the reconstructed marking is always legally reachable, so this does not by itself put the case at risk of an unrecoverable loop."
20191005637,"alignment-based replay of the historical prefix needed at least one 'log move' -- a logged activity the model could not explain at all (a genuine deviation). Informational only: unlike the old token-based replay, the reconstructed marking is always legally reachable, so this does not by itself put the case at risk of an unrecoverable loop."
20191005681,"alignment-based replay of the historical prefix needed at least one 'log move' -- a logged activity the model could not explain at all (a genuine deviation). Informational only: unlike the old token-based replay, the reconstructed marking is always legally reachable, so this does not by itself put the case at risk of an unrecoverable loop."
20191005684,"alignment-based replay of the historical prefix needed at least one 'log move' -- a logged activity the model could not explain at all (a genuine deviation). Informational only: unlike the old token-based replay, the reconstructed marking is always legally reachable, so this does not by itself put the case at risk of an unrecoverable loop."
20191005698,"alignment-based replay of the historical prefix needed at least one 'log move' -- a logged activity the model could not explain at all (a genuine deviation). Informational only: unlike the old token-based replay, the reconstructed marking is always legally reachable, so this does not by itself put the case at risk of an unrecoverable loop."
20191005733,"alignment-based replay of the historical prefix needed at least one 'log move' -- a logged activity the model could not explain at all (a genuine deviation). Informational only: unlike the old token-based replay, the reconstructed marking is always legally reachable, so this does not by itself put the case at risk of an unrecoverable loop."
20191005769,"alignment-based replay of the historical prefix needed at least one 'log move' -- a logged activity the model could not explain at all (a genuine deviation). Informational only: unlike the old token-based replay, the reconstructed marking is always legally reachable, so this does not by itself put the case at risk of an unrecoverable loop."
20191005838,"alignment-based replay of the historical prefix needed at least one 'log move' -- a logged activity the model could not explain at all (a genuine deviation). Informational only: unlike the old token-based replay, the reconstructed marking is always legally reachable, so this does not by itself put the case at risk of an unrecoverable loop."
20191005903,"alignment-based replay of the historical prefix needed at least one 'log move' -- a logged activity the model could not explain at all (a genuine deviation). Informational only: unlike the old token-based replay, the reconstructed marking is always legally reachable, so this does not by itself put the case at risk of an unrecoverable loop."
20191005966,"alignment-based replay of the historical prefix needed at least one 'log move' -- a logged activity the model could not explain at all (a genuine deviation). Informational only: unlike the old token-based replay, the reconstructed marking is always legally reachable, so this does not by itself put the case at risk of an unrecoverable loop."
20191006064,"alignment-based replay of the historical prefix needed at least one 'log move' -- a logged activity the model could not explain at all (a genuine deviation). Informational only: unlike the old token-based replay, the reconstructed marking is always legally reachable, so this does not by itself put the case at risk of an unrecoverable loop."
20191006077,"alignment-based replay of the historical prefix needed at least one 'log move' -- a logged activity the model could not explain at all (a genuine deviation). Informational only: unlike the old token-based replay, the reconstructed marking is always legally reachable, so this does not by itself put the case at risk of an unrecoverable loop."
20191006110,"alignment-based replay of the historical prefix needed at least one 'log move' -- a logged activity the model could not explain at all (a genuine deviation). Informational only: unlike the old token-based replay, the reconstructed marking is always legally reachable, so this does not by itself put the case at risk of an unrecoverable loop."
20191006142,"alignment-based replay of the historical prefix needed at least one 'log move' -- a logged activity the model could not explain at all (a genuine deviation). Informational only: unlike the old token-based replay, the reconstructed marking is always legally reachable, so this does not by itself put the case at risk of an unrecoverable loop."
20191006145,"alignment-based replay of the historical prefix needed at least one 'log move' -- a logged activity the model could not explain at all (a genuine deviation). Informational only: unlike the old token-based replay, the reconstructed marking is always legally reachable, so this does not by itself put the case at risk of an unrecoverable loop."
20191006203,"alignment-based replay of the historical prefix needed at least one 'log move' -- a logged activity the model could not explain at all (a genuine deviation). Informational only: unlike the old token-based replay, the reconstructed marking is always legally reachable, so this does not by itself put the case at risk of an unrecoverable loop."
20191006207,"alignment-based replay of the historical prefix needed at least one 'log move' -- a logged activity the model could not explain at all (a genuine deviation). Informational only: unlike the old token-based replay, the reconstructed marking is always legally reachable, so this does not by itself put the case at risk of an unrecoverable loop."
20191006210,"alignment-based replay of the historical prefix needed at least one 'log move' -- a logged activity the model could not explain at all (a genuine deviation). Informational only: unlike the old token-based replay, the reconstructed marking is always legally reachable, so this does not by itself put the case at risk of an unrecoverable loop."
20191006217,"alignment-based replay of the historical prefix needed at least one 'log move' -- a logged activity the model could not explain at all (a genuine deviation). Informational only: unlike the old token-based replay, the reconstructed marking is always legally reachable, so this does not by itself put the case at risk of an unrecoverable loop."
20191006292,"alignment-based replay of the historical prefix needed at least one 'log move' -- a logged activity the model could not explain at all (a genuine deviation). Informational only: unlike the old token-based replay, the reconstructed marking is always legally reachable, so this does not by itself put the case at risk of an unrecoverable loop."
20191006301,"alignment-based replay of the historical prefix needed at least one 'log move' -- a logged activity the model could not explain at all (a genuine deviation). Informational only: unlike the old token-based replay, the reconstructed marking is always legally reachable, so this does not by itself put the case at risk of an unrecoverable loop."
20191006309,"alignment-based replay of the historical prefix needed at least one 'log move' -- a logged activity the model could not explain at all (a genuine deviation). Informational only: unlike the old token-based replay, the reconstructed marking is always legally reachable, so this does not by itself put the case at risk of an unrecoverable loop."
20191006333,"alignment-based replay of the historical prefix needed at least one 'log move' -- a logged activity the model could not explain at all (a genuine deviation). Informational only: unlike the old token-based replay, the reconstructed marking is always legally reachable, so this does not by itself put the case at risk of an unrecoverable loop."
20191006382,"alignment-based replay of the historical prefix needed at least one 'log move' -- a logged activity the model could not explain at all (a genuine deviation). Informational only: unlike the old token-based replay, the reconstructed marking is always legally reachable, so this does not by itself put the case at risk of an unrecoverable loop."
20191006394,"alignment-based replay of the historical prefix needed at least one 'log move' -- a logged activity the model could not explain at all (a genuine deviation). Informational only: unlike the old token-based replay, the reconstructed marking is always legally reachable, so this does not by itself put the case at risk of an unrecoverable loop."
20191006436,"alignment-based replay of the historical prefix needed at least one 'log move' -- a logged activity the model could not explain at all (a genuine deviation). Informational only: unlike the old token-based replay, the reconstructed marking is always legally reachable, so this does not by itself put the case at risk of an unrecoverable loop."
20191006502,"alignment-based replay of the historical prefix needed at least one 'log move' -- a logged activity the model could not explain at all (a genuine deviation). Informational only: unlike the old token-based replay, the reconstructed marking is always legally reachable, so this does not by itself put the case at risk of an unrecoverable loop."
20191006539,"alignment-based replay of the historical prefix needed at least one 'log move' -- a logged activity the model could not explain at all (a genuine deviation). Informational only: unlike the old token-based replay, the reconstructed marking is always legally reachable, so this does not by itself put the case at risk of an unrecoverable loop."
20191006585,"alignment-based replay of the historical prefix needed at least one 'log move' -- a logged activity the model could not explain at all (a genuine deviation). Informational only: unlike the old token-based replay, the reconstructed marking is always legally reachable, so this does not by itself put the case at risk of an unrecoverable loop."
20191006608,"alignment-based replay of the historical prefix needed at least one 'log move' -- a logged activity the model could not explain at all (a genuine deviation). Informational only: unlike the old token-based replay, the reconstructed marking is always legally reachable, so this does not by itself put the case at risk of an unrecoverable loop."
20191006655,"alignment-based replay of the historical prefix needed at least one 'log move' -- a logged activity the model could not explain at all (a genuine deviation). Informational only: unlike the old token-based replay, the reconstructed marking is always legally reachable, so this does not by itself put the case at risk of an unrecoverable loop."
20191006661,"alignment-based replay of the historical prefix needed at least one 'log move' -- a logged activity the model could not explain at all (a genuine deviation). Informational only: unlike the old token-based replay, the reconstructed marking is always legally reachable, so this does not by itself put the case at risk of an unrecoverable loop."
20191006784,"alignment-based replay of the historical prefix needed at least one 'log move' -- a logged activity the model could not explain at all (a genuine deviation). Informational only: unlike the old token-based replay, the reconstructed marking is always legally reachable, so this does not by itself put the case at risk of an unrecoverable loop."
20191006788,"alignment-based replay of the historical prefix needed at least one 'log move' -- a logged activity the model could not explain at all (a genuine deviation). Informational only: unlike the old token-based replay, the reconstructed marking is always legally reachable, so this does not by itself put the case at risk of an unrecoverable loop."
20191006789,"alignment-based replay of the historical prefix needed at least one 'log move' -- a logged activity the model could not explain at all (a genuine deviation). Informational only: unlike the old token-based replay, the reconstructed marking is always legally reachable, so this does not by itself put the case at risk of an unrecoverable loop."
20191006870,"alignment-based replay of the historical prefix needed at least one 'log move' -- a logged activity the model could not explain at all (a genuine deviation). Informational only: unlike the old token-based replay, the reconstructed marking is always legally reachable, so this does not by itself put the case at risk of an unrecoverable loop."
20191006880,"alignment-based replay of the historical prefix needed at least one 'log move' -- a logged activity the model could not explain at all (a genuine deviation). Informational only: unlike the old token-based replay, the reconstructed marking is always legally reachable, so this does not by itself put the case at risk of an unrecoverable loop."
20191006886,"alignment-based replay of the historical prefix needed at least one 'log move' -- a logged activity the model could not explain at all (a genuine deviation). Informational only: unlike the old token-based replay, the reconstructed marking is always legally reachable, so this does not by itself put the case at risk of an unrecoverable loop."
20191006920,"alignment-based replay of the historical prefix needed at least one 'log move' -- a logged activity the model could not explain at all (a genuine deviation). Informational only: unlike the old token-based replay, the reconstructed marking is always legally reachable, so this does not by itself put the case at risk of an unrecoverable loop."
20191006922,"alignment-based replay of the historical prefix needed at least one 'log move' -- a logged activity the model could not explain at all (a genuine deviation). Informational only: unlike the old token-based replay, the reconstructed marking is always legally reachable, so this does not by itself put the case at risk of an unrecoverable loop."
20191006987,"alignment-based replay of the historical prefix needed at least one 'log move' -- a logged activity the model could not explain at all (a genuine deviation). Informational only: unlike the old token-based replay, the reconstructed marking is always legally reachable, so this does not by itself put the case at risk of an unrecoverable loop."
20191007056,"alignment-based replay of the historical prefix needed at least one 'log move' -- a logged activity the model could not explain at all (a genuine deviation). Informational only: unlike the old token-based replay, the reconstructed marking is always legally reachable, so this does not by itself put the case at risk of an unrecoverable loop."
20191007068,"alignment-based replay of the historical prefix needed at least one 'log move' -- a logged activity the model could not explain at all (a genuine deviation). Informational only: unlike the old token-based replay, the reconstructed marking is always legally reachable, so this does not by itself put the case at risk of an unrecoverable loop."
20191007079,"alignment-based replay of the historical prefix needed at least one 'log move' -- a logged activity the model could not explain at all (a genuine deviation). Informational only: unlike the old token-based replay, the reconstructed marking is always legally reachable, so this does not by itself put the case at risk of an unrecoverable loop."
20191007149,"alignment-based replay of the historical prefix needed at least one 'log move' -- a logged activity the model could not explain at all (a genuine deviation). Informational only: unlike the old token-based replay, the reconstructed marking is always legally reachable, so this does not by itself put the case at risk of an unrecoverable loop."
20191007166,"alignment-based replay of the historical prefix needed at least one 'log move' -- a logged activity the model could not explain at all (a genuine deviation). Informational only: unlike the old token-based replay, the reconstructed marking is always legally reachable, so this does not by itself put the case at risk of an unrecoverable loop."
20191007291,"alignment-based replay of the historical prefix needed at least one 'log move' -- a logged activity the model could not explain at all (a genuine deviation). Informational only: unlike the old token-based replay, the reconstructed marking is always legally reachable, so this does not by itself put the case at risk of an unrecoverable loop."
20191007305,"alignment-based replay of the historical prefix needed at least one 'log move' -- a logged activity the model could not explain at all (a genuine deviation). Informational only: unlike the old token-based replay, the reconstructed marking is always legally reachable, so this does not by itself put the case at risk of an unrecoverable loop."
20191007344,"alignment-based replay of the historical prefix needed at least one 'log move' -- a logged activity the model could not explain at all (a genuine deviation). Informational only: unlike the old token-based replay, the reconstructed marking is always legally reachable, so this does not by itself put the case at risk of an unrecoverable loop."
20191007413,"alignment-based replay of the historical prefix needed at least one 'log move' -- a logged activity the model could not explain at all (a genuine deviation). Informational only: unlike the old token-based replay, the reconstructed marking is always legally reachable, so this does not by itself put the case at risk of an unrecoverable loop."
20191007472,"alignment-based replay of the historical prefix needed at least one 'log move' -- a logged activity the model could not explain at all (a genuine deviation). Informational only: unlike the old token-based replay, the reconstructed marking is always legally reachable, so this does not by itself put the case at risk of an unrecoverable loop."
20191007481,"alignment-based replay of the historical prefix needed at least one 'log move' -- a logged activity the model could not explain at all (a genuine deviation). Informational only: unlike the old token-based replay, the reconstructed marking is always legally reachable, so this does not by itself put the case at risk of an unrecoverable loop."
20191007501,"alignment-based replay of the historical prefix needed at least one 'log move' -- a logged activity the model could not explain at all (a genuine deviation). Informational only: unlike the old token-based replay, the reconstructed marking is always legally reachable, so this does not by itself put the case at risk of an unrecoverable loop."
20191007510,"alignment-based replay of the historical prefix needed at least one 'log move' -- a logged activity the model could not explain at all (a genuine deviation). Informational only: unlike the old token-based replay, the reconstructed marking is always legally reachable, so this does not by itself put the case at risk of an unrecoverable loop."
20191007558,"alignment-based replay of the historical prefix needed at least one 'log move' -- a logged activity the model could not explain at all (a genuine deviation). Informational only: unlike the old token-based replay, the reconstructed marking is always legally reachable, so this does not by itself put the case at risk of an unrecoverable loop."
20191007560,"alignment-based replay of the historical prefix needed at least one 'log move' -- a logged activity the model could not explain at all (a genuine deviation). Informational only: unlike the old token-based replay, the reconstructed marking is always legally reachable, so this does not by itself put the case at risk of an unrecoverable loop."
20191007564,"alignment-based replay of the historical prefix needed at least one 'log move' -- a logged activity the model could not explain at all (a genuine deviation). Informational only: unlike the old token-based replay, the reconstructed marking is always legally reachable, so this does not by itself put the case at risk of an unrecoverable loop."
20191007570,"alignment-based replay of the historical prefix needed at least one 'log move' -- a logged activity the model could not explain at all (a genuine deviation). Informational only: unlike the old token-based replay, the reconstructed marking is always legally reachable, so this does not by itself put the case at risk of an unrecoverable loop."
20191007587,"alignment-based replay of the historical prefix needed at least one 'log move' -- a logged activity the model could not explain at all (a genuine deviation). Informational only: unlike the old token-based replay, the reconstructed marking is always legally reachable, so this does not by itself put the case at risk of an unrecoverable loop."
20191007623,"alignment-based replay of the historical prefix needed at least one 'log move' -- a logged activity the model could not explain at all (a genuine deviation). Informational only: unlike the old token-based replay, the reconstructed marking is always legally reachable, so this does not by itself put the case at risk of an unrecoverable loop."
20191007651,"alignment-based replay of the historical prefix needed at least one 'log move' -- a logged activity the model could not explain at all (a genuine deviation). Informational only: unlike the old token-based replay, the reconstructed marking is always legally reachable, so this does not by itself put the case at risk of an unrecoverable loop."
20191007666,"alignment-based replay of the historical prefix needed at least one 'log move' -- a logged activity the model could not explain at all (a genuine deviation). Informational only: unlike the old token-based replay, the reconstructed marking is always legally reachable, so this does not by itself put the case at risk of an unrecoverable loop."
20191007668,"alignment-based replay of the historical prefix needed at least one 'log move' -- a logged activity the model could not explain at all (a genuine deviation). Informational only: unlike the old token-based replay, the reconstructed marking is always legally reachable, so this does not by itself put the case at risk of an unrecoverable loop."
20191007674,"alignment-based replay of the historical prefix needed at least one 'log move' -- a logged activity the model could not explain at all (a genuine deviation). Informational only: unlike the old token-based replay, the reconstructed marking is always legally reachable, so this does not by itself put the case at risk of an unrecoverable loop."
20191007719,"alignment-based replay of the historical prefix needed at least one 'log move' -- a logged activity the model could not explain at all (a genuine deviation). Informational only: unlike the old token-based replay, the reconstructed marking is always legally reachable, so this does not by itself put the case at risk of an unrecoverable loop."
20191007810,"alignment-based replay of the historical prefix needed at least one 'log move' -- a logged activity the model could not explain at all (a genuine deviation). Informational only: unlike the old token-based replay, the reconstructed marking is always legally reachable, so this does not by itself put the case at risk of an unrecoverable loop."
20191007859,"alignment-based replay of the historical prefix needed at least one 'log move' -- a logged activity the model could not explain at all (a genuine deviation). Informational only: unlike the old token-based replay, the reconstructed marking is always legally reachable, so this does not by itself put the case at risk of an unrecoverable loop."
20191007866,"alignment-based replay of the historical prefix needed at least one 'log move' -- a logged activity the model could not explain at all (a genuine deviation). Informational only: unlike the old token-based replay, the reconstructed marking is always legally reachable, so this does not by itself put the case at risk of an unrecoverable loop."
20191007873,"alignment-based replay of the historical prefix needed at least one 'log move' -- a logged activity the model could not explain at all (a genuine deviation). Informational only: unlike the old token-based replay, the reconstructed marking is always legally reachable, so this does not by itself put the case at risk of an unrecoverable loop."
20191007895,"alignment-based replay of the historical prefix needed at least one 'log move' -- a logged activity the model could not explain at all (a genuine deviation). Informational only: unlike the old token-based replay, the reconstructed marking is always legally reachable, so this does not by itself put the case at risk of an unrecoverable loop."
20191007903,"alignment-based replay of the historical prefix needed at least one 'log move' -- a logged activity the model could not explain at all (a genuine deviation). Informational only: unlike the old token-based replay, the reconstructed marking is always legally reachable, so this does not by itself put the case at risk of an unrecoverable loop."
20191007911,"alignment-based replay of the historical prefix needed at least one 'log move' -- a logged activity the model could not explain at all (a genuine deviation). Informational only: unlike the old token-based replay, the reconstructed marking is always legally reachable, so this does not by itself put the case at risk of an unrecoverable loop."
20191007912,"alignment-based replay of the historical prefix needed at least one 'log move' -- a logged activity the model could not explain at all (a genuine deviation). Informational only: unlike the old token-based replay, the reconstructed marking is always legally reachable, so this does not by itself put the case at risk of an unrecoverable loop."
20191007914,"alignment-based replay of the historical prefix needed at least one 'log move' -- a logged activity the model could not explain at all (a genuine deviation). Informational only: unlike the old token-based replay, the reconstructed marking is always legally reachable, so this does not by itself put the case at risk of an unrecoverable loop."
20191007948,"alignment-based replay of the historical prefix needed at least one 'log move' -- a logged activity the model could not explain at all (a genuine deviation). Informational only: unlike the old token-based replay, the reconstructed marking is always legally reachable, so this does not by itself put the case at risk of an unrecoverable loop."
20191007964,"alignment-based replay of the historical prefix needed at least one 'log move' -- a logged activity the model could not explain at all (a genuine deviation). Informational only: unlike the old token-based replay, the reconstructed marking is always legally reachable, so this does not by itself put the case at risk of an unrecoverable loop."
20191007970,"alignment-based replay of the historical prefix needed at least one 'log move' -- a logged activity the model could not explain at all (a genuine deviation). Informational only: unlike the old token-based replay, the reconstructed marking is always legally reachable, so this does not by itself put the case at risk of an unrecoverable loop."
20191007975,"alignment-based replay of the historical prefix needed at least one 'log move' -- a logged activity the model could not explain at all (a genuine deviation). Informational only: unlike the old token-based replay, the reconstructed marking is always legally reachable, so this does not by itself put the case at risk of an unrecoverable loop."
20191007979,"alignment-based replay of the historical prefix needed at least one 'log move' -- a logged activity the model could not explain at all (a genuine deviation). Informational only: unlike the old token-based replay, the reconstructed marking is always legally reachable, so this does not by itself put the case at risk of an unrecoverable loop."
20191007993,"alignment-based replay of the historical prefix needed at least one 'log move' -- a logged activity the model could not explain at all (a genuine deviation). Informational only: unlike the old token-based replay, the reconstructed marking is always legally reachable, so this does not by itself put the case at risk of an unrecoverable loop."
20191008000,"alignment-based replay of the historical prefix needed at least one 'log move' -- a logged activity the model could not explain at all (a genuine deviation). Informational only: unlike the old token-based replay, the reconstructed marking is always legally reachable, so this does not by itself put the case at risk of an unrecoverable loop."
20191008019,"alignment-based replay of the historical prefix needed at least one 'log move' -- a logged activity the model could not explain at all (a genuine deviation). Informational only: unlike the old token-based replay, the reconstructed marking is always legally reachable, so this does not by itself put the case at risk of an unrecoverable loop."
20191008041,"alignment-based replay of the historical prefix needed at least one 'log move' -- a logged activity the model could not explain at all (a genuine deviation). Informational only: unlike the old token-based replay, the reconstructed marking is always legally reachable, so this does not by itself put the case at risk of an unrecoverable loop."
20191008071,"alignment-based replay of the historical prefix needed at least one 'log move' -- a logged activity the model could not explain at all (a genuine deviation). Informational only: unlike the old token-based replay, the reconstructed marking is always legally reachable, so this does not by itself put the case at risk of an unrecoverable loop."
20191008074,"alignment-based replay of the historical prefix needed at least one 'log move' -- a logged activity the model could not explain at all (a genuine deviation). Informational only: unlike the old token-based replay, the reconstructed marking is always legally reachable, so this does not by itself put the case at risk of an unrecoverable loop."
20191008076,"alignment-based replay of the historical prefix needed at least one 'log move' -- a logged activity the model could not explain at all (a genuine deviation). Informational only: unlike the old token-based replay, the reconstructed marking is always legally reachable, so this does not by itself put the case at risk of an unrecoverable loop."
20191008079,"alignment-based replay of the historical prefix needed at least one 'log move' -- a logged activity the model could not explain at all (a genuine deviation). Informational only: unlike the old token-based replay, the reconstructed marking is always legally reachable, so this does not by itself put the case at risk of an unrecoverable loop."
20191008096,"alignment-based replay of the historical prefix needed at least one 'log move' -- a logged activity the model could not explain at all (a genuine deviation). Informational only: unlike the old token-based replay, the reconstructed marking is always legally reachable, so this does not by itself put the case at risk of an unrecoverable loop."
20191008111,"alignment-based replay of the historical prefix needed at least one 'log move' -- a logged activity the model could not explain at all (a genuine deviation). Informational only: unlike the old token-based replay, the reconstructed marking is always legally reachable, so this does not by itself put the case at risk of an unrecoverable loop."
20191008138,"alignment-based replay of the historical prefix needed at least one 'log move' -- a logged activity the model could not explain at all (a genuine deviation). Informational only: unlike the old token-based replay, the reconstructed marking is always legally reachable, so this does not by itself put the case at risk of an unrecoverable loop."
20191008155,"alignment-based replay of the historical prefix needed at least one 'log move' -- a logged activity the model could not explain at all (a genuine deviation). Informational only: unlike the old token-based replay, the reconstructed marking is always legally reachable, so this does not by itself put the case at risk of an unrecoverable loop."
20191008169,"alignment-based replay of the historical prefix needed at least one 'log move' -- a logged activity the model could not explain at all (a genuine deviation). Informational only: unlike the old token-based replay, the reconstructed marking is always legally reachable, so this does not by itself put the case at risk of an unrecoverable loop."
20191008273,"alignment-based replay of the historical prefix needed at least one 'log move' -- a logged activity the model could not explain at all (a genuine deviation). Informational only: unlike the old token-based replay, the reconstructed marking is always legally reachable, so this does not by itself put the case at risk of an unrecoverable loop."
20191008283,"alignment-based replay of the historical prefix needed at least one 'log move' -- a logged activity the model could not explain at all (a genuine deviation). Informational only: unlike the old token-based replay, the reconstructed marking is always legally reachable, so this does not by itself put the case at risk of an unrecoverable loop."
20191008295,"alignment-based replay of the historical prefix needed at least one 'log move' -- a logged activity the model could not explain at all (a genuine deviation). Informational only: unlike the old token-based replay, the reconstructed marking is always legally reachable, so this does not by itself put the case at risk of an unrecoverable loop."
20191008323,"alignment-based replay of the historical prefix needed at least one 'log move' -- a logged activity the model could not explain at all (a genuine deviation). Informational only: unlike the old token-based replay, the reconstructed marking is always legally reachable, so this does not by itself put the case at risk of an unrecoverable loop."
20191008335,"alignment-based replay of the historical prefix needed at least one 'log move' -- a logged activity the model could not explain at all (a genuine deviation). Informational only: unlike the old token-based replay, the reconstructed marking is always legally reachable, so this does not by itself put the case at risk of an unrecoverable loop."
20191008349,"alignment-based replay of the historical prefix needed at least one 'log move' -- a logged activity the model could not explain at all (a genuine deviation). Informational only: unlike the old token-based replay, the reconstructed marking is always legally reachable, so this does not by itself put the case at risk of an unrecoverable loop."
20191008359,"alignment-based replay of the historical prefix needed at least one 'log move' -- a logged activity the model could not explain at all (a genuine deviation). Informational only: unlike the old token-based replay, the reconstructed marking is always legally reachable, so this does not by itself put the case at risk of an unrecoverable loop."
20191008362,"alignment-based replay of the historical prefix needed at least one 'log move' -- a logged activity the model could not explain at all (a genuine deviation). Informational only: unlike the old token-based replay, the reconstructed marking is always legally reachable, so this does not by itself put the case at risk of an unrecoverable loop."
20191008378,"alignment-based replay of the historical prefix needed at least one 'log move' -- a logged activity the model could not explain at all (a genuine deviation). Informational only: unlike the old token-based replay, the reconstructed marking is always legally reachable, so this does not by itself put the case at risk of an unrecoverable loop."
20191008388,"alignment-based replay of the historical prefix needed at least one 'log move' -- a logged activity the model could not explain at all (a genuine deviation). Informational only: unlike the old token-based replay, the reconstructed marking is always legally reachable, so this does not by itself put the case at risk of an unrecoverable loop."
20191008393,"alignment-based replay of the historical prefix needed at least one 'log move' -- a logged activity the model could not explain at all (a genuine deviation). Informational only: unlike the old token-based replay, the reconstructed marking is always legally reachable, so this does not by itself put the case at risk of an unrecoverable loop."
20191008402,"alignment-based replay of the historical prefix needed at least one 'log move' -- a logged activity the model could not explain at all (a genuine deviation). Informational only: unlike the old token-based replay, the reconstructed marking is always legally reachable, so this does not by itself put the case at risk of an unrecoverable loop."
20191008415,"alignment-based replay of the historical prefix needed at least one 'log move' -- a logged activity the model could not explain at all (a genuine deviation). Informational only: unlike the old token-based replay, the reconstructed marking is always legally reachable, so this does not by itself put the case at risk of an unrecoverable loop."
20191008442,"alignment-based replay of the historical prefix needed at least one 'log move' -- a logged activity the model could not explain at all (a genuine deviation). Informational only: unlike the old token-based replay, the reconstructed marking is always legally reachable, so this does not by itself put the case at risk of an unrecoverable loop."
20191008443,"alignment-based replay of the historical prefix needed at least one 'log move' -- a logged activity the model could not explain at all (a genuine deviation). Informational only: unlike the old token-based replay, the reconstructed marking is always legally reachable, so this does not by itself put the case at risk of an unrecoverable loop."
20191008445,"alignment-based replay of the historical prefix needed at least one 'log move' -- a logged activity the model could not explain at all (a genuine deviation). Informational only: unlike the old token-based replay, the reconstructed marking is always legally reachable, so this does not by itself put the case at risk of an unrecoverable loop."
20191008454,"alignment-based replay of the historical prefix needed at least one 'log move' -- a logged activity the model could not explain at all (a genuine deviation). Informational only: unlike the old token-based replay, the reconstructed marking is always legally reachable, so this does not by itself put the case at risk of an unrecoverable loop."
20191008456,"alignment-based replay of the historical prefix needed at least one 'log move' -- a logged activity the model could not explain at all (a genuine deviation). Informational only: unlike the old token-based replay, the reconstructed marking is always legally reachable, so this does not by itself put the case at risk of an unrecoverable loop."
20191008469,"alignment-based replay of the historical prefix needed at least one 'log move' -- a logged activity the model could not explain at all (a genuine deviation). Informational only: unlike the old token-based replay, the reconstructed marking is always legally reachable, so this does not by itself put the case at risk of an unrecoverable loop."
20191008473,"alignment-based replay of the historical prefix needed at least one 'log move' -- a logged activity the model could not explain at all (a genuine deviation). Informational only: unlike the old token-based replay, the reconstructed marking is always legally reachable, so this does not by itself put the case at risk of an unrecoverable loop."
20191008481,"alignment-based replay of the historical prefix needed at least one 'log move' -- a logged activity the model could not explain at all (a genuine deviation). Informational only: unlike the old token-based replay, the reconstructed marking is always legally reachable, so this does not by itself put the case at risk of an unrecoverable loop."
20191008500,"alignment-based replay of the historical prefix needed at least one 'log move' -- a logged activity the model could not explain at all (a genuine deviation). Informational only: unlike the old token-based replay, the reconstructed marking is always legally reachable, so this does not by itself put the case at risk of an unrecoverable loop."
20191008564,"alignment-based replay of the historical prefix needed at least one 'log move' -- a logged activity the model could not explain at all (a genuine deviation). Informational only: unlike the old token-based replay, the reconstructed marking is always legally reachable, so this does not by itself put the case at risk of an unrecoverable loop."
20191008668,"alignment-based replay of the historical prefix needed at least one 'log move' -- a logged activity the model could not explain at all (a genuine deviation). Informational only: unlike the old token-based replay, the reconstructed marking is always legally reachable, so this does not by itself put the case at risk of an unrecoverable loop."
20191008691,"alignment-based replay of the historical prefix needed at least one 'log move' -- a logged activity the model could not explain at all (a genuine deviation). Informational only: unlike the old token-based replay, the reconstructed marking is always legally reachable, so this does not by itself put the case at risk of an unrecoverable loop."
20191008693,"alignment-based replay of the historical prefix needed at least one 'log move' -- a logged activity the model could not explain at all (a genuine deviation). Informational only: unlike the old token-based replay, the reconstructed marking is always legally reachable, so this does not by itself put the case at risk of an unrecoverable loop."
20191008720,"alignment-based replay of the historical prefix needed at least one 'log move' -- a logged activity the model could not explain at all (a genuine deviation). Informational only: unlike the old token-based replay, the reconstructed marking is always legally reachable, so this does not by itself put the case at risk of an unrecoverable loop."
20191008751,"alignment-based replay of the historical prefix needed at least one 'log move' -- a logged activity the model could not explain at all (a genuine deviation). Informational only: unlike the old token-based replay, the reconstructed marking is always legally reachable, so this does not by itself put the case at risk of an unrecoverable loop."
20191008797,"alignment-based replay of the historical prefix needed at least one 'log move' -- a logged activity the model could not explain at all (a genuine deviation). Informational only: unlike the old token-based replay, the reconstructed marking is always legally reachable, so this does not by itself put the case at risk of an unrecoverable loop."
20191008808,"alignment-based replay of the historical prefix needed at least one 'log move' -- a logged activity the model could not explain at all (a genuine deviation). Informational only: unlike the old token-based replay, the reconstructed marking is always legally reachable, so this does not by itself put the case at risk of an unrecoverable loop."
20191008816,"alignment-based replay of the historical prefix needed at least one 'log move' -- a logged activity the model could not explain at all (a genuine deviation). Informational only: unlike the old token-based replay, the reconstructed marking is always legally reachable, so this does not by itself put the case at risk of an unrecoverable loop."
20191008827,"alignment-based replay of the historical prefix needed at least one 'log move' -- a logged activity the model could not explain at all (a genuine deviation). Informational only: unlike the old token-based replay, the reconstructed marking is always legally reachable, so this does not by itself put the case at risk of an unrecoverable loop."
20191008838,"alignment-based replay of the historical prefix needed at least one 'log move' -- a logged activity the model could not explain at all (a genuine deviation). Informational only: unlike the old token-based replay, the reconstructed marking is always legally reachable, so this does not by itself put the case at risk of an unrecoverable loop."
20191008840,"alignment-based replay of the historical prefix needed at least one 'log move' -- a logged activity the model could not explain at all (a genuine deviation). Informational only: unlike the old token-based replay, the reconstructed marking is always legally reachable, so this does not by itself put the case at risk of an unrecoverable loop."
20191008846,"alignment-based replay of the historical prefix needed at least one 'log move' -- a logged activity the model could not explain at all (a genuine deviation). Informational only: unlike the old token-based replay, the reconstructed marking is always legally reachable, so this does not by itself put the case at risk of an unrecoverable loop."
20191008862,"alignment-based replay of the historical prefix needed at least one 'log move' -- a logged activity the model could not explain at all (a genuine deviation). Informational only: unlike the old token-based replay, the reconstructed marking is always legally reachable, so this does not by itself put the case at risk of an unrecoverable loop."
20191008891,"alignment-based replay of the historical prefix needed at least one 'log move' -- a logged activity the model could not explain at all (a genuine deviation). Informational only: unlike the old token-based replay, the reconstructed marking is always legally reachable, so this does not by itself put the case at risk of an unrecoverable loop."
20191008913,"alignment-based replay of the historical prefix needed at least one 'log move' -- a logged activity the model could not explain at all (a genuine deviation). Informational only: unlike the old token-based replay, the reconstructed marking is always legally reachable, so this does not by itself put the case at risk of an unrecoverable loop."
20191008924,"alignment-based replay of the historical prefix needed at least one 'log move' -- a logged activity the model could not explain at all (a genuine deviation). Informational only: unlike the old token-based replay, the reconstructed marking is always legally reachable, so this does not by itself put the case at risk of an unrecoverable loop."
20191008932,"alignment-based replay of the historical prefix needed at least one 'log move' -- a logged activity the model could not explain at all (a genuine deviation). Informational only: unlike the old token-based replay, the reconstructed marking is always legally reachable, so this does not by itself put the case at risk of an unrecoverable loop."
20191008960,"alignment-based replay of the historical prefix needed at least one 'log move' -- a logged activity the model could not explain at all (a genuine deviation). Informational only: unlike the old token-based replay, the reconstructed marking is always legally reachable, so this does not by itself put the case at risk of an unrecoverable loop."
20191008973,"alignment-based replay of the historical prefix needed at least one 'log move' -- a logged activity the model could not explain at all (a genuine deviation). Informational only: unlike the old token-based replay, the reconstructed marking is always legally reachable, so this does not by itself put the case at risk of an unrecoverable loop."
20191008983,"alignment-based replay of the historical prefix needed at least one 'log move' -- a logged activity the model could not explain at all (a genuine deviation). Informational only: unlike the old token-based replay, the reconstructed marking is always legally reachable, so this does not by itself put the case at risk of an unrecoverable loop."
20191008985,"alignment-based replay of the historical prefix needed at least one 'log move' -- a logged activity the model could not explain at all (a genuine deviation). Informational only: unlike the old token-based replay, the reconstructed marking is always legally reachable, so this does not by itself put the case at risk of an unrecoverable loop."
20191008994,"alignment-based replay of the historical prefix needed at least one 'log move' -- a logged activity the model could not explain at all (a genuine deviation). Informational only: unlike the old token-based replay, the reconstructed marking is always legally reachable, so this does not by itself put the case at risk of an unrecoverable loop."
20191009071,"alignment-based replay of the historical prefix needed at least one 'log move' -- a logged activity the model could not explain at all (a genuine deviation). Informational only: unlike the old token-based replay, the reconstructed marking is always legally reachable, so this does not by itself put the case at risk of an unrecoverable loop."
20191009078,"alignment-based replay of the historical prefix needed at least one 'log move' -- a logged activity the model could not explain at all (a genuine deviation). Informational only: unlike the old token-based replay, the reconstructed marking is always legally reachable, so this does not by itself put the case at risk of an unrecoverable loop."
20191009081,"alignment-based replay of the historical prefix needed at least one 'log move' -- a logged activity the model could not explain at all (a genuine deviation). Informational only: unlike the old token-based replay, the reconstructed marking is always legally reachable, so this does not by itself put the case at risk of an unrecoverable loop."
20191009087,"alignment-based replay of the historical prefix needed at least one 'log move' -- a logged activity the model could not explain at all (a genuine deviation). Informational only: unlike the old token-based replay, the reconstructed marking is always legally reachable, so this does not by itself put the case at risk of an unrecoverable loop."
20191009105,"alignment-based replay of the historical prefix needed at least one 'log move' -- a logged activity the model could not explain at all (a genuine deviation). Informational only: unlike the old token-based replay, the reconstructed marking is always legally reachable, so this does not by itself put the case at risk of an unrecoverable loop."
20191009106,"alignment-based replay of the historical prefix needed at least one 'log move' -- a logged activity the model could not explain at all (a genuine deviation). Informational only: unlike the old token-based replay, the reconstructed marking is always legally reachable, so this does not by itself put the case at risk of an unrecoverable loop."
20191009120,"alignment-based replay of the historical prefix needed at least one 'log move' -- a logged activity the model could not explain at all (a genuine deviation). Informational only: unlike the old token-based replay, the reconstructed marking is always legally reachable, so this does not by itself put the case at risk of an unrecoverable loop."
20191009140,"alignment-based replay of the historical prefix needed at least one 'log move' -- a logged activity the model could not explain at all (a genuine deviation). Informational only: unlike the old token-based replay, the reconstructed marking is always legally reachable, so this does not by itself put the case at risk of an unrecoverable loop."
20191009168,"alignment-based replay of the historical prefix needed at least one 'log move' -- a logged activity the model could not explain at all (a genuine deviation). Informational only: unlike the old token-based replay, the reconstructed marking is always legally reachable, so this does not by itself put the case at risk of an unrecoverable loop."
20191009183,"alignment-based replay of the historical prefix needed at least one 'log move' -- a logged activity the model could not explain at all (a genuine deviation). Informational only: unlike the old token-based replay, the reconstructed marking is always legally reachable, so this does not by itself put the case at risk of an unrecoverable loop."
20191009239,"alignment-based replay of the historical prefix needed at least one 'log move' -- a logged activity the model could not explain at all (a genuine deviation). Informational only: unlike the old token-based replay, the reconstructed marking is always legally reachable, so this does not by itself put the case at risk of an unrecoverable loop."
20191009269,"alignment-based replay of the historical prefix needed at least one 'log move' -- a logged activity the model could not explain at all (a genuine deviation). Informational only: unlike the old token-based replay, the reconstructed marking is always legally reachable, so this does not by itself put the case at risk of an unrecoverable loop."
20191009273,"alignment-based replay of the historical prefix needed at least one 'log move' -- a logged activity the model could not explain at all (a genuine deviation). Informational only: unlike the old token-based replay, the reconstructed marking is always legally reachable, so this does not by itself put the case at risk of an unrecoverable loop."
20191009284,"alignment-based replay of the historical prefix needed at least one 'log move' -- a logged activity the model could not explain at all (a genuine deviation). Informational only: unlike the old token-based replay, the reconstructed marking is always legally reachable, so this does not by itself put the case at risk of an unrecoverable loop."
20191009285,"alignment-based replay of the historical prefix needed at least one 'log move' -- a logged activity the model could not explain at all (a genuine deviation). Informational only: unlike the old token-based replay, the reconstructed marking is always legally reachable, so this does not by itself put the case at risk of an unrecoverable loop."
20191009316,"alignment-based replay of the historical prefix needed at least one 'log move' -- a logged activity the model could not explain at all (a genuine deviation). Informational only: unlike the old token-based replay, the reconstructed marking is always legally reachable, so this does not by itself put the case at risk of an unrecoverable loop."
20191009322,"alignment-based replay of the historical prefix needed at least one 'log move' -- a logged activity the model could not explain at all (a genuine deviation). Informational only: unlike the old token-based replay, the reconstructed marking is always legally reachable, so this does not by itself put the case at risk of an unrecoverable loop."
20191009331,"alignment-based replay of the historical prefix needed at least one 'log move' -- a logged activity the model could not explain at all (a genuine deviation). Informational only: unlike the old token-based replay, the reconstructed marking is always legally reachable, so this does not by itself put the case at risk of an unrecoverable loop."
20191009391,"alignment-based replay of the historical prefix needed at least one 'log move' -- a logged activity the model could not explain at all (a genuine deviation). Informational only: unlike the old token-based replay, the reconstructed marking is always legally reachable, so this does not by itself put the case at risk of an unrecoverable loop."
20191009423,"alignment-based replay of the historical prefix needed at least one 'log move' -- a logged activity the model could not explain at all (a genuine deviation). Informational only: unlike the old token-based replay, the reconstructed marking is always legally reachable, so this does not by itself put the case at risk of an unrecoverable loop."
20191009426,"alignment-based replay of the historical prefix needed at least one 'log move' -- a logged activity the model could not explain at all (a genuine deviation). Informational only: unlike the old token-based replay, the reconstructed marking is always legally reachable, so this does not by itself put the case at risk of an unrecoverable loop."
20191009437,"alignment-based replay of the historical prefix needed at least one 'log move' -- a logged activity the model could not explain at all (a genuine deviation). Informational only: unlike the old token-based replay, the reconstructed marking is always legally reachable, so this does not by itself put the case at risk of an unrecoverable loop."
20191009442,"alignment-based replay of the historical prefix needed at least one 'log move' -- a logged activity the model could not explain at all (a genuine deviation). Informational only: unlike the old token-based replay, the reconstructed marking is always legally reachable, so this does not by itself put the case at risk of an unrecoverable loop."
20191009443,"alignment-based replay of the historical prefix needed at least one 'log move' -- a logged activity the model could not explain at all (a genuine deviation). Informational only: unlike the old token-based replay, the reconstructed marking is always legally reachable, so this does not by itself put the case at risk of an unrecoverable loop."
20191009445,"alignment-based replay of the historical prefix needed at least one 'log move' -- a logged activity the model could not explain at all (a genuine deviation). Informational only: unlike the old token-based replay, the reconstructed marking is always legally reachable, so this does not by itself put the case at risk of an unrecoverable loop."
20191009496,"alignment-based replay of the historical prefix needed at least one 'log move' -- a logged activity the model could not explain at all (a genuine deviation). Informational only: unlike the old token-based replay, the reconstructed marking is always legally reachable, so this does not by itself put the case at risk of an unrecoverable loop."
20191009519,"alignment-based replay of the historical prefix needed at least one 'log move' -- a logged activity the model could not explain at all (a genuine deviation). Informational only: unlike the old token-based replay, the reconstructed marking is always legally reachable, so this does not by itself put the case at risk of an unrecoverable loop."
20191009524,"alignment-based replay of the historical prefix needed at least one 'log move' -- a logged activity the model could not explain at all (a genuine deviation). Informational only: unlike the old token-based replay, the reconstructed marking is always legally reachable, so this does not by itself put the case at risk of an unrecoverable loop."
20191009525,"alignment-based replay of the historical prefix needed at least one 'log move' -- a logged activity the model could not explain at all (a genuine deviation). Informational only: unlike the old token-based replay, the reconstructed marking is always legally reachable, so this does not by itself put the case at risk of an unrecoverable loop."
20191009533,"alignment-based replay of the historical prefix needed at least one 'log move' -- a logged activity the model could not explain at all (a genuine deviation). Informational only: unlike the old token-based replay, the reconstructed marking is always legally reachable, so this does not by itself put the case at risk of an unrecoverable loop."
20191009535,"alignment-based replay of the historical prefix needed at least one 'log move' -- a logged activity the model could not explain at all (a genuine deviation). Informational only: unlike the old token-based replay, the reconstructed marking is always legally reachable, so this does not by itself put the case at risk of an unrecoverable loop."
20191009542,"alignment-based replay of the historical prefix needed at least one 'log move' -- a logged activity the model could not explain at all (a genuine deviation). Informational only: unlike the old token-based replay, the reconstructed marking is always legally reachable, so this does not by itself put the case at risk of an unrecoverable loop."
20191009581,"alignment-based replay of the historical prefix needed at least one 'log move' -- a logged activity the model could not explain at all (a genuine deviation). Informational only: unlike the old token-based replay, the reconstructed marking is always legally reachable, so this does not by itself put the case at risk of an unrecoverable loop."
20191009585,"alignment-based replay of the historical prefix needed at least one 'log move' -- a logged activity the model could not explain at all (a genuine deviation). Informational only: unlike the old token-based replay, the reconstructed marking is always legally reachable, so this does not by itself put the case at risk of an unrecoverable loop."
20191009592,"alignment-based replay of the historical prefix needed at least one 'log move' -- a logged activity the model could not explain at all (a genuine deviation). Informational only: unlike the old token-based replay, the reconstructed marking is always legally reachable, so this does not by itself put the case at risk of an unrecoverable loop."
20191009599,"alignment-based replay of the historical prefix needed at least one 'log move' -- a logged activity the model could not explain at all (a genuine deviation). Informational only: unlike the old token-based replay, the reconstructed marking is always legally reachable, so this does not by itself put the case at risk of an unrecoverable loop."
20191009616,"alignment-based replay of the historical prefix needed at least one 'log move' -- a logged activity the model could not explain at all (a genuine deviation). Informational only: unlike the old token-based replay, the reconstructed marking is always legally reachable, so this does not by itself put the case at risk of an unrecoverable loop."
20191009626,"alignment-based replay of the historical prefix needed at least one 'log move' -- a logged activity the model could not explain at all (a genuine deviation). Informational only: unlike the old token-based replay, the reconstructed marking is always legally reachable, so this does not by itself put the case at risk of an unrecoverable loop."
20191009630,"alignment-based replay of the historical prefix needed at least one 'log move' -- a logged activity the model could not explain at all (a genuine deviation). Informational only: unlike the old token-based replay, the reconstructed marking is always legally reachable, so this does not by itself put the case at risk of an unrecoverable loop."
20191009638,"alignment-based replay of the historical prefix needed at least one 'log move' -- a logged activity the model could not explain at all (a genuine deviation). Informational only: unlike the old token-based replay, the reconstructed marking is always legally reachable, so this does not by itself put the case at risk of an unrecoverable loop."
20191009686,"alignment-based replay of the historical prefix needed at least one 'log move' -- a logged activity the model could not explain at all (a genuine deviation). Informational only: unlike the old token-based replay, the reconstructed marking is always legally reachable, so this does not by itself put the case at risk of an unrecoverable loop."
20191009711,"alignment-based replay of the historical prefix needed at least one 'log move' -- a logged activity the model could not explain at all (a genuine deviation). Informational only: unlike the old token-based replay, the reconstructed marking is always legally reachable, so this does not by itself put the case at risk of an unrecoverable loop."
20191009713,"alignment-based replay of the historical prefix needed at least one 'log move' -- a logged activity the model could not explain at all (a genuine deviation). Informational only: unlike the old token-based replay, the reconstructed marking is always legally reachable, so this does not by itself put the case at risk of an unrecoverable loop."
20191009721,"alignment-based replay of the historical prefix needed at least one 'log move' -- a logged activity the model could not explain at all (a genuine deviation). Informational only: unlike the old token-based replay, the reconstructed marking is always legally reachable, so this does not by itself put the case at risk of an unrecoverable loop."
20191009722,"alignment-based replay of the historical prefix needed at least one 'log move' -- a logged activity the model could not explain at all (a genuine deviation). Informational only: unlike the old token-based replay, the reconstructed marking is always legally reachable, so this does not by itself put the case at risk of an unrecoverable loop."
20191009734,"alignment-based replay of the historical prefix needed at least one 'log move' -- a logged activity the model could not explain at all (a genuine deviation). Informational only: unlike the old token-based replay, the reconstructed marking is always legally reachable, so this does not by itself put the case at risk of an unrecoverable loop."
20191009739,"alignment-based replay of the historical prefix needed at least one 'log move' -- a logged activity the model could not explain at all (a genuine deviation). Informational only: unlike the old token-based replay, the reconstructed marking is always legally reachable, so this does not by itself put the case at risk of an unrecoverable loop."
20191009759,"alignment-based replay of the historical prefix needed at least one 'log move' -- a logged activity the model could not explain at all (a genuine deviation). Informational only: unlike the old token-based replay, the reconstructed marking is always legally reachable, so this does not by itself put the case at risk of an unrecoverable loop."
20191009788,"alignment-based replay of the historical prefix needed at least one 'log move' -- a logged activity the model could not explain at all (a genuine deviation). Informational only: unlike the old token-based replay, the reconstructed marking is always legally reachable, so this does not by itself put the case at risk of an unrecoverable loop."
20191009789,"alignment-based replay of the historical prefix needed at least one 'log move' -- a logged activity the model could not explain at all (a genuine deviation). Informational only: unlike the old token-based replay, the reconstructed marking is always legally reachable, so this does not by itself put the case at risk of an unrecoverable loop."
20191009797,"alignment-based replay of the historical prefix needed at least one 'log move' -- a logged activity the model could not explain at all (a genuine deviation). Informational only: unlike the old token-based replay, the reconstructed marking is always legally reachable, so this does not by itself put the case at risk of an unrecoverable loop."
20191009815,"alignment-based replay of the historical prefix needed at least one 'log move' -- a logged activity the model could not explain at all (a genuine deviation). Informational only: unlike the old token-based replay, the reconstructed marking is always legally reachable, so this does not by itself put the case at risk of an unrecoverable loop."
20191009817,"alignment-based replay of the historical prefix needed at least one 'log move' -- a logged activity the model could not explain at all (a genuine deviation). Informational only: unlike the old token-based replay, the reconstructed marking is always legally reachable, so this does not by itself put the case at risk of an unrecoverable loop."
20191009819,"alignment-based replay of the historical prefix needed at least one 'log move' -- a logged activity the model could not explain at all (a genuine deviation). Informational only: unlike the old token-based replay, the reconstructed marking is always legally reachable, so this does not by itself put the case at risk of an unrecoverable loop."
20191009830,"alignment-based replay of the historical prefix needed at least one 'log move' -- a logged activity the model could not explain at all (a genuine deviation). Informational only: unlike the old token-based replay, the reconstructed marking is always legally reachable, so this does not by itself put the case at risk of an unrecoverable loop."
20191009831,"alignment-based replay of the historical prefix needed at least one 'log move' -- a logged activity the model could not explain at all (a genuine deviation). Informational only: unlike the old token-based replay, the reconstructed marking is always legally reachable, so this does not by itself put the case at risk of an unrecoverable loop."
20191009836,"alignment-based replay of the historical prefix needed at least one 'log move' -- a logged activity the model could not explain at all (a genuine deviation). Informational only: unlike the old token-based replay, the reconstructed marking is always legally reachable, so this does not by itself put the case at risk of an unrecoverable loop."
20191009841,"alignment-based replay of the historical prefix needed at least one 'log move' -- a logged activity the model could not explain at all (a genuine deviation). Informational only: unlike the old token-based replay, the reconstructed marking is always legally reachable, so this does not by itself put the case at risk of an unrecoverable loop."
20191009850,"alignment-based replay of the historical prefix needed at least one 'log move' -- a logged activity the model could not explain at all (a genuine deviation). Informational only: unlike the old token-based replay, the reconstructed marking is always legally reachable, so this does not by itself put the case at risk of an unrecoverable loop."
20191009868,"alignment-based replay of the historical prefix needed at least one 'log move' -- a logged activity the model could not explain at all (a genuine deviation). Informational only: unlike the old token-based replay, the reconstructed marking is always legally reachable, so this does not by itself put the case at risk of an unrecoverable loop."
20191009939,"alignment-based replay of the historical prefix needed at least one 'log move' -- a logged activity the model could not explain at all (a genuine deviation). Informational only: unlike the old token-based replay, the reconstructed marking is always legally reachable, so this does not by itself put the case at risk of an unrecoverable loop."
20191009948,"alignment-based replay of the historical prefix needed at least one 'log move' -- a logged activity the model could not explain at all (a genuine deviation). Informational only: unlike the old token-based replay, the reconstructed marking is always legally reachable, so this does not by itself put the case at risk of an unrecoverable loop."
20191009969,"alignment-based replay of the historical prefix needed at least one 'log move' -- a logged activity the model could not explain at all (a genuine deviation). Informational only: unlike the old token-based replay, the reconstructed marking is always legally reachable, so this does not by itself put the case at risk of an unrecoverable loop."
20191009973,"alignment-based replay of the historical prefix needed at least one 'log move' -- a logged activity the model could not explain at all (a genuine deviation). Informational only: unlike the old token-based replay, the reconstructed marking is always legally reachable, so this does not by itself put the case at risk of an unrecoverable loop."
20191009979,"alignment-based replay of the historical prefix needed at least one 'log move' -- a logged activity the model could not explain at all (a genuine deviation). Informational only: unlike the old token-based replay, the reconstructed marking is always legally reachable, so this does not by itself put the case at risk of an unrecoverable loop."
20191009982,"alignment-based replay of the historical prefix needed at least one 'log move' -- a logged activity the model could not explain at all (a genuine deviation). Informational only: unlike the old token-based replay, the reconstructed marking is always legally reachable, so this does not by itself put the case at risk of an unrecoverable loop."
20191009984,"alignment-based replay of the historical prefix needed at least one 'log move' -- a logged activity the model could not explain at all (a genuine deviation). Informational only: unlike the old token-based replay, the reconstructed marking is always legally reachable, so this does not by itself put the case at risk of an unrecoverable loop."
20191010030,"alignment-based replay of the historical prefix needed at least one 'log move' -- a logged activity the model could not explain at all (a genuine deviation). Informational only: unlike the old token-based replay, the reconstructed marking is always legally reachable, so this does not by itself put the case at risk of an unrecoverable loop."
20191010036,"alignment-based replay of the historical prefix needed at least one 'log move' -- a logged activity the model could not explain at all (a genuine deviation). Informational only: unlike the old token-based replay, the reconstructed marking is always legally reachable, so this does not by itself put the case at risk of an unrecoverable loop."
20191010039,"alignment-based replay of the historical prefix needed at least one 'log move' -- a logged activity the model could not explain at all (a genuine deviation). Informational only: unlike the old token-based replay, the reconstructed marking is always legally reachable, so this does not by itself put the case at risk of an unrecoverable loop."
20191010046,"alignment-based replay of the historical prefix needed at least one 'log move' -- a logged activity the model could not explain at all (a genuine deviation). Informational only: unlike the old token-based replay, the reconstructed marking is always legally reachable, so this does not by itself put the case at risk of an unrecoverable loop."
20191010048,"alignment-based replay of the historical prefix needed at least one 'log move' -- a logged activity the model could not explain at all (a genuine deviation). Informational only: unlike the old token-based replay, the reconstructed marking is always legally reachable, so this does not by itself put the case at risk of an unrecoverable loop."
20191010053,"alignment-based replay of the historical prefix needed at least one 'log move' -- a logged activity the model could not explain at all (a genuine deviation). Informational only: unlike the old token-based replay, the reconstructed marking is always legally reachable, so this does not by itself put the case at risk of an unrecoverable loop."
20191010054,"alignment-based replay of the historical prefix needed at least one 'log move' -- a logged activity the model could not explain at all (a genuine deviation). Informational only: unlike the old token-based replay, the reconstructed marking is always legally reachable, so this does not by itself put the case at risk of an unrecoverable loop."
20191010059,"alignment-based replay of the historical prefix needed at least one 'log move' -- a logged activity the model could not explain at all (a genuine deviation). Informational only: unlike the old token-based replay, the reconstructed marking is always legally reachable, so this does not by itself put the case at risk of an unrecoverable loop."
20191010079,"alignment-based replay of the historical prefix needed at least one 'log move' -- a logged activity the model could not explain at all (a genuine deviation). Informational only: unlike the old token-based replay, the reconstructed marking is always legally reachable, so this does not by itself put the case at risk of an unrecoverable loop."
20191010088,"alignment-based replay of the historical prefix needed at least one 'log move' -- a logged activity the model could not explain at all (a genuine deviation). Informational only: unlike the old token-based replay, the reconstructed marking is always legally reachable, so this does not by itself put the case at risk of an unrecoverable loop."
20191010116,"alignment-based replay of the historical prefix needed at least one 'log move' -- a logged activity the model could not explain at all (a genuine deviation). Informational only: unlike the old token-based replay, the reconstructed marking is always legally reachable, so this does not by itself put the case at risk of an unrecoverable loop."
20191010124,"alignment-based replay of the historical prefix needed at least one 'log move' -- a logged activity the model could not explain at all (a genuine deviation). Informational only: unlike the old token-based replay, the reconstructed marking is always legally reachable, so this does not by itself put the case at risk of an unrecoverable loop."
20191010151,"alignment-based replay of the historical prefix needed at least one 'log move' -- a logged activity the model could not explain at all (a genuine deviation). Informational only: unlike the old token-based replay, the reconstructed marking is always legally reachable, so this does not by itself put the case at risk of an unrecoverable loop."
20191010155,"alignment-based replay of the historical prefix needed at least one 'log move' -- a logged activity the model could not explain at all (a genuine deviation). Informational only: unlike the old token-based replay, the reconstructed marking is always legally reachable, so this does not by itself put the case at risk of an unrecoverable loop."
20191010159,"alignment-based replay of the historical prefix needed at least one 'log move' -- a logged activity the model could not explain at all (a genuine deviation). Informational only: unlike the old token-based replay, the reconstructed marking is always legally reachable, so this does not by itself put the case at risk of an unrecoverable loop."
20191010179,"alignment-based replay of the historical prefix needed at least one 'log move' -- a logged activity the model could not explain at all (a genuine deviation). Informational only: unlike the old token-based replay, the reconstructed marking is always legally reachable, so this does not by itself put the case at risk of an unrecoverable loop."
20191010185,"alignment-based replay of the historical prefix needed at least one 'log move' -- a logged activity the model could not explain at all (a genuine deviation). Informational only: unlike the old token-based replay, the reconstructed marking is always legally reachable, so this does not by itself put the case at risk of an unrecoverable loop."
20191010206,"alignment-based replay of the historical prefix needed at least one 'log move' -- a logged activity the model could not explain at all (a genuine deviation). Informational only: unlike the old token-based replay, the reconstructed marking is always legally reachable, so this does not by itself put the case at risk of an unrecoverable loop."
20191010208,"alignment-based replay of the historical prefix needed at least one 'log move' -- a logged activity the model could not explain at all (a genuine deviation). Informational only: unlike the old token-based replay, the reconstructed marking is always legally reachable, so this does not by itself put the case at risk of an unrecoverable loop."
20191010218,"alignment-based replay of the historical prefix needed at least one 'log move' -- a logged activity the model could not explain at all (a genuine deviation). Informational only: unlike the old token-based replay, the reconstructed marking is always legally reachable, so this does not by itself put the case at risk of an unrecoverable loop."
20191010237,"alignment-based replay of the historical prefix needed at least one 'log move' -- a logged activity the model could not explain at all (a genuine deviation). Informational only: unlike the old token-based replay, the reconstructed marking is always legally reachable, so this does not by itself put the case at risk of an unrecoverable loop."
20191010271,"alignment-based replay of the historical prefix needed at least one 'log move' -- a logged activity the model could not explain at all (a genuine deviation). Informational only: unlike the old token-based replay, the reconstructed marking is always legally reachable, so this does not by itself put the case at risk of an unrecoverable loop."
20191010278,"alignment-based replay of the historical prefix needed at least one 'log move' -- a logged activity the model could not explain at all (a genuine deviation). Informational only: unlike the old token-based replay, the reconstructed marking is always legally reachable, so this does not by itself put the case at risk of an unrecoverable loop."
20191010279,"alignment-based replay of the historical prefix needed at least one 'log move' -- a logged activity the model could not explain at all (a genuine deviation). Informational only: unlike the old token-based replay, the reconstructed marking is always legally reachable, so this does not by itself put the case at risk of an unrecoverable loop."
20191010281,"alignment-based replay of the historical prefix needed at least one 'log move' -- a logged activity the model could not explain at all (a genuine deviation). Informational only: unlike the old token-based replay, the reconstructed marking is always legally reachable, so this does not by itself put the case at risk of an unrecoverable loop."
20191010289,"alignment-based replay of the historical prefix needed at least one 'log move' -- a logged activity the model could not explain at all (a genuine deviation). Informational only: unlike the old token-based replay, the reconstructed marking is always legally reachable, so this does not by itself put the case at risk of an unrecoverable loop."
20191010292,"alignment-based replay of the historical prefix needed at least one 'log move' -- a logged activity the model could not explain at all (a genuine deviation). Informational only: unlike the old token-based replay, the reconstructed marking is always legally reachable, so this does not by itself put the case at risk of an unrecoverable loop."
20191010296,"alignment-based replay of the historical prefix needed at least one 'log move' -- a logged activity the model could not explain at all (a genuine deviation). Informational only: unlike the old token-based replay, the reconstructed marking is always legally reachable, so this does not by itself put the case at risk of an unrecoverable loop."
20191010305,"alignment-based replay of the historical prefix needed at least one 'log move' -- a logged activity the model could not explain at all (a genuine deviation). Informational only: unlike the old token-based replay, the reconstructed marking is always legally reachable, so this does not by itself put the case at risk of an unrecoverable loop."
20191010322,"alignment-based replay of the historical prefix needed at least one 'log move' -- a logged activity the model could not explain at all (a genuine deviation). Informational only: unlike the old token-based replay, the reconstructed marking is always legally reachable, so this does not by itself put the case at risk of an unrecoverable loop."
20191010328,"alignment-based replay of the historical prefix needed at least one 'log move' -- a logged activity the model could not explain at all (a genuine deviation). Informational only: unlike the old token-based replay, the reconstructed marking is always legally reachable, so this does not by itself put the case at risk of an unrecoverable loop."
20191010329,"alignment-based replay of the historical prefix needed at least one 'log move' -- a logged activity the model could not explain at all (a genuine deviation). Informational only: unlike the old token-based replay, the reconstructed marking is always legally reachable, so this does not by itself put the case at risk of an unrecoverable loop."
20191010335,"alignment-based replay of the historical prefix needed at least one 'log move' -- a logged activity the model could not explain at all (a genuine deviation). Informational only: unlike the old token-based replay, the reconstructed marking is always legally reachable, so this does not by itself put the case at risk of an unrecoverable loop."
20191010347,"alignment-based replay of the historical prefix needed at least one 'log move' -- a logged activity the model could not explain at all (a genuine deviation). Informational only: unlike the old token-based replay, the reconstructed marking is always legally reachable, so this does not by itself put the case at risk of an unrecoverable loop."
20191010367,"alignment-based replay of the historical prefix needed at least one 'log move' -- a logged activity the model could not explain at all (a genuine deviation). Informational only: unlike the old token-based replay, the reconstructed marking is always legally reachable, so this does not by itself put the case at risk of an unrecoverable loop."
20191010371,"alignment-based replay of the historical prefix needed at least one 'log move' -- a logged activity the model could not explain at all (a genuine deviation). Informational only: unlike the old token-based replay, the reconstructed marking is always legally reachable, so this does not by itself put the case at risk of an unrecoverable loop."
20191010394,"alignment-based replay of the historical prefix needed at least one 'log move' -- a logged activity the model could not explain at all (a genuine deviation). Informational only: unlike the old token-based replay, the reconstructed marking is always legally reachable, so this does not by itself put the case at risk of an unrecoverable loop."
20191010408,"alignment-based replay of the historical prefix needed at least one 'log move' -- a logged activity the model could not explain at all (a genuine deviation). Informational only: unlike the old token-based replay, the reconstructed marking is always legally reachable, so this does not by itself put the case at risk of an unrecoverable loop."
20191010411,"alignment-based replay of the historical prefix needed at least one 'log move' -- a logged activity the model could not explain at all (a genuine deviation). Informational only: unlike the old token-based replay, the reconstructed marking is always legally reachable, so this does not by itself put the case at risk of an unrecoverable loop."
20191010414,"alignment-based replay of the historical prefix needed at least one 'log move' -- a logged activity the model could not explain at all (a genuine deviation). Informational only: unlike the old token-based replay, the reconstructed marking is always legally reachable, so this does not by itself put the case at risk of an unrecoverable loop."
20191010418,"alignment-based replay of the historical prefix needed at least one 'log move' -- a logged activity the model could not explain at all (a genuine deviation). Informational only: unlike the old token-based replay, the reconstructed marking is always legally reachable, so this does not by itself put the case at risk of an unrecoverable loop."
20191010430,"alignment-based replay of the historical prefix needed at least one 'log move' -- a logged activity the model could not explain at all (a genuine deviation). Informational only: unlike the old token-based replay, the reconstructed marking is always legally reachable, so this does not by itself put the case at risk of an unrecoverable loop."
20191010433,"alignment-based replay of the historical prefix needed at least one 'log move' -- a logged activity the model could not explain at all (a genuine deviation). Informational only: unlike the old token-based replay, the reconstructed marking is always legally reachable, so this does not by itself put the case at risk of an unrecoverable loop."
20191010448,"alignment-based replay of the historical prefix needed at least one 'log move' -- a logged activity the model could not explain at all (a genuine deviation). Informational only: unlike the old token-based replay, the reconstructed marking is always legally reachable, so this does not by itself put the case at risk of an unrecoverable loop."
20191010449,"alignment-based replay of the historical prefix needed at least one 'log move' -- a logged activity the model could not explain at all (a genuine deviation). Informational only: unlike the old token-based replay, the reconstructed marking is always legally reachable, so this does not by itself put the case at risk of an unrecoverable loop."
20191010483,"alignment-based replay of the historical prefix needed at least one 'log move' -- a logged activity the model could not explain at all (a genuine deviation). Informational only: unlike the old token-based replay, the reconstructed marking is always legally reachable, so this does not by itself put the case at risk of an unrecoverable loop."
20191010484,"alignment-based replay of the historical prefix needed at least one 'log move' -- a logged activity the model could not explain at all (a genuine deviation). Informational only: unlike the old token-based replay, the reconstructed marking is always legally reachable, so this does not by itself put the case at risk of an unrecoverable loop."
20191010487,"alignment-based replay of the historical prefix needed at least one 'log move' -- a logged activity the model could not explain at all (a genuine deviation). Informational only: unlike the old token-based replay, the reconstructed marking is always legally reachable, so this does not by itself put the case at risk of an unrecoverable loop."
20191010497,"alignment-based replay of the historical prefix needed at least one 'log move' -- a logged activity the model could not explain at all (a genuine deviation). Informational only: unlike the old token-based replay, the reconstructed marking is always legally reachable, so this does not by itself put the case at risk of an unrecoverable loop."
20191010506,"alignment-based replay of the historical prefix needed at least one 'log move' -- a logged activity the model could not explain at all (a genuine deviation). Informational only: unlike the old token-based replay, the reconstructed marking is always legally reachable, so this does not by itself put the case at risk of an unrecoverable loop."
20191010510,"alignment-based replay of the historical prefix needed at least one 'log move' -- a logged activity the model could not explain at all (a genuine deviation). Informational only: unlike the old token-based replay, the reconstructed marking is always legally reachable, so this does not by itself put the case at risk of an unrecoverable loop."
20191010512,"alignment-based replay of the historical prefix needed at least one 'log move' -- a logged activity the model could not explain at all (a genuine deviation). Informational only: unlike the old token-based replay, the reconstructed marking is always legally reachable, so this does not by itself put the case at risk of an unrecoverable loop."
20191010514,"alignment-based replay of the historical prefix needed at least one 'log move' -- a logged activity the model could not explain at all (a genuine deviation). Informational only: unlike the old token-based replay, the reconstructed marking is always legally reachable, so this does not by itself put the case at risk of an unrecoverable loop."
20191010516,"alignment-based replay of the historical prefix needed at least one 'log move' -- a logged activity the model could not explain at all (a genuine deviation). Informational only: unlike the old token-based replay, the reconstructed marking is always legally reachable, so this does not by itself put the case at risk of an unrecoverable loop."
20191010529,"alignment-based replay of the historical prefix needed at least one 'log move' -- a logged activity the model could not explain at all (a genuine deviation). Informational only: unlike the old token-based replay, the reconstructed marking is always legally reachable, so this does not by itself put the case at risk of an unrecoverable loop."
20191010532,"alignment-based replay of the historical prefix needed at least one 'log move' -- a logged activity the model could not explain at all (a genuine deviation). Informational only: unlike the old token-based replay, the reconstructed marking is always legally reachable, so this does not by itself put the case at risk of an unrecoverable loop."
20191010543,"alignment-based replay of the historical prefix needed at least one 'log move' -- a logged activity the model could not explain at all (a genuine deviation). Informational only: unlike the old token-based replay, the reconstructed marking is always legally reachable, so this does not by itself put the case at risk of an unrecoverable loop."
20191010555,"alignment-based replay of the historical prefix needed at least one 'log move' -- a logged activity the model could not explain at all (a genuine deviation). Informational only: unlike the old token-based replay, the reconstructed marking is always legally reachable, so this does not by itself put the case at risk of an unrecoverable loop."
20191010563,"alignment-based replay of the historical prefix needed at least one 'log move' -- a logged activity the model could not explain at all (a genuine deviation). Informational only: unlike the old token-based replay, the reconstructed marking is always legally reachable, so this does not by itself put the case at risk of an unrecoverable loop."
20191010564,"alignment-based replay of the historical prefix needed at least one 'log move' -- a logged activity the model could not explain at all (a genuine deviation). Informational only: unlike the old token-based replay, the reconstructed marking is always legally reachable, so this does not by itself put the case at risk of an unrecoverable loop."
20191010565,"alignment-based replay of the historical prefix needed at least one 'log move' -- a logged activity the model could not explain at all (a genuine deviation). Informational only: unlike the old token-based replay, the reconstructed marking is always legally reachable, so this does not by itself put the case at risk of an unrecoverable loop."
20191010567,"alignment-based replay of the historical prefix needed at least one 'log move' -- a logged activity the model could not explain at all (a genuine deviation). Informational only: unlike the old token-based replay, the reconstructed marking is always legally reachable, so this does not by itself put the case at risk of an unrecoverable loop."
20191010580,"alignment-based replay of the historical prefix needed at least one 'log move' -- a logged activity the model could not explain at all (a genuine deviation). Informational only: unlike the old token-based replay, the reconstructed marking is always legally reachable, so this does not by itself put the case at risk of an unrecoverable loop."
20191010582,"alignment-based replay of the historical prefix needed at least one 'log move' -- a logged activity the model could not explain at all (a genuine deviation). Informational only: unlike the old token-based replay, the reconstructed marking is always legally reachable, so this does not by itself put the case at risk of an unrecoverable loop."
20191010585,"alignment-based replay of the historical prefix needed at least one 'log move' -- a logged activity the model could not explain at all (a genuine deviation). Informational only: unlike the old token-based replay, the reconstructed marking is always legally reachable, so this does not by itself put the case at risk of an unrecoverable loop."
20191010603,"alignment-based replay of the historical prefix needed at least one 'log move' -- a logged activity the model could not explain at all (a genuine deviation). Informational only: unlike the old token-based replay, the reconstructed marking is always legally reachable, so this does not by itself put the case at risk of an unrecoverable loop."
20191010606,"alignment-based replay of the historical prefix needed at least one 'log move' -- a logged activity the model could not explain at all (a genuine deviation). Informational only: unlike the old token-based replay, the reconstructed marking is always legally reachable, so this does not by itself put the case at risk of an unrecoverable loop."
20191010609,"alignment-based replay of the historical prefix needed at least one 'log move' -- a logged activity the model could not explain at all (a genuine deviation). Informational only: unlike the old token-based replay, the reconstructed marking is always legally reachable, so this does not by itself put the case at risk of an unrecoverable loop."
20191010610,"alignment-based replay of the historical prefix needed at least one 'log move' -- a logged activity the model could not explain at all (a genuine deviation). Informational only: unlike the old token-based replay, the reconstructed marking is always legally reachable, so this does not by itself put the case at risk of an unrecoverable loop."
20191010611,"alignment-based replay of the historical prefix needed at least one 'log move' -- a logged activity the model could not explain at all (a genuine deviation). Informational only: unlike the old token-based replay, the reconstructed marking is always legally reachable, so this does not by itself put the case at risk of an unrecoverable loop."
20191010613,"alignment-based replay of the historical prefix needed at least one 'log move' -- a logged activity the model could not explain at all (a genuine deviation). Informational only: unlike the old token-based replay, the reconstructed marking is always legally reachable, so this does not by itself put the case at risk of an unrecoverable loop."
20191010619,"alignment-based replay of the historical prefix needed at least one 'log move' -- a logged activity the model could not explain at all (a genuine deviation). Informational only: unlike the old token-based replay, the reconstructed marking is always legally reachable, so this does not by itself put the case at risk of an unrecoverable loop."
20191010620,"alignment-based replay of the historical prefix needed at least one 'log move' -- a logged activity the model could not explain at all (a genuine deviation). Informational only: unlike the old token-based replay, the reconstructed marking is always legally reachable, so this does not by itself put the case at risk of an unrecoverable loop."
20191010628,"alignment-based replay of the historical prefix needed at least one 'log move' -- a logged activity the model could not explain at all (a genuine deviation). Informational only: unlike the old token-based replay, the reconstructed marking is always legally reachable, so this does not by itself put the case at risk of an unrecoverable loop."
20191010631,"alignment-based replay of the historical prefix needed at least one 'log move' -- a logged activity the model could not explain at all (a genuine deviation). Informational only: unlike the old token-based replay, the reconstructed marking is always legally reachable, so this does not by itself put the case at risk of an unrecoverable loop."
20191010640,"alignment-based replay of the historical prefix needed at least one 'log move' -- a logged activity the model could not explain at all (a genuine deviation). Informational only: unlike the old token-based replay, the reconstructed marking is always legally reachable, so this does not by itself put the case at risk of an unrecoverable loop."
20191010647,"alignment-based replay of the historical prefix needed at least one 'log move' -- a logged activity the model could not explain at all (a genuine deviation). Informational only: unlike the old token-based replay, the reconstructed marking is always legally reachable, so this does not by itself put the case at risk of an unrecoverable loop."
20191010652,"alignment-based replay of the historical prefix needed at least one 'log move' -- a logged activity the model could not explain at all (a genuine deviation). Informational only: unlike the old token-based replay, the reconstructed marking is always legally reachable, so this does not by itself put the case at risk of an unrecoverable loop."
20191010699,"alignment-based replay of the historical prefix needed at least one 'log move' -- a logged activity the model could not explain at all (a genuine deviation). Informational only: unlike the old token-based replay, the reconstructed marking is always legally reachable, so this does not by itself put the case at risk of an unrecoverable loop."
20191010712,"alignment-based replay of the historical prefix needed at least one 'log move' -- a logged activity the model could not explain at all (a genuine deviation). Informational only: unlike the old token-based replay, the reconstructed marking is always legally reachable, so this does not by itself put the case at risk of an unrecoverable loop."
20191010724,"alignment-based replay of the historical prefix needed at least one 'log move' -- a logged activity the model could not explain at all (a genuine deviation). Informational only: unlike the old token-based replay, the reconstructed marking is always legally reachable, so this does not by itself put the case at risk of an unrecoverable loop."
20191010725,"alignment-based replay of the historical prefix needed at least one 'log move' -- a logged activity the model could not explain at all (a genuine deviation). Informational only: unlike the old token-based replay, the reconstructed marking is always legally reachable, so this does not by itself put the case at risk of an unrecoverable loop."
20191010733,"alignment-based replay of the historical prefix needed at least one 'log move' -- a logged activity the model could not explain at all (a genuine deviation). Informational only: unlike the old token-based replay, the reconstructed marking is always legally reachable, so this does not by itself put the case at risk of an unrecoverable loop."
20191010745,"alignment-based replay of the historical prefix needed at least one 'log move' -- a logged activity the model could not explain at all (a genuine deviation). Informational only: unlike the old token-based replay, the reconstructed marking is always legally reachable, so this does not by itself put the case at risk of an unrecoverable loop."
20191010748,"alignment-based replay of the historical prefix needed at least one 'log move' -- a logged activity the model could not explain at all (a genuine deviation). Informational only: unlike the old token-based replay, the reconstructed marking is always legally reachable, so this does not by itself put the case at risk of an unrecoverable loop."
20191010749,"alignment-based replay of the historical prefix needed at least one 'log move' -- a logged activity the model could not explain at all (a genuine deviation). Informational only: unlike the old token-based replay, the reconstructed marking is always legally reachable, so this does not by itself put the case at risk of an unrecoverable loop."
20191010755,"alignment-based replay of the historical prefix needed at least one 'log move' -- a logged activity the model could not explain at all (a genuine deviation). Informational only: unlike the old token-based replay, the reconstructed marking is always legally reachable, so this does not by itself put the case at risk of an unrecoverable loop."
20191010782,"alignment-based replay of the historical prefix needed at least one 'log move' -- a logged activity the model could not explain at all (a genuine deviation). Informational only: unlike the old token-based replay, the reconstructed marking is always legally reachable, so this does not by itself put the case at risk of an unrecoverable loop."
20191010795,"alignment-based replay of the historical prefix needed at least one 'log move' -- a logged activity the model could not explain at all (a genuine deviation). Informational only: unlike the old token-based replay, the reconstructed marking is always legally reachable, so this does not by itself put the case at risk of an unrecoverable loop."
20191010801,"alignment-based replay of the historical prefix needed at least one 'log move' -- a logged activity the model could not explain at all (a genuine deviation). Informational only: unlike the old token-based replay, the reconstructed marking is always legally reachable, so this does not by itself put the case at risk of an unrecoverable loop."
20191010808,"alignment-based replay of the historical prefix needed at least one 'log move' -- a logged activity the model could not explain at all (a genuine deviation). Informational only: unlike the old token-based replay, the reconstructed marking is always legally reachable, so this does not by itself put the case at risk of an unrecoverable loop."
20191010812,"alignment-based replay of the historical prefix needed at least one 'log move' -- a logged activity the model could not explain at all (a genuine deviation). Informational only: unlike the old token-based replay, the reconstructed marking is always legally reachable, so this does not by itself put the case at risk of an unrecoverable loop."
20191010818,"alignment-based replay of the historical prefix needed at least one 'log move' -- a logged activity the model could not explain at all (a genuine deviation). Informational only: unlike the old token-based replay, the reconstructed marking is always legally reachable, so this does not by itself put the case at risk of an unrecoverable loop."
20191010820,"alignment-based replay of the historical prefix needed at least one 'log move' -- a logged activity the model could not explain at all (a genuine deviation). Informational only: unlike the old token-based replay, the reconstructed marking is always legally reachable, so this does not by itself put the case at risk of an unrecoverable loop."
20191010821,"alignment-based replay of the historical prefix needed at least one 'log move' -- a logged activity the model could not explain at all (a genuine deviation). Informational only: unlike the old token-based replay, the reconstructed marking is always legally reachable, so this does not by itself put the case at risk of an unrecoverable loop."
20191010832,"alignment-based replay of the historical prefix needed at least one 'log move' -- a logged activity the model could not explain at all (a genuine deviation). Informational only: unlike the old token-based replay, the reconstructed marking is always legally reachable, so this does not by itself put the case at risk of an unrecoverable loop."
20191010840,"alignment-based replay of the historical prefix needed at least one 'log move' -- a logged activity the model could not explain at all (a genuine deviation). Informational only: unlike the old token-based replay, the reconstructed marking is always legally reachable, so this does not by itself put the case at risk of an unrecoverable loop."
20191010843,"alignment-based replay of the historical prefix needed at least one 'log move' -- a logged activity the model could not explain at all (a genuine deviation). Informational only: unlike the old token-based replay, the reconstructed marking is always legally reachable, so this does not by itself put the case at risk of an unrecoverable loop."
20191010846,"alignment-based replay of the historical prefix needed at least one 'log move' -- a logged activity the model could not explain at all (a genuine deviation). Informational only: unlike the old token-based replay, the reconstructed marking is always legally reachable, so this does not by itself put the case at risk of an unrecoverable loop."
20191010862,"alignment-based replay of the historical prefix needed at least one 'log move' -- a logged activity the model could not explain at all (a genuine deviation). Informational only: unlike the old token-based replay, the reconstructed marking is always legally reachable, so this does not by itself put the case at risk of an unrecoverable loop."
20191010875,"alignment-based replay of the historical prefix needed at least one 'log move' -- a logged activity the model could not explain at all (a genuine deviation). Informational only: unlike the old token-based replay, the reconstructed marking is always legally reachable, so this does not by itself put the case at risk of an unrecoverable loop."
20191010881,"alignment-based replay of the historical prefix needed at least one 'log move' -- a logged activity the model could not explain at all (a genuine deviation). Informational only: unlike the old token-based replay, the reconstructed marking is always legally reachable, so this does not by itself put the case at risk of an unrecoverable loop."
20191010888,"alignment-based replay of the historical prefix needed at least one 'log move' -- a logged activity the model could not explain at all (a genuine deviation). Informational only: unlike the old token-based replay, the reconstructed marking is always legally reachable, so this does not by itself put the case at risk of an unrecoverable loop."
20191010896,"alignment-based replay of the historical prefix needed at least one 'log move' -- a logged activity the model could not explain at all (a genuine deviation). Informational only: unlike the old token-based replay, the reconstructed marking is always legally reachable, so this does not by itself put the case at risk of an unrecoverable loop."
20191010902,"alignment-based replay of the historical prefix needed at least one 'log move' -- a logged activity the model could not explain at all (a genuine deviation). Informational only: unlike the old token-based replay, the reconstructed marking is always legally reachable, so this does not by itself put the case at risk of an unrecoverable loop."
20191010904,"alignment-based replay of the historical prefix needed at least one 'log move' -- a logged activity the model could not explain at all (a genuine deviation). Informational only: unlike the old token-based replay, the reconstructed marking is always legally reachable, so this does not by itself put the case at risk of an unrecoverable loop."
20191010911,"alignment-based replay of the historical prefix needed at least one 'log move' -- a logged activity the model could not explain at all (a genuine deviation). Informational only: unlike the old token-based replay, the reconstructed marking is always legally reachable, so this does not by itself put the case at risk of an unrecoverable loop."
20191010920,"alignment-based replay of the historical prefix needed at least one 'log move' -- a logged activity the model could not explain at all (a genuine deviation). Informational only: unlike the old token-based replay, the reconstructed marking is always legally reachable, so this does not by itself put the case at risk of an unrecoverable loop."
20191010927,"alignment-based replay of the historical prefix needed at least one 'log move' -- a logged activity the model could not explain at all (a genuine deviation). Informational only: unlike the old token-based replay, the reconstructed marking is always legally reachable, so this does not by itself put the case at risk of an unrecoverable loop."
20191010932,"alignment-based replay of the historical prefix needed at least one 'log move' -- a logged activity the model could not explain at all (a genuine deviation). Informational only: unlike the old token-based replay, the reconstructed marking is always legally reachable, so this does not by itself put the case at risk of an unrecoverable loop."
20191010937,"alignment-based replay of the historical prefix needed at least one 'log move' -- a logged activity the model could not explain at all (a genuine deviation). Informational only: unlike the old token-based replay, the reconstructed marking is always legally reachable, so this does not by itself put the case at risk of an unrecoverable loop."
20191010981,"alignment-based replay of the historical prefix needed at least one 'log move' -- a logged activity the model could not explain at all (a genuine deviation). Informational only: unlike the old token-based replay, the reconstructed marking is always legally reachable, so this does not by itself put the case at risk of an unrecoverable loop."
20191010988,"alignment-based replay of the historical prefix needed at least one 'log move' -- a logged activity the model could not explain at all (a genuine deviation). Informational only: unlike the old token-based replay, the reconstructed marking is always legally reachable, so this does not by itself put the case at risk of an unrecoverable loop."
20191010991,"alignment-based replay of the historical prefix needed at least one 'log move' -- a logged activity the model could not explain at all (a genuine deviation). Informational only: unlike the old token-based replay, the reconstructed marking is always legally reachable, so this does not by itself put the case at risk of an unrecoverable loop."
20191010994,"alignment-based replay of the historical prefix needed at least one 'log move' -- a logged activity the model could not explain at all (a genuine deviation). Informational only: unlike the old token-based replay, the reconstructed marking is always legally reachable, so this does not by itself put the case at risk of an unrecoverable loop."
20191011012,"alignment-based replay of the historical prefix needed at least one 'log move' -- a logged activity the model could not explain at all (a genuine deviation). Informational only: unlike the old token-based replay, the reconstructed marking is always legally reachable, so this does not by itself put the case at risk of an unrecoverable loop."
20191011016,"alignment-based replay of the historical prefix needed at least one 'log move' -- a logged activity the model could not explain at all (a genuine deviation). Informational only: unlike the old token-based replay, the reconstructed marking is always legally reachable, so this does not by itself put the case at risk of an unrecoverable loop."
20191011018,"alignment-based replay of the historical prefix needed at least one 'log move' -- a logged activity the model could not explain at all (a genuine deviation). Informational only: unlike the old token-based replay, the reconstructed marking is always legally reachable, so this does not by itself put the case at risk of an unrecoverable loop."
20191011019,"alignment-based replay of the historical prefix needed at least one 'log move' -- a logged activity the model could not explain at all (a genuine deviation). Informational only: unlike the old token-based replay, the reconstructed marking is always legally reachable, so this does not by itself put the case at risk of an unrecoverable loop."
20191011026,"alignment-based replay of the historical prefix needed at least one 'log move' -- a logged activity the model could not explain at all (a genuine deviation). Informational only: unlike the old token-based replay, the reconstructed marking is always legally reachable, so this does not by itself put the case at risk of an unrecoverable loop."
20191011033,"alignment-based replay of the historical prefix needed at least one 'log move' -- a logged activity the model could not explain at all (a genuine deviation). Informational only: unlike the old token-based replay, the reconstructed marking is always legally reachable, so this does not by itself put the case at risk of an unrecoverable loop."
20191011038,"alignment-based replay of the historical prefix needed at least one 'log move' -- a logged activity the model could not explain at all (a genuine deviation). Informational only: unlike the old token-based replay, the reconstructed marking is always legally reachable, so this does not by itself put the case at risk of an unrecoverable loop."
20191011051,"alignment-based replay of the historical prefix needed at least one 'log move' -- a logged activity the model could not explain at all (a genuine deviation). Informational only: unlike the old token-based replay, the reconstructed marking is always legally reachable, so this does not by itself put the case at risk of an unrecoverable loop."
20191011054,"alignment-based replay of the historical prefix needed at least one 'log move' -- a logged activity the model could not explain at all (a genuine deviation). Informational only: unlike the old token-based replay, the reconstructed marking is always legally reachable, so this does not by itself put the case at risk of an unrecoverable loop."
20191011056,"alignment-based replay of the historical prefix needed at least one 'log move' -- a logged activity the model could not explain at all (a genuine deviation). Informational only: unlike the old token-based replay, the reconstructed marking is always legally reachable, so this does not by itself put the case at risk of an unrecoverable loop."
20191011057,"alignment-based replay of the historical prefix needed at least one 'log move' -- a logged activity the model could not explain at all (a genuine deviation). Informational only: unlike the old token-based replay, the reconstructed marking is always legally reachable, so this does not by itself put the case at risk of an unrecoverable loop."
20191011062,"alignment-based replay of the historical prefix needed at least one 'log move' -- a logged activity the model could not explain at all (a genuine deviation). Informational only: unlike the old token-based replay, the reconstructed marking is always legally reachable, so this does not by itself put the case at risk of an unrecoverable loop."
20191011067,"alignment-based replay of the historical prefix needed at least one 'log move' -- a logged activity the model could not explain at all (a genuine deviation). Informational only: unlike the old token-based replay, the reconstructed marking is always legally reachable, so this does not by itself put the case at risk of an unrecoverable loop."
20191011069,"alignment-based replay of the historical prefix needed at least one 'log move' -- a logged activity the model could not explain at all (a genuine deviation). Informational only: unlike the old token-based replay, the reconstructed marking is always legally reachable, so this does not by itself put the case at risk of an unrecoverable loop."
20191011070,"alignment-based replay of the historical prefix needed at least one 'log move' -- a logged activity the model could not explain at all (a genuine deviation). Informational only: unlike the old token-based replay, the reconstructed marking is always legally reachable, so this does not by itself put the case at risk of an unrecoverable loop."
20191011071,"alignment-based replay of the historical prefix needed at least one 'log move' -- a logged activity the model could not explain at all (a genuine deviation). Informational only: unlike the old token-based replay, the reconstructed marking is always legally reachable, so this does not by itself put the case at risk of an unrecoverable loop."
20191011098,"alignment-based replay of the historical prefix needed at least one 'log move' -- a logged activity the model could not explain at all (a genuine deviation). Informational only: unlike the old token-based replay, the reconstructed marking is always legally reachable, so this does not by itself put the case at risk of an unrecoverable loop."
20191011126,"alignment-based replay of the historical prefix needed at least one 'log move' -- a logged activity the model could not explain at all (a genuine deviation). Informational only: unlike the old token-based replay, the reconstructed marking is always legally reachable, so this does not by itself put the case at risk of an unrecoverable loop."
20191011127,"alignment-based replay of the historical prefix needed at least one 'log move' -- a logged activity the model could not explain at all (a genuine deviation). Informational only: unlike the old token-based replay, the reconstructed marking is always legally reachable, so this does not by itself put the case at risk of an unrecoverable loop."
20191011128,"alignment-based replay of the historical prefix needed at least one 'log move' -- a logged activity the model could not explain at all (a genuine deviation). Informational only: unlike the old token-based replay, the reconstructed marking is always legally reachable, so this does not by itself put the case at risk of an unrecoverable loop."
20191011143,"alignment-based replay of the historical prefix needed at least one 'log move' -- a logged activity the model could not explain at all (a genuine deviation). Informational only: unlike the old token-based replay, the reconstructed marking is always legally reachable, so this does not by itself put the case at risk of an unrecoverable loop."
20191011155,"alignment-based replay of the historical prefix needed at least one 'log move' -- a logged activity the model could not explain at all (a genuine deviation). Informational only: unlike the old token-based replay, the reconstructed marking is always legally reachable, so this does not by itself put the case at risk of an unrecoverable loop."
20191011158,"alignment-based replay of the historical prefix needed at least one 'log move' -- a logged activity the model could not explain at all (a genuine deviation). Informational only: unlike the old token-based replay, the reconstructed marking is always legally reachable, so this does not by itself put the case at risk of an unrecoverable loop."
20191011161,"alignment-based replay of the historical prefix needed at least one 'log move' -- a logged activity the model could not explain at all (a genuine deviation). Informational only: unlike the old token-based replay, the reconstructed marking is always legally reachable, so this does not by itself put the case at risk of an unrecoverable loop."
20191011173,"alignment-based replay of the historical prefix needed at least one 'log move' -- a logged activity the model could not explain at all (a genuine deviation). Informational only: unlike the old token-based replay, the reconstructed marking is always legally reachable, so this does not by itself put the case at risk of an unrecoverable loop."
20191011176,"alignment-based replay of the historical prefix needed at least one 'log move' -- a logged activity the model could not explain at all (a genuine deviation). Informational only: unlike the old token-based replay, the reconstructed marking is always legally reachable, so this does not by itself put the case at risk of an unrecoverable loop."
20191011177,"alignment-based replay of the historical prefix needed at least one 'log move' -- a logged activity the model could not explain at all (a genuine deviation). Informational only: unlike the old token-based replay, the reconstructed marking is always legally reachable, so this does not by itself put the case at risk of an unrecoverable loop."
20191011178,"alignment-based replay of the historical prefix needed at least one 'log move' -- a logged activity the model could not explain at all (a genuine deviation). Informational only: unlike the old token-based replay, the reconstructed marking is always legally reachable, so this does not by itself put the case at risk of an unrecoverable loop."
20191011196,"alignment-based replay of the historical prefix needed at least one 'log move' -- a logged activity the model could not explain at all (a genuine deviation). Informational only: unlike the old token-based replay, the reconstructed marking is always legally reachable, so this does not by itself put the case at risk of an unrecoverable loop."
20191011204,"alignment-based replay of the historical prefix needed at least one 'log move' -- a logged activity the model could not explain at all (a genuine deviation). Informational only: unlike the old token-based replay, the reconstructed marking is always legally reachable, so this does not by itself put the case at risk of an unrecoverable loop."
20191011207,"alignment-based replay of the historical prefix needed at least one 'log move' -- a logged activity the model could not explain at all (a genuine deviation). Informational only: unlike the old token-based replay, the reconstructed marking is always legally reachable, so this does not by itself put the case at risk of an unrecoverable loop."
20191011225,"alignment-based replay of the historical prefix needed at least one 'log move' -- a logged activity the model could not explain at all (a genuine deviation). Informational only: unlike the old token-based replay, the reconstructed marking is always legally reachable, so this does not by itself put the case at risk of an unrecoverable loop."
20191011232,"alignment-based replay of the historical prefix needed at least one 'log move' -- a logged activity the model could not explain at all (a genuine deviation). Informational only: unlike the old token-based replay, the reconstructed marking is always legally reachable, so this does not by itself put the case at risk of an unrecoverable loop."
20191011247,"alignment-based replay of the historical prefix needed at least one 'log move' -- a logged activity the model could not explain at all (a genuine deviation). Informational only: unlike the old token-based replay, the reconstructed marking is always legally reachable, so this does not by itself put the case at risk of an unrecoverable loop."
20191011258,"alignment-based replay of the historical prefix needed at least one 'log move' -- a logged activity the model could not explain at all (a genuine deviation). Informational only: unlike the old token-based replay, the reconstructed marking is always legally reachable, so this does not by itself put the case at risk of an unrecoverable loop."
20191011264,"alignment-based replay of the historical prefix needed at least one 'log move' -- a logged activity the model could not explain at all (a genuine deviation). Informational only: unlike the old token-based replay, the reconstructed marking is always legally reachable, so this does not by itself put the case at risk of an unrecoverable loop."
20191011267,"alignment-based replay of the historical prefix needed at least one 'log move' -- a logged activity the model could not explain at all (a genuine deviation). Informational only: unlike the old token-based replay, the reconstructed marking is always legally reachable, so this does not by itself put the case at risk of an unrecoverable loop."
20191011272,"alignment-based replay of the historical prefix needed at least one 'log move' -- a logged activity the model could not explain at all (a genuine deviation). Informational only: unlike the old token-based replay, the reconstructed marking is always legally reachable, so this does not by itself put the case at risk of an unrecoverable loop."
20191011273,"alignment-based replay of the historical prefix needed at least one 'log move' -- a logged activity the model could not explain at all (a genuine deviation). Informational only: unlike the old token-based replay, the reconstructed marking is always legally reachable, so this does not by itself put the case at risk of an unrecoverable loop."
20191011277,"alignment-based replay of the historical prefix needed at least one 'log move' -- a logged activity the model could not explain at all (a genuine deviation). Informational only: unlike the old token-based replay, the reconstructed marking is always legally reachable, so this does not by itself put the case at risk of an unrecoverable loop."
20191011306,"alignment-based replay of the historical prefix needed at least one 'log move' -- a logged activity the model could not explain at all (a genuine deviation). Informational only: unlike the old token-based replay, the reconstructed marking is always legally reachable, so this does not by itself put the case at risk of an unrecoverable loop."
20191011315,"alignment-based replay of the historical prefix needed at least one 'log move' -- a logged activity the model could not explain at all (a genuine deviation). Informational only: unlike the old token-based replay, the reconstructed marking is always legally reachable, so this does not by itself put the case at risk of an unrecoverable loop."
20191011319,"alignment-based replay of the historical prefix needed at least one 'log move' -- a logged activity the model could not explain at all (a genuine deviation). Informational only: unlike the old token-based replay, the reconstructed marking is always legally reachable, so this does not by itself put the case at risk of an unrecoverable loop."
20191011321,"alignment-based replay of the historical prefix needed at least one 'log move' -- a logged activity the model could not explain at all (a genuine deviation). Informational only: unlike the old token-based replay, the reconstructed marking is always legally reachable, so this does not by itself put the case at risk of an unrecoverable loop."
20191011322,"alignment-based replay of the historical prefix needed at least one 'log move' -- a logged activity the model could not explain at all (a genuine deviation). Informational only: unlike the old token-based replay, the reconstructed marking is always legally reachable, so this does not by itself put the case at risk of an unrecoverable loop."
20191011325,"alignment-based replay of the historical prefix needed at least one 'log move' -- a logged activity the model could not explain at all (a genuine deviation). Informational only: unlike the old token-based replay, the reconstructed marking is always legally reachable, so this does not by itself put the case at risk of an unrecoverable loop."
20191011353,"alignment-based replay of the historical prefix needed at least one 'log move' -- a logged activity the model could not explain at all (a genuine deviation). Informational only: unlike the old token-based replay, the reconstructed marking is always legally reachable, so this does not by itself put the case at risk of an unrecoverable loop."
20191011354,"alignment-based replay of the historical prefix needed at least one 'log move' -- a logged activity the model could not explain at all (a genuine deviation). Informational only: unlike the old token-based replay, the reconstructed marking is always legally reachable, so this does not by itself put the case at risk of an unrecoverable loop."
20191011356,"alignment-based replay of the historical prefix needed at least one 'log move' -- a logged activity the model could not explain at all (a genuine deviation). Informational only: unlike the old token-based replay, the reconstructed marking is always legally reachable, so this does not by itself put the case at risk of an unrecoverable loop."
20191011357,"alignment-based replay of the historical prefix needed at least one 'log move' -- a logged activity the model could not explain at all (a genuine deviation). Informational only: unlike the old token-based replay, the reconstructed marking is always legally reachable, so this does not by itself put the case at risk of an unrecoverable loop."
20191011358,"alignment-based replay of the historical prefix needed at least one 'log move' -- a logged activity the model could not explain at all (a genuine deviation). Informational only: unlike the old token-based replay, the reconstructed marking is always legally reachable, so this does not by itself put the case at risk of an unrecoverable loop."
20191011359,"alignment-based replay of the historical prefix needed at least one 'log move' -- a logged activity the model could not explain at all (a genuine deviation). Informational only: unlike the old token-based replay, the reconstructed marking is always legally reachable, so this does not by itself put the case at risk of an unrecoverable loop."
20191011360,"alignment-based replay of the historical prefix needed at least one 'log move' -- a logged activity the model could not explain at all (a genuine deviation). Informational only: unlike the old token-based replay, the reconstructed marking is always legally reachable, so this does not by itself put the case at risk of an unrecoverable loop."
20191011361,"alignment-based replay of the historical prefix needed at least one 'log move' -- a logged activity the model could not explain at all (a genuine deviation). Informational only: unlike the old token-based replay, the reconstructed marking is always legally reachable, so this does not by itself put the case at risk of an unrecoverable loop."
20191011362,"alignment-based replay of the historical prefix needed at least one 'log move' -- a logged activity the model could not explain at all (a genuine deviation). Informational only: unlike the old token-based replay, the reconstructed marking is always legally reachable, so this does not by itself put the case at risk of an unrecoverable loop."
20191011363,"alignment-based replay of the historical prefix needed at least one 'log move' -- a logged activity the model could not explain at all (a genuine deviation). Informational only: unlike the old token-based replay, the reconstructed marking is always legally reachable, so this does not by itself put the case at risk of an unrecoverable loop."
20191011364,"alignment-based replay of the historical prefix needed at least one 'log move' -- a logged activity the model could not explain at all (a genuine deviation). Informational only: unlike the old token-based replay, the reconstructed marking is always legally reachable, so this does not by itself put the case at risk of an unrecoverable loop."
20191011365,"alignment-based replay of the historical prefix needed at least one 'log move' -- a logged activity the model could not explain at all (a genuine deviation). Informational only: unlike the old token-based replay, the reconstructed marking is always legally reachable, so this does not by itself put the case at risk of an unrecoverable loop."
20191011366,"alignment-based replay of the historical prefix needed at least one 'log move' -- a logged activity the model could not explain at all (a genuine deviation). Informational only: unlike the old token-based replay, the reconstructed marking is always legally reachable, so this does not by itself put the case at risk of an unrecoverable loop."
20191011367,"alignment-based replay of the historical prefix needed at least one 'log move' -- a logged activity the model could not explain at all (a genuine deviation). Informational only: unlike the old token-based replay, the reconstructed marking is always legally reachable, so this does not by itself put the case at risk of an unrecoverable loop."
20191011368,"alignment-based replay of the historical prefix needed at least one 'log move' -- a logged activity the model could not explain at all (a genuine deviation). Informational only: unlike the old token-based replay, the reconstructed marking is always legally reachable, so this does not by itself put the case at risk of an unrecoverable loop."
20191011369,"alignment-based replay of the historical prefix needed at least one 'log move' -- a logged activity the model could not explain at all (a genuine deviation). Informational only: unlike the old token-based replay, the reconstructed marking is always legally reachable, so this does not by itself put the case at risk of an unrecoverable loop."
20191011371,"alignment-based replay of the historical prefix needed at least one 'log move' -- a logged activity the model could not explain at all (a genuine deviation). Informational only: unlike the old token-based replay, the reconstructed marking is always legally reachable, so this does not by itself put the case at risk of an unrecoverable loop."
20191011373,"alignment-based replay of the historical prefix needed at least one 'log move' -- a logged activity the model could not explain at all (a genuine deviation). Informational only: unlike the old token-based replay, the reconstructed marking is always legally reachable, so this does not by itself put the case at risk of an unrecoverable loop."
20191011374,"alignment-based replay of the historical prefix needed at least one 'log move' -- a logged activity the model could not explain at all (a genuine deviation). Informational only: unlike the old token-based replay, the reconstructed marking is always legally reachable, so this does not by itself put the case at risk of an unrecoverable loop."
20191011375,"alignment-based replay of the historical prefix needed at least one 'log move' -- a logged activity the model could not explain at all (a genuine deviation). Informational only: unlike the old token-based replay, the reconstructed marking is always legally reachable, so this does not by itself put the case at risk of an unrecoverable loop."
20191011376,"alignment-based replay of the historical prefix needed at least one 'log move' -- a logged activity the model could not explain at all (a genuine deviation). Informational only: unlike the old token-based replay, the reconstructed marking is always legally reachable, so this does not by itself put the case at risk of an unrecoverable loop."
20191011377,"alignment-based replay of the historical prefix needed at least one 'log move' -- a logged activity the model could not explain at all (a genuine deviation). Informational only: unlike the old token-based replay, the reconstructed marking is always legally reachable, so this does not by itself put the case at risk of an unrecoverable loop."
20191011378,"alignment-based replay of the historical prefix needed at least one 'log move' -- a logged activity the model could not explain at all (a genuine deviation). Informational only: unlike the old token-based replay, the reconstructed marking is always legally reachable, so this does not by itself put the case at risk of an unrecoverable loop."
20191011379,"alignment-based replay of the historical prefix needed at least one 'log move' -- a logged activity the model could not explain at all (a genuine deviation). Informational only: unlike the old token-based replay, the reconstructed marking is always legally reachable, so this does not by itself put the case at risk of an unrecoverable loop."
20191011380,"alignment-based replay of the historical prefix needed at least one 'log move' -- a logged activity the model could not explain at all (a genuine deviation). Informational only: unlike the old token-based replay, the reconstructed marking is always legally reachable, so this does not by itself put the case at risk of an unrecoverable loop."
20191011381,"alignment-based replay of the historical prefix needed at least one 'log move' -- a logged activity the model could not explain at all (a genuine deviation). Informational only: unlike the old token-based replay, the reconstructed marking is always legally reachable, so this does not by itself put the case at risk of an unrecoverable loop."
20191011382,"alignment-based replay of the historical prefix needed at least one 'log move' -- a logged activity the model could not explain at all (a genuine deviation). Informational only: unlike the old token-based replay, the reconstructed marking is always legally reachable, so this does not by itself put the case at risk of an unrecoverable loop."
20191011383,"alignment-based replay of the historical prefix needed at least one 'log move' -- a logged activity the model could not explain at all (a genuine deviation). Informational only: unlike the old token-based replay, the reconstructed marking is always legally reachable, so this does not by itself put the case at risk of an unrecoverable loop."
20191011384,"alignment-based replay of the historical prefix needed at least one 'log move' -- a logged activity the model could not explain at all (a genuine deviation). Informational only: unlike the old token-based replay, the reconstructed marking is always legally reachable, so this does not by itself put the case at risk of an unrecoverable loop."
20191011385,"alignment-based replay of the historical prefix needed at least one 'log move' -- a logged activity the model could not explain at all (a genuine deviation). Informational only: unlike the old token-based replay, the reconstructed marking is always legally reachable, so this does not by itself put the case at risk of an unrecoverable loop."
20191011386,"alignment-based replay of the historical prefix needed at least one 'log move' -- a logged activity the model could not explain at all (a genuine deviation). Informational only: unlike the old token-based replay, the reconstructed marking is always legally reachable, so this does not by itself put the case at risk of an unrecoverable loop."
20191011387,"alignment-based replay of the historical prefix needed at least one 'log move' -- a logged activity the model could not explain at all (a genuine deviation). Informational only: unlike the old token-based replay, the reconstructed marking is always legally reachable, so this does not by itself put the case at risk of an unrecoverable loop."
20191011388,"alignment-based replay of the historical prefix needed at least one 'log move' -- a logged activity the model could not explain at all (a genuine deviation). Informational only: unlike the old token-based replay, the reconstructed marking is always legally reachable, so this does not by itself put the case at risk of an unrecoverable loop."
20191011389,"alignment-based replay of the historical prefix needed at least one 'log move' -- a logged activity the model could not explain at all (a genuine deviation). Informational only: unlike the old token-based replay, the reconstructed marking is always legally reachable, so this does not by itself put the case at risk of an unrecoverable loop."
20191011390,"alignment-based replay of the historical prefix needed at least one 'log move' -- a logged activity the model could not explain at all (a genuine deviation). Informational only: unlike the old token-based replay, the reconstructed marking is always legally reachable, so this does not by itself put the case at risk of an unrecoverable loop."
20191011391,"alignment-based replay of the historical prefix needed at least one 'log move' -- a logged activity the model could not explain at all (a genuine deviation). Informational only: unlike the old token-based replay, the reconstructed marking is always legally reachable, so this does not by itself put the case at risk of an unrecoverable loop."
20191011392,"alignment-based replay of the historical prefix needed at least one 'log move' -- a logged activity the model could not explain at all (a genuine deviation). Informational only: unlike the old token-based replay, the reconstructed marking is always legally reachable, so this does not by itself put the case at risk of an unrecoverable loop."
20191011393,"alignment-based replay of the historical prefix needed at least one 'log move' -- a logged activity the model could not explain at all (a genuine deviation). Informational only: unlike the old token-based replay, the reconstructed marking is always legally reachable, so this does not by itself put the case at risk of an unrecoverable loop."
20191011399,"alignment-based replay of the historical prefix needed at least one 'log move' -- a logged activity the model could not explain at all (a genuine deviation). Informational only: unlike the old token-based replay, the reconstructed marking is always legally reachable, so this does not by itself put the case at risk of an unrecoverable loop."
20191011404,"alignment-based replay of the historical prefix needed at least one 'log move' -- a logged activity the model could not explain at all (a genuine deviation). Informational only: unlike the old token-based replay, the reconstructed marking is always legally reachable, so this does not by itself put the case at risk of an unrecoverable loop."
20191011408,"alignment-based replay of the historical prefix needed at least one 'log move' -- a logged activity the model could not explain at all (a genuine deviation). Informational only: unlike the old token-based replay, the reconstructed marking is always legally reachable, so this does not by itself put the case at risk of an unrecoverable loop."
20191011412,"alignment-based replay of the historical prefix needed at least one 'log move' -- a logged activity the model could not explain at all (a genuine deviation). Informational only: unlike the old token-based replay, the reconstructed marking is always legally reachable, so this does not by itself put the case at risk of an unrecoverable loop."
20191011413,"alignment-based replay of the historical prefix needed at least one 'log move' -- a logged activity the model could not explain at all (a genuine deviation). Informational only: unlike the old token-based replay, the reconstructed marking is always legally reachable, so this does not by itself put the case at risk of an unrecoverable loop."
20191011414,"alignment-based replay of the historical prefix needed at least one 'log move' -- a logged activity the model could not explain at all (a genuine deviation). Informational only: unlike the old token-based replay, the reconstructed marking is always legally reachable, so this does not by itself put the case at risk of an unrecoverable loop."
20191011416,"alignment-based replay of the historical prefix needed at least one 'log move' -- a logged activity the model could not explain at all (a genuine deviation). Informational only: unlike the old token-based replay, the reconstructed marking is always legally reachable, so this does not by itself put the case at risk of an unrecoverable loop."
20191011417,"alignment-based replay of the historical prefix needed at least one 'log move' -- a logged activity the model could not explain at all (a genuine deviation). Informational only: unlike the old token-based replay, the reconstructed marking is always legally reachable, so this does not by itself put the case at risk of an unrecoverable loop."
20191011419,"alignment-based replay of the historical prefix needed at least one 'log move' -- a logged activity the model could not explain at all (a genuine deviation). Informational only: unlike the old token-based replay, the reconstructed marking is always legally reachable, so this does not by itself put the case at risk of an unrecoverable loop."
20191011424,"alignment-based replay of the historical prefix needed at least one 'log move' -- a logged activity the model could not explain at all (a genuine deviation). Informational only: unlike the old token-based replay, the reconstructed marking is always legally reachable, so this does not by itself put the case at risk of an unrecoverable loop."
20191011429,"alignment-based replay of the historical prefix needed at least one 'log move' -- a logged activity the model could not explain at all (a genuine deviation). Informational only: unlike the old token-based replay, the reconstructed marking is always legally reachable, so this does not by itself put the case at risk of an unrecoverable loop."
20191011434,"alignment-based replay of the historical prefix needed at least one 'log move' -- a logged activity the model could not explain at all (a genuine deviation). Informational only: unlike the old token-based replay, the reconstructed marking is always legally reachable, so this does not by itself put the case at risk of an unrecoverable loop."
20191011438,"alignment-based replay of the historical prefix needed at least one 'log move' -- a logged activity the model could not explain at all (a genuine deviation). Informational only: unlike the old token-based replay, the reconstructed marking is always legally reachable, so this does not by itself put the case at risk of an unrecoverable loop."
20191011449,"alignment-based replay of the historical prefix needed at least one 'log move' -- a logged activity the model could not explain at all (a genuine deviation). Informational only: unlike the old token-based replay, the reconstructed marking is always legally reachable, so this does not by itself put the case at risk of an unrecoverable loop."
20191011450,"alignment-based replay of the historical prefix needed at least one 'log move' -- a logged activity the model could not explain at all (a genuine deviation). Informational only: unlike the old token-based replay, the reconstructed marking is always legally reachable, so this does not by itself put the case at risk of an unrecoverable loop."
20191011452,"alignment-based replay of the historical prefix needed at least one 'log move' -- a logged activity the model could not explain at all (a genuine deviation). Informational only: unlike the old token-based replay, the reconstructed marking is always legally reachable, so this does not by itself put the case at risk of an unrecoverable loop."
20191011457,"alignment-based replay of the historical prefix needed at least one 'log move' -- a logged activity the model could not explain at all (a genuine deviation). Informational only: unlike the old token-based replay, the reconstructed marking is always legally reachable, so this does not by itself put the case at risk of an unrecoverable loop."
20191011463,"alignment-based replay of the historical prefix needed at least one 'log move' -- a logged activity the model could not explain at all (a genuine deviation). Informational only: unlike the old token-based replay, the reconstructed marking is always legally reachable, so this does not by itself put the case at risk of an unrecoverable loop."
20191011466,"alignment-based replay of the historical prefix needed at least one 'log move' -- a logged activity the model could not explain at all (a genuine deviation). Informational only: unlike the old token-based replay, the reconstructed marking is always legally reachable, so this does not by itself put the case at risk of an unrecoverable loop."
20191011470,"alignment-based replay of the historical prefix needed at least one 'log move' -- a logged activity the model could not explain at all (a genuine deviation). Informational only: unlike the old token-based replay, the reconstructed marking is always legally reachable, so this does not by itself put the case at risk of an unrecoverable loop."
20191011489,"alignment-based replay of the historical prefix needed at least one 'log move' -- a logged activity the model could not explain at all (a genuine deviation). Informational only: unlike the old token-based replay, the reconstructed marking is always legally reachable, so this does not by itself put the case at risk of an unrecoverable loop."
20191011492,"alignment-based replay of the historical prefix needed at least one 'log move' -- a logged activity the model could not explain at all (a genuine deviation). Informational only: unlike the old token-based replay, the reconstructed marking is always legally reachable, so this does not by itself put the case at risk of an unrecoverable loop."
20191011493,"alignment-based replay of the historical prefix needed at least one 'log move' -- a logged activity the model could not explain at all (a genuine deviation). Informational only: unlike the old token-based replay, the reconstructed marking is always legally reachable, so this does not by itself put the case at risk of an unrecoverable loop."
20191011494,"alignment-based replay of the historical prefix needed at least one 'log move' -- a logged activity the model could not explain at all (a genuine deviation). Informational only: unlike the old token-based replay, the reconstructed marking is always legally reachable, so this does not by itself put the case at risk of an unrecoverable loop."
20191011496,"alignment-based replay of the historical prefix needed at least one 'log move' -- a logged activity the model could not explain at all (a genuine deviation). Informational only: unlike the old token-based replay, the reconstructed marking is always legally reachable, so this does not by itself put the case at risk of an unrecoverable loop."
20191011498,"alignment-based replay of the historical prefix needed at least one 'log move' -- a logged activity the model could not explain at all (a genuine deviation). Informational only: unlike the old token-based replay, the reconstructed marking is always legally reachable, so this does not by itself put the case at risk of an unrecoverable loop."
20191011504,"alignment-based replay of the historical prefix needed at least one 'log move' -- a logged activity the model could not explain at all (a genuine deviation). Informational only: unlike the old token-based replay, the reconstructed marking is always legally reachable, so this does not by itself put the case at risk of an unrecoverable loop."
20191011512,"alignment-based replay of the historical prefix needed at least one 'log move' -- a logged activity the model could not explain at all (a genuine deviation). Informational only: unlike the old token-based replay, the reconstructed marking is always legally reachable, so this does not by itself put the case at risk of an unrecoverable loop."
20191011514,"alignment-based replay of the historical prefix needed at least one 'log move' -- a logged activity the model could not explain at all (a genuine deviation). Informational only: unlike the old token-based replay, the reconstructed marking is always legally reachable, so this does not by itself put the case at risk of an unrecoverable loop."
20191011522,"alignment-based replay of the historical prefix needed at least one 'log move' -- a logged activity the model could not explain at all (a genuine deviation). Informational only: unlike the old token-based replay, the reconstructed marking is always legally reachable, so this does not by itself put the case at risk of an unrecoverable loop."
20191011539,"alignment-based replay of the historical prefix needed at least one 'log move' -- a logged activity the model could not explain at all (a genuine deviation). Informational only: unlike the old token-based replay, the reconstructed marking is always legally reachable, so this does not by itself put the case at risk of an unrecoverable loop."
20191011549,"alignment-based replay of the historical prefix needed at least one 'log move' -- a logged activity the model could not explain at all (a genuine deviation). Informational only: unlike the old token-based replay, the reconstructed marking is always legally reachable, so this does not by itself put the case at risk of an unrecoverable loop."
20191011553,"alignment-based replay of the historical prefix needed at least one 'log move' -- a logged activity the model could not explain at all (a genuine deviation). Informational only: unlike the old token-based replay, the reconstructed marking is always legally reachable, so this does not by itself put the case at risk of an unrecoverable loop."
20191011556,"alignment-based replay of the historical prefix needed at least one 'log move' -- a logged activity the model could not explain at all (a genuine deviation). Informational only: unlike the old token-based replay, the reconstructed marking is always legally reachable, so this does not by itself put the case at risk of an unrecoverable loop."
20191011559,"alignment-based replay of the historical prefix needed at least one 'log move' -- a logged activity the model could not explain at all (a genuine deviation). Informational only: unlike the old token-based replay, the reconstructed marking is always legally reachable, so this does not by itself put the case at risk of an unrecoverable loop."
20191011560,"alignment-based replay of the historical prefix needed at least one 'log move' -- a logged activity the model could not explain at all (a genuine deviation). Informational only: unlike the old token-based replay, the reconstructed marking is always legally reachable, so this does not by itself put the case at risk of an unrecoverable loop."
20191011565,"alignment-based replay of the historical prefix needed at least one 'log move' -- a logged activity the model could not explain at all (a genuine deviation). Informational only: unlike the old token-based replay, the reconstructed marking is always legally reachable, so this does not by itself put the case at risk of an unrecoverable loop."
20191011566,"alignment-based replay of the historical prefix needed at least one 'log move' -- a logged activity the model could not explain at all (a genuine deviation). Informational only: unlike the old token-based replay, the reconstructed marking is always legally reachable, so this does not by itself put the case at risk of an unrecoverable loop."
20191011592,"alignment-based replay of the historical prefix needed at least one 'log move' -- a logged activity the model could not explain at all (a genuine deviation). Informational only: unlike the old token-based replay, the reconstructed marking is always legally reachable, so this does not by itself put the case at risk of an unrecoverable loop."
20191011593,"alignment-based replay of the historical prefix needed at least one 'log move' -- a logged activity the model could not explain at all (a genuine deviation). Informational only: unlike the old token-based replay, the reconstructed marking is always legally reachable, so this does not by itself put the case at risk of an unrecoverable loop."
20191011595,"alignment-based replay of the historical prefix needed at least one 'log move' -- a logged activity the model could not explain at all (a genuine deviation). Informational only: unlike the old token-based replay, the reconstructed marking is always legally reachable, so this does not by itself put the case at risk of an unrecoverable loop."
20191011601,"alignment-based replay of the historical prefix needed at least one 'log move' -- a logged activity the model could not explain at all (a genuine deviation). Informational only: unlike the old token-based replay, the reconstructed marking is always legally reachable, so this does not by itself put the case at risk of an unrecoverable loop."
20191011604,"alignment-based replay of the historical prefix needed at least one 'log move' -- a logged activity the model could not explain at all (a genuine deviation). Informational only: unlike the old token-based replay, the reconstructed marking is always legally reachable, so this does not by itself put the case at risk of an unrecoverable loop."
20191011607,"alignment-based replay of the historical prefix needed at least one 'log move' -- a logged activity the model could not explain at all (a genuine deviation). Informational only: unlike the old token-based replay, the reconstructed marking is always legally reachable, so this does not by itself put the case at risk of an unrecoverable loop."
20191011616,"alignment-based replay of the historical prefix needed at least one 'log move' -- a logged activity the model could not explain at all (a genuine deviation). Informational only: unlike the old token-based replay, the reconstructed marking is always legally reachable, so this does not by itself put the case at risk of an unrecoverable loop."
20191011617,"alignment-based replay of the historical prefix needed at least one 'log move' -- a logged activity the model could not explain at all (a genuine deviation). Informational only: unlike the old token-based replay, the reconstructed marking is always legally reachable, so this does not by itself put the case at risk of an unrecoverable loop."
20191011622,"alignment-based replay of the historical prefix needed at least one 'log move' -- a logged activity the model could not explain at all (a genuine deviation). Informational only: unlike the old token-based replay, the reconstructed marking is always legally reachable, so this does not by itself put the case at risk of an unrecoverable loop."
20191011623,"alignment-based replay of the historical prefix needed at least one 'log move' -- a logged activity the model could not explain at all (a genuine deviation). Informational only: unlike the old token-based replay, the reconstructed marking is always legally reachable, so this does not by itself put the case at risk of an unrecoverable loop."
20191011624,"alignment-based replay of the historical prefix needed at least one 'log move' -- a logged activity the model could not explain at all (a genuine deviation). Informational only: unlike the old token-based replay, the reconstructed marking is always legally reachable, so this does not by itself put the case at risk of an unrecoverable loop."
20191011636,"alignment-based replay of the historical prefix needed at least one 'log move' -- a logged activity the model could not explain at all (a genuine deviation). Informational only: unlike the old token-based replay, the reconstructed marking is always legally reachable, so this does not by itself put the case at risk of an unrecoverable loop."
20191011638,"alignment-based replay of the historical prefix needed at least one 'log move' -- a logged activity the model could not explain at all (a genuine deviation). Informational only: unlike the old token-based replay, the reconstructed marking is always legally reachable, so this does not by itself put the case at risk of an unrecoverable loop."
20191011640,"alignment-based replay of the historical prefix needed at least one 'log move' -- a logged activity the model could not explain at all (a genuine deviation). Informational only: unlike the old token-based replay, the reconstructed marking is always legally reachable, so this does not by itself put the case at risk of an unrecoverable loop."
20191011652,"alignment-based replay of the historical prefix needed at least one 'log move' -- a logged activity the model could not explain at all (a genuine deviation). Informational only: unlike the old token-based replay, the reconstructed marking is always legally reachable, so this does not by itself put the case at risk of an unrecoverable loop."
20191011665,"alignment-based replay of the historical prefix needed at least one 'log move' -- a logged activity the model could not explain at all (a genuine deviation). Informational only: unlike the old token-based replay, the reconstructed marking is always legally reachable, so this does not by itself put the case at risk of an unrecoverable loop."
20191011677,"alignment-based replay of the historical prefix needed at least one 'log move' -- a logged activity the model could not explain at all (a genuine deviation). Informational only: unlike the old token-based replay, the reconstructed marking is always legally reachable, so this does not by itself put the case at risk of an unrecoverable loop."
20191011684,"alignment-based replay of the historical prefix needed at least one 'log move' -- a logged activity the model could not explain at all (a genuine deviation). Informational only: unlike the old token-based replay, the reconstructed marking is always legally reachable, so this does not by itself put the case at risk of an unrecoverable loop."
20191011688,"alignment-based replay of the historical prefix needed at least one 'log move' -- a logged activity the model could not explain at all (a genuine deviation). Informational only: unlike the old token-based replay, the reconstructed marking is always legally reachable, so this does not by itself put the case at risk of an unrecoverable loop."
20191011702,"alignment-based replay of the historical prefix needed at least one 'log move' -- a logged activity the model could not explain at all (a genuine deviation). Informational only: unlike the old token-based replay, the reconstructed marking is always legally reachable, so this does not by itself put the case at risk of an unrecoverable loop."
20191011713,"alignment-based replay of the historical prefix needed at least one 'log move' -- a logged activity the model could not explain at all (a genuine deviation). Informational only: unlike the old token-based replay, the reconstructed marking is always legally reachable, so this does not by itself put the case at risk of an unrecoverable loop."
20191011715,"alignment-based replay of the historical prefix needed at least one 'log move' -- a logged activity the model could not explain at all (a genuine deviation). Informational only: unlike the old token-based replay, the reconstructed marking is always legally reachable, so this does not by itself put the case at risk of an unrecoverable loop."
20191011717,"alignment-based replay of the historical prefix needed at least one 'log move' -- a logged activity the model could not explain at all (a genuine deviation). Informational only: unlike the old token-based replay, the reconstructed marking is always legally reachable, so this does not by itself put the case at risk of an unrecoverable loop."
20191011718,"alignment-based replay of the historical prefix needed at least one 'log move' -- a logged activity the model could not explain at all (a genuine deviation). Informational only: unlike the old token-based replay, the reconstructed marking is always legally reachable, so this does not by itself put the case at risk of an unrecoverable loop."
20191011725,"alignment-based replay of the historical prefix needed at least one 'log move' -- a logged activity the model could not explain at all (a genuine deviation). Informational only: unlike the old token-based replay, the reconstructed marking is always legally reachable, so this does not by itself put the case at risk of an unrecoverable loop."
20191011733,"alignment-based replay of the historical prefix needed at least one 'log move' -- a logged activity the model could not explain at all (a genuine deviation). Informational only: unlike the old token-based replay, the reconstructed marking is always legally reachable, so this does not by itself put the case at risk of an unrecoverable loop."
20191011739,"alignment-based replay of the historical prefix needed at least one 'log move' -- a logged activity the model could not explain at all (a genuine deviation). Informational only: unlike the old token-based replay, the reconstructed marking is always legally reachable, so this does not by itself put the case at risk of an unrecoverable loop."
20191011749,"alignment-based replay of the historical prefix needed at least one 'log move' -- a logged activity the model could not explain at all (a genuine deviation). Informational only: unlike the old token-based replay, the reconstructed marking is always legally reachable, so this does not by itself put the case at risk of an unrecoverable loop."
20191011775,"alignment-based replay of the historical prefix needed at least one 'log move' -- a logged activity the model could not explain at all (a genuine deviation). Informational only: unlike the old token-based replay, the reconstructed marking is always legally reachable, so this does not by itself put the case at risk of an unrecoverable loop."
20191011779,"alignment-based replay of the historical prefix needed at least one 'log move' -- a logged activity the model could not explain at all (a genuine deviation). Informational only: unlike the old token-based replay, the reconstructed marking is always legally reachable, so this does not by itself put the case at risk of an unrecoverable loop."
20191011789,"alignment-based replay of the historical prefix needed at least one 'log move' -- a logged activity the model could not explain at all (a genuine deviation). Informational only: unlike the old token-based replay, the reconstructed marking is always legally reachable, so this does not by itself put the case at risk of an unrecoverable loop."
20191011790,"alignment-based replay of the historical prefix needed at least one 'log move' -- a logged activity the model could not explain at all (a genuine deviation). Informational only: unlike the old token-based replay, the reconstructed marking is always legally reachable, so this does not by itself put the case at risk of an unrecoverable loop."
20191011797,"alignment-based replay of the historical prefix needed at least one 'log move' -- a logged activity the model could not explain at all (a genuine deviation). Informational only: unlike the old token-based replay, the reconstructed marking is always legally reachable, so this does not by itself put the case at risk of an unrecoverable loop."
20191011798,"alignment-based replay of the historical prefix needed at least one 'log move' -- a logged activity the model could not explain at all (a genuine deviation). Informational only: unlike the old token-based replay, the reconstructed marking is always legally reachable, so this does not by itself put the case at risk of an unrecoverable loop."
20191011800,"alignment-based replay of the historical prefix needed at least one 'log move' -- a logged activity the model could not explain at all (a genuine deviation). Informational only: unlike the old token-based replay, the reconstructed marking is always legally reachable, so this does not by itself put the case at risk of an unrecoverable loop."
20191011802,"alignment-based replay of the historical prefix needed at least one 'log move' -- a logged activity the model could not explain at all (a genuine deviation). Informational only: unlike the old token-based replay, the reconstructed marking is always legally reachable, so this does not by itself put the case at risk of an unrecoverable loop."
20191011809,"alignment-based replay of the historical prefix needed at least one 'log move' -- a logged activity the model could not explain at all (a genuine deviation). Informational only: unlike the old token-based replay, the reconstructed marking is always legally reachable, so this does not by itself put the case at risk of an unrecoverable loop."
20191011828,"alignment-based replay of the historical prefix needed at least one 'log move' -- a logged activity the model could not explain at all (a genuine deviation). Informational only: unlike the old token-based replay, the reconstructed marking is always legally reachable, so this does not by itself put the case at risk of an unrecoverable loop."
20191011830,"alignment-based replay of the historical prefix needed at least one 'log move' -- a logged activity the model could not explain at all (a genuine deviation). Informational only: unlike the old token-based replay, the reconstructed marking is always legally reachable, so this does not by itself put the case at risk of an unrecoverable loop."
20191011835,"alignment-based replay of the historical prefix needed at least one 'log move' -- a logged activity the model could not explain at all (a genuine deviation). Informational only: unlike the old token-based replay, the reconstructed marking is always legally reachable, so this does not by itself put the case at risk of an unrecoverable loop."
20191011838,"alignment-based replay of the historical prefix needed at least one 'log move' -- a logged activity the model could not explain at all (a genuine deviation). Informational only: unlike the old token-based replay, the reconstructed marking is always legally reachable, so this does not by itself put the case at risk of an unrecoverable loop."
20191011840,"alignment-based replay of the historical prefix needed at least one 'log move' -- a logged activity the model could not explain at all (a genuine deviation). Informational only: unlike the old token-based replay, the reconstructed marking is always legally reachable, so this does not by itself put the case at risk of an unrecoverable loop."
20191011846,"alignment-based replay of the historical prefix needed at least one 'log move' -- a logged activity the model could not explain at all (a genuine deviation). Informational only: unlike the old token-based replay, the reconstructed marking is always legally reachable, so this does not by itself put the case at risk of an unrecoverable loop."
20191011856,"alignment-based replay of the historical prefix needed at least one 'log move' -- a logged activity the model could not explain at all (a genuine deviation). Informational only: unlike the old token-based replay, the reconstructed marking is always legally reachable, so this does not by itself put the case at risk of an unrecoverable loop."
20191011858,"alignment-based replay of the historical prefix needed at least one 'log move' -- a logged activity the model could not explain at all (a genuine deviation). Informational only: unlike the old token-based replay, the reconstructed marking is always legally reachable, so this does not by itself put the case at risk of an unrecoverable loop."
20191011863,"alignment-based replay of the historical prefix needed at least one 'log move' -- a logged activity the model could not explain at all (a genuine deviation). Informational only: unlike the old token-based replay, the reconstructed marking is always legally reachable, so this does not by itself put the case at risk of an unrecoverable loop."
20191011864,"alignment-based replay of the historical prefix needed at least one 'log move' -- a logged activity the model could not explain at all (a genuine deviation). Informational only: unlike the old token-based replay, the reconstructed marking is always legally reachable, so this does not by itself put the case at risk of an unrecoverable loop."
20191011868,"alignment-based replay of the historical prefix needed at least one 'log move' -- a logged activity the model could not explain at all (a genuine deviation). Informational only: unlike the old token-based replay, the reconstructed marking is always legally reachable, so this does not by itself put the case at risk of an unrecoverable loop."
20191011869,"alignment-based replay of the historical prefix needed at least one 'log move' -- a logged activity the model could not explain at all (a genuine deviation). Informational only: unlike the old token-based replay, the reconstructed marking is always legally reachable, so this does not by itself put the case at risk of an unrecoverable loop."
20191011870,"alignment-based replay of the historical prefix needed at least one 'log move' -- a logged activity the model could not explain at all (a genuine deviation). Informational only: unlike the old token-based replay, the reconstructed marking is always legally reachable, so this does not by itself put the case at risk of an unrecoverable loop."
20191011873,"alignment-based replay of the historical prefix needed at least one 'log move' -- a logged activity the model could not explain at all (a genuine deviation). Informational only: unlike the old token-based replay, the reconstructed marking is always legally reachable, so this does not by itself put the case at risk of an unrecoverable loop."
20191011875,"alignment-based replay of the historical prefix needed at least one 'log move' -- a logged activity the model could not explain at all (a genuine deviation). Informational only: unlike the old token-based replay, the reconstructed marking is always legally reachable, so this does not by itself put the case at risk of an unrecoverable loop."
20191011878,"alignment-based replay of the historical prefix needed at least one 'log move' -- a logged activity the model could not explain at all (a genuine deviation). Informational only: unlike the old token-based replay, the reconstructed marking is always legally reachable, so this does not by itself put the case at risk of an unrecoverable loop."
20191011881,"alignment-based replay of the historical prefix needed at least one 'log move' -- a logged activity the model could not explain at all (a genuine deviation). Informational only: unlike the old token-based replay, the reconstructed marking is always legally reachable, so this does not by itself put the case at risk of an unrecoverable loop."
20191011885,"alignment-based replay of the historical prefix needed at least one 'log move' -- a logged activity the model could not explain at all (a genuine deviation). Informational only: unlike the old token-based replay, the reconstructed marking is always legally reachable, so this does not by itself put the case at risk of an unrecoverable loop."
20191011889,"alignment-based replay of the historical prefix needed at least one 'log move' -- a logged activity the model could not explain at all (a genuine deviation). Informational only: unlike the old token-based replay, the reconstructed marking is always legally reachable, so this does not by itself put the case at risk of an unrecoverable loop."
20191011890,"alignment-based replay of the historical prefix needed at least one 'log move' -- a logged activity the model could not explain at all (a genuine deviation). Informational only: unlike the old token-based replay, the reconstructed marking is always legally reachable, so this does not by itself put the case at risk of an unrecoverable loop."
20191011892,"alignment-based replay of the historical prefix needed at least one 'log move' -- a logged activity the model could not explain at all (a genuine deviation). Informational only: unlike the old token-based replay, the reconstructed marking is always legally reachable, so this does not by itself put the case at risk of an unrecoverable loop."
20191011898,"alignment-based replay of the historical prefix needed at least one 'log move' -- a logged activity the model could not explain at all (a genuine deviation). Informational only: unlike the old token-based replay, the reconstructed marking is always legally reachable, so this does not by itself put the case at risk of an unrecoverable loop."
20191011901,"alignment-based replay of the historical prefix needed at least one 'log move' -- a logged activity the model could not explain at all (a genuine deviation). Informational only: unlike the old token-based replay, the reconstructed marking is always legally reachable, so this does not by itself put the case at risk of an unrecoverable loop."
20191011909,"alignment-based replay of the historical prefix needed at least one 'log move' -- a logged activity the model could not explain at all (a genuine deviation). Informational only: unlike the old token-based replay, the reconstructed marking is always legally reachable, so this does not by itself put the case at risk of an unrecoverable loop."
20191011922,"alignment-based replay of the historical prefix needed at least one 'log move' -- a logged activity the model could not explain at all (a genuine deviation). Informational only: unlike the old token-based replay, the reconstructed marking is always legally reachable, so this does not by itself put the case at risk of an unrecoverable loop."
20191011939,"alignment-based replay of the historical prefix needed at least one 'log move' -- a logged activity the model could not explain at all (a genuine deviation). Informational only: unlike the old token-based replay, the reconstructed marking is always legally reachable, so this does not by itself put the case at risk of an unrecoverable loop."
20191011944,"alignment-based replay of the historical prefix needed at least one 'log move' -- a logged activity the model could not explain at all (a genuine deviation). Informational only: unlike the old token-based replay, the reconstructed marking is always legally reachable, so this does not by itself put the case at risk of an unrecoverable loop."
20191011948,"alignment-based replay of the historical prefix needed at least one 'log move' -- a logged activity the model could not explain at all (a genuine deviation). Informational only: unlike the old token-based replay, the reconstructed marking is always legally reachable, so this does not by itself put the case at risk of an unrecoverable loop."
20191011951,"alignment-based replay of the historical prefix needed at least one 'log move' -- a logged activity the model could not explain at all (a genuine deviation). Informational only: unlike the old token-based replay, the reconstructed marking is always legally reachable, so this does not by itself put the case at risk of an unrecoverable loop."
20191011963,"alignment-based replay of the historical prefix needed at least one 'log move' -- a logged activity the model could not explain at all (a genuine deviation). Informational only: unlike the old token-based replay, the reconstructed marking is always legally reachable, so this does not by itself put the case at risk of an unrecoverable loop."
20191011976,"alignment-based replay of the historical prefix needed at least one 'log move' -- a logged activity the model could not explain at all (a genuine deviation). Informational only: unlike the old token-based replay, the reconstructed marking is always legally reachable, so this does not by itself put the case at risk of an unrecoverable loop."
20191011977,"alignment-based replay of the historical prefix needed at least one 'log move' -- a logged activity the model could not explain at all (a genuine deviation). Informational only: unlike the old token-based replay, the reconstructed marking is always legally reachable, so this does not by itself put the case at risk of an unrecoverable loop."
20191011982,"alignment-based replay of the historical prefix needed at least one 'log move' -- a logged activity the model could not explain at all (a genuine deviation). Informational only: unlike the old token-based replay, the reconstructed marking is always legally reachable, so this does not by itself put the case at risk of an unrecoverable loop."
20191011983,"alignment-based replay of the historical prefix needed at least one 'log move' -- a logged activity the model could not explain at all (a genuine deviation). Informational only: unlike the old token-based replay, the reconstructed marking is always legally reachable, so this does not by itself put the case at risk of an unrecoverable loop."
20191011984,"alignment-based replay of the historical prefix needed at least one 'log move' -- a logged activity the model could not explain at all (a genuine deviation). Informational only: unlike the old token-based replay, the reconstructed marking is always legally reachable, so this does not by itself put the case at risk of an unrecoverable loop."
20191011987,"alignment-based replay of the historical prefix needed at least one 'log move' -- a logged activity the model could not explain at all (a genuine deviation). Informational only: unlike the old token-based replay, the reconstructed marking is always legally reachable, so this does not by itself put the case at risk of an unrecoverable loop."
20191011989,"alignment-based replay of the historical prefix needed at least one 'log move' -- a logged activity the model could not explain at all (a genuine deviation). Informational only: unlike the old token-based replay, the reconstructed marking is always legally reachable, so this does not by itself put the case at risk of an unrecoverable loop."
20191011993,"alignment-based replay of the historical prefix needed at least one 'log move' -- a logged activity the model could not explain at all (a genuine deviation). Informational only: unlike the old token-based replay, the reconstructed marking is always legally reachable, so this does not by itself put the case at risk of an unrecoverable loop."
20191011995,"alignment-based replay of the historical prefix needed at least one 'log move' -- a logged activity the model could not explain at all (a genuine deviation). Informational only: unlike the old token-based replay, the reconstructed marking is always legally reachable, so this does not by itself put the case at risk of an unrecoverable loop."
20191011996,"alignment-based replay of the historical prefix needed at least one 'log move' -- a logged activity the model could not explain at all (a genuine deviation). Informational only: unlike the old token-based replay, the reconstructed marking is always legally reachable, so this does not by itself put the case at risk of an unrecoverable loop."
20191011997,"alignment-based replay of the historical prefix needed at least one 'log move' -- a logged activity the model could not explain at all (a genuine deviation). Informational only: unlike the old token-based replay, the reconstructed marking is always legally reachable, so this does not by itself put the case at risk of an unrecoverable loop."
20191011998,"alignment-based replay of the historical prefix needed at least one 'log move' -- a logged activity the model could not explain at all (a genuine deviation). Informational only: unlike the old token-based replay, the reconstructed marking is always legally reachable, so this does not by itself put the case at risk of an unrecoverable loop."
20191011999,"alignment-based replay of the historical prefix needed at least one 'log move' -- a logged activity the model could not explain at all (a genuine deviation). Informational only: unlike the old token-based replay, the reconstructed marking is always legally reachable, so this does not by itself put the case at risk of an unrecoverable loop."
20191012000,"alignment-based replay of the historical prefix needed at least one 'log move' -- a logged activity the model could not explain at all (a genuine deviation). Informational only: unlike the old token-based replay, the reconstructed marking is always legally reachable, so this does not by itself put the case at risk of an unrecoverable loop."
20191012001,"alignment-based replay of the historical prefix needed at least one 'log move' -- a logged activity the model could not explain at all (a genuine deviation). Informational only: unlike the old token-based replay, the reconstructed marking is always legally reachable, so this does not by itself put the case at risk of an unrecoverable loop."
20191012002,"alignment-based replay of the historical prefix needed at least one 'log move' -- a logged activity the model could not explain at all (a genuine deviation). Informational only: unlike the old token-based replay, the reconstructed marking is always legally reachable, so this does not by itself put the case at risk of an unrecoverable loop."
20191012013,"alignment-based replay of the historical prefix needed at least one 'log move' -- a logged activity the model could not explain at all (a genuine deviation). Informational only: unlike the old token-based replay, the reconstructed marking is always legally reachable, so this does not by itself put the case at risk of an unrecoverable loop."
20191012018,"alignment-based replay of the historical prefix needed at least one 'log move' -- a logged activity the model could not explain at all (a genuine deviation). Informational only: unlike the old token-based replay, the reconstructed marking is always legally reachable, so this does not by itself put the case at risk of an unrecoverable loop."
20191012025,"alignment-based replay of the historical prefix needed at least one 'log move' -- a logged activity the model could not explain at all (a genuine deviation). Informational only: unlike the old token-based replay, the reconstructed marking is always legally reachable, so this does not by itself put the case at risk of an unrecoverable loop."
20191012027,"alignment-based replay of the historical prefix needed at least one 'log move' -- a logged activity the model could not explain at all (a genuine deviation). Informational only: unlike the old token-based replay, the reconstructed marking is always legally reachable, so this does not by itself put the case at risk of an unrecoverable loop."
20191012030,"alignment-based replay of the historical prefix needed at least one 'log move' -- a logged activity the model could not explain at all (a genuine deviation). Informational only: unlike the old token-based replay, the reconstructed marking is always legally reachable, so this does not by itself put the case at risk of an unrecoverable loop."
20191012033,"alignment-based replay of the historical prefix needed at least one 'log move' -- a logged activity the model could not explain at all (a genuine deviation). Informational only: unlike the old token-based replay, the reconstructed marking is always legally reachable, so this does not by itself put the case at risk of an unrecoverable loop."
20191012037,"alignment-based replay of the historical prefix needed at least one 'log move' -- a logged activity the model could not explain at all (a genuine deviation). Informational only: unlike the old token-based replay, the reconstructed marking is always legally reachable, so this does not by itself put the case at risk of an unrecoverable loop."
20191012040,"alignment-based replay of the historical prefix needed at least one 'log move' -- a logged activity the model could not explain at all (a genuine deviation). Informational only: unlike the old token-based replay, the reconstructed marking is always legally reachable, so this does not by itself put the case at risk of an unrecoverable loop."
20191012049,"alignment-based replay of the historical prefix needed at least one 'log move' -- a logged activity the model could not explain at all (a genuine deviation). Informational only: unlike the old token-based replay, the reconstructed marking is always legally reachable, so this does not by itself put the case at risk of an unrecoverable loop."
20191012055,"alignment-based replay of the historical prefix needed at least one 'log move' -- a logged activity the model could not explain at all (a genuine deviation). Informational only: unlike the old token-based replay, the reconstructed marking is always legally reachable, so this does not by itself put the case at risk of an unrecoverable loop."
20191012056,"alignment-based replay of the historical prefix needed at least one 'log move' -- a logged activity the model could not explain at all (a genuine deviation). Informational only: unlike the old token-based replay, the reconstructed marking is always legally reachable, so this does not by itself put the case at risk of an unrecoverable loop."
20191012063,"alignment-based replay of the historical prefix needed at least one 'log move' -- a logged activity the model could not explain at all (a genuine deviation). Informational only: unlike the old token-based replay, the reconstructed marking is always legally reachable, so this does not by itself put the case at risk of an unrecoverable loop."
20191012071,"alignment-based replay of the historical prefix needed at least one 'log move' -- a logged activity the model could not explain at all (a genuine deviation). Informational only: unlike the old token-based replay, the reconstructed marking is always legally reachable, so this does not by itself put the case at risk of an unrecoverable loop."
20191012072,"alignment-based replay of the historical prefix needed at least one 'log move' -- a logged activity the model could not explain at all (a genuine deviation). Informational only: unlike the old token-based replay, the reconstructed marking is always legally reachable, so this does not by itself put the case at risk of an unrecoverable loop."
20191012073,"alignment-based replay of the historical prefix needed at least one 'log move' -- a logged activity the model could not explain at all (a genuine deviation). Informational only: unlike the old token-based replay, the reconstructed marking is always legally reachable, so this does not by itself put the case at risk of an unrecoverable loop."
20191012077,"alignment-based replay of the historical prefix needed at least one 'log move' -- a logged activity the model could not explain at all (a genuine deviation). Informational only: unlike the old token-based replay, the reconstructed marking is always legally reachable, so this does not by itself put the case at risk of an unrecoverable loop."
20191012084,"alignment-based replay of the historical prefix needed at least one 'log move' -- a logged activity the model could not explain at all (a genuine deviation). Informational only: unlike the old token-based replay, the reconstructed marking is always legally reachable, so this does not by itself put the case at risk of an unrecoverable loop."
20191012093,"alignment-based replay of the historical prefix needed at least one 'log move' -- a logged activity the model could not explain at all (a genuine deviation). Informational only: unlike the old token-based replay, the reconstructed marking is always legally reachable, so this does not by itself put the case at risk of an unrecoverable loop."
20191012095,"alignment-based replay of the historical prefix needed at least one 'log move' -- a logged activity the model could not explain at all (a genuine deviation). Informational only: unlike the old token-based replay, the reconstructed marking is always legally reachable, so this does not by itself put the case at risk of an unrecoverable loop."
20191012096,"alignment-based replay of the historical prefix needed at least one 'log move' -- a logged activity the model could not explain at all (a genuine deviation). Informational only: unlike the old token-based replay, the reconstructed marking is always legally reachable, so this does not by itself put the case at risk of an unrecoverable loop."
20191012100,"alignment-based replay of the historical prefix needed at least one 'log move' -- a logged activity the model could not explain at all (a genuine deviation). Informational only: unlike the old token-based replay, the reconstructed marking is always legally reachable, so this does not by itself put the case at risk of an unrecoverable loop."
20191012105,"alignment-based replay of the historical prefix needed at least one 'log move' -- a logged activity the model could not explain at all (a genuine deviation). Informational only: unlike the old token-based replay, the reconstructed marking is always legally reachable, so this does not by itself put the case at risk of an unrecoverable loop."
20191012107,"alignment-based replay of the historical prefix needed at least one 'log move' -- a logged activity the model could not explain at all (a genuine deviation). Informational only: unlike the old token-based replay, the reconstructed marking is always legally reachable, so this does not by itself put the case at risk of an unrecoverable loop."
20191012113,"alignment-based replay of the historical prefix needed at least one 'log move' -- a logged activity the model could not explain at all (a genuine deviation). Informational only: unlike the old token-based replay, the reconstructed marking is always legally reachable, so this does not by itself put the case at risk of an unrecoverable loop."
20191012116,"alignment-based replay of the historical prefix needed at least one 'log move' -- a logged activity the model could not explain at all (a genuine deviation). Informational only: unlike the old token-based replay, the reconstructed marking is always legally reachable, so this does not by itself put the case at risk of an unrecoverable loop."
20191012117,"alignment-based replay of the historical prefix needed at least one 'log move' -- a logged activity the model could not explain at all (a genuine deviation). Informational only: unlike the old token-based replay, the reconstructed marking is always legally reachable, so this does not by itself put the case at risk of an unrecoverable loop."
20191012119,"alignment-based replay of the historical prefix needed at least one 'log move' -- a logged activity the model could not explain at all (a genuine deviation). Informational only: unlike the old token-based replay, the reconstructed marking is always legally reachable, so this does not by itself put the case at risk of an unrecoverable loop."
20191012121,"alignment-based replay of the historical prefix needed at least one 'log move' -- a logged activity the model could not explain at all (a genuine deviation). Informational only: unlike the old token-based replay, the reconstructed marking is always legally reachable, so this does not by itself put the case at risk of an unrecoverable loop."
20191012125,"alignment-based replay of the historical prefix needed at least one 'log move' -- a logged activity the model could not explain at all (a genuine deviation). Informational only: unlike the old token-based replay, the reconstructed marking is always legally reachable, so this does not by itself put the case at risk of an unrecoverable loop."
20191012126,"alignment-based replay of the historical prefix needed at least one 'log move' -- a logged activity the model could not explain at all (a genuine deviation). Informational only: unlike the old token-based replay, the reconstructed marking is always legally reachable, so this does not by itself put the case at risk of an unrecoverable loop."
20191012131,"alignment-based replay of the historical prefix needed at least one 'log move' -- a logged activity the model could not explain at all (a genuine deviation). Informational only: unlike the old token-based replay, the reconstructed marking is always legally reachable, so this does not by itself put the case at risk of an unrecoverable loop."
20191012132,"alignment-based replay of the historical prefix needed at least one 'log move' -- a logged activity the model could not explain at all (a genuine deviation). Informational only: unlike the old token-based replay, the reconstructed marking is always legally reachable, so this does not by itself put the case at risk of an unrecoverable loop."
20191012135,"alignment-based replay of the historical prefix needed at least one 'log move' -- a logged activity the model could not explain at all (a genuine deviation). Informational only: unlike the old token-based replay, the reconstructed marking is always legally reachable, so this does not by itself put the case at risk of an unrecoverable loop."
20191012136,"alignment-based replay of the historical prefix needed at least one 'log move' -- a logged activity the model could not explain at all (a genuine deviation). Informational only: unlike the old token-based replay, the reconstructed marking is always legally reachable, so this does not by itself put the case at risk of an unrecoverable loop."
20191012141,"alignment-based replay of the historical prefix needed at least one 'log move' -- a logged activity the model could not explain at all (a genuine deviation). Informational only: unlike the old token-based replay, the reconstructed marking is always legally reachable, so this does not by itself put the case at risk of an unrecoverable loop."
20191012142,"alignment-based replay of the historical prefix needed at least one 'log move' -- a logged activity the model could not explain at all (a genuine deviation). Informational only: unlike the old token-based replay, the reconstructed marking is always legally reachable, so this does not by itself put the case at risk of an unrecoverable loop."
20191012148,"alignment-based replay of the historical prefix needed at least one 'log move' -- a logged activity the model could not explain at all (a genuine deviation). Informational only: unlike the old token-based replay, the reconstructed marking is always legally reachable, so this does not by itself put the case at risk of an unrecoverable loop."
20191012152,"alignment-based replay of the historical prefix needed at least one 'log move' -- a logged activity the model could not explain at all (a genuine deviation). Informational only: unlike the old token-based replay, the reconstructed marking is always legally reachable, so this does not by itself put the case at risk of an unrecoverable loop."
20191012154,"alignment-based replay of the historical prefix needed at least one 'log move' -- a logged activity the model could not explain at all (a genuine deviation). Informational only: unlike the old token-based replay, the reconstructed marking is always legally reachable, so this does not by itself put the case at risk of an unrecoverable loop."
20191012156,"alignment-based replay of the historical prefix needed at least one 'log move' -- a logged activity the model could not explain at all (a genuine deviation). Informational only: unlike the old token-based replay, the reconstructed marking is always legally reachable, so this does not by itself put the case at risk of an unrecoverable loop."
20191012157,"alignment-based replay of the historical prefix needed at least one 'log move' -- a logged activity the model could not explain at all (a genuine deviation). Informational only: unlike the old token-based replay, the reconstructed marking is always legally reachable, so this does not by itself put the case at risk of an unrecoverable loop."
20191012166,"alignment-based replay of the historical prefix needed at least one 'log move' -- a logged activity the model could not explain at all (a genuine deviation). Informational only: unlike the old token-based replay, the reconstructed marking is always legally reachable, so this does not by itself put the case at risk of an unrecoverable loop."
20191012168,"alignment-based replay of the historical prefix needed at least one 'log move' -- a logged activity the model could not explain at all (a genuine deviation). Informational only: unlike the old token-based replay, the reconstructed marking is always legally reachable, so this does not by itself put the case at risk of an unrecoverable loop."
20191012175,"alignment-based replay of the historical prefix needed at least one 'log move' -- a logged activity the model could not explain at all (a genuine deviation). Informational only: unlike the old token-based replay, the reconstructed marking is always legally reachable, so this does not by itself put the case at risk of an unrecoverable loop."
20191012177,"alignment-based replay of the historical prefix needed at least one 'log move' -- a logged activity the model could not explain at all (a genuine deviation). Informational only: unlike the old token-based replay, the reconstructed marking is always legally reachable, so this does not by itself put the case at risk of an unrecoverable loop."
20191012180,"alignment-based replay of the historical prefix needed at least one 'log move' -- a logged activity the model could not explain at all (a genuine deviation). Informational only: unlike the old token-based replay, the reconstructed marking is always legally reachable, so this does not by itself put the case at risk of an unrecoverable loop."
20191012182,"alignment-based replay of the historical prefix needed at least one 'log move' -- a logged activity the model could not explain at all (a genuine deviation). Informational only: unlike the old token-based replay, the reconstructed marking is always legally reachable, so this does not by itself put the case at risk of an unrecoverable loop."
20191012184,"alignment-based replay of the historical prefix needed at least one 'log move' -- a logged activity the model could not explain at all (a genuine deviation). Informational only: unlike the old token-based replay, the reconstructed marking is always legally reachable, so this does not by itself put the case at risk of an unrecoverable loop."
20191012185,"alignment-based replay of the historical prefix needed at least one 'log move' -- a logged activity the model could not explain at all (a genuine deviation). Informational only: unlike the old token-based replay, the reconstructed marking is always legally reachable, so this does not by itself put the case at risk of an unrecoverable loop."
20191012193,"alignment-based replay of the historical prefix needed at least one 'log move' -- a logged activity the model could not explain at all (a genuine deviation). Informational only: unlike the old token-based replay, the reconstructed marking is always legally reachable, so this does not by itself put the case at risk of an unrecoverable loop."
20191012195,"alignment-based replay of the historical prefix needed at least one 'log move' -- a logged activity the model could not explain at all (a genuine deviation). Informational only: unlike the old token-based replay, the reconstructed marking is always legally reachable, so this does not by itself put the case at risk of an unrecoverable loop."
20191012203,"alignment-based replay of the historical prefix needed at least one 'log move' -- a logged activity the model could not explain at all (a genuine deviation). Informational only: unlike the old token-based replay, the reconstructed marking is always legally reachable, so this does not by itself put the case at risk of an unrecoverable loop."
20191012210,"alignment-based replay of the historical prefix needed at least one 'log move' -- a logged activity the model could not explain at all (a genuine deviation). Informational only: unlike the old token-based replay, the reconstructed marking is always legally reachable, so this does not by itself put the case at risk of an unrecoverable loop."
20191012216,"alignment-based replay of the historical prefix needed at least one 'log move' -- a logged activity the model could not explain at all (a genuine deviation). Informational only: unlike the old token-based replay, the reconstructed marking is always legally reachable, so this does not by itself put the case at risk of an unrecoverable loop."
20191012218,"alignment-based replay of the historical prefix needed at least one 'log move' -- a logged activity the model could not explain at all (a genuine deviation). Informational only: unlike the old token-based replay, the reconstructed marking is always legally reachable, so this does not by itself put the case at risk of an unrecoverable loop."
20191012221,"alignment-based replay of the historical prefix needed at least one 'log move' -- a logged activity the model could not explain at all (a genuine deviation). Informational only: unlike the old token-based replay, the reconstructed marking is always legally reachable, so this does not by itself put the case at risk of an unrecoverable loop."
20191012225,"alignment-based replay of the historical prefix needed at least one 'log move' -- a logged activity the model could not explain at all (a genuine deviation). Informational only: unlike the old token-based replay, the reconstructed marking is always legally reachable, so this does not by itself put the case at risk of an unrecoverable loop."
20191012226,"alignment-based replay of the historical prefix needed at least one 'log move' -- a logged activity the model could not explain at all (a genuine deviation). Informational only: unlike the old token-based replay, the reconstructed marking is always legally reachable, so this does not by itself put the case at risk of an unrecoverable loop."
20191012255,"alignment-based replay of the historical prefix needed at least one 'log move' -- a logged activity the model could not explain at all (a genuine deviation). Informational only: unlike the old token-based replay, the reconstructed marking is always legally reachable, so this does not by itself put the case at risk of an unrecoverable loop."
20191012263,"alignment-based replay of the historical prefix needed at least one 'log move' -- a logged activity the model could not explain at all (a genuine deviation). Informational only: unlike the old token-based replay, the reconstructed marking is always legally reachable, so this does not by itself put the case at risk of an unrecoverable loop."
20191012268,"alignment-based replay of the historical prefix needed at least one 'log move' -- a logged activity the model could not explain at all (a genuine deviation). Informational only: unlike the old token-based replay, the reconstructed marking is always legally reachable, so this does not by itself put the case at risk of an unrecoverable loop."
20191012273,"alignment-based replay of the historical prefix needed at least one 'log move' -- a logged activity the model could not explain at all (a genuine deviation). Informational only: unlike the old token-based replay, the reconstructed marking is always legally reachable, so this does not by itself put the case at risk of an unrecoverable loop."
20191012285,"alignment-based replay of the historical prefix needed at least one 'log move' -- a logged activity the model could not explain at all (a genuine deviation). Informational only: unlike the old token-based replay, the reconstructed marking is always legally reachable, so this does not by itself put the case at risk of an unrecoverable loop."
20191012293,"alignment-based replay of the historical prefix needed at least one 'log move' -- a logged activity the model could not explain at all (a genuine deviation). Informational only: unlike the old token-based replay, the reconstructed marking is always legally reachable, so this does not by itself put the case at risk of an unrecoverable loop."
20191012294,"alignment-based replay of the historical prefix needed at least one 'log move' -- a logged activity the model could not explain at all (a genuine deviation). Informational only: unlike the old token-based replay, the reconstructed marking is always legally reachable, so this does not by itself put the case at risk of an unrecoverable loop."
20191012297,"alignment-based replay of the historical prefix needed at least one 'log move' -- a logged activity the model could not explain at all (a genuine deviation). Informational only: unlike the old token-based replay, the reconstructed marking is always legally reachable, so this does not by itself put the case at risk of an unrecoverable loop."
20191012298,"alignment-based replay of the historical prefix needed at least one 'log move' -- a logged activity the model could not explain at all (a genuine deviation). Informational only: unlike the old token-based replay, the reconstructed marking is always legally reachable, so this does not by itself put the case at risk of an unrecoverable loop."
20191012302,"alignment-based replay of the historical prefix needed at least one 'log move' -- a logged activity the model could not explain at all (a genuine deviation). Informational only: unlike the old token-based replay, the reconstructed marking is always legally reachable, so this does not by itself put the case at risk of an unrecoverable loop."
20191012305,"alignment-based replay of the historical prefix needed at least one 'log move' -- a logged activity the model could not explain at all (a genuine deviation). Informational only: unlike the old token-based replay, the reconstructed marking is always legally reachable, so this does not by itself put the case at risk of an unrecoverable loop."
20191012307,"alignment-based replay of the historical prefix needed at least one 'log move' -- a logged activity the model could not explain at all (a genuine deviation). Informational only: unlike the old token-based replay, the reconstructed marking is always legally reachable, so this does not by itself put the case at risk of an unrecoverable loop."
20191012313,"alignment-based replay of the historical prefix needed at least one 'log move' -- a logged activity the model could not explain at all (a genuine deviation). Informational only: unlike the old token-based replay, the reconstructed marking is always legally reachable, so this does not by itself put the case at risk of an unrecoverable loop."
20191012315,"alignment-based replay of the historical prefix needed at least one 'log move' -- a logged activity the model could not explain at all (a genuine deviation). Informational only: unlike the old token-based replay, the reconstructed marking is always legally reachable, so this does not by itself put the case at risk of an unrecoverable loop."
20191012336,"alignment-based replay of the historical prefix needed at least one 'log move' -- a logged activity the model could not explain at all (a genuine deviation). Informational only: unlike the old token-based replay, the reconstructed marking is always legally reachable, so this does not by itself put the case at risk of an unrecoverable loop."
20191012337,"alignment-based replay of the historical prefix needed at least one 'log move' -- a logged activity the model could not explain at all (a genuine deviation). Informational only: unlike the old token-based replay, the reconstructed marking is always legally reachable, so this does not by itself put the case at risk of an unrecoverable loop."
20191012338,"alignment-based replay of the historical prefix needed at least one 'log move' -- a logged activity the model could not explain at all (a genuine deviation). Informational only: unlike the old token-based replay, the reconstructed marking is always legally reachable, so this does not by itself put the case at risk of an unrecoverable loop."
20191012341,"alignment-based replay of the historical prefix needed at least one 'log move' -- a logged activity the model could not explain at all (a genuine deviation). Informational only: unlike the old token-based replay, the reconstructed marking is always legally reachable, so this does not by itself put the case at risk of an unrecoverable loop."
20191012349,"alignment-based replay of the historical prefix needed at least one 'log move' -- a logged activity the model could not explain at all (a genuine deviation). Informational only: unlike the old token-based replay, the reconstructed marking is always legally reachable, so this does not by itself put the case at risk of an unrecoverable loop."
20191012357,"alignment-based replay of the historical prefix needed at least one 'log move' -- a logged activity the model could not explain at all (a genuine deviation). Informational only: unlike the old token-based replay, the reconstructed marking is always legally reachable, so this does not by itself put the case at risk of an unrecoverable loop."
20191012359,"alignment-based replay of the historical prefix needed at least one 'log move' -- a logged activity the model could not explain at all (a genuine deviation). Informational only: unlike the old token-based replay, the reconstructed marking is always legally reachable, so this does not by itself put the case at risk of an unrecoverable loop."
20191012361,"alignment-based replay of the historical prefix needed at least one 'log move' -- a logged activity the model could not explain at all (a genuine deviation). Informational only: unlike the old token-based replay, the reconstructed marking is always legally reachable, so this does not by itself put the case at risk of an unrecoverable loop."
20191012364,"alignment-based replay of the historical prefix needed at least one 'log move' -- a logged activity the model could not explain at all (a genuine deviation). Informational only: unlike the old token-based replay, the reconstructed marking is always legally reachable, so this does not by itself put the case at risk of an unrecoverable loop."
20191012372,"alignment-based replay of the historical prefix needed at least one 'log move' -- a logged activity the model could not explain at all (a genuine deviation). Informational only: unlike the old token-based replay, the reconstructed marking is always legally reachable, so this does not by itself put the case at risk of an unrecoverable loop."
20191012378,"alignment-based replay of the historical prefix needed at least one 'log move' -- a logged activity the model could not explain at all (a genuine deviation). Informational only: unlike the old token-based replay, the reconstructed marking is always legally reachable, so this does not by itself put the case at risk of an unrecoverable loop."
20191012379,"alignment-based replay of the historical prefix needed at least one 'log move' -- a logged activity the model could not explain at all (a genuine deviation). Informational only: unlike the old token-based replay, the reconstructed marking is always legally reachable, so this does not by itself put the case at risk of an unrecoverable loop."
20191012381,"alignment-based replay of the historical prefix needed at least one 'log move' -- a logged activity the model could not explain at all (a genuine deviation). Informational only: unlike the old token-based replay, the reconstructed marking is always legally reachable, so this does not by itself put the case at risk of an unrecoverable loop."
20191012385,"alignment-based replay of the historical prefix needed at least one 'log move' -- a logged activity the model could not explain at all (a genuine deviation). Informational only: unlike the old token-based replay, the reconstructed marking is always legally reachable, so this does not by itself put the case at risk of an unrecoverable loop."
20191012396,"alignment-based replay of the historical prefix needed at least one 'log move' -- a logged activity the model could not explain at all (a genuine deviation). Informational only: unlike the old token-based replay, the reconstructed marking is always legally reachable, so this does not by itself put the case at risk of an unrecoverable loop."
20191012400,"alignment-based replay of the historical prefix needed at least one 'log move' -- a logged activity the model could not explain at all (a genuine deviation). Informational only: unlike the old token-based replay, the reconstructed marking is always legally reachable, so this does not by itself put the case at risk of an unrecoverable loop."
20191012408,"alignment-based replay of the historical prefix needed at least one 'log move' -- a logged activity the model could not explain at all (a genuine deviation). Informational only: unlike the old token-based replay, the reconstructed marking is always legally reachable, so this does not by itself put the case at risk of an unrecoverable loop."
20191012419,"alignment-based replay of the historical prefix needed at least one 'log move' -- a logged activity the model could not explain at all (a genuine deviation). Informational only: unlike the old token-based replay, the reconstructed marking is always legally reachable, so this does not by itself put the case at risk of an unrecoverable loop."
20191012427,"alignment-based replay of the historical prefix needed at least one 'log move' -- a logged activity the model could not explain at all (a genuine deviation). Informational only: unlike the old token-based replay, the reconstructed marking is always legally reachable, so this does not by itself put the case at risk of an unrecoverable loop."
20191012428,"alignment-based replay of the historical prefix needed at least one 'log move' -- a logged activity the model could not explain at all (a genuine deviation). Informational only: unlike the old token-based replay, the reconstructed marking is always legally reachable, so this does not by itself put the case at risk of an unrecoverable loop."
20191012434,"alignment-based replay of the historical prefix needed at least one 'log move' -- a logged activity the model could not explain at all (a genuine deviation). Informational only: unlike the old token-based replay, the reconstructed marking is always legally reachable, so this does not by itself put the case at risk of an unrecoverable loop."
20191012453,"alignment-based replay of the historical prefix needed at least one 'log move' -- a logged activity the model could not explain at all (a genuine deviation). Informational only: unlike the old token-based replay, the reconstructed marking is always legally reachable, so this does not by itself put the case at risk of an unrecoverable loop."
20191012456,"alignment-based replay of the historical prefix needed at least one 'log move' -- a logged activity the model could not explain at all (a genuine deviation). Informational only: unlike the old token-based replay, the reconstructed marking is always legally reachable, so this does not by itself put the case at risk of an unrecoverable loop."
20191012463,"alignment-based replay of the historical prefix needed at least one 'log move' -- a logged activity the model could not explain at all (a genuine deviation). Informational only: unlike the old token-based replay, the reconstructed marking is always legally reachable, so this does not by itself put the case at risk of an unrecoverable loop."
20191012464,"alignment-based replay of the historical prefix needed at least one 'log move' -- a logged activity the model could not explain at all (a genuine deviation). Informational only: unlike the old token-based replay, the reconstructed marking is always legally reachable, so this does not by itself put the case at risk of an unrecoverable loop."
20191012468,"alignment-based replay of the historical prefix needed at least one 'log move' -- a logged activity the model could not explain at all (a genuine deviation). Informational only: unlike the old token-based replay, the reconstructed marking is always legally reachable, so this does not by itself put the case at risk of an unrecoverable loop."
20191012474,"alignment-based replay of the historical prefix needed at least one 'log move' -- a logged activity the model could not explain at all (a genuine deviation). Informational only: unlike the old token-based replay, the reconstructed marking is always legally reachable, so this does not by itself put the case at risk of an unrecoverable loop."
20191012475,"alignment-based replay of the historical prefix needed at least one 'log move' -- a logged activity the model could not explain at all (a genuine deviation). Informational only: unlike the old token-based replay, the reconstructed marking is always legally reachable, so this does not by itself put the case at risk of an unrecoverable loop."
20191012477,"alignment-based replay of the historical prefix needed at least one 'log move' -- a logged activity the model could not explain at all (a genuine deviation). Informational only: unlike the old token-based replay, the reconstructed marking is always legally reachable, so this does not by itself put the case at risk of an unrecoverable loop."
20191012482,"alignment-based replay of the historical prefix needed at least one 'log move' -- a logged activity the model could not explain at all (a genuine deviation). Informational only: unlike the old token-based replay, the reconstructed marking is always legally reachable, so this does not by itself put the case at risk of an unrecoverable loop."
20191012486,"alignment-based replay of the historical prefix needed at least one 'log move' -- a logged activity the model could not explain at all (a genuine deviation). Informational only: unlike the old token-based replay, the reconstructed marking is always legally reachable, so this does not by itself put the case at risk of an unrecoverable loop."
20191012487,"alignment-based replay of the historical prefix needed at least one 'log move' -- a logged activity the model could not explain at all (a genuine deviation). Informational only: unlike the old token-based replay, the reconstructed marking is always legally reachable, so this does not by itself put the case at risk of an unrecoverable loop."
20191012488,"alignment-based replay of the historical prefix needed at least one 'log move' -- a logged activity the model could not explain at all (a genuine deviation). Informational only: unlike the old token-based replay, the reconstructed marking is always legally reachable, so this does not by itself put the case at risk of an unrecoverable loop."
20191012490,"alignment-based replay of the historical prefix needed at least one 'log move' -- a logged activity the model could not explain at all (a genuine deviation). Informational only: unlike the old token-based replay, the reconstructed marking is always legally reachable, so this does not by itself put the case at risk of an unrecoverable loop."
20191012498,"alignment-based replay of the historical prefix needed at least one 'log move' -- a logged activity the model could not explain at all (a genuine deviation). Informational only: unlike the old token-based replay, the reconstructed marking is always legally reachable, so this does not by itself put the case at risk of an unrecoverable loop."
20191012510,"alignment-based replay of the historical prefix needed at least one 'log move' -- a logged activity the model could not explain at all (a genuine deviation). Informational only: unlike the old token-based replay, the reconstructed marking is always legally reachable, so this does not by itself put the case at risk of an unrecoverable loop."
20191012511,"alignment-based replay of the historical prefix needed at least one 'log move' -- a logged activity the model could not explain at all (a genuine deviation). Informational only: unlike the old token-based replay, the reconstructed marking is always legally reachable, so this does not by itself put the case at risk of an unrecoverable loop."
20191012521,"alignment-based replay of the historical prefix needed at least one 'log move' -- a logged activity the model could not explain at all (a genuine deviation). Informational only: unlike the old token-based replay, the reconstructed marking is always legally reachable, so this does not by itself put the case at risk of an unrecoverable loop."
20191012525,"alignment-based replay of the historical prefix needed at least one 'log move' -- a logged activity the model could not explain at all (a genuine deviation). Informational only: unlike the old token-based replay, the reconstructed marking is always legally reachable, so this does not by itself put the case at risk of an unrecoverable loop."
20191012526,"alignment-based replay of the historical prefix needed at least one 'log move' -- a logged activity the model could not explain at all (a genuine deviation). Informational only: unlike the old token-based replay, the reconstructed marking is always legally reachable, so this does not by itself put the case at risk of an unrecoverable loop."
20191012527,"alignment-based replay of the historical prefix needed at least one 'log move' -- a logged activity the model could not explain at all (a genuine deviation). Informational only: unlike the old token-based replay, the reconstructed marking is always legally reachable, so this does not by itself put the case at risk of an unrecoverable loop."
20191012528,"alignment-based replay of the historical prefix needed at least one 'log move' -- a logged activity the model could not explain at all (a genuine deviation). Informational only: unlike the old token-based replay, the reconstructed marking is always legally reachable, so this does not by itself put the case at risk of an unrecoverable loop."
20191012529,"alignment-based replay of the historical prefix needed at least one 'log move' -- a logged activity the model could not explain at all (a genuine deviation). Informational only: unlike the old token-based replay, the reconstructed marking is always legally reachable, so this does not by itself put the case at risk of an unrecoverable loop."
20191012530,"alignment-based replay of the historical prefix needed at least one 'log move' -- a logged activity the model could not explain at all (a genuine deviation). Informational only: unlike the old token-based replay, the reconstructed marking is always legally reachable, so this does not by itself put the case at risk of an unrecoverable loop."
20191012531,"alignment-based replay of the historical prefix needed at least one 'log move' -- a logged activity the model could not explain at all (a genuine deviation). Informational only: unlike the old token-based replay, the reconstructed marking is always legally reachable, so this does not by itself put the case at risk of an unrecoverable loop."
20191012532,"alignment-based replay of the historical prefix needed at least one 'log move' -- a logged activity the model could not explain at all (a genuine deviation). Informational only: unlike the old token-based replay, the reconstructed marking is always legally reachable, so this does not by itself put the case at risk of an unrecoverable loop."
20191012533,"alignment-based replay of the historical prefix needed at least one 'log move' -- a logged activity the model could not explain at all (a genuine deviation). Informational only: unlike the old token-based replay, the reconstructed marking is always legally reachable, so this does not by itself put the case at risk of an unrecoverable loop."
20191012534,"alignment-based replay of the historical prefix needed at least one 'log move' -- a logged activity the model could not explain at all (a genuine deviation). Informational only: unlike the old token-based replay, the reconstructed marking is always legally reachable, so this does not by itself put the case at risk of an unrecoverable loop."
20191012535,"alignment-based replay of the historical prefix needed at least one 'log move' -- a logged activity the model could not explain at all (a genuine deviation). Informational only: unlike the old token-based replay, the reconstructed marking is always legally reachable, so this does not by itself put the case at risk of an unrecoverable loop."
20191012536,"alignment-based replay of the historical prefix needed at least one 'log move' -- a logged activity the model could not explain at all (a genuine deviation). Informational only: unlike the old token-based replay, the reconstructed marking is always legally reachable, so this does not by itself put the case at risk of an unrecoverable loop."
20191012537,"alignment-based replay of the historical prefix needed at least one 'log move' -- a logged activity the model could not explain at all (a genuine deviation). Informational only: unlike the old token-based replay, the reconstructed marking is always legally reachable, so this does not by itself put the case at risk of an unrecoverable loop."
20191012538,"alignment-based replay of the historical prefix needed at least one 'log move' -- a logged activity the model could not explain at all (a genuine deviation). Informational only: unlike the old token-based replay, the reconstructed marking is always legally reachable, so this does not by itself put the case at risk of an unrecoverable loop."
20191012539,"alignment-based replay of the historical prefix needed at least one 'log move' -- a logged activity the model could not explain at all (a genuine deviation). Informational only: unlike the old token-based replay, the reconstructed marking is always legally reachable, so this does not by itself put the case at risk of an unrecoverable loop."
20191012540,"alignment-based replay of the historical prefix needed at least one 'log move' -- a logged activity the model could not explain at all (a genuine deviation). Informational only: unlike the old token-based replay, the reconstructed marking is always legally reachable, so this does not by itself put the case at risk of an unrecoverable loop."
20191012542,"alignment-based replay of the historical prefix needed at least one 'log move' -- a logged activity the model could not explain at all (a genuine deviation). Informational only: unlike the old token-based replay, the reconstructed marking is always legally reachable, so this does not by itself put the case at risk of an unrecoverable loop."
20191012547,"alignment-based replay of the historical prefix needed at least one 'log move' -- a logged activity the model could not explain at all (a genuine deviation). Informational only: unlike the old token-based replay, the reconstructed marking is always legally reachable, so this does not by itself put the case at risk of an unrecoverable loop."
20191012555,"alignment-based replay of the historical prefix needed at least one 'log move' -- a logged activity the model could not explain at all (a genuine deviation). Informational only: unlike the old token-based replay, the reconstructed marking is always legally reachable, so this does not by itself put the case at risk of an unrecoverable loop."
20191012560,"alignment-based replay of the historical prefix needed at least one 'log move' -- a logged activity the model could not explain at all (a genuine deviation). Informational only: unlike the old token-based replay, the reconstructed marking is always legally reachable, so this does not by itself put the case at risk of an unrecoverable loop."
20191012571,"alignment-based replay of the historical prefix needed at least one 'log move' -- a logged activity the model could not explain at all (a genuine deviation). Informational only: unlike the old token-based replay, the reconstructed marking is always legally reachable, so this does not by itself put the case at risk of an unrecoverable loop."
20191012573,"alignment-based replay of the historical prefix needed at least one 'log move' -- a logged activity the model could not explain at all (a genuine deviation). Informational only: unlike the old token-based replay, the reconstructed marking is always legally reachable, so this does not by itself put the case at risk of an unrecoverable loop."
20191012574,"alignment-based replay of the historical prefix needed at least one 'log move' -- a logged activity the model could not explain at all (a genuine deviation). Informational only: unlike the old token-based replay, the reconstructed marking is always legally reachable, so this does not by itself put the case at risk of an unrecoverable loop."
20191012580,"alignment-based replay of the historical prefix needed at least one 'log move' -- a logged activity the model could not explain at all (a genuine deviation). Informational only: unlike the old token-based replay, the reconstructed marking is always legally reachable, so this does not by itself put the case at risk of an unrecoverable loop."
20191012585,"alignment-based replay of the historical prefix needed at least one 'log move' -- a logged activity the model could not explain at all (a genuine deviation). Informational only: unlike the old token-based replay, the reconstructed marking is always legally reachable, so this does not by itself put the case at risk of an unrecoverable loop."
20191012587,"alignment-based replay of the historical prefix needed at least one 'log move' -- a logged activity the model could not explain at all (a genuine deviation). Informational only: unlike the old token-based replay, the reconstructed marking is always legally reachable, so this does not by itself put the case at risk of an unrecoverable loop."
20191012590,"alignment-based replay of the historical prefix needed at least one 'log move' -- a logged activity the model could not explain at all (a genuine deviation). Informational only: unlike the old token-based replay, the reconstructed marking is always legally reachable, so this does not by itself put the case at risk of an unrecoverable loop."
20191012591,"alignment-based replay of the historical prefix needed at least one 'log move' -- a logged activity the model could not explain at all (a genuine deviation). Informational only: unlike the old token-based replay, the reconstructed marking is always legally reachable, so this does not by itself put the case at risk of an unrecoverable loop."
20191012599,"alignment-based replay of the historical prefix needed at least one 'log move' -- a logged activity the model could not explain at all (a genuine deviation). Informational only: unlike the old token-based replay, the reconstructed marking is always legally reachable, so this does not by itself put the case at risk of an unrecoverable loop."
20191012600,"alignment-based replay of the historical prefix needed at least one 'log move' -- a logged activity the model could not explain at all (a genuine deviation). Informational only: unlike the old token-based replay, the reconstructed marking is always legally reachable, so this does not by itself put the case at risk of an unrecoverable loop."
20191012602,"alignment-based replay of the historical prefix needed at least one 'log move' -- a logged activity the model could not explain at all (a genuine deviation). Informational only: unlike the old token-based replay, the reconstructed marking is always legally reachable, so this does not by itself put the case at risk of an unrecoverable loop."
20191012604,"alignment-based replay of the historical prefix needed at least one 'log move' -- a logged activity the model could not explain at all (a genuine deviation). Informational only: unlike the old token-based replay, the reconstructed marking is always legally reachable, so this does not by itself put the case at risk of an unrecoverable loop."
20191012607,"alignment-based replay of the historical prefix needed at least one 'log move' -- a logged activity the model could not explain at all (a genuine deviation). Informational only: unlike the old token-based replay, the reconstructed marking is always legally reachable, so this does not by itself put the case at risk of an unrecoverable loop."
20191012610,"alignment-based replay of the historical prefix needed at least one 'log move' -- a logged activity the model could not explain at all (a genuine deviation). Informational only: unlike the old token-based replay, the reconstructed marking is always legally reachable, so this does not by itself put the case at risk of an unrecoverable loop."
20191012611,"alignment-based replay of the historical prefix needed at least one 'log move' -- a logged activity the model could not explain at all (a genuine deviation). Informational only: unlike the old token-based replay, the reconstructed marking is always legally reachable, so this does not by itself put the case at risk of an unrecoverable loop."
20191012613,"alignment-based replay of the historical prefix needed at least one 'log move' -- a logged activity the model could not explain at all (a genuine deviation). Informational only: unlike the old token-based replay, the reconstructed marking is always legally reachable, so this does not by itself put the case at risk of an unrecoverable loop."
20191012618,"alignment-based replay of the historical prefix needed at least one 'log move' -- a logged activity the model could not explain at all (a genuine deviation). Informational only: unlike the old token-based replay, the reconstructed marking is always legally reachable, so this does not by itself put the case at risk of an unrecoverable loop."
20191012622,"alignment-based replay of the historical prefix needed at least one 'log move' -- a logged activity the model could not explain at all (a genuine deviation). Informational only: unlike the old token-based replay, the reconstructed marking is always legally reachable, so this does not by itself put the case at risk of an unrecoverable loop."
20191012636,"alignment-based replay of the historical prefix needed at least one 'log move' -- a logged activity the model could not explain at all (a genuine deviation). Informational only: unlike the old token-based replay, the reconstructed marking is always legally reachable, so this does not by itself put the case at risk of an unrecoverable loop."
20191012638,"alignment-based replay of the historical prefix needed at least one 'log move' -- a logged activity the model could not explain at all (a genuine deviation). Informational only: unlike the old token-based replay, the reconstructed marking is always legally reachable, so this does not by itself put the case at risk of an unrecoverable loop."
20191012640,"alignment-based replay of the historical prefix needed at least one 'log move' -- a logged activity the model could not explain at all (a genuine deviation). Informational only: unlike the old token-based replay, the reconstructed marking is always legally reachable, so this does not by itself put the case at risk of an unrecoverable loop."
20191012648,"alignment-based replay of the historical prefix needed at least one 'log move' -- a logged activity the model could not explain at all (a genuine deviation). Informational only: unlike the old token-based replay, the reconstructed marking is always legally reachable, so this does not by itself put the case at risk of an unrecoverable loop."
20191012656,"alignment-based replay of the historical prefix needed at least one 'log move' -- a logged activity the model could not explain at all (a genuine deviation). Informational only: unlike the old token-based replay, the reconstructed marking is always legally reachable, so this does not by itself put the case at risk of an unrecoverable loop."
20191012657,"alignment-based replay of the historical prefix needed at least one 'log move' -- a logged activity the model could not explain at all (a genuine deviation). Informational only: unlike the old token-based replay, the reconstructed marking is always legally reachable, so this does not by itself put the case at risk of an unrecoverable loop."
20191012661,"alignment-based replay of the historical prefix needed at least one 'log move' -- a logged activity the model could not explain at all (a genuine deviation). Informational only: unlike the old token-based replay, the reconstructed marking is always legally reachable, so this does not by itself put the case at risk of an unrecoverable loop."
20191012664,"alignment-based replay of the historical prefix needed at least one 'log move' -- a logged activity the model could not explain at all (a genuine deviation). Informational only: unlike the old token-based replay, the reconstructed marking is always legally reachable, so this does not by itself put the case at risk of an unrecoverable loop."
20191012668,"alignment-based replay of the historical prefix needed at least one 'log move' -- a logged activity the model could not explain at all (a genuine deviation). Informational only: unlike the old token-based replay, the reconstructed marking is always legally reachable, so this does not by itself put the case at risk of an unrecoverable loop."
20191012669,"alignment-based replay of the historical prefix needed at least one 'log move' -- a logged activity the model could not explain at all (a genuine deviation). Informational only: unlike the old token-based replay, the reconstructed marking is always legally reachable, so this does not by itself put the case at risk of an unrecoverable loop."
20191012671,"alignment-based replay of the historical prefix needed at least one 'log move' -- a logged activity the model could not explain at all (a genuine deviation). Informational only: unlike the old token-based replay, the reconstructed marking is always legally reachable, so this does not by itself put the case at risk of an unrecoverable loop."
20191012673,"alignment-based replay of the historical prefix needed at least one 'log move' -- a logged activity the model could not explain at all (a genuine deviation). Informational only: unlike the old token-based replay, the reconstructed marking is always legally reachable, so this does not by itself put the case at risk of an unrecoverable loop."
20191012675,"alignment-based replay of the historical prefix needed at least one 'log move' -- a logged activity the model could not explain at all (a genuine deviation). Informational only: unlike the old token-based replay, the reconstructed marking is always legally reachable, so this does not by itself put the case at risk of an unrecoverable loop."
20191012677,"alignment-based replay of the historical prefix needed at least one 'log move' -- a logged activity the model could not explain at all (a genuine deviation). Informational only: unlike the old token-based replay, the reconstructed marking is always legally reachable, so this does not by itself put the case at risk of an unrecoverable loop."
20191012683,"alignment-based replay of the historical prefix needed at least one 'log move' -- a logged activity the model could not explain at all (a genuine deviation). Informational only: unlike the old token-based replay, the reconstructed marking is always legally reachable, so this does not by itself put the case at risk of an unrecoverable loop."
20191012685,"alignment-based replay of the historical prefix needed at least one 'log move' -- a logged activity the model could not explain at all (a genuine deviation). Informational only: unlike the old token-based replay, the reconstructed marking is always legally reachable, so this does not by itself put the case at risk of an unrecoverable loop."
20191012687,"alignment-based replay of the historical prefix needed at least one 'log move' -- a logged activity the model could not explain at all (a genuine deviation). Informational only: unlike the old token-based replay, the reconstructed marking is always legally reachable, so this does not by itself put the case at risk of an unrecoverable loop."
20191012692,"alignment-based replay of the historical prefix needed at least one 'log move' -- a logged activity the model could not explain at all (a genuine deviation). Informational only: unlike the old token-based replay, the reconstructed marking is always legally reachable, so this does not by itself put the case at risk of an unrecoverable loop."
20191012698,"alignment-based replay of the historical prefix needed at least one 'log move' -- a logged activity the model could not explain at all (a genuine deviation). Informational only: unlike the old token-based replay, the reconstructed marking is always legally reachable, so this does not by itself put the case at risk of an unrecoverable loop."
20191012700,"alignment-based replay of the historical prefix needed at least one 'log move' -- a logged activity the model could not explain at all (a genuine deviation). Informational only: unlike the old token-based replay, the reconstructed marking is always legally reachable, so this does not by itself put the case at risk of an unrecoverable loop."
20191012708,"alignment-based replay of the historical prefix needed at least one 'log move' -- a logged activity the model could not explain at all (a genuine deviation). Informational only: unlike the old token-based replay, the reconstructed marking is always legally reachable, so this does not by itself put the case at risk of an unrecoverable loop."
20191012711,"alignment-based replay of the historical prefix needed at least one 'log move' -- a logged activity the model could not explain at all (a genuine deviation). Informational only: unlike the old token-based replay, the reconstructed marking is always legally reachable, so this does not by itself put the case at risk of an unrecoverable loop."
20191012714,"alignment-based replay of the historical prefix needed at least one 'log move' -- a logged activity the model could not explain at all (a genuine deviation). Informational only: unlike the old token-based replay, the reconstructed marking is always legally reachable, so this does not by itself put the case at risk of an unrecoverable loop."
20191012723,"alignment-based replay of the historical prefix needed at least one 'log move' -- a logged activity the model could not explain at all (a genuine deviation). Informational only: unlike the old token-based replay, the reconstructed marking is always legally reachable, so this does not by itself put the case at risk of an unrecoverable loop."
20191012726,"alignment-based replay of the historical prefix needed at least one 'log move' -- a logged activity the model could not explain at all (a genuine deviation). Informational only: unlike the old token-based replay, the reconstructed marking is always legally reachable, so this does not by itself put the case at risk of an unrecoverable loop."
20191012730,"alignment-based replay of the historical prefix needed at least one 'log move' -- a logged activity the model could not explain at all (a genuine deviation). Informational only: unlike the old token-based replay, the reconstructed marking is always legally reachable, so this does not by itself put the case at risk of an unrecoverable loop."
20191012732,"alignment-based replay of the historical prefix needed at least one 'log move' -- a logged activity the model could not explain at all (a genuine deviation). Informational only: unlike the old token-based replay, the reconstructed marking is always legally reachable, so this does not by itself put the case at risk of an unrecoverable loop."
20191012733,"alignment-based replay of the historical prefix needed at least one 'log move' -- a logged activity the model could not explain at all (a genuine deviation). Informational only: unlike the old token-based replay, the reconstructed marking is always legally reachable, so this does not by itself put the case at risk of an unrecoverable loop."
20191012737,"alignment-based replay of the historical prefix needed at least one 'log move' -- a logged activity the model could not explain at all (a genuine deviation). Informational only: unlike the old token-based replay, the reconstructed marking is always legally reachable, so this does not by itself put the case at risk of an unrecoverable loop."
20191012739,"alignment-based replay of the historical prefix needed at least one 'log move' -- a logged activity the model could not explain at all (a genuine deviation). Informational only: unlike the old token-based replay, the reconstructed marking is always legally reachable, so this does not by itself put the case at risk of an unrecoverable loop."
20191012746,"alignment-based replay of the historical prefix needed at least one 'log move' -- a logged activity the model could not explain at all (a genuine deviation). Informational only: unlike the old token-based replay, the reconstructed marking is always legally reachable, so this does not by itself put the case at risk of an unrecoverable loop."
20191012747,"alignment-based replay of the historical prefix needed at least one 'log move' -- a logged activity the model could not explain at all (a genuine deviation). Informational only: unlike the old token-based replay, the reconstructed marking is always legally reachable, so this does not by itself put the case at risk of an unrecoverable loop."
20191012748,"alignment-based replay of the historical prefix needed at least one 'log move' -- a logged activity the model could not explain at all (a genuine deviation). Informational only: unlike the old token-based replay, the reconstructed marking is always legally reachable, so this does not by itself put the case at risk of an unrecoverable loop."
20191012749,"alignment-based replay of the historical prefix needed at least one 'log move' -- a logged activity the model could not explain at all (a genuine deviation). Informational only: unlike the old token-based replay, the reconstructed marking is always legally reachable, so this does not by itself put the case at risk of an unrecoverable loop."
20191012751,"alignment-based replay of the historical prefix needed at least one 'log move' -- a logged activity the model could not explain at all (a genuine deviation). Informational only: unlike the old token-based replay, the reconstructed marking is always legally reachable, so this does not by itself put the case at risk of an unrecoverable loop."
20191012752,"alignment-based replay of the historical prefix needed at least one 'log move' -- a logged activity the model could not explain at all (a genuine deviation). Informational only: unlike the old token-based replay, the reconstructed marking is always legally reachable, so this does not by itself put the case at risk of an unrecoverable loop."
20191012754,"alignment-based replay of the historical prefix needed at least one 'log move' -- a logged activity the model could not explain at all (a genuine deviation). Informational only: unlike the old token-based replay, the reconstructed marking is always legally reachable, so this does not by itself put the case at risk of an unrecoverable loop."
20191012758,"alignment-based replay of the historical prefix needed at least one 'log move' -- a logged activity the model could not explain at all (a genuine deviation). Informational only: unlike the old token-based replay, the reconstructed marking is always legally reachable, so this does not by itself put the case at risk of an unrecoverable loop."
20191012759,"alignment-based replay of the historical prefix needed at least one 'log move' -- a logged activity the model could not explain at all (a genuine deviation). Informational only: unlike the old token-based replay, the reconstructed marking is always legally reachable, so this does not by itself put the case at risk of an unrecoverable loop."
20191012761,"alignment-based replay of the historical prefix needed at least one 'log move' -- a logged activity the model could not explain at all (a genuine deviation). Informational only: unlike the old token-based replay, the reconstructed marking is always legally reachable, so this does not by itself put the case at risk of an unrecoverable loop."
20191012766,"alignment-based replay of the historical prefix needed at least one 'log move' -- a logged activity the model could not explain at all (a genuine deviation). Informational only: unlike the old token-based replay, the reconstructed marking is always legally reachable, so this does not by itself put the case at risk of an unrecoverable loop."
20191012767,"alignment-based replay of the historical prefix needed at least one 'log move' -- a logged activity the model could not explain at all (a genuine deviation). Informational only: unlike the old token-based replay, the reconstructed marking is always legally reachable, so this does not by itself put the case at risk of an unrecoverable loop."
20191012771,"alignment-based replay of the historical prefix needed at least one 'log move' -- a logged activity the model could not explain at all (a genuine deviation). Informational only: unlike the old token-based replay, the reconstructed marking is always legally reachable, so this does not by itself put the case at risk of an unrecoverable loop."
20191012780,"alignment-based replay of the historical prefix needed at least one 'log move' -- a logged activity the model could not explain at all (a genuine deviation). Informational only: unlike the old token-based replay, the reconstructed marking is always legally reachable, so this does not by itself put the case at risk of an unrecoverable loop."
20191012781,"alignment-based replay of the historical prefix needed at least one 'log move' -- a logged activity the model could not explain at all (a genuine deviation). Informational only: unlike the old token-based replay, the reconstructed marking is always legally reachable, so this does not by itself put the case at risk of an unrecoverable loop."
20191012782,"alignment-based replay of the historical prefix needed at least one 'log move' -- a logged activity the model could not explain at all (a genuine deviation). Informational only: unlike the old token-based replay, the reconstructed marking is always legally reachable, so this does not by itself put the case at risk of an unrecoverable loop."
20191012786,"alignment-based replay of the historical prefix needed at least one 'log move' -- a logged activity the model could not explain at all (a genuine deviation). Informational only: unlike the old token-based replay, the reconstructed marking is always legally reachable, so this does not by itself put the case at risk of an unrecoverable loop."
20191012787,"alignment-based replay of the historical prefix needed at least one 'log move' -- a logged activity the model could not explain at all (a genuine deviation). Informational only: unlike the old token-based replay, the reconstructed marking is always legally reachable, so this does not by itself put the case at risk of an unrecoverable loop."
20191012788,"alignment-based replay of the historical prefix needed at least one 'log move' -- a logged activity the model could not explain at all (a genuine deviation). Informational only: unlike the old token-based replay, the reconstructed marking is always legally reachable, so this does not by itself put the case at risk of an unrecoverable loop."
20191012790,"alignment-based replay of the historical prefix needed at least one 'log move' -- a logged activity the model could not explain at all (a genuine deviation). Informational only: unlike the old token-based replay, the reconstructed marking is always legally reachable, so this does not by itself put the case at risk of an unrecoverable loop."
20191012793,"alignment-based replay of the historical prefix needed at least one 'log move' -- a logged activity the model could not explain at all (a genuine deviation). Informational only: unlike the old token-based replay, the reconstructed marking is always legally reachable, so this does not by itself put the case at risk of an unrecoverable loop."
20191012795,"alignment-based replay of the historical prefix needed at least one 'log move' -- a logged activity the model could not explain at all (a genuine deviation). Informational only: unlike the old token-based replay, the reconstructed marking is always legally reachable, so this does not by itself put the case at risk of an unrecoverable loop."
20191012796,"alignment-based replay of the historical prefix needed at least one 'log move' -- a logged activity the model could not explain at all (a genuine deviation). Informational only: unlike the old token-based replay, the reconstructed marking is always legally reachable, so this does not by itself put the case at risk of an unrecoverable loop."
20191012799,"alignment-based replay of the historical prefix needed at least one 'log move' -- a logged activity the model could not explain at all (a genuine deviation). Informational only: unlike the old token-based replay, the reconstructed marking is always legally reachable, so this does not by itself put the case at risk of an unrecoverable loop."
20191012801,"alignment-based replay of the historical prefix needed at least one 'log move' -- a logged activity the model could not explain at all (a genuine deviation). Informational only: unlike the old token-based replay, the reconstructed marking is always legally reachable, so this does not by itself put the case at risk of an unrecoverable loop."
20191012802,"alignment-based replay of the historical prefix needed at least one 'log move' -- a logged activity the model could not explain at all (a genuine deviation). Informational only: unlike the old token-based replay, the reconstructed marking is always legally reachable, so this does not by itself put the case at risk of an unrecoverable loop."
20191012807,"alignment-based replay of the historical prefix needed at least one 'log move' -- a logged activity the model could not explain at all (a genuine deviation). Informational only: unlike the old token-based replay, the reconstructed marking is always legally reachable, so this does not by itself put the case at risk of an unrecoverable loop."
20191012812,"alignment-based replay of the historical prefix needed at least one 'log move' -- a logged activity the model could not explain at all (a genuine deviation). Informational only: unlike the old token-based replay, the reconstructed marking is always legally reachable, so this does not by itself put the case at risk of an unrecoverable loop."
20191012817,"alignment-based replay of the historical prefix needed at least one 'log move' -- a logged activity the model could not explain at all (a genuine deviation). Informational only: unlike the old token-based replay, the reconstructed marking is always legally reachable, so this does not by itself put the case at risk of an unrecoverable loop."
20191012819,"alignment-based replay of the historical prefix needed at least one 'log move' -- a logged activity the model could not explain at all (a genuine deviation). Informational only: unlike the old token-based replay, the reconstructed marking is always legally reachable, so this does not by itself put the case at risk of an unrecoverable loop."
20191012821,"alignment-based replay of the historical prefix needed at least one 'log move' -- a logged activity the model could not explain at all (a genuine deviation). Informational only: unlike the old token-based replay, the reconstructed marking is always legally reachable, so this does not by itself put the case at risk of an unrecoverable loop."
20191012822,"alignment-based replay of the historical prefix needed at least one 'log move' -- a logged activity the model could not explain at all (a genuine deviation). Informational only: unlike the old token-based replay, the reconstructed marking is always legally reachable, so this does not by itself put the case at risk of an unrecoverable loop."
20191012834,"alignment-based replay of the historical prefix needed at least one 'log move' -- a logged activity the model could not explain at all (a genuine deviation). Informational only: unlike the old token-based replay, the reconstructed marking is always legally reachable, so this does not by itself put the case at risk of an unrecoverable loop."
20191012849,"alignment-based replay of the historical prefix needed at least one 'log move' -- a logged activity the model could not explain at all (a genuine deviation). Informational only: unlike the old token-based replay, the reconstructed marking is always legally reachable, so this does not by itself put the case at risk of an unrecoverable loop."
20191012851,"alignment-based replay of the historical prefix needed at least one 'log move' -- a logged activity the model could not explain at all (a genuine deviation). Informational only: unlike the old token-based replay, the reconstructed marking is always legally reachable, so this does not by itself put the case at risk of an unrecoverable loop."
20191012853,"alignment-based replay of the historical prefix needed at least one 'log move' -- a logged activity the model could not explain at all (a genuine deviation). Informational only: unlike the old token-based replay, the reconstructed marking is always legally reachable, so this does not by itself put the case at risk of an unrecoverable loop."
20191012857,"alignment-based replay of the historical prefix needed at least one 'log move' -- a logged activity the model could not explain at all (a genuine deviation). Informational only: unlike the old token-based replay, the reconstructed marking is always legally reachable, so this does not by itself put the case at risk of an unrecoverable loop."
20191012864,"alignment-based replay of the historical prefix needed at least one 'log move' -- a logged activity the model could not explain at all (a genuine deviation). Informational only: unlike the old token-based replay, the reconstructed marking is always legally reachable, so this does not by itself put the case at risk of an unrecoverable loop."
20191012866,"alignment-based replay of the historical prefix needed at least one 'log move' -- a logged activity the model could not explain at all (a genuine deviation). Informational only: unlike the old token-based replay, the reconstructed marking is always legally reachable, so this does not by itself put the case at risk of an unrecoverable loop."
20191012877,"alignment-based replay of the historical prefix needed at least one 'log move' -- a logged activity the model could not explain at all (a genuine deviation). Informational only: unlike the old token-based replay, the reconstructed marking is always legally reachable, so this does not by itself put the case at risk of an unrecoverable loop."
20191012881,"alignment-based replay of the historical prefix needed at least one 'log move' -- a logged activity the model could not explain at all (a genuine deviation). Informational only: unlike the old token-based replay, the reconstructed marking is always legally reachable, so this does not by itself put the case at risk of an unrecoverable loop."
20191012883,"alignment-based replay of the historical prefix needed at least one 'log move' -- a logged activity the model could not explain at all (a genuine deviation). Informational only: unlike the old token-based replay, the reconstructed marking is always legally reachable, so this does not by itself put the case at risk of an unrecoverable loop."
20191012893,"alignment-based replay of the historical prefix needed at least one 'log move' -- a logged activity the model could not explain at all (a genuine deviation). Informational only: unlike the old token-based replay, the reconstructed marking is always legally reachable, so this does not by itself put the case at risk of an unrecoverable loop."
20191012894,"alignment-based replay of the historical prefix needed at least one 'log move' -- a logged activity the model could not explain at all (a genuine deviation). Informational only: unlike the old token-based replay, the reconstructed marking is always legally reachable, so this does not by itself put the case at risk of an unrecoverable loop."
20191012896,"alignment-based replay of the historical prefix needed at least one 'log move' -- a logged activity the model could not explain at all (a genuine deviation). Informational only: unlike the old token-based replay, the reconstructed marking is always legally reachable, so this does not by itself put the case at risk of an unrecoverable loop."
20191012906,"alignment-based replay of the historical prefix needed at least one 'log move' -- a logged activity the model could not explain at all (a genuine deviation). Informational only: unlike the old token-based replay, the reconstructed marking is always legally reachable, so this does not by itself put the case at risk of an unrecoverable loop."
20191012910,"alignment-based replay of the historical prefix needed at least one 'log move' -- a logged activity the model could not explain at all (a genuine deviation). Informational only: unlike the old token-based replay, the reconstructed marking is always legally reachable, so this does not by itself put the case at risk of an unrecoverable loop."
20191012915,"alignment-based replay of the historical prefix needed at least one 'log move' -- a logged activity the model could not explain at all (a genuine deviation). Informational only: unlike the old token-based replay, the reconstructed marking is always legally reachable, so this does not by itself put the case at risk of an unrecoverable loop."
20191012918,"alignment-based replay of the historical prefix needed at least one 'log move' -- a logged activity the model could not explain at all (a genuine deviation). Informational only: unlike the old token-based replay, the reconstructed marking is always legally reachable, so this does not by itself put the case at risk of an unrecoverable loop."
20191012923,"alignment-based replay of the historical prefix needed at least one 'log move' -- a logged activity the model could not explain at all (a genuine deviation). Informational only: unlike the old token-based replay, the reconstructed marking is always legally reachable, so this does not by itself put the case at risk of an unrecoverable loop."
20191012927,"alignment-based replay of the historical prefix needed at least one 'log move' -- a logged activity the model could not explain at all (a genuine deviation). Informational only: unlike the old token-based replay, the reconstructed marking is always legally reachable, so this does not by itself put the case at risk of an unrecoverable loop."
20191012932,"alignment-based replay of the historical prefix needed at least one 'log move' -- a logged activity the model could not explain at all (a genuine deviation). Informational only: unlike the old token-based replay, the reconstructed marking is always legally reachable, so this does not by itself put the case at risk of an unrecoverable loop."
20191012935,"alignment-based replay of the historical prefix needed at least one 'log move' -- a logged activity the model could not explain at all (a genuine deviation). Informational only: unlike the old token-based replay, the reconstructed marking is always legally reachable, so this does not by itself put the case at risk of an unrecoverable loop."
20191012938,"alignment-based replay of the historical prefix needed at least one 'log move' -- a logged activity the model could not explain at all (a genuine deviation). Informational only: unlike the old token-based replay, the reconstructed marking is always legally reachable, so this does not by itself put the case at risk of an unrecoverable loop."
20191012940,"alignment-based replay of the historical prefix needed at least one 'log move' -- a logged activity the model could not explain at all (a genuine deviation). Informational only: unlike the old token-based replay, the reconstructed marking is always legally reachable, so this does not by itself put the case at risk of an unrecoverable loop."
20191012941,"alignment-based replay of the historical prefix needed at least one 'log move' -- a logged activity the model could not explain at all (a genuine deviation). Informational only: unlike the old token-based replay, the reconstructed marking is always legally reachable, so this does not by itself put the case at risk of an unrecoverable loop."
20191012942,"alignment-based replay of the historical prefix needed at least one 'log move' -- a logged activity the model could not explain at all (a genuine deviation). Informational only: unlike the old token-based replay, the reconstructed marking is always legally reachable, so this does not by itself put the case at risk of an unrecoverable loop."
20191012945,"alignment-based replay of the historical prefix needed at least one 'log move' -- a logged activity the model could not explain at all (a genuine deviation). Informational only: unlike the old token-based replay, the reconstructed marking is always legally reachable, so this does not by itself put the case at risk of an unrecoverable loop."
20191012946,"alignment-based replay of the historical prefix needed at least one 'log move' -- a logged activity the model could not explain at all (a genuine deviation). Informational only: unlike the old token-based replay, the reconstructed marking is always legally reachable, so this does not by itself put the case at risk of an unrecoverable loop."
20191012947,"alignment-based replay of the historical prefix needed at least one 'log move' -- a logged activity the model could not explain at all (a genuine deviation). Informational only: unlike the old token-based replay, the reconstructed marking is always legally reachable, so this does not by itself put the case at risk of an unrecoverable loop."
20191012957,"alignment-based replay of the historical prefix needed at least one 'log move' -- a logged activity the model could not explain at all (a genuine deviation). Informational only: unlike the old token-based replay, the reconstructed marking is always legally reachable, so this does not by itself put the case at risk of an unrecoverable loop."
20191012960,"alignment-based replay of the historical prefix needed at least one 'log move' -- a logged activity the model could not explain at all (a genuine deviation). Informational only: unlike the old token-based replay, the reconstructed marking is always legally reachable, so this does not by itself put the case at risk of an unrecoverable loop."
20191012964,"alignment-based replay of the historical prefix needed at least one 'log move' -- a logged activity the model could not explain at all (a genuine deviation). Informational only: unlike the old token-based replay, the reconstructed marking is always legally reachable, so this does not by itself put the case at risk of an unrecoverable loop."
20191012966,"alignment-based replay of the historical prefix needed at least one 'log move' -- a logged activity the model could not explain at all (a genuine deviation). Informational only: unlike the old token-based replay, the reconstructed marking is always legally reachable, so this does not by itself put the case at risk of an unrecoverable loop."
20191012967,"alignment-based replay of the historical prefix needed at least one 'log move' -- a logged activity the model could not explain at all (a genuine deviation). Informational only: unlike the old token-based replay, the reconstructed marking is always legally reachable, so this does not by itself put the case at risk of an unrecoverable loop."
20191012970,"alignment-based replay of the historical prefix needed at least one 'log move' -- a logged activity the model could not explain at all (a genuine deviation). Informational only: unlike the old token-based replay, the reconstructed marking is always legally reachable, so this does not by itself put the case at risk of an unrecoverable loop."
20191012971,"alignment-based replay of the historical prefix needed at least one 'log move' -- a logged activity the model could not explain at all (a genuine deviation). Informational only: unlike the old token-based replay, the reconstructed marking is always legally reachable, so this does not by itself put the case at risk of an unrecoverable loop."
20191012975,"alignment-based replay of the historical prefix needed at least one 'log move' -- a logged activity the model could not explain at all (a genuine deviation). Informational only: unlike the old token-based replay, the reconstructed marking is always legally reachable, so this does not by itself put the case at risk of an unrecoverable loop."
20191012979,"alignment-based replay of the historical prefix needed at least one 'log move' -- a logged activity the model could not explain at all (a genuine deviation). Informational only: unlike the old token-based replay, the reconstructed marking is always legally reachable, so this does not by itself put the case at risk of an unrecoverable loop."
20191012980,"alignment-based replay of the historical prefix needed at least one 'log move' -- a logged activity the model could not explain at all (a genuine deviation). Informational only: unlike the old token-based replay, the reconstructed marking is always legally reachable, so this does not by itself put the case at risk of an unrecoverable loop."
20191012981,"alignment-based replay of the historical prefix needed at least one 'log move' -- a logged activity the model could not explain at all (a genuine deviation). Informational only: unlike the old token-based replay, the reconstructed marking is always legally reachable, so this does not by itself put the case at risk of an unrecoverable loop."
20191012986,"alignment-based replay of the historical prefix needed at least one 'log move' -- a logged activity the model could not explain at all (a genuine deviation). Informational only: unlike the old token-based replay, the reconstructed marking is always legally reachable, so this does not by itself put the case at risk of an unrecoverable loop."
20191012987,"alignment-based replay of the historical prefix needed at least one 'log move' -- a logged activity the model could not explain at all (a genuine deviation). Informational only: unlike the old token-based replay, the reconstructed marking is always legally reachable, so this does not by itself put the case at risk of an unrecoverable loop."
20191012988,"alignment-based replay of the historical prefix needed at least one 'log move' -- a logged activity the model could not explain at all (a genuine deviation). Informational only: unlike the old token-based replay, the reconstructed marking is always legally reachable, so this does not by itself put the case at risk of an unrecoverable loop."
20191012991,"alignment-based replay of the historical prefix needed at least one 'log move' -- a logged activity the model could not explain at all (a genuine deviation). Informational only: unlike the old token-based replay, the reconstructed marking is always legally reachable, so this does not by itself put the case at risk of an unrecoverable loop."
20191012993,"alignment-based replay of the historical prefix needed at least one 'log move' -- a logged activity the model could not explain at all (a genuine deviation). Informational only: unlike the old token-based replay, the reconstructed marking is always legally reachable, so this does not by itself put the case at risk of an unrecoverable loop."
20191012996,"alignment-based replay of the historical prefix needed at least one 'log move' -- a logged activity the model could not explain at all (a genuine deviation). Informational only: unlike the old token-based replay, the reconstructed marking is always legally reachable, so this does not by itself put the case at risk of an unrecoverable loop."
20191012998,"alignment-based replay of the historical prefix needed at least one 'log move' -- a logged activity the model could not explain at all (a genuine deviation). Informational only: unlike the old token-based replay, the reconstructed marking is always legally reachable, so this does not by itself put the case at risk of an unrecoverable loop."
20191013000,"alignment-based replay of the historical prefix needed at least one 'log move' -- a logged activity the model could not explain at all (a genuine deviation). Informational only: unlike the old token-based replay, the reconstructed marking is always legally reachable, so this does not by itself put the case at risk of an unrecoverable loop."
20191013005,"alignment-based replay of the historical prefix needed at least one 'log move' -- a logged activity the model could not explain at all (a genuine deviation). Informational only: unlike the old token-based replay, the reconstructed marking is always legally reachable, so this does not by itself put the case at risk of an unrecoverable loop."
20191013007,"alignment-based replay of the historical prefix needed at least one 'log move' -- a logged activity the model could not explain at all (a genuine deviation). Informational only: unlike the old token-based replay, the reconstructed marking is always legally reachable, so this does not by itself put the case at risk of an unrecoverable loop."
20191013011,"alignment-based replay of the historical prefix needed at least one 'log move' -- a logged activity the model could not explain at all (a genuine deviation). Informational only: unlike the old token-based replay, the reconstructed marking is always legally reachable, so this does not by itself put the case at risk of an unrecoverable loop."
20191013012,"alignment-based replay of the historical prefix needed at least one 'log move' -- a logged activity the model could not explain at all (a genuine deviation). Informational only: unlike the old token-based replay, the reconstructed marking is always legally reachable, so this does not by itself put the case at risk of an unrecoverable loop."
20191013016,"alignment-based replay of the historical prefix needed at least one 'log move' -- a logged activity the model could not explain at all (a genuine deviation). Informational only: unlike the old token-based replay, the reconstructed marking is always legally reachable, so this does not by itself put the case at risk of an unrecoverable loop."
20191013019,"alignment-based replay of the historical prefix needed at least one 'log move' -- a logged activity the model could not explain at all (a genuine deviation). Informational only: unlike the old token-based replay, the reconstructed marking is always legally reachable, so this does not by itself put the case at risk of an unrecoverable loop."
20191013020,"alignment-based replay of the historical prefix needed at least one 'log move' -- a logged activity the model could not explain at all (a genuine deviation). Informational only: unlike the old token-based replay, the reconstructed marking is always legally reachable, so this does not by itself put the case at risk of an unrecoverable loop."
20191013023,"alignment-based replay of the historical prefix needed at least one 'log move' -- a logged activity the model could not explain at all (a genuine deviation). Informational only: unlike the old token-based replay, the reconstructed marking is always legally reachable, so this does not by itself put the case at risk of an unrecoverable loop."
20191013025,"alignment-based replay of the historical prefix needed at least one 'log move' -- a logged activity the model could not explain at all (a genuine deviation). Informational only: unlike the old token-based replay, the reconstructed marking is always legally reachable, so this does not by itself put the case at risk of an unrecoverable loop."
20191013027,"alignment-based replay of the historical prefix needed at least one 'log move' -- a logged activity the model could not explain at all (a genuine deviation). Informational only: unlike the old token-based replay, the reconstructed marking is always legally reachable, so this does not by itself put the case at risk of an unrecoverable loop."
20191013030,"alignment-based replay of the historical prefix needed at least one 'log move' -- a logged activity the model could not explain at all (a genuine deviation). Informational only: unlike the old token-based replay, the reconstructed marking is always legally reachable, so this does not by itself put the case at risk of an unrecoverable loop."
20191013033,"alignment-based replay of the historical prefix needed at least one 'log move' -- a logged activity the model could not explain at all (a genuine deviation). Informational only: unlike the old token-based replay, the reconstructed marking is always legally reachable, so this does not by itself put the case at risk of an unrecoverable loop."
20191013038,"alignment-based replay of the historical prefix needed at least one 'log move' -- a logged activity the model could not explain at all (a genuine deviation). Informational only: unlike the old token-based replay, the reconstructed marking is always legally reachable, so this does not by itself put the case at risk of an unrecoverable loop."
20191013040,"alignment-based replay of the historical prefix needed at least one 'log move' -- a logged activity the model could not explain at all (a genuine deviation). Informational only: unlike the old token-based replay, the reconstructed marking is always legally reachable, so this does not by itself put the case at risk of an unrecoverable loop."
20191013041,"alignment-based replay of the historical prefix needed at least one 'log move' -- a logged activity the model could not explain at all (a genuine deviation). Informational only: unlike the old token-based replay, the reconstructed marking is always legally reachable, so this does not by itself put the case at risk of an unrecoverable loop."
20191013043,"alignment-based replay of the historical prefix needed at least one 'log move' -- a logged activity the model could not explain at all (a genuine deviation). Informational only: unlike the old token-based replay, the reconstructed marking is always legally reachable, so this does not by itself put the case at risk of an unrecoverable loop."
20191013047,"alignment-based replay of the historical prefix needed at least one 'log move' -- a logged activity the model could not explain at all (a genuine deviation). Informational only: unlike the old token-based replay, the reconstructed marking is always legally reachable, so this does not by itself put the case at risk of an unrecoverable loop."
20191013048,"alignment-based replay of the historical prefix needed at least one 'log move' -- a logged activity the model could not explain at all (a genuine deviation). Informational only: unlike the old token-based replay, the reconstructed marking is always legally reachable, so this does not by itself put the case at risk of an unrecoverable loop."
20191013053,"alignment-based replay of the historical prefix needed at least one 'log move' -- a logged activity the model could not explain at all (a genuine deviation). Informational only: unlike the old token-based replay, the reconstructed marking is always legally reachable, so this does not by itself put the case at risk of an unrecoverable loop."
20191013055,"alignment-based replay of the historical prefix needed at least one 'log move' -- a logged activity the model could not explain at all (a genuine deviation). Informational only: unlike the old token-based replay, the reconstructed marking is always legally reachable, so this does not by itself put the case at risk of an unrecoverable loop."
20191013056,"alignment-based replay of the historical prefix needed at least one 'log move' -- a logged activity the model could not explain at all (a genuine deviation). Informational only: unlike the old token-based replay, the reconstructed marking is always legally reachable, so this does not by itself put the case at risk of an unrecoverable loop."
20191013061,"alignment-based replay of the historical prefix needed at least one 'log move' -- a logged activity the model could not explain at all (a genuine deviation). Informational only: unlike the old token-based replay, the reconstructed marking is always legally reachable, so this does not by itself put the case at risk of an unrecoverable loop."
20191013063,"alignment-based replay of the historical prefix needed at least one 'log move' -- a logged activity the model could not explain at all (a genuine deviation). Informational only: unlike the old token-based replay, the reconstructed marking is always legally reachable, so this does not by itself put the case at risk of an unrecoverable loop."
20191013073,"alignment-based replay of the historical prefix needed at least one 'log move' -- a logged activity the model could not explain at all (a genuine deviation). Informational only: unlike the old token-based replay, the reconstructed marking is always legally reachable, so this does not by itself put the case at risk of an unrecoverable loop."
20191013074,"alignment-based replay of the historical prefix needed at least one 'log move' -- a logged activity the model could not explain at all (a genuine deviation). Informational only: unlike the old token-based replay, the reconstructed marking is always legally reachable, so this does not by itself put the case at risk of an unrecoverable loop."
20191013075,"alignment-based replay of the historical prefix needed at least one 'log move' -- a logged activity the model could not explain at all (a genuine deviation). Informational only: unlike the old token-based replay, the reconstructed marking is always legally reachable, so this does not by itself put the case at risk of an unrecoverable loop."
20191013076,"alignment-based replay of the historical prefix needed at least one 'log move' -- a logged activity the model could not explain at all (a genuine deviation). Informational only: unlike the old token-based replay, the reconstructed marking is always legally reachable, so this does not by itself put the case at risk of an unrecoverable loop."
20191013077,"alignment-based replay of the historical prefix needed at least one 'log move' -- a logged activity the model could not explain at all (a genuine deviation). Informational only: unlike the old token-based replay, the reconstructed marking is always legally reachable, so this does not by itself put the case at risk of an unrecoverable loop."
20191013079,"alignment-based replay of the historical prefix needed at least one 'log move' -- a logged activity the model could not explain at all (a genuine deviation). Informational only: unlike the old token-based replay, the reconstructed marking is always legally reachable, so this does not by itself put the case at risk of an unrecoverable loop."
20191013087,"alignment-based replay of the historical prefix needed at least one 'log move' -- a logged activity the model could not explain at all (a genuine deviation). Informational only: unlike the old token-based replay, the reconstructed marking is always legally reachable, so this does not by itself put the case at risk of an unrecoverable loop."
20191013088,"alignment-based replay of the historical prefix needed at least one 'log move' -- a logged activity the model could not explain at all (a genuine deviation). Informational only: unlike the old token-based replay, the reconstructed marking is always legally reachable, so this does not by itself put the case at risk of an unrecoverable loop."
20191013089,"alignment-based replay of the historical prefix needed at least one 'log move' -- a logged activity the model could not explain at all (a genuine deviation). Informational only: unlike the old token-based replay, the reconstructed marking is always legally reachable, so this does not by itself put the case at risk of an unrecoverable loop."
20191013096,"alignment-based replay of the historical prefix needed at least one 'log move' -- a logged activity the model could not explain at all (a genuine deviation). Informational only: unlike the old token-based replay, the reconstructed marking is always legally reachable, so this does not by itself put the case at risk of an unrecoverable loop."
20191013106,"alignment-based replay of the historical prefix needed at least one 'log move' -- a logged activity the model could not explain at all (a genuine deviation). Informational only: unlike the old token-based replay, the reconstructed marking is always legally reachable, so this does not by itself put the case at risk of an unrecoverable loop."
20191013111,"alignment-based replay of the historical prefix needed at least one 'log move' -- a logged activity the model could not explain at all (a genuine deviation). Informational only: unlike the old token-based replay, the reconstructed marking is always legally reachable, so this does not by itself put the case at risk of an unrecoverable loop."
20191013112,"alignment-based replay of the historical prefix needed at least one 'log move' -- a logged activity the model could not explain at all (a genuine deviation). Informational only: unlike the old token-based replay, the reconstructed marking is always legally reachable, so this does not by itself put the case at risk of an unrecoverable loop."
20191013115,"alignment-based replay of the historical prefix needed at least one 'log move' -- a logged activity the model could not explain at all (a genuine deviation). Informational only: unlike the old token-based replay, the reconstructed marking is always legally reachable, so this does not by itself put the case at risk of an unrecoverable loop."
20191013119,"alignment-based replay of the historical prefix needed at least one 'log move' -- a logged activity the model could not explain at all (a genuine deviation). Informational only: unlike the old token-based replay, the reconstructed marking is always legally reachable, so this does not by itself put the case at risk of an unrecoverable loop."
20191013124,"alignment-based replay of the historical prefix needed at least one 'log move' -- a logged activity the model could not explain at all (a genuine deviation). Informational only: unlike the old token-based replay, the reconstructed marking is always legally reachable, so this does not by itself put the case at risk of an unrecoverable loop."
20191013125,"alignment-based replay of the historical prefix needed at least one 'log move' -- a logged activity the model could not explain at all (a genuine deviation). Informational only: unlike the old token-based replay, the reconstructed marking is always legally reachable, so this does not by itself put the case at risk of an unrecoverable loop."
20191013129,"alignment-based replay of the historical prefix needed at least one 'log move' -- a logged activity the model could not explain at all (a genuine deviation). Informational only: unlike the old token-based replay, the reconstructed marking is always legally reachable, so this does not by itself put the case at risk of an unrecoverable loop."
20191013130,"alignment-based replay of the historical prefix needed at least one 'log move' -- a logged activity the model could not explain at all (a genuine deviation). Informational only: unlike the old token-based replay, the reconstructed marking is always legally reachable, so this does not by itself put the case at risk of an unrecoverable loop."
20191013132,"alignment-based replay of the historical prefix needed at least one 'log move' -- a logged activity the model could not explain at all (a genuine deviation). Informational only: unlike the old token-based replay, the reconstructed marking is always legally reachable, so this does not by itself put the case at risk of an unrecoverable loop."
20191013137,"alignment-based replay of the historical prefix needed at least one 'log move' -- a logged activity the model could not explain at all (a genuine deviation). Informational only: unlike the old token-based replay, the reconstructed marking is always legally reachable, so this does not by itself put the case at risk of an unrecoverable loop."
20191013146,"alignment-based replay of the historical prefix needed at least one 'log move' -- a logged activity the model could not explain at all (a genuine deviation). Informational only: unlike the old token-based replay, the reconstructed marking is always legally reachable, so this does not by itself put the case at risk of an unrecoverable loop."
20191013148,"alignment-based replay of the historical prefix needed at least one 'log move' -- a logged activity the model could not explain at all (a genuine deviation). Informational only: unlike the old token-based replay, the reconstructed marking is always legally reachable, so this does not by itself put the case at risk of an unrecoverable loop."
20191013150,"alignment-based replay of the historical prefix needed at least one 'log move' -- a logged activity the model could not explain at all (a genuine deviation). Informational only: unlike the old token-based replay, the reconstructed marking is always legally reachable, so this does not by itself put the case at risk of an unrecoverable loop."
20191013153,"alignment-based replay of the historical prefix needed at least one 'log move' -- a logged activity the model could not explain at all (a genuine deviation). Informational only: unlike the old token-based replay, the reconstructed marking is always legally reachable, so this does not by itself put the case at risk of an unrecoverable loop."
20191013165,"alignment-based replay of the historical prefix needed at least one 'log move' -- a logged activity the model could not explain at all (a genuine deviation). Informational only: unlike the old token-based replay, the reconstructed marking is always legally reachable, so this does not by itself put the case at risk of an unrecoverable loop."
20191013172,"alignment-based replay of the historical prefix needed at least one 'log move' -- a logged activity the model could not explain at all (a genuine deviation). Informational only: unlike the old token-based replay, the reconstructed marking is always legally reachable, so this does not by itself put the case at risk of an unrecoverable loop."
20191013174,"alignment-based replay of the historical prefix needed at least one 'log move' -- a logged activity the model could not explain at all (a genuine deviation). Informational only: unlike the old token-based replay, the reconstructed marking is always legally reachable, so this does not by itself put the case at risk of an unrecoverable loop."
20191013178,"alignment-based replay of the historical prefix needed at least one 'log move' -- a logged activity the model could not explain at all (a genuine deviation). Informational only: unlike the old token-based replay, the reconstructed marking is always legally reachable, so this does not by itself put the case at risk of an unrecoverable loop."
20191013180,"alignment-based replay of the historical prefix needed at least one 'log move' -- a logged activity the model could not explain at all (a genuine deviation). Informational only: unlike the old token-based replay, the reconstructed marking is always legally reachable, so this does not by itself put the case at risk of an unrecoverable loop."
20191013183,"alignment-based replay of the historical prefix needed at least one 'log move' -- a logged activity the model could not explain at all (a genuine deviation). Informational only: unlike the old token-based replay, the reconstructed marking is always legally reachable, so this does not by itself put the case at risk of an unrecoverable loop."
20191013185,"alignment-based replay of the historical prefix needed at least one 'log move' -- a logged activity the model could not explain at all (a genuine deviation). Informational only: unlike the old token-based replay, the reconstructed marking is always legally reachable, so this does not by itself put the case at risk of an unrecoverable loop."
