case:concept:name,pred_outcome,pred_sigmoid_mm_time,pred_uncertainty
Application_1003444518,0.8146159354113707,0.20332040704589233,0.2040494237473888
Application_1004385970,0.00769263354896167,0.7255702727460124,0.03264476891048719
Application_1006138809,0.042541033613108604,0.07421704321690126,0.0945369687702655
Application_1008663678,0.7760603908794331,0.1133341945464145,0.1609630882383677
Application_1012600292,0.04421050687569904,0.25104632771643814,0.20102591336573314
Application_101285063,0.6420999605830021,0.3699128399717948,0.3007082124424897
Application_1013192848,0.559213731058196,0.1802360632354153,0.19811998733809094
Application_1016792765,0.038752467010776184,0.17704289847801136,0.20871533699294764
Application_1018266027,0.15456376229495483,0.05697117104451044,0.23131807049375228
Application_1018276550,0.09469036317518516,0.19532593436470683,0.291512043904312
Application_101973919,0.7095459037969125,0.48403910919501647,0.3762806689665613
Application_1020696982,0.014705164832453772,0.1843267982281261,0.19586229778723932
Application_1020792873,0.7934622879068971,0.4324282658088566,0.299543191530841
Application_1020819842,0.8988257001588734,0.2216321707223341,0.187504209961691
Application_1022084723,0.009281344245191548,0.7371510544969162,0.017565551836439243
Application_1023037940,0.010500091069251033,0.721286741077869,0.013598921164029247
Application_102597720,0.04641672614883537,0.08033624623382649,0.09858907528868313
Application_1026777184,0.01784069425696596,0.14603865412567574,0.1693240176566571
Application_1027449105,0.025201299046942793,0.2364247267315116,0.18490297942800024
Application_1027859705,0.026275106427241676,0.6303502006449593,0.17252023769811475
Application_1028665365,0.6124213325855205,0.5347362756168226,0.29903977871177595
Application_1029674102,0.8393758218077195,0.36813349158206343,0.30264866754614883
Application_102977791,0.007375842433062157,0.7369161341823952,0.019759980050600326
Application_1031465496,0.5032325558961046,0.42357461683625314,0.33158199095481683
Application_1032862024,0.801146576469832,0.2636555826148131,0.26416821658110246
Application_1033036371,0.8098838288565182,0.4226512570211144,0.37192499484801544
Application_1033306842,0.05500262144221031,0.29693229795891823,0.2169568467099015
Application_1033574302,0.05424859947800645,0.22133796567202005,0.23511070601708992
Application_1034775753,0.4155319635312997,0.3828614383965606,0.2610926573600928
Application_1035618893,0.8083714758638745,0.4570625258557581,0.2975303568272146
Application_1037771791,0.22852751442715533,0.5757373612379755,0.12809741707680136
Application_1038302868,0.008809988999089179,0.7397561508086403,0.01758690819594438
Application_1038660996,0.026050658278748147,0.30070853991456226,0.2879079702504308
Application_1039200421,0.6896011851699649,0.2798485693424926,0.2605399360484052
Application_104061665,0.04548804959480056,0.2520877087831066,0.20137348387625653
Application_1041438098,0.6570079165943528,0.42368066543101796,0.29330820526139456
Application_104406636,0.7366232085698211,0.3152859177169883,0.28954446881200435
Application_1046222107,0.021563550443206677,0.17399088268970733,0.18756750397916477
Application_1046524820,0.8483277370839976,0.3578411013629938,0.29836222738409013
Application_1048834285,0.7622236749295664,0.27698374280468097,0.3256507098974645
Application_104922918,0.0721620423811762,0.2128579680539311,0.2838502456912416
Application_1050938301,0.9383569085506477,0.17524475377325993,0.24606276585198317
Application_105434976,0.029910692085005026,0.17043212348434217,0.18753928936842995
Application_1054777483,0.7930630760135188,0.1743011487996793,0.17870159373206945
Application_1056831748,0.03684550304035588,0.16433296625211197,0.11957988213854481
Application_1057881509,0.04935745323176196,0.21140926006217128,0.22387733569927462
Application_105906022,0.8652478812613709,0.20377511555960212,0.19318381955703084
Application_1064102675,0.8664177217019182,0.19207408909819348,0.18069304530012048
Application_1065401414,0.023612684225607024,0.2847387654969911,0.25401387165897454
Application_1069486579,0.7951882240058544,0.4879250882593109,0.288532819199187
Application_1069511528,0.016137671215884306,0.12149035951079687,0.21213524829791613
Application_107048111,0.7349369011715013,0.45807541580329,0.29946052782494753
Application_1070499420,0.08248257640778424,0.17960296473145318,0.31695833322294714
Application_1071392906,0.43486993822183495,0.5068162262899246,0.18224051790455686
Application_1072302976,0.010608085516471522,0.7298221767174178,0.023586886950781996
Application_1072740747,0.8552039829274042,0.12917418262185187,0.12468927614219488
Application_1073143855,0.506004587567038,0.12848983961716476,0.14691818373936602
Application_1076592180,0.9576868444104965,0.2663017938494311,0.3152401657215633
Application_1077139293,0.7265062280382519,0.3948532056788075,0.28956297565457206
Application_1079472664,0.4257690339601986,0.38858624909964534,0.2886386380381059
Application_1079589,0.00971381296505266,0.7084882042849423,0.015437777953273096
Application_1081153991,0.8078845177460161,0.42212506501732816,0.24037317858871401
Application_1082188204,0.024985409585135517,0.02512897432320771,0.06455761340310731
Application_1083885618,0.00604283077367046,0.7150269561425268,0.044276544651312054
Application_1084197155,0.046186172811149916,0.2934807681573817,0.18783984283901967
Application_1084809711,0.023169853774558855,0.17734887341679992,0.17398301633361457
Application_1084951999,0.028709817131221404,0.1718194006225282,0.1997583997996237
Application_1085916302,0.04047308646155038,0.128777353775067,0.23015706601147298
Application_1086189813,0.009140570580209288,0.7487743644906296,0.01712906463303701
Application_1086358390,0.8153095168863872,0.39441860596340833,0.23332992874860523
Application_1087895834,0.007478618039030458,0.7294931819482782,0.02021380685687637
Application_1088555315,0.03988131077786713,0.1267551129170646,0.15649284533987512
Application_1089290640,0.37121553040246275,0.5214297800037608,0.18447348595872487
Application_1090974006,0.018888539453302145,0.06941142219922575,0.0946721638766216
Application_1091454310,0.03788646370396663,0.26014206108915566,0.257249879303569
Application_1092109071,0.9032328720872359,0.1365133754597834,0.2149766653726211
Application_1092918410,0.04235049725433593,0.13837173363976682,0.18909194114631944
Application_1095263419,0.02414855305218246,0.11201706454317387,0.18682577474419249
Application_1096081779,0.06204699540075314,0.2002764069446332,0.22992727643984265
Application_109628015,0.01802807235775923,0.0768331234342905,0.11508696261773042
Application_1096460123,0.7527511427922533,0.4637755205427157,0.29705599887043477
Application_1096932592,0.05213430105391752,0.07883416786222205,0.0871718539021001
Application_109718783,0.04151993544966938,0.26834886137546826,0.20277913880226098
Application_109912668,0.7411521685146556,0.38171323626559805,0.2285660158609979
Application_1099430757,0.04579638886185244,0.16859207537842422,0.1801162854384272
Application_1099493178,0.6837502251694769,0.33815478080859557,0.22529651115659757
Application_1099663893,0.5003271894982685,0.47528900264960383,0.3710747377206515
Application_1100253381,0.04810537348521968,0.21140926006217128,0.22387733569927462
Application_1101636672,0.01182404169549125,0.7182058470125459,0.027978659291360557
Application_1102148836,0.8142716353872106,0.3842485311638057,0.2909357649878162
Application_1102289179,0.8152288520895925,0.38342971297834494,0.2854980571394015
Application_110355063,0.7232010463448149,0.3563050183709522,0.293480823545099
Application_1103698005,0.6078396460992396,0.4090362238057705,0.27481451675932844
Application_1104110439,0.02518746090299608,0.16252077176563037,0.16975370648776442
Application_1104349279,0.03295465790832972,0.2726412700613287,0.19850558795612175
Application_1104697616,0.03139599913569113,0.6909589567301224,0.036298056071404544
Application_1104784494,0.8602727223955092,0.4253456867491714,0.30517840453350614
Application_1104839673,0.8670446797164408,0.08739326395627073,0.1060126284047881
Application_1106610804,0.1661826968967766,0.0944196441192777,0.23789490559134902
Application_1107513596,0.7734403710414655,0.3745844320999378,0.23992392607465796
Application_1107974200,0.4833769734462843,0.2828370352350009,0.19314022195864186
Application_1108410496,0.6474404736061465,0.36037963128097156,0.25671020795074256
Application_1108553853,0.006768506012616553,0.7399130080895734,0.01772293712611496
Application_1109500523,0.4625748873453518,0.4128949431799505,0.2668711147338879
Application_1109722425,0.819708869984022,0.3671354621445295,0.29287250552467364
Application_1110003824,0.8802937294793484,0.16465763833176655,0.22616044053343845
Application_1110334222,0.006336827953444444,0.7528580274619845,0.016995959593911713
Application_1110847631,0.8217644949290671,0.43753879761613224,0.3005015574098048
Application_1112791540,0.849664166556525,0.3676477179382574,0.30965562490765425
Application_1114627184,0.043411954607454215,0.1811762696554726,0.19282340649377216
Application_1115275695,0.03681349320714724,0.11998877756911278,0.27177836270441535
Application_111536511,0.007575987605206199,0.7533395363060986,0.01710647376536249
Application_1116596448,0.02491200419610543,0.05305986495691778,0.10729093241366604
Application_1116878017,0.8373429717534941,0.42568439408658115,0.2889294582458933
Application_1118317851,0.7618854084779209,0.4179324738113972,0.2963884380329934
Application_1118691851,0.0754992927820745,0.2139585851945507,0.18865155124199984
Application_1118794258,0.18596153367383994,0.16785392128169396,0.23758676691058345
Application_1119128567,0.22707617772571015,0.5176188291613985,0.14983025412364218
Application_1119346613,0.010002101569433,0.7404663621081149,0.017002984618398324
Application_1119704576,0.9055768752683648,0.14123152249049445,0.22471257583301124
Application_1120624192,0.7242327480527285,0.40819935280054337,0.28245459429378933
Application_1121095468,0.053372877338626154,0.1456981056735373,0.28366549405342506
Application_112299550,0.026067936773051692,0.14723307288186718,0.2911106981042938
Application_1123320394,0.07687563592051672,0.23321909355138393,0.1837000877090971
Application_1123432099,0.021236624240459977,0.15514614959789186,0.17930777482358737
Application_1123655418,0.08134089224125089,0.15786720707927465,0.18918381679791293
Application_1124789802,0.0282362976236862,0.1719430054892146,0.19501806183488288
Application_1125229039,0.8007705203707567,0.47277380429211396,0.35081287252527416
Application_1125299308,0.41663858242758994,0.31324067033610337,0.2199931899950957
Application_1131812437,0.42758393013149015,0.47513564216523807,0.3039647077519178
Application_1131974200,0.24838051863124785,0.607846924108888,0.19283506031182204
Application_1132898010,0.04970629857929614,0.2520877087831066,0.20137348387625653
Application_1133826059,0.04677544471232658,0.15421509687825494,0.23289996767609294
Application_113474586,0.018937049159474466,0.7472622157191913,0.019420053794817135
Application_1136138244,0.0368731450683733,0.17800348512533345,0.41035388090362207
Application_1136188668,0.04735219607738234,0.23376825107969518,0.24883437826006355
Application_1136782466,0.5849646862834604,0.40345257166772247,0.3501537286266094
Application_1136942310,0.035886793005277605,0.5468362120761718,0.18928319713245798
Application_1138343850,0.06708880708422982,0.16863204925186925,0.3277497257053376
Application_1138441532,0.6698736389993237,0.12507544203603985,0.15324550244753082
Application_1138682900,0.8843517493630827,0.10698559584926193,0.2143850769037935
Application_1139095492,0.9219527935706514,0.12381830310960806,0.16010593851927266
Application_1140000103,0.7551985422091085,0.34890435486093596,0.278992391105495
Application_1140214785,0.8121179733105289,0.4137337351517307,0.27319166190573724
Application_1140934167,0.03293352225955193,0.24038311070641188,0.32922540199789363
Application_1141437569,0.9075923340452692,0.08671068310307203,0.12340921582400177
Application_1141800606,0.8736622857319055,0.24746339928569228,0.2634654083989826
Application_1142291922,0.8463852454141266,0.3588646062183988,0.25685388650446034
Application_1143452352,0.8184928777210835,0.19770458234635355,0.2352132288949392
Application_1143725882,0.31930358044397383,0.5504573515519076,0.11925853460628204
Application_1143749034,0.007573308368024638,0.7455817915102275,0.022230743301791433
Application_1144806380,0.062328332314327196,0.19298130191424281,0.2283698066636586
Application_1145195394,0.7380853352434631,0.344065723974481,0.24430001703355786
Application_11454632,0.7396216860631423,0.3469060993503183,0.2851800383238434
Application_114551747,0.9264328442267883,0.17284176126865364,0.2032207881266492
Application_1145960664,0.06495929027783555,0.14173728510562086,0.29090266979209733
Application_1146017257,0.009985241851730178,0.7498721597105198,0.01729736539113076
Application_1146390793,0.7821493947310739,0.3360001207227056,0.2886843578122406
Application_114677449,0.8051712492705856,0.401368634945017,0.2521159300877106
Application_1147242139,0.3813627856227647,0.37292717837351,0.25909040446897447
Application_1147800670,0.7083833716502117,0.12470520200220975,0.18091059106111815
Application_1148505526,0.45742511316891843,0.31810200301453073,0.22844372894940382
Application_1149826505,0.042431051284809874,0.21442432730857697,0.16366953685585145
Application_1149882287,0.041935105385278705,0.21012557053128406,0.19940978561550116
Application_1151306652,0.04469235253438195,0.13946060872592383,0.30399656805879
Application_1151718196,0.019970378729139752,0.09735467726195049,0.10783760062015778
Application_1152706558,0.8114330663725363,0.40555434986107636,0.2788690676732143
Application_1153327019,0.034667050250046995,0.028980121729646813,0.055082419086660256
Application_1153332543,0.8417765611831332,0.32708378378570657,0.26686297446587826
Application_115387399,0.8072247579422915,0.512620458506451,0.3692745619788729
Application_1154947942,0.7761905870587473,0.3790499203606245,0.2775139183951699
Application_1155624509,0.963460065141867,0.16338059644543054,0.2536084067028421
Application_1156380786,0.7436063658384385,0.45281109385981777,0.29517487264918124
Application_1157095713,0.8863519022000064,0.33714655243086383,0.26854152801690095
Application_1157455039,0.05769785246594953,0.23156534982785473,0.17609288828203293
Application_1160716330,0.008849665457750283,0.7410561939057373,0.016068319926147174
Application_1164107164,0.8673596763106761,0.14159803726904338,0.22636620031583118
Application_116887817,0.33625951185518954,0.554709305097403,0.12207625690527076
Application_1171197563,0.04194427272779307,0.13246398039243334,0.2964634113064838
Application_1172008352,0.8561950917988435,0.14487765767228714,0.13869496998698616
Application_1173149180,0.007726527324284359,0.7392434813710855,0.012650777476880006
Application_1173289988,0.030026050832101286,0.2448621212596037,0.19474406785374088
Application_1173481848,0.06929802770664877,0.056166407315275835,0.08582145025893298
Application_1174114825,0.024256665436196975,0.20199042815319024,0.201486550463421
Application_1175285346,0.079287204230444,0.0495395388742319,0.07953870562902024
Application_1175418215,0.021633970799498616,0.09598676059719671,0.12231172797769987
Application_117660615,0.8370773218006001,0.40188727886061193,0.278582067175999
Application_11773925,0.5652438263496802,0.4208738140767352,0.28837670650330455
Application_118076535,0.018536305389556362,0.19190099616314532,0.16267465352204924
Application_1180779910,0.02075653596836929,0.18117156977309148,0.19353865105976237
Application_1182794641,0.06342553488295351,0.1061364077278221,0.11585262001085365
Application_1183136852,0.586742151146897,0.38386453546376487,0.3165265757481152
Application_1183476189,0.042733439542382096,0.16165352097754737,0.16592042793559406
Application_1183534481,0.09292110259626622,0.1621790728716266,0.3146945199418171
Application_1183954314,0.028538499628691028,0.32301427609091554,0.20929415324822107
Application_1184253258,0.01190070625505699,0.7446182457578532,0.01397907557884071
Application_1185560776,0.08689357941163857,0.006396284471922364,0.06161074896086591
Application_1186011075,0.7723006556074496,0.08272012630360309,0.1090263701721455
Application_1187770735,0.021304778670631724,0.6781945335722126,0.1561343538080281
Application_1189444299,0.030665806635573476,0.20886973887920163,0.20877944987021627
Application_1189871359,0.017228645778388247,0.7126062145160676,0.029770107466813873
Application_1192817854,0.007513013812545619,0.7288807266889863,0.01431796093935382
Application_1193407725,0.06133274520137031,0.275594642022388,0.17809698644178382
Application_1194573334,0.06808097812242533,0.06965242311198361,0.12954959313352302
Application_1196211316,0.12158017859004766,0.23772785697861432,0.19995729909481316
Application_1200105859,0.01241258834799659,0.7418976103217232,0.01801717185047363
Application_1201250492,0.04744007513533872,0.1378191642427156,0.30019137008659763
Application_1201267547,0.21845599149867617,0.3752546000138118,0.25409823140014876
Application_1202440901,0.5776597572397388,0.41747716317799355,0.2764318462371835
Application_1203000059,0.023113067854586236,0.6416498973245195,0.1438296081529424
Application_120400056,0.06437967197096503,0.024639413659950538,0.06763638824957129
Application_1205027125,0.029781295630412864,0.18429871783575344,0.18401056719160844
Application_1205291296,0.8014393734656834,0.42005472868263916,0.3003540895382354
Application_1207519267,0.00831323849184877,0.7425181233624814,0.015302384100243186
Application_1208202898,0.6137404117505366,0.0946612436338804,0.11929805808703936
Application_1208543050,0.06068263971655868,0.21822401931691277,0.22159708682576273
Application_1209476276,0.01029380982278904,0.7063734875030074,0.045844376808615285
Application_1210322027,0.019704777081038072,0.18710592189772235,0.22575343275743687
Application_1213205773,0.019272415649339326,0.7202333347356046,0.017334309651724226
Application_121670659,0.05767980303315281,0.21269574140579012,0.195129509432324
Application_1216723425,0.9009338635209387,0.22969089123159875,0.2887074392298772
Application_1218203113,0.022908842398374235,0.23226086412767294,0.19712559021701395
Application_1218332981,0.877806673916897,0.18715741463035354,0.20937185617324053
Application_1219055263,0.04159331511953355,0.2971784342612628,0.2750222177568115
Application_1219949717,0.032302023126846685,0.28918915143567697,0.23479952923133235
Application_1220541878,0.019050346695052327,0.04295500717452333,0.06504673641047352
Application_1221269355,0.04609986339753818,0.04751235192553893,0.07835222326647337
Application_1222039007,0.7348682024023784,0.4214619506812728,0.3130333938396623
Application_1224187740,0.8909767453581174,0.18320887872309286,0.21559661163914245
Application_1225769256,0.8901853757739944,0.22855144970042296,0.2218131222735393
Application_1226442731,0.026294039507017142,0.15939919154010077,0.221330295008916
Application_1228403719,0.847002907884093,0.368105201145887,0.2812817397946223
Application_1234321250,0.030730114714193353,0.2504858767543191,0.2224600297827937
Application_1234365113,0.04057398391511298,0.13273743382282985,0.21206603698835583
Application_1235896381,0.8348980534924552,0.3976323231601646,0.2983307146327469
Application_1237086325,0.5040052379664288,0.3633202684335777,0.2320151657359221
Application_123834627,0.7349075531951811,0.3703401406013326,0.2917069522487693
Application_1239060176,0.900069470089441,0.20588975091530376,0.23327252619108274
Application_1239627323,0.01159182631919211,0.1828818559838493,0.2205914446065062
Application_1240814574,0.8916465746055898,0.32416722243683005,0.21706363853554586
Application_1241865852,0.02347079598244852,0.23356696197437127,0.2126265446513373
Application_1241999769,0.7091527220783553,0.4127308542756855,0.24910525099366698
Application_1242315969,0.488956845057277,0.343163398184845,0.301411648153825
Application_1242352417,0.6750017198339244,0.40798588855605694,0.28587884979567185
Application_1242477998,0.008415519058847507,0.7346616123663453,0.023384828173888244
Application_1246865304,0.8092964318806883,0.35929513273191677,0.24362332929981206
Application_1246985104,0.02917254562296011,0.5826999469071434,0.17843407446383291
Application_1248242433,0.06043423160986518,0.08444877179773994,0.18576579369196833
Application_1248474304,0.9605872935593164,0.08638728536131723,0.13854835692396217
Application_1248532589,0.07265197988807677,0.24549877145472396,0.3213810629282877
Application_1248970009,0.02007952363862997,0.15883383108982504,0.34780529186563813
Application_1250500817,0.6211469624888971,0.4027024625786362,0.27486771805002475
Application_125111453,0.7838203543819899,0.3861914929992606,0.2785152003783703
Application_1251689244,0.05055463955850788,0.11068135267885881,0.31870574421366976
Application_1252781397,0.7794172483803911,0.4010840448591426,0.29642304989166446
Application_1254474288,0.8353807991099772,0.39955562061494976,0.2508482542435481
Application_125498955,0.7706559628739481,0.37732598437907816,0.2730436187014341
Application_1255919690,0.5717453084498649,0.13566904065159557,0.10943514758903777
Application_1256531358,0.009134864661393731,0.7547069968502964,0.017679067214916615
Application_1256882757,0.7095467552215746,0.36544017064185774,0.25302540514644506
Application_125735546,0.8380774139164624,0.4218668952520522,0.2800218472970307
Application_1258084186,0.01947312937304132,0.15071600972640423,0.17268877001408894
Application_125846800,0.053365807896002794,0.25224630163807654,0.19158517542810516
Application_1258641337,0.5204665889677236,0.4180127863287737,0.29557450829403326
Application_1260313275,0.5196451297954938,0.4029094452754641,0.28807419200513196
Application_1260511828,0.5765927967228123,0.3850042830345503,0.320864215623255
Application_126161718,0.8112352960326825,0.35796796614505405,0.29012995463917074
Application_1263939811,0.046766651665540414,0.08494414658113669,0.10112250387455911
Application_1263997961,0.6289524509233022,0.39549083019247205,0.29964430037065953
Application_1264408299,0.04693459920017607,0.12777587611573227,0.30317272201024315
Application_1264902566,0.06647062902656703,0.20335019009754773,0.2295248358667481
Application_1265044597,0.8108117279378271,0.3800776779354343,0.30575868950070445
Application_1268164546,0.8102021495117954,0.33026067674630877,0.30492843467676767
Application_1269305141,0.4837473596321365,0.4131579267480181,0.31968818578843927
Application_1269620603,0.31236510488833713,0.49091707791908834,0.18067697304464378
Application_1271570199,0.02797705108846261,0.11873181578734762,0.2966604497003
Application_1272345729,0.03510923871891559,0.16084973174171668,0.23912545576482735
Application_1273109806,0.03569520831742521,0.1313805680138798,0.16601489369967024
Application_1273243804,0.005766920981305978,0.6858504802400681,0.020531386690198584
Application_1273835556,0.04549225387876587,0.16002811336125544,0.14571033469552322
Application_1273931422,0.03569328255144942,0.714881354514942,0.03665887042047516
Application_1274166676,0.04014232591754984,0.19939398577295464,0.250521120440609
Application_127457405,0.8256115693861289,0.42629897168577663,0.28457365215237385
Application_1274866621,0.037649841166834515,0.11198504247526261,0.21789954621291607
Application_1275065414,0.037479561249189844,0.17961097527440775,0.1761185947811714
Application_1275483894,0.2936377445271497,0.38990918360547056,0.1765184019188339
Application_1275708382,0.861195347471738,0.3453211371816789,0.28776574676516764
Application_1276203911,0.9362210241613277,0.15600824976845734,0.17340480312888576
Application_1277202210,0.5681295640126748,0.4422233174497909,0.37621169095800533
Application_1278754356,0.7502932675094889,0.4294155053859831,0.30277601383944885
Application_1279149491,0.04103273285353731,0.21157320060589163,0.19569991778999274
Application_1281070255,0.09249603965929735,0.2654756524538347,0.27814457068336657
Application_1281219916,0.02516279292593252,0.2854720390426468,0.17859084573573014
Application_1281227660,0.04134951440854505,0.10343957635664669,0.25684721811092703
Application_1282231634,0.01579608620723862,0.16396494529410557,0.16863414099048515
Application_1282418399,0.03430235190451075,0.18053476513256672,0.17729959487829425
Application_128251318,0.05934706487762865,0.29817397658970823,0.2757114039454732
Application_1282746821,0.031161499298870594,0.20836224728849093,0.19034963238913696
Application_1283341810,0.008243375197865544,0.7311417686143312,0.01237370915906192
Application_1283651073,0.30070783041380583,0.512807910894284,0.13122035405221663
Application_1283751278,0.050435206774896546,0.1641663157103258,0.1616611938280356
Application_1284230014,0.028607560350867377,0.1483431527606014,0.17749894796838322
Application_1286083897,0.8781492418191794,0.11902186039461218,0.10875456915050861
Application_1286125502,0.03168797851772688,0.06525789008959049,0.0886405905853029
Application_1286165737,0.4920042131998915,0.3832928515084128,0.31220073709024015
Application_1288084480,0.02968833891174109,0.1171424685660526,0.08467374475130578
Application_1288647467,0.08260339962438532,0.08489316863016302,0.1390026811053335
Application_1288727835,0.8658199942368202,0.41401632185169446,0.28395081422833696
Application_1289012778,0.9002310418224706,0.18656991008214166,0.19966223761663063
Application_1291280868,0.005904192682128592,0.74102486067291,0.01798039926892235
Application_1291464093,0.00524020113069717,0.7028415647372384,0.046560843128427544
Application_1291843877,0.007225533317586501,0.7305813380230444,0.01606336970943518
Application_1291971664,0.6652337081759456,0.42312223025132256,0.22609014183455817
Application_1292771933,0.4953520915642868,0.38525352208253616,0.3114618355774304
Application_1293008903,0.6716638749466449,0.3648532472213046,0.24531168042178972
Application_1293120092,0.07256537065336509,0.21169130265742567,0.2025772716584096
Application_1294558199,0.7754918625234251,0.41294777278197825,0.2708379558091418
Application_1294597796,0.8967602052698337,0.36466558162948454,0.23791366873891856
Application_1295538492,0.049711823201873326,0.3008001932491866,0.3089258080037703
Application_129565630,0.04791356003283068,0.28269897831641067,0.250251560543979
Application_129573767,0.061810449041539525,0.16028137158242775,0.29719947625376897
Application_1295911338,0.7971194984747625,0.3841091061735533,0.24248698847872566
Application_1296197799,0.07003923180054168,0.1878204271275448,0.25439435694639073
Application_1297559824,0.7991060981344487,0.4125428901626507,0.27738672190600944
Application_1299856399,0.01058673874404361,0.7532918702014235,0.017638295093501313
Application_1300309831,0.007369263905398458,0.7321560331786313,0.020656196033387867
Application_1300870804,0.5772401057770075,0.4211861459086924,0.3614989399025126
Application_1302829474,0.5525657348496964,0.4680228245332019,0.2969847338448693
Application_1303460272,0.603676453945906,0.3580442691871554,0.2707061211811261
Application_130463013,0.060187398375703034,0.281260557325776,0.2841102786033884
Application_1304842887,0.7965333812111173,0.49881836628256054,0.3096372527844501
Application_130658775,0.8707580362050108,0.4288315661425675,0.3197223323308909
Application_1307447876,0.01377877038573717,0.7141443790695432,0.03964350387216486
Application_1307546210,0.05395231821862222,0.26705246574800967,0.20430212261942265
Application_1307592624,0.6935019787979555,0.351542540673218,0.31449865278835165
Application_130761111,0.055074844631763445,0.03929999850314686,0.11662898252061807
Application_1307722721,0.7758557060908082,0.40276298237808955,0.2489620863571093
Application_1308025514,0.025426935628824216,0.6562862432578508,0.1484634796337125
Application_1309710626,0.006760430930574737,0.7440432541264583,0.015363367440040934
Application_131097851,0.6148883946104265,0.3947529247122657,0.28060841655178215
Application_1311228454,0.42103939761742054,0.3399753078766451,0.279113444396891
Application_1312933469,0.26717419095973466,0.46060383500864394,0.35476877282565594
Application_1314374663,0.08332692253945721,0.17661572218314214,0.30267661099418863
Application_1314823602,0.934433351459174,0.13020953251436956,0.1440783190138975
Application_1315782276,0.0750911399160243,0.2032324739317876,0.23489148978626231
Application_1316274797,0.044507903323778936,0.1790689407796266,0.27551165833584623
Application_1316346128,0.022017287023969496,0.16357482154130423,0.1744096667311511
Application_1316469526,0.8888928494624143,0.1285050127793337,0.22550942688089465
Application_1316556140,0.20350288197653896,0.5300780314304898,0.13653042881448196
Application_1316779443,0.2847521110607973,0.4750312955258852,0.3409308816492531
Application_1317388562,0.26106416464913457,0.2421537741365325,0.12024560682904169
Application_1318517683,0.03831700294248289,0.20196564792421812,0.1850126318012407
Application_132038140,0.5732282749157807,0.38285113850568314,0.3101797044191422
Application_1321952381,0.6036532193818666,0.16169509483190975,0.10245123815468615
Application_132220187,0.8168401232284581,0.3878530057499747,0.2460161914676133
Application_1322307011,0.3344342395873767,0.49444389596666993,0.3269535631413505
Application_1323283519,0.6147082444758298,0.43327311063695584,0.2929518570463519
Application_1323290543,0.07208814854461035,0.23498475572843638,0.18335799338279
Application_1324210895,0.8019750114695353,0.3813900045549629,0.2818205048625712
Application_1324391484,0.07225182551595241,0.20014703939599982,0.20294842512315248
Application_1324680297,0.09764481913062965,0.23514942702270625,0.2620023515945875
Application_1325360487,0.03397774938358402,0.7085648346509144,0.04074469676022764
Application_1327686952,0.03578040517977058,0.2107339912981389,0.23235903368948096
Application_1328770574,0.13541613572998445,0.18244422000142993,0.3524361880450288
Application_1331144446,0.5974886728754608,0.39396509499210386,0.28294865391265506
Application_1331295233,0.01830017314289424,0.7183481226013215,0.038793296121582804
Application_1331492368,0.8852970791987114,0.14501349776427802,0.14767214564668718
Application_1331678337,0.016201582487767877,0.7429162476467117,0.021605526123403586
Application_1331809820,0.024251822165425155,0.08185144788545881,0.09794045884964672
Application_1332066828,0.06530701764114771,0.1302987508182846,0.28020504019334
Application_1335180651,0.04047550032632103,0.185673167728912,0.28173763648747796
Application_1335455949,0.7912862984698336,0.39441860596340833,0.23332992874860523
Application_1336423282,0.710679857266127,0.3477409095992507,0.3087817780361659
Application_1338322049,0.8727362610061405,0.424077887641621,0.29218052352655494
Application_1339399261,0.06246670533520204,0.25417559259819633,0.22226184309989205
Application_1339681597,0.005781383592903441,0.7353572117237133,0.014887479271895264
Application_1339781817,0.010476375587214263,0.7468040196656478,0.016226314279099506
Application_1340459622,0.03367037450625427,0.18405968950931823,0.1775135517997368
Application_1341133743,0.08332692253945721,0.17661572218314214,0.30267661099418863
Application_134173506,0.5564991377305063,0.3517658609179797,0.2653345329592994
Application_1343184,0.44674720036902504,0.4122377221180217,0.2780566981181165
Application_1343349327,0.6688447508791014,0.39875172511181156,0.24218569952997412
Application_1343884694,0.13707018770665436,0.17243594783617575,0.1701456942093268
Application_1345076352,0.08030526757487659,0.13062882521292413,0.286667542311178
Application_1345333868,0.3050712160052293,0.540085613452969,0.12354808580528871
Application_1347122551,0.022139327320577048,0.16462488714070558,0.19668141532170247
Application_1347988922,0.854319897354757,0.09181723466218394,0.14038148693162017
Application_1349926412,0.058346508118753956,0.19563759539174594,0.15311213656931727
Application_1350728321,0.10271400838723521,0.2746114496151538,0.23481720538387732
Application_1352726942,0.8687923087971198,0.4329585789998716,0.3002587829839983
Application_1353447445,0.051252738912798676,0.2835670035314931,0.18554584927864395
Application_1353848792,0.9183681300363085,0.13363206991721974,0.1327103046708421
Application_1357377502,0.0343953090364738,0.21082453358064887,0.17468252112436158
Application_1358946869,0.5765357006445271,0.3938620597086747,0.26490482630321266
Application_1359737168,0.8417629503228397,0.4183242110355685,0.2621089508145694
Application_1359775338,0.006727163018923598,0.7469349920498118,0.0182805142416942
Application_1361444752,0.05229779466572715,0.18176756606095548,0.20061847544006042
Application_1361883922,0.8722510546638301,0.1803830410043283,0.21699958755481297
Application_1365116675,0.9388173061654758,0.09180309446911536,0.1833456114536958
Application_1365152370,0.8313888425348834,0.40004374990717584,0.3119298055000052
Application_1365437313,0.7840900256389204,0.36625317063862517,0.29382836884901176
Application_1366143473,0.8310533850884047,0.3654675123796187,0.23279569124140262
Application_1366769739,0.0837992871527757,0.28868461907579707,0.287766928974197
Application_1366950042,0.8641610527975934,0.16219783549668226,0.22640446386585225
Application_1371434911,0.4052781500437248,0.376410488970063,0.240544921286861
Application_137438189,0.03529510986893917,0.13628773472946135,0.12365488066619613
Application_1375169811,0.9315003324692936,0.1098457230464634,0.1446077124672587
Application_1375435938,0.03793065063189033,0.2518305200934383,0.17334941449169772
Application_137951178,0.044697487969632,0.1851517612291283,0.1802533380533753
Application_1379975984,0.037200631275417666,0.16227584055048366,0.21251278559064252
Application_1380707551,0.7839391519437369,0.37301886099270276,0.23197741940151828
Application_138110394,0.06811218374138413,0.12098464664972042,0.18248186917629675
Application_1381169658,0.8298464997099774,0.40188727886061193,0.278582067175999
Application_1382009065,0.8510915644776758,0.44805112907607314,0.276496552310847
Application_1382204301,0.8066397462466502,0.3791618813715665,0.28315934275397675
Application_1382937184,0.06355523414906253,0.18421420304961572,0.25129268099525137
Application_1384106962,0.36122871305540566,0.3199578790137922,0.2474935815281023
Application_1384343806,0.057792188081559566,0.18370160604657362,0.17804053120134997
Application_1385747357,0.7296733025459776,0.11101451883895466,0.1272408962706789
Application_1388031954,0.7511295467242474,0.378598024649067,0.324709406716474
Application_1389044798,0.016810301776903378,0.14489886456785575,0.16932371974962906
Application_1389412266,0.03248133659366938,0.07908658166887128,0.11334622724957019
Application_139141595,0.6470359685188924,0.21068817754113262,0.1427594792619851
Application_139153216,0.4083981943259952,0.41439977649662074,0.26799456649867986
Application_1392867246,0.7219192444819702,0.38272690564265216,0.24183831250569526
Application_1392931200,0.0509436481715177,0.16776629624905456,0.17980393118038115
Application_13944300,0.07399407467202147,0.23898062034061607,0.23953926915652113
Application_1394483322,0.09078702984942495,0.2316152018654843,0.1820736837023829
Application_1395388115,0.046650826415577974,0.2551349043207167,0.19042034115445397
Application_1395429395,0.010040821193263185,0.7523474751264476,0.015683612238927756
Application_139724030,0.06422577844187378,0.12842883961985604,0.26471221703493336
Application_1397321296,0.560572856326239,0.4233762316589399,0.23500727826013748
Application_1398266061,0.761524314129329,0.3917107148746762,0.30538713217673885
Application_1398309462,0.4482236043980915,0.3667411156758583,0.25280857894725206
Application_1400741815,0.10214461982235869,0.13627764231663042,0.31097476507402894
Application_1401776769,0.8196274804746829,0.44279999272417525,0.2941909275294311
Application_1401798992,0.8929631621077186,0.13344528370425926,0.1384306236937346
Application_1403984783,0.7743650638760066,0.3587952780745745,0.245232170454835
Application_140463362,0.8244619157868689,0.319713132372335,0.26390297952771774
Application_140466456,0.013676746252500808,0.7077359148077618,0.040365602036444466
Application_1406835873,0.9222754382144982,0.15993998765792514,0.1873225842613466
Application_1408009203,0.8126920822354557,0.32609131602699276,0.20345060575147525
Application_1408362802,0.5872430804468868,0.4926241115370281,0.2968082601940425
Application_1411314331,0.02208088847681699,0.1169323055809317,0.166443137896966
Application_1411809915,0.22943765027640256,0.5149403418837689,0.15656983794197885
Application_1413720992,0.8381756513458515,0.38924245892423126,0.2830759404264052
Application_1413836638,,,
Application_1415930985,0.048895488050002406,0.19943968307449172,0.19040416057931692
Application_1417653464,0.006021601652635852,0.7350635936819487,0.01768321444966592
Application_1417750933,0.750036341897839,0.40462765283767743,0.29732941958305775
Application_1422930581,0.012643196891598582,0.7137172169299875,0.04002538699160288
Application_1424659757,0.009856541449165954,0.7320122971794369,0.023614108965967957
Application_1425329540,0.712744018842368,0.32643653673328166,0.29402749021517194
Application_1425800430,0.005939206058533959,0.750576000216817,0.019556216218334706
Application_1425820279,,,
Application_1427261936,0.61756108576757,0.39664903616544744,0.2891755744858421
Application_1427438242,0.008651699164836464,0.751055977102764,0.017041671323527227
Application_1427573691,0.8228187998997117,0.45229945657285175,0.32209500596270274
Application_1431000094,0.7913461642219193,0.43702965923829873,0.29962092602099905
Application_1432791901,0.28511526484263977,0.5207201836769592,0.13271744640010408
Application_1434518975,0.4837473596321365,0.4131579267480181,0.31968818578843927
Application_1435594188,0.7637202161058948,0.4190372408280679,0.2900242312369831
Application_1437497198,0.04957789366501015,0.25743295729938087,0.3455571748545153
Application_1437966300,0.05111243550215995,0.2674891610624881,0.17136742709347516
Application_1440477840,0.7113211701704031,0.35562067400407105,0.31157540545430923
Application_144137365,0.245706213824383,0.4868048613374127,0.3466818967487398
Application_1444191625,0.01997698260785798,0.19974030020858932,0.16407566915372992
Application_1446757334,0.11636334161469629,0.09988520348235824,0.262125534377143
Application_1446807165,0.8947096640248118,0.23970716842157724,0.24597899303283755
Application_1447107656,0.792584685567298,0.3682468684053122,0.2414029048245987
Application_1447384497,0.01780339621933002,0.5811713409116348,0.18291149015970534
Application_1448754624,0.03822120524885058,0.11008578002194447,0.3398206370491473
Application_1449066412,0.7198957185841522,0.40768852873215,0.24997366611671698
Application_144911431,0.04370795777296194,0.16190834662708847,0.2070338728363653
Application_1449370855,0.9230334956264817,0.15309557242887986,0.14333499778595687
Application_1450319805,0.06200057803870184,0.22123962357263546,0.2268237966484182
Application_1450396663,0.03301973104052693,0.23999843794477105,0.18909111401393744
Application_1450689239,0.8798085350030838,0.13998558763843338,0.21657080300088133
Application_1452533285,0.9159548525998832,0.05819689036141645,0.15035815596827493
Application_1452854959,0.3986795261167424,0.14797165365247125,0.19177208452797123
Application_1453589065,0.10199192316182057,0.5086298293619635,0.16879371562163942
Application_1453812922,0.113149290543311,0.020894093634604427,0.30183531772210154
Application_1454220575,0.8787545286266732,0.34641863794703753,0.29134374749505526
Application_1458277433,0.032578124929192244,0.22133859688704374,0.1814656526350684
Application_146114459,0.010450773213550755,0.7326071869802482,0.02310162043224663
Application_1464086854,0.810568654433966,0.3925456733679254,0.29035663278548957
Application_146419660,0.05330823005571468,0.16257631280697638,0.31476041905192886
Application_1464780823,0.006792708948020426,0.7058835853970702,0.03485759127418474
Application_1465025013,0.08205517459595536,0.16627391167650935,0.30988173438198924
Application_1468750557,0.03971326117216089,0.18646787020039923,0.16057331873109607
Application_1469334320,0.007323761836388357,0.7454553655102262,0.015500015766460845
Application_1471430106,0.11555308891773505,0.17169689272114974,0.28092121620790295
Application_1472969785,0.7785157093757643,0.3685165292050114,0.3256745209766581
Application_1473464035,0.8115336042385817,0.19063864178164316,0.22572533575517814
Application_1473625375,0.031836745474634665,0.1643545872445281,0.3131626821325046
Application_1473894342,0.2806853142909745,0.5689460962658963,0.12386678985149513
Application_1474055956,0.08550046089412257,0.1908562530915385,0.25824874399216635
Application_1475968760,0.032072208469637965,0.1308884046247664,0.18398932415664407
Application_1479752026,0.8479203065841973,0.21669548195268623,0.243702880488287
Application_1480117653,0.030627172373745376,0.2827116626342409,0.2587972897753717
Application_1481242369,0.8941984895708698,0.18712961499573733,0.21036545755415637
Application_1481928502,0.7001195081213161,0.31451695568546184,0.2344183718801819
Application_1483046130,0.8196186015899449,0.3789123610669618,0.28468298940473763
Application_1484189145,0.011700248856587542,0.7445295936818619,0.017333594218860944
Application_1485367187,0.7013394636565794,0.1930363518545613,0.18037174738064063
Application_1485546748,0.8627678184966999,0.09490173719695114,0.15941534051943898
Application_1486220145,0.03411746121288634,0.043463933292051615,0.0776541130397675
Application_1487829407,0.03321874599670119,0.10637825851532451,0.11001325524533723
Application_1489341726,0.5652438263496802,0.4208738140767352,0.28837670650330455
Application_1489510821,0.11008299358678764,0.4781309993989948,0.1406960927316499
Application_1489786126,0.025295008673612805,0.2154177538865003,0.2640349507097016
Application_1491300788,0.9509350879923337,0.13933305227276604,0.18544677881166538
Application_1492609631,0.058570152426762494,0.2722702098702347,0.21799729024483874
Application_1493979926,0.7747018997760443,0.4394965665217753,0.2945898044432301
Application_1494178086,0.05143146023812843,0.1510540542430915,0.2755589650062212
Application_1494414449,0.5347864016910576,0.40991849641508293,0.32655731408899286
Application_1495079062,0.9122992711711612,0.30412729306741076,0.24427900652755594
Application_1495262961,0.056241336708913785,0.27421501900300144,0.2751804888360299
Application_149591383,0.02875739418275246,0.7165669681178024,0.030308260059710483
Application_1496349825,0.008812740953328062,0.7341047539863621,0.025718225669612512
Application_1496645833,0.4856403971966999,0.35084857286766535,0.3151581739993671
Application_1498001149,0.790366480498253,0.4001967154658441,0.3029387990488855
Application_1498610522,0.5144198112870665,0.3749888430476526,0.3113983999045481
Application_1499935603,0.5168168670218164,0.4131579267480181,0.31968818578843927
Application_1501636291,0.020063373142657166,0.1389874591775269,0.17646853486777747
Application_150329185,0.05520827048463848,0.1511816679383163,0.27329143666541733
Application_1503602511,0.025766896152364188,0.15800539514577883,0.18734007129644706
Application_1504307845,0.911553047708852,0.1723805257569732,0.21560603511844872
Application_1504346428,0.03509471930047112,0.17038007083264592,0.16492826080774473
Application_150503991,0.7751999580427416,0.3844455090920838,0.22094773899741896
Application_1505059688,0.04429788326683078,0.14241939513897128,0.23583315846520014
Application_1508285623,0.043078363037229915,0.23866708599132186,0.2958310825233187
Application_1508659021,0.8186482472409302,0.3445334828296905,0.2241866922639852
Application_1509292111,0.054797853450661425,0.10475216446653629,0.29918968535581186
Application_1510765360,0.758931565175382,0.4259844916648578,0.27177946177048296
Application_1511779865,0.2029478268732623,0.14551503095580387,0.2512347032635767
Application_151245494,0.024469395536281916,0.15240810099685828,0.17205719986993337
Application_151280488,0.10852450614318558,0.13665451794528888,0.16885215625712618
Application_1512972539,0.7460312735532479,0.4665757419504872,0.29604143345738365
Application_1513197861,0.16157514354580624,0.21744333147398703,0.31772675684779556
Application_1515604872,0.03294449127624811,0.23079149854421588,0.1873369629450567
Application_1518013035,0.8637251610353062,0.3472096437404927,0.30901643357450476
Application_1518048032,0.9304210555942594,0.18162064382266313,0.23675644595120487
Application_1519909793,0.034822263002084956,0.2522010616964745,0.19834672465849026
Application_1522004111,0.022041810152824044,0.19088604001785808,0.17541283901346472
Application_1523406683,0.02793755068186428,0.21418286609611342,0.196945478503853
Application_1523673583,0.0728257050708901,0.2981238297094249,0.2654877075504428
Application_1523736860,0.07971292890148332,0.10866805010409794,0.15466629314366362
Application_1524859554,0.0030909564422326474,0.7386457440428447,0.029967978514497524
Application_1527338408,0.8802399478556056,0.3374790926422326,0.24358725061816958
Application_1527571617,0.013640622807784797,0.753654835575926,0.016826224350556702
Application_1528161643,0.024933064060138677,0.15372736892702082,0.2004284230962808
Application_1529154801,0.41612143438881555,0.41951120971918265,0.2869214339774874
Application_1529928107,0.8907569702820666,0.13487115986212317,0.13405613607403621
Application_1530321110,0.5994547137145637,0.3744956335899422,0.28040826830160986
Application_1530932646,0.008133894546141681,0.7534496471336055,0.018606126546180768
Application_1531707627,0.7766963456740145,0.35491335006420877,0.2945075403169853
Application_1531851576,0.5296450700858683,0.5224384967789271,0.3460113855632424
Application_1533785960,0.7672310072593221,0.3331343649190417,0.28600502426706675
Application_1534847619,0.8300527516100699,0.3664685163658016,0.29413067107710716
Application_1536534288,0.026092008725517576,0.17595004732128416,0.16779117335675783
Application_1537507196,0.15145651300756324,0.08897678675884277,0.2896189871335218
Application_1538042026,0.05214115411477601,0.2477793354085589,0.293171255850212
Application_1541647337,0.026316275459593197,0.14116024135167662,0.192077350148338
Application_154179391,0.6435223704495691,0.41352147824058055,0.35093322652034076
Application_1542614392,0.08033222865862683,0.21147714347352148,0.26479373664012285
Application_1544217945,0.8536033524994736,0.09474014280240078,0.10802775255010617
Application_1544460375,0.8154087609097405,0.39191095019004984,0.28518226892614396
Application_1545481822,0.5222207879416828,0.3126568387832628,0.20789818890503853
Application_1546052937,0.06791062533566468,0.20478961359206543,0.32234550409414237
Application_154623800,0.7154625157223756,0.33810633070804763,0.24311797268363802
Application_1546747591,0.057644686191476266,0.14374539390164442,0.26568763137142565
Application_1546890088,0.14943829440795492,0.12283028330981421,0.23162388186198007
Application_1549000634,0.8884206214854006,0.4146981606363589,0.32028357422672504
Application_1550643436,0.5920915621649416,0.4213887809911303,0.28761398801256344
Application_1555489073,0.019632108376963504,0.14199280095380437,0.19407006354223377
Application_1555975178,0.7987238181660056,0.39716913916456875,0.24546961524662134
Application_1557296300,0.5652438263496802,0.4208738140767352,0.28837670650330455
Application_1558264214,0.8397750252191511,0.39752202090662575,0.3043373238004245
Application_1559533192,0.0057748372863368974,0.7092235231643318,0.024905293335847015
Application_1559916934,0.033338420938296885,0.08809613477228598,0.10447286745082365
Application_1562686459,0.7636338722694248,0.36781168197019165,0.2501243661140752
Application_1563418612,0.7120545853268242,0.36177740888768883,0.25396136153490706
Application_1564442059,0.7631069746223522,0.40725649991011026,0.3019434344774935
Application_1565590572,0.06255671513831473,0.2461706244780106,0.2209324015603164
Application_1565653243,0.7590503402079273,0.06541154186534692,0.07114234644556632
Application_156618714,0.9164824609413282,0.15470268348490834,0.26014667163252264
Application_156768160,0.6250508897422067,0.38731367599080607,0.31333080939124397
Application_1567826735,0.8375603107401345,0.36534018944050417,0.2822977748114673
Application_1569475999,0.02472983490024221,0.0637581198108591,0.08962380283878409
Application_1569683122,0.32105514229380344,0.5337100233992129,0.19855289991555494
Application_1570331344,0.03789483637269823,0.11509836349037972,0.2337854749920386
Application_1571539418,0.8356793812212068,0.16787347115260592,0.20764707879031885
Application_157155173,0.803341584370369,0.12287152129359727,0.1890304887246148
Application_1573876833,0.02976839137158397,0.050660502333807866,0.08768135382391018
Application_1575096564,0.4779475177078377,0.3303180998595725,0.2420511781187368
Application_1575815132,0.7361269047988083,0.3632461402368352,0.24978475561904237
Application_1575897956,0.6043878736120234,0.3580442691871554,0.2707061211811261
Application_1576631308,0.019133971675563233,0.19479707398725687,0.20857757010048092
Application_1577555565,0.9016643632401431,0.16740106370417374,0.25705221330510464
Application_1577667494,0.9061035981667624,0.10304385836735108,0.1447038079960249
Application_1578090032,0.8872864268890748,0.30965368283009487,0.281374459223879
Application_1579516377,0.008900286378643658,0.7305123179415263,0.020707159977295452
Application_1579588184,0.8988862181646062,0.07559751843150586,0.1412745387684659
Application_1580298940,0.007793544603037779,0.742144869410101,0.015572212206359064
Application_1580674851,0.005520314626383879,0.726197996674609,0.019057760248154983
Application_158230798,0.490464703258979,0.35816520420463693,0.3128081410881922
Application_1583297793,0.007686348686181426,0.7510197458842285,0.01739334382301018
Application_1583662374,0.013551367854362164,0.716806444747905,0.036461100609102494
Application_1584063031,0.039686925068176365,0.0928661620353928,0.1259332122755929
Application_1585601222,0.771571136141222,0.3952712527722182,0.2753390693541149
Application_1589247607,0.8956176500768118,0.22796286262872645,0.2690167597668584
Application_1591765651,0.05881282088822465,0.22150820053490716,0.2022995603462474
Application_1591900552,0.7551835855252114,0.3253999628309983,0.25651409926546614
Application_159263293,0.07264602178988203,0.26188813804976824,0.1978597080832815
Application_1594305363,0.8502252872904428,0.29350281735760203,0.23501171735311696
Application_159448414,0.02654126215386549,0.1721479257558189,0.1829579405289999
Application_1595937456,0.05025883189720828,0.2041483957022554,0.2156853249266308
Application_1597614471,0.012648264705323951,0.6853819242154819,0.03945203033139099
Application_1597735097,0.10865726412001096,0.10214409781299474,0.275429888883674
Application_1598726895,0.6923622232746112,0.3964952736511729,0.29205096433707184
Application_1599405351,0.8433950935093132,0.4336769601692346,0.2848463667626051
Application_1600155880,0.04366800697930526,0.10850460201744314,0.25853280336304474
Application_1600471037,0.9511826963410138,0.15024853237453786,0.1831502960771642
Application_1600982783,0.011463537156149346,0.7356932712581714,0.02677148167018914
Application_1601194488,0.017453224662363497,0.1547251238130007,0.19050450701246055
Application_1601395766,0.8023830200539934,0.39279469333653483,0.28471337153906345
Application_160157720,0.607723804076722,0.4162883298587251,0.34064358205258827
Application_1602891050,0.42873805132887366,0.3743422464350142,0.24355067962596444
Application_1603793312,0.8371518807164405,0.45414838651980893,0.3018343509920631
Application_1604619511,0.8537488751102976,0.3835433681632065,0.2885944246005769
Application_1604779942,0.653234732067895,0.5110065765443272,0.3457703700634564
Application_1605473699,0.38744970849453264,0.12792667979925357,0.10332041552032233
Application_1606123452,0.47932323940768107,0.40989565676593054,0.29921954608539403
Application_1607880476,0.8575361167484319,0.4282429563955652,0.35146586081423825
Application_1609027595,0.05030769709553571,0.19434689851141332,0.17879276434799332
Application_1609568328,0.8766013730841422,0.33327022049888777,0.303524455462228
Application_1610638954,0.02815527126249242,0.1312727074636971,0.17732510588881095
Application_1612452340,0.007707304245787055,0.7368612282338478,0.013874970464335779
Application_1612709587,0.04440638623053307,0.1944056951289505,0.2344755816112841
Application_1613754741,0.05322271673582962,0.11313745003401182,0.15587730293322147
Application_1614113082,0.41071369709330263,0.31552961662209583,0.29310873889368766
Application_1615509090,0.041610158076471886,0.6926744397100303,0.032900550154708115
Application_1616117711,0.8334363496033607,0.31878070297673927,0.26846063668147785
Application_1617657859,0.04405433320998417,0.26306649218400296,0.2752477133347624
Application_1618215402,0.2815137949215707,0.5195976428770607,0.13310540996776385
Application_1619897367,0.007056445769793801,0.7397201623321615,0.017578229084633964
Application_1620539143,0.005148385983793419,0.7116253874843501,0.015901307547738316
Application_1620675668,0.030776322231201456,0.2669722402074252,0.3137666043788504
Application_1622160130,0.6153429465729879,0.3896876698083706,0.29392699635677905
Application_1623687781,0.020716229548238055,0.1588089254276436,0.18579881605116055
Application_1623704275,0.005908492725452704,0.7048952599841396,0.05438639211752098
Application_1623875695,0.04268042228064171,0.08375299116333798,0.2779224397683291
Application_1624152176,0.8428846614440075,0.3223912880407533,0.2531002880283753
Application_1625456407,0.01574281399531748,0.14391627368110335,0.17326386488975495
Application_1626417881,0.10874872619618176,0.05191615146607398,0.26725689964738186
Application_162990347,0.03085351515301424,0.2948738519956099,0.23365367114733337
Application_1630913903,0.5018986675283496,0.4512211947016642,0.3250334881296583
Application_1630991786,0.8228595891899908,0.4044923538373624,0.2976209069073656
Application_1632505002,0.03134486494270224,0.22133938845270829,0.1957087634762558
Application_163281313,0.031940575328591146,0.26563388452309805,0.1869036532535478
Application_1634751250,0.7957498859941896,0.3041158432339056,0.22365820371552717
Application_1636152294,0.584769364056143,0.4063537361208529,0.3214871841537651
Application_163804730,0.8986533116817726,0.14110785477661317,0.22479452590002066
Application_1639814791,0.041378893311734624,0.26834886137546826,0.20277913880226098
Application_1639947439,0.008220733951804858,0.684796141717597,0.04313087463869948
Application_1641565943,0.007169693107095574,0.7488484940259839,0.015849410812923403
Application_1641722976,0.025434739033959132,0.22503536607520364,0.3112532170023738
Application_1641885593,0.044019171062400365,0.10887657176678481,0.23781557960746436
Application_164319398,0.7668864111974422,0.13226314728542765,0.19097889177439728
Application_1643995941,0.05404498690293904,0.19223340072606757,0.29993228218630824
Application_1644851848,0.024357671518184503,0.28541942164209255,0.19415339493794
Application_1646642236,0.7740354123315982,0.12158992928251888,0.09934733141239045
Application_1647108674,0.06712516129497532,0.07797566213548662,0.12565931358560234
Application_164769477,0.7019530909493262,0.426767827144647,0.29778543421059117
Application_164778672,0.0582464918866925,0.09633200336027425,0.10207765659250927
Application_1649699850,0.018665411009558625,0.13451015906539995,0.16017554686656077
Application_1650299745,0.7618376993993403,0.4013109521538841,0.27815337130876017
Application_1651085521,0.8727768797967325,0.07948811548905929,0.13690844069907707
Application_1651737074,0.023070726102781963,0.13751020496216812,0.16605267909326135
Application_1654318352,0.7140657346707061,0.43775881011577655,0.31970599590686466
Application_1654636815,0.009826715397898719,0.6657863870312251,0.20419291620174013
Application_1655641907,0.005495942686486356,0.711101264566496,0.020731268271612393
Application_165594970,0.07838439887648466,0.3021948134054941,0.20584862057516126
Application_1656791018,0.7750614629501357,0.43935388644546114,0.2823353783052935
Application_1659913497,0.6632423045897918,0.36077025650434535,0.25466423900367474
Application_1660705348,0.8658766424403738,0.389749348875069,0.30077947460681703
Application_1662440609,0.020225264825435962,0.18837607178639382,0.16247858191111336
Application_1662487403,0.016743855040627104,0.7155370131241094,0.032275286273253795
Application_1663925804,0.03542781808755655,0.23682241082325822,0.23798706747511597
Application_1664236078,0.8005802192941692,0.41612481705871374,0.24327441516994894
Application_1664858516,0.33013457977177146,0.13774434424679693,0.20335816954879718
Application_1665515241,0.020441718929401005,0.2593738572339098,0.18308446230158754
Application_1665584404,0.7129068483101363,0.3284106574482264,0.2999364485683601
Application_166588001,0.05150015804178173,0.1567894640919173,0.24859004761658413
Application_1666465764,0.033000783314998484,0.26768705656948766,0.2536147437457552
Application_1667989141,0.9184907171437403,0.12469342368672973,0.1844633127410578
Application_1669392427,0.025403522680996358,0.18936013135628338,0.18634194530529682
Application_1669477442,0.006636003666807945,0.7286159987681129,0.017604196919198994
Application_1670585897,0.011071760934923883,0.7322246127507659,0.014891483435326213
Application_1671150390,0.015357607373891023,0.4309409411950878,0.09134419852879769
Application_1672037226,0.8427477729937288,0.17337584344474802,0.1524172095168587
Application_1675241784,0.2034506697258591,0.5595408567733003,0.136472055824004
Application_1676999623,0.04766504222677013,0.15029216069546597,0.2952146233663484
Application_1677049820,0.03327018038583462,0.17860627298470422,0.1998757099170891
Application_1679927360,0.017530172406393645,0.7104053714768223,0.03565090278495126
Application_1680183215,0.8201977486318345,0.441678971155607,0.31283720964738526
Application_1680533625,0.745645609920719,0.3533127638255961,0.2878923281582246
Application_1681361801,0.046875982913875014,0.17357706923545504,0.17110641994974166
Application_1682480934,0.497269765400291,0.47017516742420146,0.32751907419972864
Application_1684306378,0.08721772504569983,0.11879280007064555,0.12942178272075627
Application_1684479121,0.024303209887775977,0.2683506963447343,0.19974237506313086
Application_1684641986,0.03838165419541964,0.12180435583757207,0.25741302093425167
Application_1685478310,0.00602430283101306,0.7075337973904934,0.016054672870165626
Application_1685691745,0.8652637691036986,0.13218440964707487,0.1349466864311016
Application_1686395823,0.6950783227060191,0.4442120956649112,0.28971336419509686
Application_1687448539,0.0076123618157669,0.7079368046076394,0.017719611790627542
Application_1687637096,0.8253447571510194,0.3850057573600724,0.23648971448926417
Application_1688232773,0.8779258694849186,0.18284289220727779,0.19645404077863746
Application_1689074281,0.9451162779019221,0.18463124144190218,0.24626354508970436
Application_1689701428,0.05108917495302956,0.21607485752893732,0.32112692312748814
Application_1690391662,0.250601277426387,0.12671406806675944,0.21960829805218132
Application_1690998892,0.005970728343243628,0.7399971425350178,0.018448461882436717
Application_1691065242,0.02429002701688926,0.12498447864876747,0.2765189062652748
Application_1693078902,0.013281682688562769,0.7480164200660784,0.016394755484388845
Application_1695492315,0.03477235951551179,0.16972813105173476,0.2791155714110848
Application_1698334648,0.02984845268711845,0.18845605695976586,0.24215883782566594
Application_1698620256,0.6190614682328214,0.3977932542106544,0.29571169300144695
Application_17002468,0.0762177650321546,0.24158141901153588,0.3096145476507442
Application_170273491,0.0327952333992188,0.18280081717244984,0.16919667456283163
Application_1705844076,0.006638910162560908,0.7447610509268927,0.017214203002842352
Application_1706866981,0.05239548532593769,0.24008376863668002,0.19679875465635685
Application_1707866152,0.6343125752053352,0.45965385164239314,0.33251531773223647
Application_1709823125,0.8224942682010573,0.36595937798796807,0.2932687098160952
Application_1711303027,0.007375508912949197,0.7433910501198797,0.01609760425737032
Application_1711861534,0.025524475808047238,0.2812379425302038,0.21942722431330608
Application_1712201753,0.6353935191470634,0.19725250623545876,0.11529406653736392
Application_1712515047,0.4904696647297854,0.41916870291322417,0.29923400606369566
Application_1713151358,0.7491586477619437,0.303688593235065,0.23420724642460408
Application_1713552898,0.8697798068155291,0.35276041622617654,0.22745272634739946
Application_1714501335,0.007853090155580632,0.7434240070042023,0.02013251351825046
Application_1714608768,0.015216810464261902,0.25984029583205864,0.23369637310287092
Application_1715427761,0.11721121410497105,0.10979176173518554,0.21469221443643527
Application_1717915911,0.7395102499931211,0.45383127690576963,0.2956020961446122
Application_1717953510,0.010845057872053575,0.7249744519067882,0.020649754836014687
Application_1719088576,0.39796390283008337,0.4748614631296475,0.3303209124083866
Application_1720955378,0.8474347081949348,0.3863597150171531,0.2837599865464633
Application_1721325720,0.010870761814895307,0.7059437792281757,0.024265062646019325
Application_1721495711,0.7484383189581145,0.4310412857395249,0.2931163419711174
Application_1722936368,0.2794023164125882,0.5811012045542544,0.210736839947866
Application_1725718103,0.024569145084037076,0.26826319638023177,0.20336596460043055
Application_1726057618,0.8545295723368104,0.36927352261143126,0.22403136708711505
Application_1726750534,0.009846085123938891,0.746867868519798,0.016249496612798387
Application_1726806352,0.3857687865291981,0.422141107752395,0.3181089026221601
Application_172695266,0.3200057523097499,0.4717661721144668,0.3185546629089604
Application_1728000220,0.34742120147576955,0.5545338295972841,0.12836980775935353
Application_1728090308,0.5340602469183955,0.43137320984108923,0.2946034150767816
Application_1730778542,0.22166149506622698,0.42260435469769764,0.24127919796056332
Application_173122257,0.7236837787287992,0.4445517658070781,0.27737646943030975
Application_1731267696,0.11648516676592702,0.1822088082236507,0.19746602955499787
Application_1731879894,0.12912684727552676,0.25186005836018593,0.16693656157833192
Application_1732543782,0.10701185806527178,-0.003387285976096832,0.09067485252901465
Application_173259774,0.43230161122737837,0.40451994044118056,0.33865960891770547
Application_1733106091,0.631665840646931,0.169951341351763,0.2002567166076548
Application_1733732825,0.06041227188882504,0.17267153784052114,0.2186195291291144
Application_1733949639,0.02735634463015794,0.3067946421655852,0.2452841788868908
Application_1734771669,0.8369325523029493,0.13579327000373995,0.18087154474865386
Application_173483337,0.006749346869936496,0.7388689875496426,0.014364110171732388
Application_1734947142,0.04083888889103641,0.14706641081200178,0.18914333311600404
Application_1735095439,0.8417931027364981,0.41513886265159294,0.28312318016782334
Application_1735566698,0.03352627283507097,0.24763547642581601,0.31046354389277686
Application_1736444832,0.011233561556653868,0.7064990990565514,0.029944896183814865
Application_173679501,0.03004615223686886,0.17485835352981738,0.19578085362733832
Application_1736978527,0.9500207189924158,0.15125863784020085,0.17310503407200886
Application_1737095579,0.08037916885483218,0.21147714347352148,0.26479373664012285
Application_1738270116,0.6798653636762494,0.4447649219965903,0.2833352591109216
Application_1742866950,0.6752447309701018,0.43212843104974774,0.34444016628508783
Application_1743002787,0.49219616847107583,0.40060326654655176,0.33057650241446823
Application_1744217682,0.1075763898401967,0.2430412869155359,0.257312611082217
Application_1744764747,0.006904802763727436,0.742144869410101,0.015572212206359064
Application_1747759228,0.7483873614736088,0.19020054595752542,0.16786403134789932
Application_174900979,0.699783152883965,0.35546404143829585,0.3142746934053585
Application_1750066014,0.006367530850937464,0.7484447748331143,0.01561267305235815
Application_1750611156,0.00802021878505051,0.735496165862507,0.01313199031627431
Application_1750932659,0.6139501021727392,0.09195438513717447,0.11722409576336101
Application_1751483231,0.05922585682595387,0.15275348135867722,0.11653735363950332
Application_1751490782,0.032328286266886705,0.19719205488843694,0.21928606312875912
Application_1751546737,0.010764748210650682,0.21374170373400003,0.22257180243020744
Application_1751763296,0.3725034043374805,0.5493348107520091,0.11960715468461182
Application_1751900898,0.8617413915474292,0.33408016601145796,0.30556022946403905
Application_1752144011,0.007859940530161806,0.7217072111636593,0.017253182890269666
Application_175406399,0.8004806511451442,0.324314881169218,0.25392082641079206
Application_1754660645,0.27883498717290334,0.5659619499899639,0.1390793175082594
Application_1754878754,0.019366400072482182,0.22335254854966752,0.16305623796166888
Application_175544437,0.5408111811257872,0.15900934570938796,0.1086867338065965
Application_1756143119,0.00797625229176726,0.7288807266889863,0.01431796093935382
Application_1756698619,0.0070978072556253545,0.740515144108824,0.013349185455680675
Application_1757112551,0.008172558575188275,0.742161675543938,0.01847413953031131
Application_1757332206,0.059217964226976214,0.18128914732261345,0.24839399252751393
Application_1757787329,0.02968434755636192,0.27561177590722424,0.24974931764228286
Application_1758466018,0.042196393146434426,0.11818180103122497,0.2285036481165251
Application_1758628504,0.029006132195598208,0.2255531792281212,0.2373190870237625
Application_175918237,0.39902599266771044,0.4003610946152076,0.25184029253476237
Application_1759206616,0.032015363465605524,0.28877652203958165,0.2074875295906541
Application_1760810906,0.01064331866316442,0.7549010162857048,0.01739392561259735
Application_1762899868,0.035218948277370966,0.25990900517594495,0.18076167670469553
Application_1764494728,0.029102650222775812,0.14116063999765374,0.1635852311605959
Application_1765577987,0.0793495543540612,0.1872354164992186,0.2795036573282488
Application_1766681398,0.030318791172301556,0.25300059632502636,0.19324834503641614
Application_1767608602,0.7883828052407027,0.17234749228343538,0.12837958649853548
Application_1768409536,0.8220022134244043,0.4218668952520522,0.2800218472970307
Application_1768718354,0.034127744668962824,0.14664597558839565,0.17256014721980012
Application_1769060911,0.8331764097885573,0.41513886265159294,0.28312318016782334
Application_1769939835,0.7143141055302344,0.36765420573504337,0.2529030844733302
Application_1770364291,0.7146540655975615,0.2812453172623842,0.31457898329183587
Application_1771092914,0.0347342695892909,0.16699144976577973,0.26844672742162845
Application_1771690507,0.2661638501078745,0.5215062953428176,0.1394103612639248
Application_1775620157,0.06007375808054187,0.08920500965691824,0.24635912705452623
Application_177572366,0.006030135406671102,0.7477599526446348,0.015081976305517887
Application_1775767690,0.005516840812069945,0.7368496328599339,0.014982107280139895
Application_1777192556,0.7810669240464441,0.3841742350232401,0.2957636587314762
Application_1777715425,0.8266209586433171,0.37027369186528125,0.2910490047026709
Application_1778205577,0.01532460018198095,0.17334162343510673,0.1991397612490549
Application_1778799137,0.32031158412493527,0.5351931524068494,0.14331343161029558
Application_177897578,0.01240992807654509,0.6867688007112482,0.02837495980124029
Application_1780196758,0.36623091477068,0.514893468409547,0.14464883987405575
Application_1780269777,0.033211778364203144,0.19788739238082262,0.19708812507078619
Application_1781081103,0.06596132008600174,0.201104076794955,0.2774289742133231
Application_1781374917,0.02371622834213707,0.07341987886774459,0.13116456316359323
Application_1781623698,0.12492728254868532,0.20522411972074628,0.2852354540459345
Application_1781633903,0.08735297876178176,0.08596904725253543,0.24876968483460632
Application_1782952770,0.5573318016711023,0.42483000381734365,0.29527256670791746
Application_1784815865,0.5270657833530745,0.3055333403682638,0.238878323150437
Application_1785468553,0.45730449006135554,0.4960726999950553,0.2695855043046331
Application_1785650204,0.04455170840481565,0.16519204768642978,0.229178644046575
Application_1785860221,0.03481715757131343,0.25698691622804987,0.2112729360858076
Application_1787983531,0.0346492980070589,0.13876477525333455,0.15637216700930265
Application_1789934601,0.054439469015120624,0.24112287199884833,0.14504026505572495
Application_1790721805,0.020728694131121567,0.16528637393672108,0.18267174497348773
Application_1791109196,0.7818360095283594,0.396903172041551,0.24055422874103946
Application_1791210166,0.01979621776148487,0.13487786502501675,0.19418589585360893
Application_1792123382,0.02768264412184082,0.16476181114023003,0.16334045912482045
Application_1792327676,0.046513723154868236,0.15554593311318388,0.18334203125353774
Application_1793173151,0.2061141248544692,0.11603390295152166,0.2599910151259183
Application_1795986679,0.009642836347630045,0.7522984462205713,0.019236985216985476
Application_179601498,0.028799960157955523,0.23240178765968744,0.16175803340828088
Application_1796290207,0.01618448005726631,0.7370743575678144,0.01695605343283579
Application_179713283,0.00793125200924403,0.7120746632275414,0.017439439196305483
Application_1799331916,0.031384172928462545,0.18877254915736935,0.16104479213712214
Application_1799654594,0.012853297368444738,0.7443757443167434,0.019547443740026857
Application_1801593563,0.023059809896768035,0.25797183119875255,0.29420032304367705
Application_1801822059,0.025500179708800454,0.2006603627472892,0.1575262103252807
Application_1802283850,0.7707748137184793,0.40893118182844035,0.35293069375983555
Application_1803710713,0.8254161863279847,0.16197814973355662,0.2094562654101068
Application_1806449930,0.010822470217505015,0.7132850962638178,0.035689044895072804
Application_1808705800,0.5629309003975557,0.36660037382383936,0.31995195530625026
Application_1811471028,0.43068715070824126,0.37768147788096323,0.2287669298213527
Application_1813502823,0.7831284683942465,0.3821926103710542,0.25656364202326065
Application_1817080595,0.23336607712799512,0.5300780314304898,0.13653042881448196
Application_1818700890,0.8083620413830359,0.15056701055203897,0.1786299227980756
Application_1819007640,0.06990520190322665,0.23559221934922409,0.27714717263984523
Application_1819504615,0.037695081486654076,0.3148613147764758,0.20026967018851155
Application_1819818177,0.007201599070516768,0.7491625716335486,0.017493542635701187
Application_1820504290,0.008172755081782808,0.7316333371416346,0.018212816513131374
Application_182066441,0.5534672078638363,0.42846927424202325,0.3470801256626039
Application_1820733336,0.03652829499714198,0.20857688024000542,0.20265656040674465
Application_1820883466,0.09736700303178834,0.1991139043081511,0.2687559493610385
Application_1824209977,0.13721767582597896,0.14975982470610413,0.2693993687661389
Application_1824747835,0.146586442246812,0.034815338207320856,0.07217649266328292
Application_1825309879,0.1632175358913965,0.18304285439449863,0.35898953757498386
Application_182597722,0.048144123090878996,0.253323602496373,0.19776860162839863
Application_1826347954,0.041731194526534274,0.2139729709634948,0.19355515498753129
Application_1826390013,0.058438785232150944,0.19475105782860394,0.3163075014453095
Application_1826620975,0.0818959222597739,0.3839886377322305,0.15612297587096988
Application_182712917,0.875675255892846,0.13527512148866463,0.1772519335048359
Application_1828404203,0.7638564255092737,0.41498753284960965,0.3234620404521508
Application_1828802183,0.032470022652934485,0.237881965040604,0.18795557052727369
Application_1829392718,0.010003372566573627,0.7237033366216967,0.023170454255466193
Application_1829492040,0.7287411060216936,0.3963803268270843,0.30427689577717865
Application_1833582857,0.6760163354975243,0.3538814854408884,0.30592460723282683
Application_183481406,0.6992266965338331,0.3703401406013326,0.2917069522487693
Application_1835611863,0.9462883036420124,0.16477775857349716,0.23922948167554903
Application_1835983478,0.24046264469402603,0.5485035841910353,0.11983831628204995
Application_1836482704,0.05106591861046179,0.03034043063894115,0.06766478972036746
Application_1837286038,0.03182170994460976,0.2864582006542326,0.24890456061373517
Application_1838182698,0.9366877185242409,0.10406325328011495,0.1917155630730937
Application_1838195672,0.05034330669080356,0.3291925279548762,0.30645434679599465
Application_1840472630,0.798590750158922,0.2881910105448487,0.32590297610209124
Application_184143337,0.7739270805533291,0.35119215918907537,0.26285925935349314
Application_1842271625,0.7842063517455706,0.3587952780745745,0.245232170454835
Application_1842370876,0.0075757735036080685,0.7436385101269942,0.017264524070588566
Application_1846291324,0.014479690252045922,0.2656450639618064,0.18775475894164043
Application_1846693519,0.857205245101827,0.4257493450894889,0.2992623025436749
Application_1850153393,0.09275883186978344,0.22988674540239717,0.20401341763501338
Application_1850714835,0.8822532065365398,0.4541079037814665,0.2783556734312466
Application_1851360212,0.913205156815983,0.13089516940413531,0.19408031079433347
Application_1852538604,0.7665081440392724,0.3875284974832928,0.2509366504218906
Application_1856006798,0.6191531942807941,0.37187535943792793,0.2930465706353601
Application_1856344011,0.07588526163637539,0.11641900777561007,0.306724935756095
Application_1857366417,0.027980721151387205,0.24152482710429307,0.24452875552224765
Application_1857513367,0.010067966984976199,0.7651610040471504,0.024498203221690246
Application_1858211642,0.020504835763063587,0.7082398016082383,0.0341701477561233
Application_1859387169,0.2002513479623512,0.5113958060107424,0.126686551490768
Application_1859431929,0.8684615604784878,0.34626264821704955,0.258577744689335
Application_1859537046,0.04478342731390985,0.1918313341248051,0.2624703088033064
Application_1859784683,0.8580065097620381,0.337607634686699,0.2085532531463065
Application_185981374,0.017068707355851014,0.07755775520731994,0.12167174245262599
Application_186021788,0.03790041957915224,0.17955930175074972,0.17501478665406206
Application_1862468287,0.089604137090915,0.31147331575151677,0.2026168175251308
Application_1863192115,0.10702105840197611,0.0356179966817059,0.07407950034755803
Application_186381818,0.009564972768002198,0.7270212678874908,0.021112226442076484
Application_1864868732,0.009268280080558348,0.7372874900907397,0.017424540920896098
Application_1865080562,0.007104454025168457,0.7551468070038964,0.015760764659739294
Application_1865256281,0.02935856230687283,0.11603295574891243,0.30406842136128587
Application_1866125313,0.862567617021919,0.15670909351040463,0.15949247465131414
Application_1867093856,0.8927635018215723,0.1406786861280665,0.14536926233541525
Application_1867138516,0.848274670487131,0.4251130233953776,0.2970842858300403
Application_1870118526,0.8914427772636948,0.23152351981067681,0.2516364307217616
Application_1871723330,0.07557429980284835,0.12280465873680224,0.33147578982829823
Application_1872244741,0.8502648100997374,0.4282824263512043,0.29570022485040637
Application_1872345916,0.7001502097893872,0.362256124104827,0.23655082491686208
Application_1874674743,0.8297509322159892,0.4183541231653829,0.29397871740977827
Application_1875782782,0.27450123716909497,0.07952178699295478,0.27004404765391377
Application_187611464,0.6724145968612812,0.29856828250644546,0.2568086572758334
Application_1876138473,0.018248846394558517,0.7214501134406239,0.03851634330150135
Application_1876836940,0.8559431227009356,0.1543212539193993,0.1252625090127488
Application_1877362067,0.036563616564611164,0.19248005817646632,0.1699547954421268
Application_187778549,0.7710031541521056,0.406602446650677,0.28767758052605036
Application_1877814469,0.662091851368751,0.4790268484337111,0.3294986224167927
Application_1879232225,0.5640315600141422,0.3970649413127195,0.26640133316282494
Application_1880895995,0.7114937701401758,0.355637217611594,0.3165212653271256
Application_1885130117,0.07229621414689986,0.17740695432536813,0.25794639601705077
Application_188726425,0.8278907199657263,0.38950429970679146,0.25845392274026247
Application_1891680505,0.12755422055131696,0.23300620447317327,0.249721264894547
Application_1895159318,0.6908716877905593,0.3621132837961693,0.24789530984397354
Application_189631764,0.04933149933767049,0.26028440683733384,0.30753358705229944
Application_1896375934,0.09010786233669686,0.15127523824961042,0.32224967265771215
Application_1897975199,0.8331036359661049,0.2000421841536003,0.2525931537779483
Application_1898457792,0.23309851018365838,0.2863724531486997,0.29378294439107044
Application_1901752708,0.007331233621902913,0.09132241371663641,0.13483744302052025
Application_1903689163,0.03799948772428257,0.05207025591612546,0.08236216905530591
Application_1903879559,0.9042565049668911,0.231793957633102,0.2767033890894248
Application_1905372994,0.7605032170444974,0.3710134483296471,0.23652872583249598
Application_1905967471,0.418511370637629,0.5395010460510329,0.18847608819856024
Application_1906109703,0.04494911189254228,0.2910110921118127,0.18232054446382945
Application_190734181,0.02475246493897416,0.23418343633127942,0.15776919126864314
Application_1909723515,0.02041599856026931,0.1890720874103096,0.20366171827628252
Application_1910023757,0.6253506629312221,0.4201503271638,0.2683288999379487
Application_1910885918,0.02806722169026997,0.2394715744180852,0.20159539585249608
Application_1911285022,0.0766175002088118,0.29133543997993333,0.3320980120362416
Application_1914483239,0.06558515714369435,0.22723319275040865,0.2290807312931693
Application_1917257899,0.8228577312733552,0.4369885279283485,0.37934758050670103
Application_1917346060,0.8747782881273968,0.2956251138378015,0.25590021129040735
Application_1918491897,0.7958918216213866,0.397881343128774,0.29253247215984507
Application_1918741535,0.7338340519050309,0.3653758334200772,0.24836930510007316
Application_1919362220,0.03049050810184556,0.2785427486915629,0.16319676265637387
Application_1919805494,0.05100316267916451,0.24560116669644555,0.18920442379784344
Application_1920062674,0.024697690004225878,0.23575046274678155,0.1839987856619137
Application_1920137077,0.05061311015629036,0.17242801134096455,0.23791194739021088
Application_1920432865,0.007558692054818434,0.7412338880690833,0.01834301594341629
Application_1920569696,0.7424125296005469,0.36879770083919106,0.29499088904215015
Application_1920623384,0.041602890250428876,0.26926966885458836,0.2042568298401484
Application_1921489029,0.8778764896787001,0.19141228355631704,0.21775164054192242
Application_192191311,0.7907276660245773,0.22580514310713876,0.3137041778593225
Application_1924151739,0.00942969891223933,0.7378112828056592,0.021573011710850853
Application_1925108895,0.8495525003792788,0.44597848033476617,0.29905773906898964
Application_1925475950,0.05802612485984516,0.1439000221740335,0.3235731968170772
Application_1925894693,0.03455990014427417,0.19483160945807704,0.17687903704059432
Application_1926626369,0.005946052148843124,0.7512800314802432,0.020008261353999645
Application_19269284,0.127597683690673,0.04902611665104739,0.2422608525169555
Application_192716320,0.6984551003003078,0.38443717638814223,0.2987097179324543
Application_1928577170,0.8250303620659981,0.16697975331553128,0.17416513593028218
Application_1930612093,0.04566110862311464,0.02282712522632313,0.0578552748293057
Application_1931050520,0.9497844982055806,0.08472298966322306,0.11835506089888022
Application_1931739679,0.7629320674833285,0.4072128548941669,0.22612936781877807
Application_1936633108,0.8467524321984615,0.3733731845547721,0.27020419578255744
Application_19378013,0.06731933750970188,0.10926165952416905,0.3024593960737918
Application_1938909971,0.4962271185816958,0.3729823550919127,0.30875463271404957
Application_1940707964,0.7348682024023784,0.4214619506812728,0.3130333938396623
Application_1941614665,0.008725560363707413,0.7270210855097111,0.021263474948234443
Application_1943498805,0.7708215792145973,0.44340181539804224,0.3279317040507652
Application_1943739799,0.004456429410419754,0.7450087832095993,0.01630163371016265
Application_1944447595,0.7942860815938947,0.41157212912613117,0.31122986135938085
Application_1944896918,0.8398358159448958,0.37099061674711076,0.3392687967289144
Application_1945451645,0.014605050418129576,0.23763695536327062,0.3037669454897616
Application_194564472,0.006888485526507149,0.7167046846939991,0.01913738494467634
Application_1946538188,0.02827773049002025,0.15191111832111925,0.17559359568624566
Application_1947622904,0.0322161001756252,0.7031430719096712,0.029825861676557507
Application_1951442644,0.04064793219352194,0.07500607004253212,0.16937952870873962
Application_1952474346,0.019362255271720138,0.6355858196959565,0.1886408377117906
Application_1953215776,0.580216502207096,0.33225767861607414,0.2687984075776082
Application_1953871052,0.6158985236024695,0.3776295827897695,0.25114517250008134
Application_1954655928,0.03610808024240289,0.2075262029711712,0.3061408005548277
Application_1956063682,0.03246869961274525,0.585014041781089,0.17312434261454343
Application_1956665823,0.8960887080273137,0.12369221824186694,0.15580943176837764
Application_1957651168,0.7760387002820198,0.4406826901083767,0.2954471737069003
Application_1958611901,0.7412743319831068,0.38599977007889386,0.28043979595191687
Application_1959536677,0.033234984210270296,0.059837233224248165,0.09059967500407938
Application_1959538261,0.9373735408776228,0.1647268234979743,0.18606167584570543
Application_1959777138,0.03688532626494083,0.09742372479328862,0.29604171596991685
Application_1959968858,0.06346547868225232,0.16995022827557213,0.2897075683596531
Application_1960245250,0.8895383995762282,0.3829835289940826,0.30569773456944194
Application_1963302945,0.008374499091474915,0.7279270111451362,0.015395056957234617
Application_1964644191,0.0353840578969968,0.11109121758749693,0.25597872563694757
Application_1965608734,0.7317306679037157,0.4492094699349357,0.276279960781132
Application_1966193141,0.054899587971519434,0.182684370749222,0.1935525818479196
Application_1968934644,0.026593164281567678,0.16829273007573112,0.17766486412284932
Application_1969335807,0.008499815976199884,0.7315701895067087,0.024852673706925
Application_196951548,0.36418045116219466,0.07667042236987201,0.24058002058825914
Application_1970086923,0.008735754390026176,0.8132760430854653,0.025176148756422708
Application_1970302335,0.26728118972396436,0.5008366379240996,0.1574972352868485
Application_1970703703,0.3284004369748469,0.5981947603537776,0.1698783780920274
Application_1971226606,0.04188457053847401,0.14017503487058222,0.2586302907680956
Application_197126464,0.7195328582341088,0.39706027129917737,0.2599960410495391
Application_1971362714,0.03710595197349353,0.20459272724163644,0.30565837825155867
Application_1971989358,0.041219032133886356,0.20333537719076014,0.24645916791355363
Application_1972046847,0.5794835241386993,0.3745724119614233,0.2713635352996719
Application_1972637504,0.005822707029447487,0.7343612887425434,0.01774969077668238
Application_1973871032,0.04273356877216388,0.19813880713290927,0.18956970524747252
Application_1975160417,0.024500721468698625,0.24417337988853396,0.22117994142896147
Application_1975504088,0.1731601290440091,0.45880125429583346,0.31259811965945
Application_1975819852,0.8779367271457474,0.1415929988875904,0.16073717383873393
Application_1976004129,0.01637587575187792,0.6174334661867638,0.1780663071604954
Application_1976127206,0.005382365765671856,0.7075142177302641,0.01867069955145511
Application_1977502639,0.7870126289515461,0.3007999610392461,0.2799667279860958
Application_1978331738,0.7450825701719612,0.36688101255664546,0.29001134245773885
Application_1980887074,0.9305806014275493,0.13625334199971215,0.1303925511274886
Application_1981121598,0.01533241144044039,0.7143312504464252,0.02240741301044866
Application_198284297,0.8439712484521719,0.42493494694042067,0.29991022152317975
Application_1986394502,0.841577007949989,0.43777477706144496,0.29548674851694573
Application_1986459524,0.010529265709063014,0.3135099628501219,0.2766742940338712
Application_1987831323,0.00540394838227972,0.7357494343453028,0.015785565278670803
Application_1988195018,0.025568023996046026,0.24270300073161213,0.18395681108763653
Application_1989234441,0.889646770130677,0.3581861591222777,0.18694209547718238
Application_1991464898,0.01432506053078005,0.7289749239998816,0.023388689662915137
Application_1992619767,0.03550371624375348,0.2451227910781303,0.20170812090528245
Application_1992867148,0.10340899133564917,0.018233170094636098,0.29615181646615385
Application_199304010,0.7135555662580735,0.35199806369631953,0.3131919924497113
Application_1993192295,0.009525804619116642,0.7519472129851427,0.017027035989252804
Application_1995644843,0.03624383916073202,0.18036868011945317,0.21457932220092757
Application_199635820,0.03964843338997365,0.08643778556806939,0.13181277248607165
Application_1996843325,0.02821750623819422,0.20998049678284747,0.19298274261840923
Application_1998307400,0.009885889693022662,0.7356279171508711,0.016102388696466824
Application_2003767759,0.684441715398642,0.10169771325661564,0.11907446129101625
Application_2004089393,0.46843538379837085,0.4056807171436825,0.328992352046032
Application_200417599,0.046600886640664134,0.043132983431001914,0.06968110994375958
Application_2004968371,0.6233074098147019,0.36295874592987054,0.2503321168947055
Application_2004973545,0.7974029874623877,0.4375596275728086,0.29609062529299246
Application_2006713022,0.037976866852343236,0.11422264899282336,0.2266305016317317
Application_2007562055,0.7239130339885119,0.3619623314541699,0.23610026322866592
Application_2008203162,0.856944598157238,0.4233140175349872,0.28722324238983216
Application_200942443,0.020441051419320296,0.25450045385127396,0.1825129026857692
Application_200956558,0.7470555603104833,0.3997581025481209,0.2918859589531461
Application_2010104450,0.8216081741794733,0.4159532608006612,0.2825115275171173
Application_201115305,0.018475609590426465,0.7062759373605765,0.026108463757227196
Application_2013830829,0.012514499001135956,0.7301057282823774,0.017641639666120916
Application_2014671768,0.7610753654673273,0.3875812733645807,0.29638312992163196
Application_2015161420,0.037180606843713944,0.180942754389575,0.17461506638587865
Application_2015423706,0.008046123632533875,0.7376751246144034,0.016321958420862998
Application_2016510614,0.8763634105747296,0.15364224122761833,0.17748252277171775
Application_2018809027,0.019964019404166717,0.14391627368110335,0.17326386488975495
Application_201975224,0.756588688755704,0.36258343084294536,0.24161126688520426
Application_2020541045,0.006454166492400952,0.7385734420903269,0.019807709233070667
Application_2020581879,0.824577632927465,0.45524275010543114,0.29584163195632335
Application_2021390880,0.1326222383873583,0.015706906221721717,0.07244771794156153
Application_2022118906,0.8818399744298117,0.15559474106880283,0.23601762654895891
Application_2022507317,0.8869174562662874,0.17797041355894522,0.1999834773756449
Application_2022755119,0.8110799937983644,0.05472554584691164,0.06716968416331483
Application_2023468525,0.8181049141106023,0.4102554389354035,0.2756239386166338
Application_2024244758,0.8884747823931876,0.2978811907336378,0.25163211979775346
Application_2024477286,0.8077607680526167,0.39174494924508907,0.2964169564897185
Application_2025018320,0.47661129027232707,0.36037798234206964,0.26157781474861497
Application_2025703180,0.039177803231129016,0.10632436788149613,0.11288627664511847
Application_202572480,0.8531018709274492,0.31704911051471407,0.20212496166188207
Application_2026841022,0.030669736684866392,0.068196755801052,0.12542917316470786
Application_2026952165,0.03472461353476799,0.19350387165671487,0.15880453905312575
Application_2028180559,0.7711755620021731,0.4571707061658357,0.25696050276499244
Application_2028590322,,,
Application_2029271670,0.8121179733105289,0.4137337351517307,0.27319166190573724
Application_2031841757,0.056892499149083925,0.2824172584047308,0.17503464561743434
Application_2033120546,0.760186025783337,0.463512290123457,0.28588306427607263
Application_2034295537,0.04373568378181694,0.08302080988623947,0.102741965727832
Application_203590810,0.565116221299443,0.14085300390240885,0.13778602035846024
Application_2036474370,0.6383520287593049,0.4460404675407315,0.25983599046325023
Application_203678331,0.7620295913863628,0.37877339788918285,0.30052999678372033
Application_2037954458,0.027006406114028957,0.1539249849375707,0.15703941892352874
Application_2038146278,0.8903318096279909,0.3203450283955711,0.21269459942928187
Application_2039657007,0.6943793821551384,0.16663155488322814,0.1580110235855429
Application_2041306952,0.5837174513360323,0.3742083656923015,0.312358604289786
Application_2042834818,0.789229563356609,0.28477144545506317,0.31544692878640723
Application_2042847086,0.008031536543433075,0.7440216928000178,0.015289552067393766
Application_2043967522,0.5989599194342482,0.15285966505343293,0.14111468326143167
Application_2043974733,0.039646363860707516,0.24912727854355993,0.1986944986553284
Application_204408152,0.010893585945456627,0.2524288888675469,0.21339831679017968
Application_2045954559,0.04558842927321117,0.08973200380839286,0.2631299583625109
Application_2046501407,0.010760029872007358,0.744178658447993,0.01742899076735332
Application_2046683533,0.04179609103548255,0.07175242335060206,0.08770300197764608
Application_2047886665,0.8760869733243147,0.2665600263080191,0.2693659208090582
Application_2048027930,0.4554390322831281,0.3667411156758583,0.25280857894725206
Application_2048171626,0.8439325885726213,0.31742258786273936,0.19628714427272342
Application_2048278308,0.037542203437952046,0.11569201326898204,0.23861474017714202
Application_2048323360,0.008202635497859816,0.7202757200353198,0.023804428080135602
Application_2048381730,0.038671749060967334,0.226811081192193,0.2636068323444141
Application_2049849151,0.6815366977810582,0.3538814854408884,0.30592460723282683
Application_2051550880,0.8733276918082852,0.30233778933922395,0.23879913691949026
Application_2051799809,0.15975717850425136,0.09541714196994136,0.30376245401230245
Application_2051951033,0.04611737713503214,0.17004132166208052,0.25379796183238296
Application_2051974818,0.7764080939671639,0.3875535834648951,0.24544013925143487
Application_2053272389,0.8210264973980012,0.389122698699788,0.24840264833480075
Application_2053888323,0.03700827754805188,0.1853646527440373,0.1677065757772449
Application_2055100599,0.006336827953444444,0.7528580274619845,0.016995959593911713
Application_2055157815,0.6821589037211019,0.36701799202924135,0.29608305254591644
Application_2055185181,0.03117514865277544,0.21505470976470864,0.16490177722532007
Application_2056174200,0.6811989288029501,0.42318117804655897,0.28316414478801794
Application_2059632280,0.018928184751150826,0.18522257015278965,0.20636578969509412
Application_2060708769,0.8402158359997696,0.12103615156467412,0.1105758711238632
Application_2061020149,0.6090303615749484,0.31510417612137304,0.2490287880152585
Application_2061502784,0.05046241504399211,0.32588549167810116,0.27089837850824816
Application_2061784142,0.7107240914077952,0.3541262649293463,0.3184037156989492
Application_206222910,0.026198761027094383,0.29737728692423304,0.3083208351226643
Application_2063179478,0.7179517131417893,0.2016636944714386,0.12814883900180918
Application_2063828851,0.7303942020205012,0.33159152560336375,0.2954174408300766
Application_2064798594,0.858234071449984,0.1902331616802912,0.2170456036291886
Application_2065559138,0.05699560425616514,0.3183750126543691,0.19632350678745075
Application_2066939992,0.006390596005995461,0.7378636268882173,0.01759921716880998
Application_2067187791,0.6558180903460423,0.4720994848089256,0.3048328606688204
Application_2068853058,0.012833591246343706,0.7342916576382401,0.023337584672122165
Application_2069481439,0.7550614956069822,0.32495080369305424,0.2805231458207762
Application_2069545303,0.22768511635010735,0.13675472694762048,0.32899602105759534
Application_207185826,0.03293559693586512,0.1633012953246936,0.30481478665131945
Application_2071863649,0.012997993601675605,0.7252782774348387,0.03663472356274298
Application_2073034588,0.07258473048873317,0.1210643721102766,0.15033361646127139
Application_207339253,0.8006306595960567,0.37205409041352777,0.2817446030098293
Application_20738828,0.03613961654253031,0.19412687960224326,0.20006610792688148
Application_2075014351,0.7626891597644643,0.3987948555172506,0.29573382930017594
Application_2076314524,0.7669857155770545,0.3608306698973069,0.24548091605187036
Application_2081068908,0.04123610341172684,0.2608213537062466,0.21018358592484662
Application_2081457336,0.04754629497308391,0.17432712362283448,0.24120609459731726
Application_2083683673,0.01227745917375348,0.7211953804434608,0.03841802638587448
Application_2084259712,0.07420329066998683,0.15061559052390316,0.3340125079137958
Application_2084774321,0.008990164005464565,0.735979731252817,0.0171686870817822
Application_2084907175,0.8312462055232831,0.14455090346308874,0.12187648371372028
Application_2086545012,0.3155326094055359,0.5404778360745586,0.13100111428641648
Application_2086686091,0.011718681571207548,0.7133311495477095,0.03513840725172137
Application_2086754710,0.8509192273846894,0.452985362981568,0.27916937097495287
Application_2087006463,0.029464651306743944,0.2730584876604379,0.32402563822896047
Application_2087713022,0.024587017813315366,0.05070694597873138,0.14292140610731977
Application_2088099791,0.6783828260456658,0.33795743189488536,0.30515420155168027
Application_2088969676,0.040025500001599046,0.1938309327859909,0.3068368189810393
Application_2089315207,0.0317993656952402,0.24733561665489803,0.23988986147271407
Application_2089979544,0.893052832035335,0.15737818028595882,0.22312888981881676
Application_2090544740,0.7098688354541327,0.34398866873945294,0.25614861540167816
Application_2090776603,0.7643077273998797,0.21395292542795372,0.21081808763903628
Application_2091145908,0.01952471011242467,0.15686496154091945,0.17863369753698313
Application_2091517201,0.08903786833775694,0.19457934753034076,0.18929265916039179
Application_2092228035,0.009760876743869903,0.7098714854249737,0.025589225454922933
Application_2094441836,0.5611046310439497,0.48945627110653345,0.3009882218271597
Application_2095793548,0.8168652911192293,0.3686765469062123,0.3036797601649713
Application_2097115739,0.016269605962423026,0.6361411734583768,0.1598861184967259
Application_2097420356,0.018895444420345707,0.12045722995768321,0.16664399375004402
Application_2099334395,0.08823136055306026,0.24795262518080807,0.3071340958726821
Application_2099511368,0.75492089831858,0.3476135852680902,0.25031364552147983
Application_2100311621,0.018157210075500096,0.6972384230438895,0.0369279398369625
Application_2106173395,0.03918692436021879,0.24561796410095516,0.17906873480707042
Application_2111973389,0.038524826513852785,0.1619976376801066,0.16627793632745094
Application_2112573494,0.016570122230456265,0.6497577510709135,0.15211517755193005
Application_2113040289,0.6632731119544621,0.4442320936044133,0.3138886172767703
Application_2114671174,0.3064533230213453,0.5493348107520091,0.11960715468461182
Application_2115042059,0.4673583582437607,0.40159988455364726,0.2791925329159456
Application_2116062822,0.0636911870839026,0.17237603137280552,0.3148063823516125
Application_2116148116,0.6747278524798497,0.307899635022671,0.23432308738334406
Application_2116821761,0.8312171700068782,0.4147761215358834,0.2747796910648515
Application_2116960252,0.8023899200209308,0.35826695578392775,0.28598202185708643
Application_2118057291,0.6443721617285327,0.4149444908006995,0.30107541269640137
Application_2118887844,0.0482285224924587,0.11181543067656097,0.15770555616425894
Application_212002191,0.05997746109009561,0.2135827244376291,0.25969818670526906
Application_2120715071,0.02590047211219739,0.7166834048741624,0.03656053849393708
Application_2121891434,0.008686737799467261,0.7195505246230492,0.023934925086595744
Application_2122792904,0.024123318963359612,0.15939218694096455,0.24470132121543137
Application_2122822719,0.7307836255402986,0.3651919351591161,0.29531867906814013
Application_2122873300,0.7655136931543913,0.379239783708749,0.2709126718587111
Application_2123204513,0.017268487870115787,0.20185628632306185,0.19944016257988537
Application_2124127933,0.864988753481484,0.10702741926155984,0.12143914017250698
Application_2125694475,0.040352836267214025,0.21922953924035693,0.16152063918481704
Application_2128172349,0.7267874393492155,0.26509659691568277,0.29724870664244407
Application_2128191185,0.0079054108764901,0.7474340275871788,0.01659931870928019
Application_2130486641,0.14548644824163307,0.37825863613014493,0.18290406190446104
Application_213211686,0.6944142427473747,0.3726392652488713,0.23812465515606612
Application_2133089583,0.8328279237638385,0.37823130770146,0.255604693945024
Application_2133818678,0.9155562402511723,0.21741518226357426,0.22371823181914852
Application_2137992191,0.022513126044904276,0.02759767180882139,0.08709842653349685
Application_2139692519,0.14147413055962837,0.1472395861955292,0.35209331493409335
Application_2140045431,0.040287474396155695,0.15408116152015977,0.1266158990737474
Application_2140770767,0.7556410000783115,0.30266916878118905,0.2686837416873994
Application_214156122,0.01054538842509803,0.7063128999733415,0.015752246510302895
Application_2141999798,0.8863774418083012,0.28203827135939435,0.22641755573702618
Application_2142719268,0.033960775304926895,0.10428646798048052,0.2894444572043063
Application_2143988715,0.07322167397461868,0.22407720124745079,0.22689059062059205
Application_214453134,0.5462262438248587,0.41414317606844536,0.32011636385193276
Application_214453442,0.027000061848513703,0.15305267221985258,0.16124744444194822
Application_2144842406,0.08392647686997917,0.22642060590753968,0.19702344099225502
Application_2146296643,0.9496825429483778,0.16949185433198932,0.2503966183046778
Application_2147170228,0.6519228430804838,0.4348455259951916,0.27335152920934574
Application_216211515,0.04801341860715928,0.18048105152762545,0.24342854050623255
Application_21634890,0.08948014557274075,0.3003028179339407,0.3207451473368148
Application_216444008,0.8319046554322268,0.03508128443970443,0.0690749132910417
Application_218547280,0.7325446089015305,0.430773754243537,0.3107226716809956
Application_218707596,0.27313136766932133,0.3536387828602776,0.19462608195967138
Application_219576331,0.051182779153378405,0.26989676048771927,0.17335480631783518
Application_22019692,0.006211842113845867,0.7180439125123701,0.019846301473474316
Application_222629422,0.8228589438733472,0.3883860258132983,0.2848385389985366
Application_222827091,0.7625460293099743,0.4048961906723566,0.309545394731498
Application_225586063,0.018406438267146216,0.15958621921599012,0.1687091946204092
Application_226209957,0.8753048493533324,0.2158027933797753,0.2608014009879977
Application_2264928,0.01680828362576303,0.13731829622289785,0.19507539985531913
Application_227170121,0.009048228374888608,0.7398941291981447,0.016296299554616384
Application_227670423,0.006941993484464968,0.7418315387115026,0.019163964434294235
Application_228373770,0.02012509755064515,0.14402980634299,0.17892245217402356
Application_228928958,0.03508309138035311,0.06806493617447379,0.12132452379313165
Application_229012140,0.008495424538650435,0.7093583236423272,0.015491077056303131
Application_229606305,0.07797079678007164,0.23608890555793244,0.3081076759352492
Application_231527175,0.5520003346448984,0.37636514067460947,0.27633668696478875
Application_231751553,0.3908614528019455,0.3674082586058785,0.24862149037603187
Application_232254008,0.023095224807626297,0.26819088156406773,0.20932198606374863
Application_233064512,0.7440823792329568,0.4421493822302251,0.27623465051893903
Application_233989937,0.04098494480223333,0.19414090794640507,0.20502008689288378
Application_235535721,0.5622906336707441,0.3283954262725591,0.25412309205335726
Application_236717130,0.6636853536340254,0.35724533212759385,0.254357292429589
Application_237775087,0.020302260092336172,0.15029749166591616,0.17588056989646497
Application_238546830,0.8499817569278482,0.20295267231766206,0.2211189848069398
Application_240111953,0.6973810029202125,0.37784696855247946,0.2971716853346076
Application_241318555,0.04820803655452127,0.19494055185779377,0.18468751688914642
Application_242709495,0.2921888412522367,0.4234436992144499,0.28071974599180843
Application_242826105,0.0624077453436545,0.21424438155949338,0.2740305131531353
Application_243887576,0.06327204700397301,0.31736336515108376,0.23479670958376037
Application_244396187,0.8338403538990851,0.3222508620655455,0.25552305287178567
Application_245123210,0.5462262438248587,0.4239729470007757,0.3194145904669516
Application_246097895,0.012250284216282666,0.6869590506412824,0.029661126474831035
Application_247317164,0.08082538193843394,0.14011937527607096,0.2022533880627569
Application_25063668,0.03433216794422369,0.20385967071623307,0.1954943304587044
Application_251097614,0.7848583345210399,0.3849359485514459,0.25950225505713903
Application_251304842,0.03766236330875947,0.28160952362029545,0.1788351555519206
Application_251670774,0.6085427712436223,0.4487261118274203,0.2714215405956981
Application_252272828,0.7814259922139399,0.38367088911975294,0.3009614122531143
Application_253227112,0.07222844367511962,0.22251779315022435,0.22914373483762288
Application_254824641,0.009997649668092896,0.7360495679078213,0.015236223766030833
Application_254836121,0.5652438263496802,0.4208738140767352,0.28837670650330455
Application_255370233,0.922171378536203,0.11120265278816319,0.18323820616278397
Application_255496047,0.9012993284876765,0.0782272671421517,0.12360345685749706
Application_257082685,0.7092370576213789,0.35562067400407105,0.31157540545430923
Application_257928635,0.02871984505317004,0.2993299350251579,0.3091898431466362
Application_2595810,0.7479558300547532,0.38813703101135655,0.2859513428832899
Application_260257809,0.06375021028313901,0.1544347416908052,0.2986753694907018
Application_260635392,0.8464669219018105,0.13891471588340423,0.14608404469799588
Application_260702936,0.5708829040335335,0.3407775364659124,0.324555353015794
Application_267475970,0.7171256018849262,0.4252815175024586,0.3173833893319611
Application_268406883,0.8575867833552052,0.4159532608006612,0.2825115275171173
Application_268523137,0.016755705127025754,0.2637651537043855,0.22644817106292603
Application_269341222,0.04472224111530378,0.380432100161707,0.2572083854202907
Application_2694097,0.8659656166219319,0.31981047480484653,0.19780749734927516
Application_26954699,0.03287665474957099,0.2587473028119466,0.2608832090710219
Application_269862060,0.7590192509757306,0.3860943580061109,0.27528057268630624
Application_270485252,0.056366561084496655,0.19291617880659723,0.16676859493138382
Application_270506031,0.8498986813571492,0.3772312844286178,0.27929817513303834
Application_270571049,0.9039233003417843,0.14247146143781889,0.15613825881866522
Application_272933056,0.011198169507953517,0.7075962540503455,0.026395944940349504
Application_274240684,0.6085575670804168,0.3184648246119597,0.2620699378048536
Application_276603327,0.9262487411276138,0.12209987068149267,0.14965802925855165
Application_276618599,0.7922275598841602,0.1335956745005914,0.17247975405647767
Application_277127069,0.5390688028972556,0.38228253783123267,0.28947178005650986
Application_277674975,0.04735152835428201,0.2782864950453655,0.27035575864984657
Application_281838380,0.5759488202644174,0.3893231459702864,0.3220438348292519
Application_282114630,0.7125696887183521,0.3488749672991369,0.30880947541649195
Application_282254984,0.5981799271763104,0.37187535943792793,0.2930465706353601
Application_286137335,0.811447239950485,0.3712789996596627,0.23135943555330352
Application_288925921,0.01844405286256829,0.2833727958926229,0.22304029798495406
Application_28930757,0.7886652566998571,0.4899781786804638,0.32008536100159884
Application_291332257,0.030667090700590118,0.16428147848795321,0.17483713690628613
Application_292094395,0.772425568010011,0.4888810794194409,0.3780162497582569
Application_292866700,0.2573210012619192,0.5425899497396444,0.1209038013095072
Application_293379010,0.3183024073351794,0.5737020620655673,0.22996027499561672
Application_294013307,0.8224905515469558,0.3730457886888785,0.2624137324759154
Application_294586112,0.055775292660893094,0.14476410088651553,0.3405538274649916
Application_295284443,0.5339027387139527,0.41286413409736106,0.3190792711979454
Application_296888635,0.7832171644390246,0.3529329019774776,0.30278487729988346
Application_298129713,0.6045419320557063,0.43108264827134546,0.23245625551042903
Application_298744583,0.07539184345867689,0.23999531827344306,0.28884328837160905
Application_299068395,0.901629768454931,0.503633593175572,0.4258197972457493
Application_299209464,0.8060327350417037,0.34442210916098953,0.294942199978063
Application_299698075,0.8261776554948771,0.18276078489409886,0.24074309561020618
Application_301727231,0.07840479035084649,0.16318006299199528,0.2437319432377257
Application_303703837,0.009229268577126373,0.6920816253966221,0.02325706236467337
Application_303866233,0.079051688219464,0.11805851136773998,0.28601893741582757
Application_304004510,0.7372349181681609,0.3509103802487431,0.286707220764635
Application_306086229,0.03179887447736661,0.17890022553778176,0.2005487164722228
Application_306812685,0.007812806653485023,0.7341298314975127,0.017872795933826874
Application_307801348,0.743165474417033,0.34573377720173687,0.24080227286847306
Application_308066254,0.8802913019609848,0.21829466249008128,0.23247623162966813
Application_308748254,0.0738595068022786,0.12261912329229441,0.33333944435017904
Application_309815171,0.05127413379771204,0.18328925500922255,0.258655854405602
Application_310417357,0.7704659030708411,0.4472277872877996,0.29130230595715684
Application_312166095,0.005862129320540318,0.7514483265865213,0.017346806450058427
Application_312224974,0.8025350216360522,0.46624302482710134,0.3241025222496895
Application_313152544,0.006302155153714886,0.7371075510506664,0.018788968476543055
Application_313527996,0.7842063517455706,0.3587952780745745,0.245232170454835
Application_314854055,0.7492563968935264,0.35562067400407105,0.31157540545430923
Application_31519304,0.5926255320679626,0.32080091643320596,0.225541740270597
Application_315782607,0.06373897463377251,0.20689769758714077,0.2532081637274797
Application_31697623,0.885196498590876,0.1321250575917732,0.19240137192396697
Application_317789291,0.9445398391553589,0.04298475113903949,0.06968585886637338
Application_319284701,0.022506814544421147,0.7167218913408497,0.032075875622719525
Application_319847090,0.032479423558534205,0.20174761747538478,0.3019279430477094
Application_320538845,0.6367105918385761,0.37245322806857806,0.277935582051472
Application_321053191,0.03787978948526916,0.2683955979651855,0.21006612937274444
Application_322297326,0.7920646850169257,0.37792681886691387,0.29031448869668947
Application_323040575,0.8104530861403684,0.40570171244026954,0.24203872283390926
Application_324026343,0.7622359258283589,0.3985840985547292,0.2796756225963216
Application_326473270,0.02220157526514502,0.1748127284320045,0.17490870452136845
Application_327072822,0.7676794540420467,0.3964280261340423,0.3007549435410008
Application_327149374,0.043050090407175556,0.19024676468507626,0.19198226326908815
Application_328046969,0.5115261625567322,0.4059250760286453,0.2974998546252852
Application_328120747,0.9169586283343975,0.14046189731219832,0.22629278019481536
Application_329140480,0.030508636388713678,0.23166647010758767,0.30449495330962056
Application_330251746,0.06413562015724943,0.2567119931839976,0.2956980731898336
Application_332704649,0.0305968820593342,0.09206828667793615,0.10606612312298981
Application_332811786,0.0502137133213786,0.1912303650214563,0.22182101965293133
Application_335537557,0.04519999795783493,0.1643058051132267,0.2942157403068153
Application_33745946,0.8120149726446817,0.12319700547430715,0.12443484591166876
Application_339123229,0.8773046490188386,0.1773914623112285,0.1922083921559413
Application_339123431,0.018193127444823463,0.12556471591340784,0.3012082763271439
Application_339327672,0.8333279626500957,0.29192924024906713,0.17741550401638131
Application_339730120,0.011257604383407055,0.705616392541641,0.03606576132175478
Application_340094554,0.7259633952929992,0.3724828644471829,0.291277684874386
Application_340321174,0.05980719066630447,0.01562649449603698,0.06613171912836106
Application_341875321,0.021692278986462046,0.13895643100481547,0.17514919969396633
Application_343088948,0.010473728881058878,0.7563652925336438,0.01886324092029528
Application_343744148,0.15149092153212274,0.14066542943282886,0.250905619667605
Application_345264629,0.039686905000399675,0.5308965873203824,0.22118828296175264
Application_346568508,0.7082815722422022,0.3621977276336792,0.232693399335887
Application_346829278,0.014863051745896626,0.6735833653032492,0.15017568633217257
Application_346848867,0.010760167337732746,0.7632732663232897,0.03717897891584982
Application_346988751,0.8744316711495885,0.12960884451693339,0.10657564743953034
Application_347922674,0.07683434815659707,0.11004886087691124,0.15769465682122172
Application_348990686,0.2460145344034559,0.5553689679937696,0.12539908611417833
Application_349515920,0.7986739137016209,0.4856041234560221,0.2816522369605319
Application_349709198,0.584769364056143,0.38374647315147403,0.31259864492769585
Application_350793850,0.7571733455488949,0.4082327222787368,0.2528195335622182
Application_352165642,0.7156838311420398,0.3660379371406339,0.23454968587681213
Application_354855594,0.008228166487920479,0.7335640384901139,0.020575789079242936
Application_354865116,0.8846166103580939,0.41998446091722513,0.27003962035215
Application_354974392,0.8975483618563154,0.26749599368520677,0.29389344296746023
Application_355701690,0.009419680214708058,0.7219549858821714,0.021765604602743738
Application_356808628,0.010086126188394067,0.6956263187665548,0.04957262112732387
Application_35738339,0.1744064652666142,0.06452019314075375,0.3068173341642463
Application_35745002,0.03790379103745671,0.7083546343033509,0.02792364218200343
Application_357880380,0.8555445596747377,0.3830642830780271,0.256079419181769
Application_359276048,0.15755657887542313,0.15317825904438798,0.21830130791687852
Application_360217923,0.041361642155501574,0.13975040433656077,0.3196102161792347
Application_361573979,0.6649789737040843,0.41126221227671567,0.28608139719406395
Application_362543186,0.7652813204110298,0.4221779763137702,0.24086553755813375
Application_365332446,0.6180562584461601,0.4419762172924737,0.2697509834299668
Application_365485542,0.010835713338143491,0.7327187161080935,0.019017450428905326
Application_366121400,0.008761529423555271,0.7232553320299302,0.017342526537083788
Application_367455904,0.03150984023775574,0.2741918715324897,0.19803863417460602
Application_368167256,0.535054888454423,0.41286413409736106,0.3190792711979454
Application_36831628,0.01277882893152948,0.26226747810769363,0.1889651243950678
Application_368529383,0.006737662836841558,0.7343389947349954,0.015176161479306382
Application_368638647,0.07672446473679215,0.2122543614526881,0.18770744170371753
Application_370126110,0.84343055919456,0.3886486074954792,0.32833322554411587
Application_372912766,0.025828469644323757,0.27429473798324655,0.26388147673071416
Application_373875255,0.04176046041999032,0.14017503487058222,0.2586302907680956
Application_376118809,0.018477115671128787,0.04568355998405521,0.08172849004439452
Application_377692746,0.7373706038053967,0.3944774012631937,0.2655752556923032
Application_37787490,0.28040472295192914,0.5819336964799746,0.13488528228090604
Application_380097845,0.8268487817767944,0.13252317972744407,0.1506690918067701
Application_380770908,0.6550126168210654,0.2081047970591976,0.17566670777386928
Application_38081486,0.045295716558801886,0.11477892867044465,0.2395864937829691
Application_380969432,0.012016375404584266,0.7270443393175805,0.03651842572322477
Application_381087716,0.7643409146335529,0.3813900045549629,0.2818205048625712
Application_384814296,0.08911827165743667,0.06619544584742737,0.09085918425598599
Application_384835333,0.761033003512381,0.3421934573927244,0.2738815236510525
Application_385045680,0.006669024505985448,0.7394522403737718,0.01828216198534301
Application_38536393,0.07574028057429145,0.1521141699239414,0.16799353784198906
Application_386657742,0.02177162162357528,0.6676990942121255,0.16127596777323874
Application_387778376,0.055938575965975915,0.10379144824320805,0.12877332000386618
Application_389831964,0.02145201759906798,0.7001524374056121,0.1571257041697753
Application_389962709,0.8540328321750011,0.15600778392667825,0.14351050795140488
Application_391099640,0.006469601569218868,0.7389497808231928,0.018540763012205086
Application_392275405,0.019100946679773082,0.22988092593545303,0.21409765338949707
Application_394037983,0.7956195107834708,0.3554835019365067,0.24198620761038964
Application_394946724,0.07414195613260018,0.1063250953727839,0.3076756373180135
Application_396027178,0.44471873148071084,0.13240526461019334,0.10361645884571455
Application_397038537,0.027942727268852274,0.13525211817823896,0.2795964994143288
Application_398065440,0.7214437537918489,0.3902520480693631,0.25306472689959714
Application_398250446,0.01756762128598456,0.06484284529320089,0.06942065504926292
Application_398311287,0.7845607900344325,0.37157579955693765,0.23959359095991653
Application_399001926,0.9040183690875625,0.11717115367063813,0.14736430850205945
Application_399934391,0.7899299986693803,0.4100023468104944,0.2871318976915533
Application_402938046,0.011150661684357683,0.7252192175282703,0.02116900913689104
Application_403304705,0.9193892243462982,0.11365021912796913,0.13981231933189853
Application_40403797,0.0600026856209311,0.0005013413080439677,0.048473291478942845
Application_407461155,0.794511245151257,0.12176591143512047,0.15871636361164548
Application_408864407,0.028410225960258693,0.10155078594474926,0.1904467372813244
Application_409154003,0.007056445769793801,0.7397201623321615,0.017578229084633964
Application_410056038,0.7200827946047809,0.43648074310896257,0.30692811388415914
Application_412434860,0.9324128833998322,0.1777749756062107,0.22532114002974918
Application_413047262,0.07496116475348105,0.09926822067504154,0.28346856123669556
Application_413991815,0.8972174422815015,0.2301920965100635,0.22320071477825393
Application_414227837,0.9063416528788528,0.0408596006377675,0.11600534418850429
Application_416188880,0.08930824527320316,0.13185815891551103,0.2774498159829033
Application_416694962,0.09049178281808988,0.13520164361214224,0.1902588450518348
Application_418738843,0.7266279487390757,0.13282078983096304,0.14595344798908394
Application_419933910,0.7325140383208018,0.4934799619713153,0.29863646707998515
Application_420380783,0.06244066608190204,0.049612982718626575,0.08934670116951388
Application_420599570,0.6251000171119272,0.43179649477808046,0.23670085094313412
Application_421465179,0.004205280053811758,0.7071144457395522,0.01774398214547026
Application_422637212,0.05900210590760636,0.06001048805431841,0.10200942543600106
Application_42337394,0.5950555504367565,0.3896876698083706,0.29392699635677905
Application_424064154,0.013151963587354083,0.740118509371981,0.014583517175145586
Application_424977058,0.7818460705224264,0.35376135853819624,0.3130321223816667
Application_427316676,0.017976977525458064,0.6356601032792004,0.17906549919406325
Application_427975818,0.023819586209633377,0.5762937842834917,0.16954608882920547
Application_428745471,0.0728661739660751,0.1539296416767618,0.2621268874448427
Application_428955021,0.7838319154663165,0.3604762601587601,0.24479570520523553
Application_432430277,0.036015885461089095,0.114601709287173,0.2506917457183412
Application_434354946,0.008847326621094383,0.7242878037376475,0.01768439211775543
Application_434840997,0.07026796609325484,0.18213026946374483,0.31136904266139726
Application_438711887,,,
Application_440695787,0.6446097740256236,0.36037963128097156,0.25671020795074256
Application_440813334,0.018233386776605562,0.11576460799727248,0.19297431780905172
Application_441853106,0.8880586800878143,0.12191029991877603,0.15934790337567056
Application_441988653,0.795006342200498,0.3761087436287193,0.2801146278256167
Application_444595223,0.0065495377138675565,0.742144869410101,0.015572212206359064
Application_445609887,0.021263602215828077,0.17740632191685224,0.1769106232701349
Application_447126113,0.008725560363707413,0.7270210855097111,0.021263474948234443
Application_447138954,0.017492783266802477,0.7054354825186743,0.03184895869808254
Application_448145454,0.04098961537189963,0.1695188228149889,0.2933757631273555
Application_44859446,0.038180541549829604,0.7339707473376439,0.030911711356091637
Application_44899860,0.10981926343789039,0.2345954387058,0.34061662264254106
Application_449256078,0.43081347404096815,0.3961183679059791,0.2887427891032723
Application_450127919,0.7617359494976342,0.41401073751005374,0.22919205242188823
Application_450250534,0.8497883411607041,0.3539461513050448,0.27529667176525824
Application_450974072,0.031286729763995526,0.1761364441633303,0.1879916240929147
Application_451838490,0.0353027030167302,0.20793513837892666,0.17123452124622512
Application_452728375,0.03383070649382148,0.32857652144976945,0.3772114824733957
Application_453833865,0.6509070461992956,0.49160182107317874,0.31095101074896353
Application_453847467,0.6253506629312221,0.4419762172924737,0.2697509834299668
Application_454064051,0.08312731066083796,0.19012217323516412,0.2768896914372203
Application_455616073,0.6154251823924054,0.2107238283440746,0.14403145818511454
Application_455972560,0.036742283672621015,0.214979413746601,0.18884862403058622
Application_456023338,0.7835159311026102,0.32912489403076484,0.26840956849278264
Application_457947056,0.017908659949229144,0.7097746591120295,0.03525965777040827
Application_458227713,0.019042758367508284,0.12896307467579654,0.1495521906143821
Application_460231462,0.022458660175745684,0.6609710050760571,0.1614051939344391
Application_460974455,0.008188297444155357,0.7316333371416346,0.018212816513131374
Application_461107030,0.8743428549958153,0.09842879599871063,0.16331816886997885
Application_461173805,0.7520198235874196,0.32253087835101213,0.2657199365903183
Application_462216549,0.09104004895195264,0.13542572920763288,0.26930307401773385
Application_462882090,0.6419932284430532,0.36037963128097156,0.25671020795074256
Application_465680144,0.09624690159088568,0.1991139043081511,0.2687559493610385
Application_465715339,0.037527515621588674,0.10725949130558718,0.21885531031251632
Application_466068830,0.017094993959624428,0.14102504447789413,0.16412639744414997
Application_467957342,0.8439998645928847,0.4412773912604391,0.3025787719789718
Application_470096249,0.021588270454665815,0.27166477093873137,0.20535431818659666
Application_472820667,0.006737393024009126,0.7165579775195032,0.015863623197575363
Application_474380883,0.052458369771296295,0.055243179771841955,0.07555855822385324
Application_474487263,0.03675861362712834,0.19114121874241533,0.22291767999456483
Application_475062324,0.00731248367238549,0.7319260503969676,0.01732954035844238
Application_479645384,0.8380817704157908,0.37967938240745247,0.23024530491695502
Application_480070910,0.7863564246551507,0.19829297591299241,0.2534632591341489
Application_481277636,0.808614652615184,0.48797385873133575,0.3409014621581679
Application_483074478,0.008740323329472595,0.7292366901168847,0.02325210571648515
Application_483126363,0.48033970182548524,0.5346833203749219,0.35506860679582875
Application_483931042,0.007532192334951233,0.7365519166598509,0.019154491023182802
Application_485368165,0.050563879346804674,0.14726330602302767,0.18682380464922832
Application_485567867,0.864226129660192,0.1611052290460549,0.17266198330176985
Application_48606429,0.0626675673589445,0.03313902929438628,0.08306374945420834
Application_489972645,0.7449520549614781,0.3390299359067421,0.2855004317447146
Application_491192717,0.012779646596681238,0.8755256514197143,0.03270799697617557
Application_492258182,0.007834996480642155,0.7385085899264807,0.014270084056258996
Application_492292182,0.6188949449404635,0.2278280287752763,0.22059340035425545
Application_494960481,0.7699930013652072,0.4304807863851025,0.2949292830522216
Application_495428388,0.04732242040399948,0.1443420826095911,0.31201855548826485
Application_496111899,0.052630972807083176,0.07997631288715071,0.12043258935103673
Application_496532501,0.05911384255702451,0.053034605746203556,0.06949742482672815
Application_49717724,0.7739131419340219,0.3711604600188885,0.30461043777543717
Application_497474417,0.8784557485672299,0.36257808917951984,0.23538567023464926
Application_498556066,0.008758480506162068,0.6783248132131201,0.03611134802373473
Application_5006458,0.7939881202026329,0.3446222488664444,0.23697067561568005
Application_505138130,0.036064029182719615,0.2263268720183152,0.1916797503833383
Application_507755204,0.05712115325637257,0.26854263898730224,0.2160649369530551
Application_508938604,0.0360099969531191,0.2206490972492175,0.191852827367434
Application_509693034,0.6307453989602954,0.37078399694055664,0.2916796136260369
Application_510096383,0.010225092465552674,0.770995654059298,0.022911519999710427
Application_511259546,0.005346023084899749,0.7332093834736908,0.017412971441360243
Application_51182407,0.03907207204375012,0.1278355582243277,0.16722478351628645
Application_512079496,0.03862578147532427,0.3113318603543943,0.2317400067721764
Application_512884075,0.523362136632817,0.366431968245982,0.32573615199851674
Application_514052232,0.026116351119746545,0.675593701740882,0.15749910662130406
Application_51430642,0.08948130805965174,0.14863989285805645,0.1703105970853947
Application_516500707,0.8078692829697125,0.4443937806324466,0.3081465236274914
Application_518047810,0.7150496960923592,0.398556311712158,0.250842080515999
Application_518595534,0.1666410691247508,0.15211701429975047,0.23005307033177505
Application_518624776,0.1179388336805232,0.13020751175186046,0.17030473566366544
Application_518752038,0.6391544371076604,0.4691456839602058,0.25064894172539637
Application_5188726,0.020513396294714277,0.22014747985588934,0.17914725657718436
Application_519214643,0.7974029874623877,0.4375596275728086,0.29609062529299246
Application_519801050,0.005353006903930237,0.7528580274619845,0.016995959593911713
Application_520506247,0.01917290918050074,0.17283302836913245,0.1796685479686112
Application_521305631,0.12792648752754468,0.539144379284991,0.15195735770618327
Application_522420767,0.7678543652147363,0.35174216431562333,0.29777667218838805
Application_525459142,0.44492911837646637,0.4032953566144159,0.32031684617216954
Application_526257863,0.12059455586084757,0.1260416010631711,0.2916837317656089
Application_527482957,0.46388427056003967,0.35571539011375725,0.2287958162774684
Application_528406867,0.789800952688524,0.38008302820776163,0.2561898587382027
Application_528558455,0.8678038018584315,0.1468224109142471,0.1637032303993125
Application_532956567,0.0970941675763646,0.10700627885567829,0.33077791080773267
Application_533079487,0.07463271463387142,0.2412411071996206,0.24427326967855953
Application_53352885,0.7978901936159111,0.378871207009756,0.2277822070190858
Application_536009009,0.03950961624882789,0.0417714771651434,0.06721474735457798
Application_536051300,0.8986427056796819,0.22040104646433395,0.2459662544288156
Application_536638211,0.14356533302801272,0.0375078505729009,0.07857572175272451
Application_537005538,0.020822495536361025,0.1336604135142297,0.18099065291316055
Application_538311021,0.06574770961044811,0.0382873649478902,0.08938976124411888
Application_538869641,0.022176206389068007,0.13946761083426792,0.1952943803185587
Application_539120928,0.8639036566469225,0.10755399515485667,0.0979500494630538
Application_539162249,0.03370420976420344,0.09433739355271042,0.24146992465857
Application_540373333,0.8604452387043537,0.12198857797407817,0.1637961999494063
Application_541146763,0.9680006889117843,0.3189717359883239,0.345557789078282
Application_541694777,0.8262667418026017,0.15961643619848917,0.14858696261526702
Application_542632548,0.7699930013652072,0.4304807863851025,0.2949292830522216
Application_542782205,0.36724549980314336,0.5162685427247249,0.344128460794195
Application_543098684,0.008132354763016507,0.679780950952682,0.05436007564993565
Application_543513898,0.02007672287172352,0.7165127674927565,0.037751942373281264
Application_545474396,0.8334617587138673,0.3570478347274501,0.2877861937887449
Application_547720957,0.8107094247444009,0.39645741383872235,0.2991541559039272
Application_547842527,0.8614390927548348,0.0811694602874645,0.17287089370445677
Application_548136507,0.02440160567482195,0.7059392216127858,0.033405947496989885
Application_548377578,0.7431236674410246,0.4745650235083848,0.3050395397598301
Application_54902350,0.9137770690965471,0.15177657835841768,0.16966346220880438
Application_549264279,0.009871340185057436,0.26624917501310774,0.21104973564661247
Application_549547786,0.018916605208518733,0.1663305796207652,0.20634929520983256
Application_549826152,0.7492207288005441,0.3704244675935895,0.3211850848407987
Application_554480592,0.017499686611188843,0.7201776428523129,0.01736651437121198
Application_558507947,0.019272910530600068,0.14489886456785575,0.16932371974962906
Application_559239075,0.76355965233934,0.38405332794579583,0.2694913650154441
Application_559246751,0.02047059325989573,0.11945470923465862,0.25374779451541757
Application_559380460,0.8984341876660451,0.13827723853641005,0.15465719180975349
Application_560070722,0.8100891296064724,0.3710090322774452,0.29632901673095496
Application_56106793,0.779429941073851,0.3754212445695558,0.23293630057006842
Application_561835971,0.6998420621473509,0.374844917862828,0.2325778466667121
Application_563590726,0.6100336870178937,0.4344899860211801,0.3467802690358006
Application_563891423,0.5204665889677236,0.4051227041204185,0.29481416566560553
Application_564834372,0.8676431293025526,0.37463477725277855,0.27369209060688204
Application_565667109,0.7546411250575786,0.3590685128596639,0.2846730726177016
Application_565689430,0.6181057074113401,0.3760405186227013,0.28572174557831054
Application_565743734,0.7840141840260916,0.43537800049577385,0.3085016246921884
Application_566347979,0.5423408030240126,0.14070163067943173,0.14286186295196285
Application_566670119,0.047326985385983324,0.27636628443135347,0.18425181550844633
Application_56691092,0.7136371203377023,0.43860386948403607,0.2847704081861711
Application_568127104,0.031465927527649803,0.20940491501737096,0.17927466873223186
Application_570165308,0.8420213997680192,0.11334564830603217,0.1463476398162296
Application_574500271,0.028797977246523627,0.11515927884305724,0.1161566036499593
Application_575764720,0.02613854061698338,0.10212261307714093,0.18186892549544353
Application_576386053,0.034422316699110105,0.08864043486128328,0.1006257921112027
Application_577888910,0.24838051863124785,0.607846924108888,0.19283506031182204
Application_578344284,0.010176055718642905,0.7404740869856175,0.020308393413168792
Application_579153284,0.01792972883964043,0.1414958476076271,0.1747843230915503
Application_579275809,0.3076987923658573,0.5366033821586276,0.19197050921583086
Application_579349612,0.03914713913588976,0.20689290036589228,0.25019872266323495
Application_583747115,0.02679009203324681,0.21945350427788424,0.302348293275713
Application_58375214,0.03631432032542894,0.26927215034704366,0.25556624983719833
Application_584583269,0.025754703810863578,0.19623374847858271,0.19817793121611887
Application_584717195,0.8639470082598902,0.4238124061405222,0.3007869279598679
Application_585298607,0.006490330835389977,0.7278530085510941,0.014690683597913127
Application_586839753,0.8254880771521534,0.12616047301307734,0.17650286957638506
Application_586877291,0.02911899181349642,0.21533075051152384,0.21170478825245012
Application_586969154,0.8441077181596757,0.17424436408376395,0.20179916828520872
Application_587119833,0.06403758421614965,0.16634164155420514,0.16162202904450848
Application_588758280,0.05837875967936743,0.20689769758714077,0.2532081637274797
Application_589041415,0.04452518806171429,0.25751580285407516,0.26521634781038167
Application_589186855,0.06935237097917918,0.27777297415776975,0.25252996909968956
Application_589719704,0.6043878736120234,0.3580442691871554,0.2707061211811261
Application_590010761,0.09072471490056767,0.16592641741983397,0.2733164841912103
Application_590215732,0.050764601942212245,0.0662014517875148,0.09207158108064419
Application_5904996,0.13714475450478103,0.24265987598715838,0.31276274961504497
Application_591439695,0.9240635866372939,0.22741214537909948,0.2518753368171371
Application_591454326,0.013270435870906329,0.7289758937024655,0.016019258052423952
Application_592481165,0.7842063517455706,0.3587952780745745,0.245232170454835
Application_592605828,0.2512079679112209,0.49501074270934525,0.3156261594394093
Application_592613102,0.7172321447944459,0.0864755922169988,0.0991937461092917
Application_594581112,0.7548017214063576,0.45111127976508036,0.29523508851882485
Application_596049851,0.04010605272122537,0.20016367495124415,0.17869840133218812
Application_596574084,0.042548234624810166,0.09809139214943952,0.2986765458645968
Application_597065437,0.5144940517641412,0.47449010070422093,0.29148922463721444
Application_597372127,0.06422213612550756,0.3621629549259854,0.2236233307850679
Application_597486380,0.5461124244390285,0.4170028294773065,0.3031835600694918
Application_597721884,0.09753827438142863,0.2192761023169238,0.18845476568191968
Application_598141849,0.005808156512652824,0.7319756103594708,0.019730060232217225
Application_59876773,0.8505934489382853,0.406963495550401,0.28616159211432
Application_601584106,0.8501507459300872,0.14563518656075133,0.146989160632828
Application_604537136,0.046868100314976485,0.21028035903604794,0.2633748645884571
Application_604648984,0.05072872189235868,0.062250386607825725,0.08020981721029398
Application_604870238,0.03753011186446382,0.10088914595619072,0.29591320346325295
Application_606749031,0.010792249639007679,0.7552634210526596,0.022145485287917446
Application_608775916,0.7162648078101104,0.40560627161592794,0.2624307760556259
Application_608845327,0.020886987168064905,0.6981524142755429,0.026313218150662152
Application_609139308,0.02539217344355229,0.5664846546700082,0.16916633185311153
Application_609719509,0.8723570750459746,0.39278527529750973,0.2697355921714266
Application_610454003,0.03371183813932322,0.105293620363824,0.2886455857639165
Application_614334599,0.03439847650772712,0.12297888277239524,0.22280829169391714
Application_614810920,0.01260221880393543,0.7353392480508536,0.014862319177255721
Application_616416650,0.028958099714690825,0.3046746332616506,0.17429920983773187
Application_616910723,0.03881068270307524,0.20139281194572164,0.1648034882821483
Application_617035933,0.039177803231129016,0.10827701598242101,0.11320444872117003
Application_617376389,0.03904967487212975,0.14780167768394076,0.26733065813701395
Application_617431825,0.8696998454101369,0.40822004711267107,0.2753446491212584
Application_617539010,0.9348158797088364,0.08312508748942907,0.1422170905551026
Application_620336293,0.8547605967655486,0.2204218173343715,0.25197431540199006
Application_622068312,0.022872458713931457,0.18370836630379914,0.18718832734030447
Application_622214446,0.782484872348562,0.3748024831552361,0.23552297455150534
Application_622417263,0.05612671521643087,0.1633012953246936,0.30481478665131945
Application_622543878,0.1320205839319406,0.14106664692816065,0.20059477528714026
Application_625101684,0.06719372358934647,0.164117073950551,0.3111930734797313
Application_625857025,0.5513812844911851,0.23782800228061252,0.22323850248778662
Application_626884278,0.25535109777091236,0.6090030336491881,0.1925387697985333
Application_629693731,0.029121484982202704,0.27561177590722424,0.24974931764228286
Application_631716992,0.14503515545938644,0.20669110914481442,0.30011305389088594
Application_631740354,0.0243197543135627,0.14660226377752356,0.1706742735334629
Application_631788418,0.6921382639305866,0.5563905897551612,0.3436535480111173
Application_632866158,0.36281084608272485,0.3871328975562734,0.28123290549240026
Application_632913675,0.7690345312182109,0.3837625563371721,0.2954620549058189
Application_633371797,0.707194112203061,0.35237865084805575,0.30142610465236874
Application_633655173,0.021678598969298295,0.17476740346087583,0.17773186202622468
Application_634353469,0.9274708298423715,0.18497270748326128,0.2244978267347437
Application_634898760,0.7592481877674077,0.35255030282988137,0.23382466957748363
Application_635576510,0.18351336031054255,0.3513331327450912,0.19890627686548093
Application_637222323,0.798683447563526,0.29287503452161584,0.24506835169310098
Application_637297513,0.011112509561925837,0.7385920565418553,0.012669585118497926
Application_637712751,0.4837473596321365,0.3934492142926721,0.31218262418953485
Application_637748400,0.8281344904311012,0.42271741506962046,0.2816682151276675
Application_638041030,0.6274662936567816,0.3367686579623855,0.32064174442796034
Application_639747826,0.7602475248054513,0.32253087835101213,0.2657199365903183
Application_63986078,0.8109931581081525,0.3255010440409639,0.28248336300875326
Application_640176586,0.05559132643502106,0.22580904642972877,0.2109007533925555
Application_641457453,0.24806515687779881,0.3477052048303909,0.19904473144598434
Application_642553020,0.09377555850796063,0.1056064785568939,0.2961629457192862
Application_642608905,0.03106161341539154,0.1609250335779834,0.19231709371461878
Application_643047755,0.05791994534889616,0.1439000221740335,0.3235731968170772
Application_644340095,0.7733869549289724,0.3822283685036901,0.30877856823529476
Application_644684670,0.05633557344349749,0.04248565556985867,0.08216983313669933
Application_645328035,0.03404402288683819,0.6976990619616541,0.04369733085982554
Application_646977549,0.4307337979783013,0.369662023856148,0.30726746369996083
Application_653567105,0.6626356233413981,0.48905538408504323,0.3067602332589881
Application_656903784,0.03907920840672539,0.49544036423035287,0.10874847053075952
Application_659941685,0.07756919908290567,0.3169259159654903,0.27116144844050416
Application_661370338,0.7869611935078941,0.3838625859233288,0.2522529028814567
Application_661982228,0.7224218425723274,0.4370565962176295,0.2761954748448761
Application_663134091,0.8330878336551822,0.17651184477416507,0.19113203539486098
Application_664337168,0.6608246940371311,0.3623506865173984,0.26981530975592977
Application_66451278,0.7375973986140324,0.3616803458524394,0.2844884736225372
Application_665637236,0.7644819499812565,0.46996317977709373,0.29828330205216347
Application_666250035,0.06954380011584403,0.18811403740042218,0.2567057954808051
Application_668072382,0.009526159345083197,0.7123173459061176,0.02136150438942208
Application_668326847,0.07308045271074559,0.12996225658615992,0.31131530441456345
Application_670470325,0.7724084549195274,0.3342943650954778,0.30717252803883693
Application_671264692,0.7708540266927392,0.4002669711105865,0.25939749012252994
Application_671639584,0.8025773869556865,0.28277547490164334,0.23137805557361465
Application_671953999,0.8328730276004009,0.4075765550911522,0.2500530512778018
Application_673160372,0.5117037208673022,0.4180127863287737,0.29557450829403326
Application_673399253,0.5169236098328124,0.07995218494784406,0.11804002894312976
Application_676717540,0.7631069746223522,0.40725649991011026,0.3019434344774935
Application_676903448,0.010384871537944412,0.7348763109450174,0.017298589673901153
Application_677442195,0.03651942060132465,0.16370033695825004,0.16963637940306633
Application_679465044,0.8758422335282943,0.09780347853846377,0.106575872794902
Application_680044383,0.013289658600704201,0.6785215316145585,0.1615102175611604
Application_680448181,0.06968353235185808,0.19558065747516673,0.28584976619618924
Application_681649352,0.10370262146277995,0.1997878011683801,0.18411876826956397
Application_681711857,0.21906413018902052,0.5520612387926066,0.12462083002151635
Application_681746663,0.8521436060135827,0.3356543209425623,0.19979383489561092
Application_684221857,0.8439741198532851,0.43387533490288654,0.29830508059851446
Application_684289625,0.03631045156559089,0.19153445154683899,0.26555070140712284
Application_685130299,0.2808756446993071,0.5135110719461768,0.1385165739705929
Application_685452919,0.007148102892944875,0.741906400256686,0.017083956789498027
Application_686829487,0.8989382969542785,0.21753736147064523,0.26103349042919727
Application_690024942,0.09814105403760216,0.18996879050633692,0.2725714382281517
Application_693050930,0.0242578155891219,0.04608305300022575,0.08034373598352196
Application_69370459,0.8446822618019054,0.39124553343496665,0.26639341796104016
Application_693955071,0.8602155895356027,0.2238203901490739,0.2385677209022034
Application_695381096,0.19845206900912857,0.3953792251165474,0.15918543191759607
Application_695960596,0.8397337058509845,0.39006503450827773,0.2548987036414783
Application_697031349,0.8775402191056009,0.317953021058925,0.18917499639520624
Application_697297022,0.0682916772510441,0.20927015475134114,0.26529180794679563
Application_697324457,0.05440670842853419,0.15977223320459424,0.2963285217409815
Application_69735407,0.5920132959329206,0.378871207009756,0.2277822070190858
Application_699052493,0.02675697312793273,0.7181657117626372,0.04102246874802929
Application_704597830,0.08423826556722035,0.17546066244242323,0.24868834776711304
Application_70563300,0.7521384625556455,0.418985030188264,0.2704131278348222
Application_70606235,0.031244045836397973,0.1841833294191984,0.18403911552333063
Application_706198046,0.8840863154427954,0.41871741092602155,0.2806465501678572
Application_706504723,0.04099976675040823,0.16730658357359637,0.16591686009234138
Application_706607240,0.006322747798845086,0.7458553738362712,0.021337318296551874
Application_707770540,0.893776183048199,0.21766213550880487,0.22262742195386215
Application_710720262,0.8170268502113667,0.3616932555841856,0.31178820763507314
Application_711124829,0.7871123704972393,0.4147608495975813,0.3078606591055631
Application_713675823,0.8434994352828724,0.13199267455398753,0.19478964976786992
Application_714768274,0.059129701939698305,0.1440794675336261,0.2879042771420177
Application_717400110,0.024450843734052752,0.1616159924409216,0.1515668902396965
Application_717693758,0.01236012165674134,0.7289511721791625,0.02384338701032686
Application_718602557,0.3370184014154393,0.39875594076931026,0.2744504138702406
Application_721895690,0.026171295152073646,0.1966766572402846,0.16208092511424343
Application_722212350,0.008894554247590548,0.6995542400864976,0.03603703590227739
Application_724415088,0.015938398621194037,0.14670203010417246,0.20818174461705835
Application_724859129,0.04461323173346332,0.3149124746060311,0.24617340971450452
Application_725542335,0.8985133545988955,0.25683885812776186,0.22353440625519266
Application_727229570,0.13842145662286215,0.16314249885546953,0.34462843327112863
Application_72874899,0.9160070028641679,0.2157365499828257,0.19324628525626417
Application_728981441,0.09814105403760216,0.18110856900073874,0.3094209789972417
Application_734009956,0.050268145459168016,0.08719710317788162,0.10328768408156364
Application_734030906,0.020301856459021998,0.13715477226786177,0.18321510813991682
Application_735837174,0.007626956381983651,0.7518527852167056,0.01687147956628682
Application_737324367,0.01638483196808389,0.7378053039296202,0.01554800280538525
Application_738077974,0.04027844967087041,0.15967336073878816,0.19354753505438188
Application_738276182,0.009097344297970673,0.7434893214410445,0.019975008632460545
Application_738335164,0.006558577472557991,0.7178211977832876,0.019635441905776204
Application_739325744,0.7958727516402864,0.20119500979755445,0.2527316477375383
Application_739670840,0.8940054514276327,0.2207975768868381,0.21179752182848097
Application_739726794,0.12430058004779738,0.106063083655413,0.2193148960038103
Application_741297598,0.04469530486996774,0.18895813179882878,0.19615924813649196
Application_742173495,0.5001404803253693,0.3952160294906613,0.29444954811536017
Application_743200153,0.7904969138877265,0.4031566204329138,0.29143454951605785
Application_743474553,0.004371935044257996,0.7379422031616722,0.020268415165818142
Application_743594726,0.017754361989199823,0.14915735071611272,0.17847210477251807
Application_745883138,0.6284997994946449,0.38747996540041296,0.308582124936087
Application_746403636,0.026947015212887653,0.7039489184941201,0.04805079832554976
Application_747812656,0.006609083660605748,0.7351072209689677,0.017029773824287907
Application_74864529,0.043311093951637514,0.0573980837249945,0.11216884666794905
Application_749027963,0.6162426609839967,0.3864451989936428,0.28757829645480804
Application_749860099,0.45357948176356866,0.6311959510110883,0.2502304672787498
Application_749923491,0.7470965338029072,0.4276204022031881,0.2891796603456417
Application_752373732,0.020905559360026027,0.09265029050087806,0.21532782998663638
Application_752995473,0.018189958699353137,0.02422846172128923,0.07589172412105769
Application_753117730,0.7599381763669669,0.38373222347775987,0.2760145365278242
Application_755180147,0.01472181531061528,0.6734746290735676,0.14479905259788603
Application_755318436,0.7811638763100748,0.35230128286127194,0.23845927345699955
Application_757113787,0.9015168146395601,0.33453440951434343,0.20257792454245546
Application_757682522,0.0087427398692015,0.7438606467117723,0.01747870675508186
Application_75877971,0.7116889930245691,0.3672325089857208,0.2996886558952125
Application_760288041,0.07578601145575883,0.2568697033004566,0.12216869392423044
Application_760306173,0.8470947485886701,0.11641144021584143,0.1681677684336818
Application_76083190,0.8785800049784653,0.23493552786713806,0.17670991609497558
Application_760841149,0.8946238430506664,0.34401398683413853,0.21250780655022292
Application_761083149,0.0421788105558652,0.1325755714775983,0.18524404025329316
Application_761503872,0.014776067452841785,0.7340314835426426,0.026372916108645134
Application_762323305,0.10433630640535549,0.1561509791093539,0.21132109244462707
Application_763847627,0.008897293135869434,0.7344908923439817,0.020317822970963687
Application_763928658,0.7631726403766582,0.3976783437347845,0.264846426880334
Application_764226645,0.041722064682943205,0.7145741456623671,0.03745566236755953
Application_765506387,0.005728507922992444,0.7185246745060696,0.02038442937928796
Application_765925420,0.021789392581617967,0.17443612009353057,0.19555363465311754
Application_767764149,0.46242964967999933,0.4273915991658001,0.17552081593762417
Application_768687683,0.015630461066557553,0.30151598285633235,0.2231491968291145
Application_768742802,0.006554041544514043,0.7398524000837291,0.018542761341067145
Application_770018911,0.584769364056143,0.38374647315147403,0.31259864492769585
Application_771960759,0.76429490804031,0.3727948933766441,0.25015191927408575
Application_772130537,0.42622656598682096,0.4144725579006679,0.29466146875703664
Application_773698744,0.8081482613972222,0.38026480455300443,0.297382795307558
Application_775396942,0.565488823263977,0.4183568952386531,0.30380999933942626
Application_775422920,0.04115930824296928,0.2694778882019251,0.18611154517576592
Application_776250710,0.019784968274304586,0.6870242090393823,0.1537891499665594
Application_776477117,0.7933939291812183,0.1770816710184314,0.1589411529775568
Application_777232558,0.010773680268496158,0.7331951805900849,0.01816293188868119
Application_778555928,0.6576873365626492,0.35724533212759385,0.254357292429589
Application_78032372,0.8064790278838557,0.330616809898936,0.3043187081996239
Application_780791841,0.7956824038277099,0.1326921100711505,0.15572610830829903
Application_78080859,0.7699930013652072,0.4304807863851025,0.2949292830522216
Application_781442980,0.8327219180625324,0.29081149415666535,0.197817116314143
Application_781529602,0.4989870242746179,0.31074655773910975,0.22356787687835658
Application_782253363,0.010486765042321159,0.6878764078400106,0.04115713406218444
Application_782627639,0.4837473596321365,0.4131579267480181,0.31968818578843927
Application_784244379,0.013809501026355591,0.29305162811802,0.2063596329044761
Application_786731748,0.6312608916863863,0.14624704902584265,0.11450751200344875
Application_788699480,0.8902865113927192,0.3350227882800962,0.18784227688929947
Application_788925867,0.00737516546546909,0.7292514942844155,0.016181412058546008
Application_789108617,0.059674457144979216,0.2583421169343229,0.35593019353234334
Application_789334077,0.07208493261864925,0.11439477231676587,0.14605954775096508
Application_791089089,0.45453645831323713,0.3667623090164587,0.2946919750328866
Application_793038001,0.08541275069177412,0.1794812835251163,0.18004837182921815
Application_793873060,0.37217448584152657,0.261003204490783,0.125914923355646
Application_793997351,0.3123117682455778,0.3236391810305409,0.18202533926461592
Application_794504760,0.02429880564602968,0.16903599640662914,0.18540204335070207
Application_795733035,0.023967064796222116,0.11154376917081729,0.17456790359504268
Application_795804396,0.0718831526282979,0.2454934352656763,0.24331950703556782
Application_79681847,0.007831891301216896,0.7018763749595389,0.021980623880349798
Application_797190984,0.024370983349672443,0.20271068924787627,0.14817200264208646
Application_797995929,0.7131096214776098,0.4150217949781992,0.30728413871688964
Application_798496213,0.005895545904711917,0.710632682104384,0.02560555222216735
Application_798879962,0.006519965384640738,0.7236090704100927,0.022022464199970625
Application_802752710,0.12469541860603467,0.10619814732198382,0.25749196446354344
Application_80286962,0.8870289490150215,0.3209197097345906,0.1875246352160847
Application_80298426,0.028889708331123407,0.11146564689330768,0.09623121142199512
Application_804273159,0.021922461705298227,0.15378013856852246,0.16945687066584453
Application_804644820,0.24244367033167852,0.07237780212277534,0.24324988775904405
Application_805828914,0.7705291972635733,0.35026714321887553,0.1996343409986686
Application_808224273,0.0065344722743356405,0.7436385101269942,0.017264524070588566
Application_80850284,0.6447533865148054,0.1707763691927703,0.16131765585073615
Application_810658733,0.021383407911891663,0.2783887142594825,0.20481238905847668
Application_810901066,0.011019907716911626,0.7532130277642496,0.018380289107673878
Application_811679621,0.5634608513677158,0.36773457279712424,0.3317485738648324
Application_811825935,0.8953716653751533,0.10255355738778374,0.11589306468639562
Application_81196974,0.03419610518326706,0.2391941360638733,0.228502547726979
Application_812842800,0.8187751958827453,0.15354908065037495,0.18577171041120966
Application_815196626,0.20401871812222033,0.12735908376387964,0.2986929884370506
Application_815439845,0.015767622330840843,0.0886166526343764,0.09519385044589054
Application_817528841,0.0330517555077951,0.0970531652442927,0.1367111097277027
Application_818535320,0.03982610675991216,0.21431036176393697,0.18720886630244538
Application_820509737,0.01749020352547856,0.23442994326491012,0.19846671193834547
Application_821026605,0.8552967137986047,0.17972983406756565,0.17607057868503243
Application_82106546,0.008778925863426984,0.7474917880421792,0.019621187881747174
Application_821402088,0.7807818806883944,0.3628270364592093,0.24501679593977316
Application_822332970,0.474624149932163,0.35052522257403235,0.23965747788555347
Application_823313933,0.03492887251431963,0.1688502659759146,0.1635411114131475
Application_823561619,0.786327263726852,0.36625317063862517,0.29382836884901176
Application_823830081,0.019054544732423438,0.2697416667377764,0.1894630326224113
Application_824575725,0.4908470155086568,0.4330418840081569,0.25872201364602565
Application_825284974,0.0843437884362053,0.18981060441517253,0.30819225382633464
Application_8255496,0.02906158711917421,0.15625823098530245,0.15792427607528733
Application_828330778,0.8053321556528407,0.20233234078396878,0.2520266219962921
Application_828739470,0.8637272462540815,0.4275222601869636,0.30241587920742286
Application_830101215,0.17845898104285476,0.39388236684858924,0.1565743526088553
Application_831992514,0.05790861387742183,0.29242200993491313,0.30675675668418445
Application_832770467,0.907695912412878,0.2587315303962767,0.33234898228452453
Application_833399908,0.09421872092025688,0.2562598213314494,0.2722411223149541
Application_835024653,0.0051926306708645195,0.7453072913333413,0.014667182554654726
Application_835755263,0.856308608413842,0.3914231325680269,0.2912054118888001
Application_836841943,0.018769486816559485,0.7182950567295399,0.040251133434141606
Application_836856058,0.7990336767853979,0.3325730582884228,0.3163532286272661
Application_838884307,0.9182006559065946,0.1398195177315619,0.15069109509664522
Application_839952915,0.8757922757597466,0.08332278139946236,0.207604724901247
Application_8404955,0.9533965445805411,0.02538204328898802,0.07092691381499676
Application_841240578,0.024752835553281553,0.17176652041102874,0.16772037092864334
Application_84195997,0.756807651137664,0.3571580518212935,0.31367388614913055
Application_842022801,0.07467093680482613,0.1952094174405787,0.15438905331737307
Application_844514474,0.8808776779587694,0.32377467441635216,0.21234890623770794
Application_844831749,0.489208601516502,0.41434061095418306,0.2700397455692064
Application_84533120,0.00795867863032712,0.7304936903578181,0.015708642462041813
Application_846209494,0.7968905587174189,0.15889284877861976,0.1858341273399432
Application_8497910,0.0849917017015738,0.15771795833968708,0.21192720501647203
Application_851895556,0.013020898571501259,0.0834782458445153,0.2333275970949558
Application_852183469,0.008686737799467261,0.7195505246230492,0.023934925086595744
Application_852716835,0.3845020561600093,0.4374990088708603,0.3352595978121025
Application_854280555,0.4673998725143726,0.27838498312001897,0.24588337433846824
Application_85502316,0.010749105262867665,0.706634680142511,0.03860935035598925
Application_855239950,0.013349647467056995,0.7010711863959873,0.03774647270100342
Application_855901489,0.6440627287924058,0.4044546439635281,0.24733067016700394
Application_856935152,0.25121857591405716,0.29804833957930893,0.1931571864064231
Application_858239432,0.5168168670218164,0.4131579267480181,0.31968818578843927
Application_858754330,0.8051328915907217,0.38841067799496154,0.2979924948131573
Application_858789639,0.07077265272178776,0.24995829335025443,0.27362683251606046
Application_858881040,0.020758651639570514,0.7424872296866604,0.01853252688486201
Application_859428294,0.024909802395876167,0.15504533237713597,0.16133254100885686
Application_861069239,0.006932574101192298,0.7548506876192678,0.017004929024824336
Application_864148389,0.0351266404350963,0.1556712447003097,0.2997401407772368
Application_866486447,0.05860958697087689,0.08037042201843522,0.08968150117312822
Application_866670658,0.03615799731313214,0.2446577453771496,0.23498974617926305
Application_867400149,0.007119315626278053,0.7504619915081422,0.016346518403798697
Application_867435788,0.6834494174167057,0.3010941464467601,0.2835256992602303
Application_86905976,0.15717254999821018,0.35641347334140844,0.3458489253784888
Application_869335382,0.9268398918320274,0.16265554017485875,0.17842584880229337
Application_872415486,0.032978227312762794,0.20794343623238593,0.2105517996745082
Application_874039168,0.030468025776010856,0.31971050113518107,0.19150897139434542
Application_875614911,0.012323294400663916,0.7211953804434608,0.03841802638587448
Application_876077850,0.23688318757913676,0.331264187497636,0.20511641976240905
Application_87659628,0.03399159405962799,0.2745535365359361,0.18474295599755688
Application_876712087,0.4835004055919671,0.47098369299574844,0.3421276264395158
Application_877522071,0.7979971051761757,0.056763553705802716,0.06763222283655485
Application_877772414,0.1124835986083367,0.1078708126165967,0.16916030892526512
Application_879553786,0.1262725910176067,0.21973326694920292,0.25231843801188736
Application_884271564,0.8723404353339148,0.1876169284938473,0.20823509394837986
Application_884403770,0.005019893059732115,0.728690128303467,0.016289047591416268
Application_885012170,0.05054322314488699,0.19003729706684266,0.20760747204640187
Application_885372391,0.041961893081779486,0.24697364011159373,0.1857995659721645
Application_88952849,0.10264239287185575,0.13612947002947717,0.13742374762584073
Application_890075702,0.8937373765000411,0.19973014113092144,0.24042967518314845
Application_89083515,0.03245947572345572,0.23357580291702856,0.2057872452221017
Application_890963278,0.8679801820658366,0.36586905231307326,0.27260980950369607
Application_892427793,0.8407123320240022,0.3875973516532768,0.2365383660439374
Application_894204901,0.030682116805300565,0.08550443214050443,0.09120582310675074
Application_894382241,0.8865645723514233,0.23299975691699806,0.26993082102634625
Application_897350750,0.006138093341507609,0.7286159987681129,0.017604196919198994
Application_900844990,0.006871908933111256,0.7386533323777695,0.01419751335460545
Application_903799216,0.5445223328637091,0.350557642672598,0.23370133626533732
Application_904093739,0.03708928309608184,0.17352495371630752,0.17469666421618757
Application_905082437,0.03655554319332835,0.10303129742789441,0.3205496096242296
Application_905858527,0.05124161424218924,0.14877074473841526,0.3582153320410571
Application_90621717,0.09573854523837082,0.25462055723394555,0.2835957444440684
Application_906296960,0.6303365696951096,0.5412499164673217,0.32579766572129865
Application_907136885,0.019513640566140137,0.18500225512051285,0.17376087148646607
Application_907309048,0.02751648727341094,0.7104654769522334,0.03879681036173331
Application_907359229,0.7763127365033726,0.3875535834648951,0.24544013925143487
Application_908012089,0.8113921145573467,0.41361381249743795,0.24966082585677687
Application_910003252,0.006364608910792446,0.7310616565986074,0.020629216686676746
Application_910353899,0.03320195069057598,0.11098286960161574,0.1813307851051782
Application_913122133,0.7824649421433193,0.3379755867838757,0.24058410485917262
Application_914673270,0.01279049640480783,0.7318422585882942,0.021242749701456225
Application_917308364,0.026630555824556174,0.1759947065323818,0.18786889891967284
Application_918572133,0.844575805654238,0.3980493233428049,0.2927949802740672
Application_918963277,0.06776520539852414,0.14951223361444738,0.2420336135397374
Application_918979468,0.3355591103734853,0.31585743115037274,0.21580099478713877
Application_919959748,0.09546050924996985,0.2036042232955078,0.130159611942384
Application_92009906,0.7809581599797956,0.36501715692122844,0.24529957386438056
Application_92081663,0.833008261277338,0.14107988388872214,0.16449932605322512
Application_920967125,0.24385604564361132,0.15569736822681732,0.2962634998880554
Application_922011706,0.7810661426215836,0.34875350675101957,0.23157812088564256
Application_923730558,0.07741420073629801,0.1881142197782019,0.2548798301490291
Application_926052296,0.8939380816090118,0.43104718456371516,0.30278082065331263
Application_926094669,0.6499834505490013,0.16374783990324165,0.12923326685911565
Application_92624898,0.8726799220990497,0.2989166315326563,0.2791028986259099
Application_929015547,0.755128610928308,0.34802737659074734,0.30466485023651096
Application_92984842,0.24404688387632878,0.533654501744423,0.14001883203231444
Application_929931999,0.6334824343595199,0.41594680633301506,0.3238880236396013
Application_932158358,0.8907277877214416,0.2103671734250787,0.26481479810603703
Application_933464832,0.7706922395520228,0.4376429964258281,0.28971303888755734
Application_933548333,0.007644298478310605,0.7236865709079141,0.016899458586583288
Application_936141381,0.07236119115265464,0.1286044447235073,0.3372313633439934
Application_936279128,0.05045008417883027,0.16150410883583202,0.21896572695477315
Application_938318297,0.867952350340814,0.10579115591485566,0.17588909250973184
Application_940496739,0.014518104628089916,0.7328438420722034,0.029237355362637926
Application_940705047,0.01962097425552358,0.16810730473645522,0.16716744789973434
Application_94127270,0.03407731587278745,0.2443846969650496,0.19699003099386767
Application_942057035,0.09876321322835577,0.12650465861145488,0.32506272697470656
Application_94215,0.06189522610070704,0.1643175965647294,0.23945618234900137
Application_943827704,0.6927505628460245,0.33979398011384443,0.2708017394708963
Application_943868855,0.1340343963664278,0.049652437042890574,0.23931327975026687
Application_944654361,0.04296763684848232,0.23973931701292744,0.24329106365165265
Application_945696184,0.017073460302102578,0.11506001966004728,0.17662079760193833
Application_946739824,0.037740176136367556,0.2270540559635324,0.2069676285385267
Application_946802204,0.8934719837647929,0.43053804618588165,0.3018935097957784
Application_946845929,0.07847746100818782,0.12458592356457024,0.2514764656392816
Application_946851059,0.023501427203922457,0.11807503214272375,0.19297039984971207
Application_948141705,0.18140399643461427,0.08418765007804033,0.25716362029414136
Application_949156991,0.8709501549420506,0.18921888676956597,0.19804956900056492
Application_951361217,0.09078702984942495,0.2316152018654843,0.1820736837023829
Application_951427056,0.7023144301841924,0.38171323626559805,0.2285660158609979
Application_952114406,0.01617457391466457,0.15622511838113318,0.21067870274111106
Application_95311556,0.7677270473615873,0.4741365273414952,0.3550685818455621
Application_953179282,0.6171112647904694,0.3905925680642241,0.31305934189864665
Application_95477936,0.14030254274425064,0.07395127520372119,0.22985569727200494
Application_955811445,0.04563870697845691,0.11755966790963479,0.1442440385435058
Application_956764835,0.8561978793609967,0.12219500001027267,0.1594450126922233
Application_957614949,0.8189909921422424,0.17014160986637603,0.17740460759625057
Application_957947349,0.03837467372648757,0.20935332596621067,0.26646825799944157
Application_957957984,0.11263824442466872,0.23884930381929348,0.31876217149683955
Application_958218647,0.7799024745954697,0.40692003554967054,0.26368382492592785
Application_962920598,0.03640950459277253,0.1333234017145277,0.17678628715622438
Application_963564266,0.02906386642917638,0.16492509544759465,0.19979411286834634
Application_964208437,0.8917157508389936,0.1637828465365842,0.2457201039716312
Application_964309178,0.020231138350760222,0.2697416667377764,0.1894630326224113
Application_9650923,0.8483277370839976,0.3578411013629938,0.29836222738409013
Application_965842748,0.034903068950727416,0.2438028452256844,0.19038283781950457
Application_966891264,0.4310372625331503,0.3921289658908264,0.26686753895257603
Application_96732613,0.7774852652576199,0.4172311480940939,0.3032182029055247
Application_970357595,0.0462651439091017,0.19371054068840815,0.19536958356281692
Application_971594478,0.7919184347244471,0.3452702057898942,0.3061307938228136
Application_972388617,0.023305085149962528,0.0990847586509154,0.29018006712007427
Application_972407424,0.024643367500423195,0.06447675528108027,0.08819713910614438
Application_972486124,0.6513487631661841,0.31767746011216075,0.26301993943778756
Application_973075457,0.010608085516471522,0.7298221767174178,0.023586886950781996
Application_973398039,0.1186077439109088,0.12152579698123014,0.29360596464322747
Application_974380976,0.7974029874623877,0.41785091511746253,0.28913908148941453
Application_974485148,0.04682562837935985,0.09645591059949613,0.2351991769062987
Application_97480244,0.012660926182709323,0.7270210855097111,0.021263474948234443
Application_976227600,0.006569856434235187,0.7474983140338172,0.014694381185450663
Application_976453500,0.06044853095930623,0.27711315429178934,0.19165791438554702
Application_977273044,0.8199335437921264,0.39465865554280466,0.2907069660617047
Application_978274104,0.8084592494517472,0.3199965023951789,0.28944339414061804
Application_978279321,0.6960100905030028,0.14089011718805042,0.22523593723902569
Application_978787861,0.8457292436992304,0.4971445243821541,0.32329409819549343
Application_981954059,0.012043009270813787,0.7113832319038345,0.03223363898118493
Application_983083464,0.06722617567527908,0.03391495580372139,0.051834800282256496
Application_983620351,0.02524648906698277,0.29209727772750066,0.2089327900044748
Application_989692273,0.07100983370557318,0.26130563220616276,0.25242113667604293
Application_99096400,0.18516530419570268,0.4287239221446796,0.18578840674181607
Application_991116281,0.4529156361780635,0.2894654352210552,0.1938778667857693
Application_993130220,0.6525781890051344,0.3617907557534553,0.26476686778311725
Application_993701683,0.02232362179983041,0.2391239031879468,0.2158012724036481
Application_994101872,0.15154292725192617,0.13663784815881577,0.24754178467161897
Application_995124359,0.7416534134815279,0.4395185495377574,0.2817321266240724
Application_995537269,0.012993775384410565,0.25001748875061486,0.1885553132960945
Application_99697167,0.7866421588068329,0.36280987299517403,0.2607216257674859
Application_997205131,0.12556581589986307,0.3061351388489767,0.24133533446056804
Application_997240244,0.8198752111944153,0.4311093613391488,0.2867452619634243
Application_997592088,0.7907706282893575,0.4053290670151075,0.23976990305320675
Application_998522150,0.10916697024372714,0.20514627300354327,0.19232859909705718
Application_998666405,0.023933112522862173,0.2942485638341239,0.21335421607664484
Application_998908852,0.14939013924129915,0.06753339781223017,0.3302567292203882
