case:concept:name,pred_outcome,pred_sigmoid_mm_time,pred_uncertainty
Application_1003444518,0.8021861001925332,0.18244505167810854,0.18343487170486045
Application_1004385970,0.042198452066847025,0.12483070412594655,0.3100383566143887
Application_1006138809,0.8817369072370307,0.23911936468027045,0.22435700142385043
Application_1008663678,0.0141802492623399,0.03552614338778948,0.0734155983597588
Application_1012600292,0.8721118120440501,0.4294155053859831,0.30277601383944885
Application_101285063,0.03680113297163823,0.15000792048599604,0.21111693276005297
Application_1013192848,0.4870082315904224,0.1584052514875744,0.15882680171192354
Application_1016792765,0.07959965553811607,0.19388059598666044,0.2680817840724683
Application_1018266027,0.15456376229495483,0.033740147116386954,0.27084915917640257
Application_1018276550,0.849722505274839,0.3715166705249727,0.24538185861436
Application_101973919,0.5742260631998967,0.4823503426427672,0.35233186806121386
Application_1020696982,0.033949681504536255,0.11678198946563251,0.3823431929516894
Application_1020792873,0.01641526276832663,0.16047862794119133,0.20991132621225367
Application_1020819842,0.18260344516323462,0.1550536528361764,0.2664849958506865
Application_1022084723,0.042867283374665624,0.22806283697349483,0.16442163552983388
Application_1023037940,0.5222939128233028,0.34332498022717944,0.2358102774784801
Application_102597720,0.09388966531475075,0.11512577872717017,0.28782443349145725
Application_1026777184,0.03458050741948381,0.09913408328383472,0.264933292479638
Application_1027449105,0.779388209142976,0.38840405899989594,0.2957930964144038
Application_1027859705,0.044510812003302404,0.14881541251473873,0.18635933733454244
Application_1028665365,0.48451942010855636,0.4735956770008841,0.2843342920487339
Application_1029674102,0.37808016291726687,0.5055950587372159,0.17998144454536766
Application_102977791,0.7052174342123922,0.35880746038494493,0.31308749669598596
Application_1031465496,0.00637128254457646,0.7522386040290852,0.01812261685149339
Application_1032862024,0.7936804862711285,0.24011209927447874,0.23618848333651363
Application_1033036371,0.463835761014285,0.35231434216305324,0.2358877058266606
Application_1033306842,0.8273235582532933,0.4268973061033754,0.275093615632219
Application_1033574302,0.7308400273198349,0.4199336157475991,0.2557224390135906
Application_1034775753,0.4155319635312997,0.34803470224990773,0.3093710414164507
Application_1035618893,0.023743041109035048,0.3169787990866753,0.24079239721935206
Application_1037771791,0.032455851266540166,0.19847009450108724,0.30521790645878855
Application_1038302868,0.039900535464546485,0.09769633322580862,0.30301497691750323
Application_1038660996,0.6357469915310692,0.44098241556859596,0.2710886822747001
Application_1039200421,0.050369259185065886,0.2530760285906617,0.27276449768977507
Application_104061665,0.6097377090737999,0.40127737275912634,0.3226639861769743
Application_1041438098,0.8115322461346922,0.4548752948377822,0.31754027159808956
Application_104406636,0.7366232085698211,0.3213331347406252,0.22828375916698482
Application_1046222107,0.04958713427030801,0.09384214572477059,0.3039724315276818
Application_1046524820,0.04792146892055364,0.15309432186732655,0.16558446848034228
Application_1048834285,0.05489635957515944,0.11478886104788633,0.1872424233244634
Application_104922918,0.0721620423811762,0.14022599156230814,0.34133244447578037
Application_1050938301,0.9517637021063796,0.21158075810597793,0.2745927944009228
Application_105434976,0.006721984883518943,0.7469556791233383,0.014543724471778856
Application_1054777483,0.7515095149604564,0.15420487163050736,0.14272128601457046
Application_1056831748,0.8360900623765151,0.19892967099965414,0.1627735485253345
Application_1057881509,0.8439642665159275,0.36179417281845294,0.2811764514575508
Application_105906022,0.023437060520154075,0.05669146610497444,0.07836696476425202
Application_1064102675,0.8504053221894275,0.17536536591765386,0.16801024600988154
Application_1065401414,0.008138210566615725,0.7456784254732036,0.04017346346264612
Application_1069486579,0.025631259982687345,0.30343838185822775,0.202638681635888
Application_1069511528,0.7574468646070097,0.38825808845076365,0.2918623466315677
Application_107048111,0.012199032298732725,0.7502683433246182,0.01911158081089988
Application_1070499420,0.04568449144306978,0.254153070419186,0.20730806251794318
Application_1071392906,0.017488086948344424,0.731328330775441,0.021307478456358928
Application_1072302976,0.8341700261977695,0.3983826252618823,0.3036901084554268
Application_1072740747,0.9039125953657559,0.15500358431480363,0.1564977816014864
Application_1073143855,0.01768506805230292,0.03983505277563798,0.09551488443202526
Application_1076592180,0.9373406393821078,0.16091192114323188,0.17788121252303057
Application_1077139293,0.007405448383264228,0.7330301643755446,0.01821903668378425
Application_1079472664,0.01645856259882492,0.15902457062992023,0.1790327509393392
Application_1079589,0.026794448933993374,0.11925366316626396,0.16014622814262214
Application_1081153991,0.8281394262793668,0.4585632334253129,0.2932666402901552
Application_1082188204,0.7099400167602608,0.10919988952641857,0.13822271680568915
Application_1083885618,0.032246580398442186,0.24240756579858724,0.33494434587914157
Application_1084197155,0.0079873536544913,0.7318118398154543,0.018812682170533772
Application_1084809711,0.5977036694089582,0.3953299083624172,0.26613516367589246
Application_1084951999,0.02714050029419928,0.15824662724488547,0.2697370775691611
Application_1085916302,0.022182113337386365,0.1801329866071302,0.18073157710443358
Application_1086189813,0.7617677438759437,0.3580271571875466,0.2969295116767236
Application_1086358390,0.8658249216779569,0.41871741092602155,0.2806465501678572
Application_1087895834,0.7863201785666502,0.45705523275733817,0.299027727871532
Application_1088555315,0.025416553228099437,0.1030254519697647,0.12961844007795872
Application_1089290640,0.011423072435938056,0.7304538513520398,0.03428132560907881
Application_1090974006,0.13079867941558895,0.12177609118699803,0.29347233232607584
Application_1091454310,0.776157792536759,0.28113425281399057,0.20673133287106063
Application_1092109071,0.9348309849715064,0.1794544444028486,0.24168187815854428
Application_1092918410,0.8168832443239,0.3538925679200625,0.30563077850589915
Application_1095263419,0.7583566724429155,0.31557971036764537,0.2900970206935306
Application_1096081779,0.8527900965371248,0.35530255976603586,0.2833091364135666
Application_109628015,0.808982767485852,0.11860444977411513,0.16680224354500445
Application_1096460123,0.03130849187337965,0.2178610976073403,0.2880559517152991
Application_1096932592,0.8992580176926861,0.1564014207184191,0.15903879600844065
Application_109718783,0.049109293889822866,0.1772654813998146,0.2819553657537336
Application_109912668,0.7411521685146556,0.36625317063862517,0.29382836884901176
Application_1099430757,0.07587628925535624,0.29330248840929196,0.3143538090080774
Application_1099493178,0.6837502251694769,0.32269471518162274,0.28962532391856
Application_1099663893,0.017719483967993423,0.30456483999144585,0.21228037384545678
Application_1100253381,0.8463499157890755,0.36179417281845294,0.2811764514575508
Application_1101636672,0.03756697088337911,0.20106666679348614,0.2275653276102614
Application_1102148836,0.03994839458923029,0.09727568503801887,0.30461080740379776
Application_1102289179,0.03963495126610289,0.133815344640506,0.16756547824233778
Application_110355063,0.04408842190788347,0.12230217481840983,0.3047555333459715
Application_1103698005,0.6120761676965167,0.43160913022459463,0.2912982262026791
Application_1104110439,0.47865833934547,0.3477409095992507,0.3087817780361659
Application_1104349279,0.7844395094826722,0.4523055345854554,0.293149283951526
Application_1104697616,0.12450446936966654,0.08824250145699114,0.2356210230830483
Application_1104784494,0.030100585266271233,0.21110167064077942,0.31043323666704653
Application_1104839673,0.635395638110568,0.1208808514320169,0.10303251754958481
Application_1106610804,0.8871707459983139,0.3479354706659092,0.23251541199145623
Application_1107513596,0.8248032690146222,0.3994848952837589,0.2774352854272674
Application_1107974200,0.8551056937253771,0.3088797271367266,0.28803674416607933
Application_1108410496,0.6474404736061465,0.35493407247854253,0.3130273413083541
Application_1108553853,0.6954596231629729,0.36057168738811246,0.2981043014174661
Application_1109500523,0.05385563819364926,0.20041817774172815,0.19987125879315765
Application_1109722425,0.040485173665391345,0.08194304436474656,0.30834780655546307
Application_1110003824,0.8144398272501326,0.1115053910774052,0.16334860027166848
Application_1110334222,0.41534692507974574,0.3647361111770447,0.2499821097895821
Application_1110847631,0.008643428611503478,0.7429590005676723,0.017260501712183515
Application_1112791540,0.8119567875600598,0.33995128622773757,0.25859251009816875
Application_1114627184,0.8324786665472517,0.34425267583424124,0.32631886396462345
Application_1115275695,0.794044923066557,0.36170166660825004,0.29135077807855475
Application_111536511,0.051220939720804874,0.21272152023919422,0.33828323275541994
Application_1116596448,0.8747281187972267,0.10984109061865427,0.1644810027729572
Application_1116878017,0.7892483652404662,0.4024036796247744,0.24543084933269108
Application_1118317851,0.036786701482485945,0.16674645419059356,0.28040177085951185
Application_1118691851,0.8665155832154656,0.3398974844109053,0.29648841053684516
Application_1118794258,0.18596153367383994,0.14665279088505337,0.2701558694424748
Application_1119128567,0.034213959971923835,0.10209147924560624,0.30868580030681614
Application_1119346613,0.8541302899188316,0.41922654930385506,0.28147141298541806
Application_1119704576,0.9167332658874756,0.20533108669051192,0.2718504320221965
Application_1120624192,0.0070689302097607645,0.7480400308336501,0.01754468027733043
Application_1121095468,0.7804653225477798,0.3936403560304744,0.28623425376300915
Application_112299550,0.45111395637101614,0.3554164526492182,0.3139540333448421
Application_1123320394,0.880445560404622,0.38762225356041546,0.2680516879740144
Application_1123432099,0.03675106376605536,0.14242573389271707,0.28481725013195486
Application_1123655418,0.8322392263141488,0.34214317693226265,0.2873416267366252
Application_1124789802,0.7436503454870691,0.3461157564392575,0.2933132890585764
Application_1125229039,0.6644565768960882,0.46438716500070276,0.35399900102777193
Application_1125299308,0.03355424333352149,0.6465233527762385,0.16410589928526198
Application_1131812437,0.41935825757894896,0.4820685986009289,0.29069637129161896
Application_1131974200,0.7476747496757078,0.533953153162804,0.36137838076004086
Application_1132898010,0.8407155003562848,0.40170714236576766,0.24595129003825458
Application_1133826059,0.09919610911050437,0.29233980036466534,0.31300572592638876
Application_113474586,0.058882496514641905,0.19796095612325373,0.30432345362742874
Application_1136138244,0.6575775612062572,0.41126153571253626,0.30357026371337087
Application_1136188668,0.7834040987929157,0.4132192835576404,0.30701198385708095
Application_1136782466,0.49884174460058406,0.4258682630332401,0.3395298407562094
Application_1136942310,0.06673892241006049,0.20872565433418702,0.2778477584609617
Application_1138343850,0.04900995635865371,0.1785544015268034,0.17422328878971266
Application_1138441532,0.9027155811437106,0.1886705999833683,0.2541186146482432
Application_1138682900,0.7425752044702715,0.119229921428023,0.15781906589940015
Application_1139095492,0.10604277988774817,0.023380260520713347,0.06218605090909914
Application_1140000103,0.024118624242210496,0.11185528846451545,0.1808944923639586
Application_1140214785,0.03935722073507859,0.16661300653265665,0.2156214281312096
Application_1140934167,0.016456409604965458,0.2943526583560089,0.20265688718796462
Application_1141437569,0.06726171803236321,0.03044156661780717,0.07475894260733963
Application_1141800606,0.03385328745495953,0.1133183467890086,0.11723820906781435
Application_1142291922,0.09685289626480965,0.1374498845390312,0.28346241067976474
Application_1143452352,0.7297554423858513,0.14018441076089969,0.15544135445950935
Application_1143725882,0.0548182098118359,0.16115565564788312,0.2966105091405538
Application_1143749034,0.7038966540084285,0.44028145964700227,0.2329511807194137
Application_1144806380,0.5728023678876542,0.2970298720287602,0.23630094993677697
Application_1145195394,0.7380853352434631,0.32640165431193424,0.3048386970974496
Application_11454632,0.015369407421027048,0.11648109987570035,0.18980060229674786
Application_114551747,0.66230495934987,0.1650774903974076,0.14275536747018916
Application_1145960664,0.7362699972194418,0.3613276082762943,0.23189278686584783
Application_1146017257,0.8548299213626254,0.4464876187125997,0.2999367151658427
Application_1146390793,0.8611388269099309,0.35557468228406275,0.3071927508414227
Application_114677449,0.8356349367326374,0.4310619025549596,0.2979534914800116
Application_1147242139,0.0052821854911264884,0.7225918427404754,0.019265085172963044
Application_1147800670,0.8827452089968874,0.1726074472174713,0.23946840578541329
Application_1148505526,0.45742511316891843,0.31205478599089387,0.28974736702011816
Application_1149826505,0.009501910847493264,0.7328698344249306,0.015917642359478797
Application_1149882287,0.05102564436516346,0.09269817362361318,0.29734023195595577
Application_1151306652,0.017157005005076293,0.15337294005759927,0.17208428082838498
Application_1151718196,0.11077333121560771,0.1195184873534805,0.2554099535480244
Application_1152706558,0.036447548275571895,0.14468133169351988,0.2848798270173221
Application_1153327019,0.042632448516101235,0.05449613021319877,0.06889230423313138
Application_1153332543,0.14498741531195564,0.12294423904377938,0.26065611273610484
Application_115387399,0.007554637056692983,0.7386056476400951,0.01651943227606418
Application_1154947942,0.5497180591218764,0.3741326447788578,0.2641446404599234
Application_1155624509,0.9648006458409012,0.21127549530979564,0.29084911694522597
Application_1156380786,0.03138875918909835,0.20689667092444242,0.28623181887159194
Application_1157095713,0.6542318615412633,0.29758409074476183,0.24503451903030726
Application_1157455039,0.33460843670678986,0.515355346640042,0.13344321633147793
Application_1160716330,0.036024511618693106,0.17373860544398917,0.282171926185435
Application_1164107164,0.842561156185103,0.10391699126198586,0.16855454896944244
Application_116887817,0.8569571161943422,0.42035756218398923,0.2716838114214702
Application_1171197563,0.7856458103296332,0.3573060936897583,0.3082188511897559
Application_1172008352,0.12870879854394537,0.05049647219867759,0.08031171338253826
Application_1173149180,0.0350034965787586,0.21550141683911006,0.1798342157620186
Application_1173289988,0.6732753067630601,0.401549651797405,0.2912085211594488
Application_1173481848,0.10888888199230516,0.07581269874226121,0.26157988490822454
Application_1174114825,0.03845779060154821,0.1554125255700019,0.30069638364100354
Application_1175285346,0.927390038201303,0.15839018531797375,0.16644290575002438
Application_1175418215,0.8227561429178591,0.17919099860440488,0.21937126117543254
Application_117660615,0.04183632071589787,0.14506061779422463,0.2616716087506561
Application_11773925,0.5569465853647986,0.427806770512426,0.2757888005010014
Application_118076535,0.03495602889879838,0.10366227006532108,0.29727556192606774
Application_1180779910,0.04144102450523511,0.09875479718312996,0.28843079649748055
Application_1182794641,0.1709427297850743,0.16536305750563626,0.32178114805247116
Application_1183136852,0.051879532404763166,0.16075157155168984,0.3022386733174989
Application_1183476189,0.7579903370525298,0.35195565604839085,0.24086845869632564
Application_1183534481,0.8649925059008723,0.35593327213082854,0.28645276554116716
Application_1183954314,0.04022685085750098,0.16075157155168984,0.3022386733174989
Application_1184253258,0.03071649782577459,0.21263740296024514,0.18590912157248782
Application_1185560776,0.08689357941163857,0.005945122814494053,0.0718807621375375
Application_1186011075,0.9434224076250785,0.15159033226271765,0.22732224230526837
Application_1187770735,0.7711336216792494,0.3222919395852981,0.23895575688658793
Application_1189444299,0.038124112989339626,0.08958497920807881,0.33404821821900826
Application_1189871359,0.8692449586445923,0.3764200441809607,0.311835240613829
Application_1192817854,0.41457311828008914,0.35845899685529403,0.31340508817415863
Application_1193407725,0.03897464912447887,0.1961883639502282,0.28551155198989725
Application_1194573334,0.8804465580836062,0.10091558164362424,0.12613721329549293
Application_1196211316,0.9186733668951204,0.3542372191732366,0.21596447116319567
Application_1200105859,0.9023473688312378,0.44974554433394637,0.31257614428790004
Application_1201250492,0.008018406682833601,0.7372247790677708,0.017757961333807956
Application_1201267547,0.562248694895165,0.4767746963573108,0.3458699907251524
Application_1202440901,0.029033497972676337,0.1918406711616856,0.2802575186172802
Application_1203000059,0.0330705953534622,0.1649868548397021,0.19816298634862056
Application_120400056,0.890779137825821,0.09814488894130419,0.09863598649028509
Application_1205027125,0.04419409418058517,0.08732335019440018,0.28550621239190116
Application_1205291296,0.03650966002491673,0.1869637471038741,0.34969457243462376
Application_1207519267,0.7621434212320157,0.3510431625896654,0.3041385961291412
Application_1208202898,0.9078210743885406,0.1714077709824882,0.2416113283036804
Application_1208543050,0.8366216394510498,0.3948081169574487,0.27477186007908777
Application_1209476276,0.7743125929150544,0.3871347198307685,0.2752426329480854
Application_1210322027,0.035578004257211866,0.16670652389811927,0.2762568004515295
Application_1213205773,0.04627046592688067,0.22729539662164114,0.28214493294929566
Application_121670659,0.8831059524653837,0.41983995172592004,0.2798285470763156
Application_1216723425,0.8833978866517113,0.2005566458549057,0.21599958261268143
Application_1218203113,0.48434476175758234,0.32542578897739344,0.25553000316420255
Application_1218332981,0.1600058541972645,0.09166304127104169,0.34816811269319087
Application_1219055263,0.020225498362993078,0.6573366264472917,0.15076545081437967
Application_1219949717,0.036794585808441554,0.17151740635230864,0.3041383392545776
Application_1220541878,0.7339117502628364,0.12591580177705017,0.11909435566203709
Application_1221269355,0.8817763087832032,0.15068396155340102,0.17249110883232613
Application_1222039007,0.8063574103755253,0.4524993650347304,0.3100175598834346
Application_1224187740,0.875401652561113,0.174450991690457,0.18042564455562132
Application_1225769256,0.8625283044426565,0.18588970010091468,0.19557072747761844
Application_1226442731,0.8049055779334053,0.39903728642034253,0.28817089592412315
Application_1228403719,0.06525136814583458,0.22976591597588455,0.22735234810605848
Application_1234321250,0.06319894446115211,0.13828380563790568,0.3265815592963897
Application_1234365113,0.42280397248452883,0.2749162198270735,0.2664035745760155
Application_1235896381,0.0558150098261682,0.09727568503801887,0.30461080740379776
Application_1237086325,0.026384539253144997,0.19015755646199894,0.16882396932049085
Application_123834627,0.007782527478159835,0.748349952171108,0.015261039758672641
Application_1239060176,0.5041796688518566,0.1810802810042722,0.11189730910979168
Application_1239627323,0.6930897323612913,0.40869553684938476,0.2606509839611925
Application_1240814574,0.07971553551326843,0.1344381783128026,0.16632034678918892
Application_1241865852,0.04677655716410874,0.2566812794707657,0.1905534570460966
Application_1241999769,0.01323564662878523,0.7424558438501319,0.01845630887692663
Application_1242315969,0.03146343018047863,0.12907766151383412,0.2774151030149989
Application_1242352417,0.6261613210402559,0.381969724604252,0.2508203791369469
Application_1242477998,0.04236521456200419,0.09604832667660501,0.3056965309070219
Application_1246865304,0.09835965702182661,0.11476911743106899,0.3247064477655321
Application_1246985104,0.052261727704806964,0.14502774137800742,0.18046875241684546
Application_1248242433,0.8688224242471105,0.2894301606101048,0.20694690680283365
Application_1248474304,0.9501899768547262,0.06783528062085648,0.1034762037791751
Application_1248532589,0.8107167833287763,0.39975768483053775,0.31360665022603346
Application_1248970009,0.01775686817654113,0.2753938406085135,0.22193945216279592
Application_1250500817,0.543148499990374,0.3629435919890501,0.293776155648581
Application_125111453,0.04293104847466372,0.15388001447877359,0.16648796905994653
Application_1251689244,0.05055463955850788,0.12736888919986394,0.25565312329298584
Application_1252781397,0.7639494115607963,0.3850054323351574,0.24504288100776536
Application_1254474288,0.0327257074613106,0.21692220521597386,0.18687397127254093
Application_125498955,0.08367157903617804,0.24747834574818345,0.22124806213858486
Application_1255919690,0.8339641352283631,0.12140468334818261,0.1438190932075184
Application_1256531358,0.04014270107935512,0.2033062972403199,0.1917414786324069
Application_1256882757,0.7095467552215746,0.35512265999856113,0.3133560406752769
Application_125735546,0.04514595935721667,0.21316890222129636,0.26193293359575365
Application_1258084186,0.4073368562379406,0.35189152827246667,0.31357562483592605
Application_125846800,0.8298783527960713,0.38987770920094,0.2328506468791555
Application_1258641337,0.5658037444242726,0.4405856927475979,0.3133034273156108
Application_1260313275,0.024528267281860274,0.16011280766789368,0.16806532529062496
Application_1260511828,0.03979558908536033,0.16062201238050328,0.2792436513001368
Application_126161718,0.027579612374998733,0.145509482053159,0.1778625793149706
Application_1263939811,0.890279223303909,0.21801813397042194,0.24550137614767872
Application_1263997961,0.723033120722864,0.4304160801426218,0.37118870326318965
Application_1264408299,0.7766799072364106,0.37900231072987434,0.26270007884008917
Application_1264902566,0.831683781477029,0.3623033111962865,0.28200287173544963
Application_1265044597,0.04550910856170287,0.0981025980106423,0.3078685452111901
Application_1268164546,0.0335382834478438,0.2879065865072639,0.2727243408504672
Application_1269305141,0.5856319196334755,0.42177964973595816,0.3265149090529667
Application_1269620603,0.06752277039695262,0.19915269667426672,0.31088218411897756
Application_1271570199,0.010051743023744607,0.7471056263520348,0.018068821719961863
Application_1272345729,0.03510923871891559,0.14476385344191953,0.28659161221631124
Application_1273109806,0.7464551987993121,0.34516070187060394,0.2847873891336169
Application_1273243804,0.02756606555687834,0.12856982572028086,0.16893572992236158
Application_1273835556,0.7746172039135104,0.15890299582805417,0.1744816154782857
Application_1273931422,0.1610400715674266,0.09005298712144791,0.2354446005762665
Application_1274166676,0.6307063328265379,0.35238954227797664,0.31179374183530933
Application_127457405,0.028021897753703565,0.3360649538261976,0.23210637307330673
Application_1274866621,0.031594858457005055,0.23852134852419005,0.19851099971116284
Application_1275065414,0.010254846725622277,0.7503436640507892,0.019766255622122437
Application_1275483894,0.08123795400298715,0.29351503225643766,0.2349464307018152
Application_1275708382,0.49257492257834135,0.3029152366325481,0.25577939714491293
Application_1276203911,0.06666479656574949,0.026190400028486105,0.05568286748090775
Application_1277202210,0.7769813964242577,0.4649896344061763,0.2992967302165525
Application_1278754356,0.43742007679840833,0.4048163501636864,0.2596780834147409
Application_1279149491,0.048085161680452085,0.2047533982321376,0.2561982753845595
Application_1281070255,0.828046068838705,0.29233417516326404,0.29664868597502575
Application_1281219916,0.038334606576207644,0.17920286421568413,0.30188202726242924
Application_1281227660,0.04134951440854505,0.09676654666018536,0.3037181336996031
Application_1282231634,0.037182703706468444,0.10665323921924166,0.23637339487837689
Application_1282418399,0.6612591874247382,0.34450977787315623,0.3089981567835094
Application_128251318,0.8185218949792206,0.43160225187434575,0.3017962945566977
Application_1282746821,0.046129749867034955,0.15906235441327118,0.3004171550235921
Application_1283341810,0.4152861736613262,0.3560829870301907,0.2751046151110889
Application_1283651073,0.007016838381253164,0.7079492256196693,0.016895914305503152
Application_1283751278,0.8511924863734724,0.3650637357593035,0.23394182994396714
Application_1284230014,0.8226427758644431,0.3384722296316758,0.27688617750114625
Application_1286083897,0.9198624739267306,0.14030931462507118,0.14098241240429643
Application_1286125502,0.8685302560888069,0.25186455810910785,0.2686199713158355
Application_1286165737,0.5057879648597788,0.40586575792723695,0.33092691756600545
Application_1288084480,0.880710288643443,0.2415077473062172,0.1852052844362151
Application_1288647467,0.05350708438598856,0.06005172744509657,0.11228171539314383
Application_1288727835,0.05295478421764005,0.16502704197740764,0.2824018101009326
Application_1289012778,0.4757915786445271,0.22987989700013872,0.1354852720075565
Application_1291280868,0.6511142608692925,0.35524869571111944,0.3139516875124248
Application_1291464093,0.03456094844411256,0.1617715281594376,0.3072845711525381
Application_1291843877,0.019144853141979286,0.20326522458534074,0.16427366805541857
Application_1291971664,0.006069579222020308,0.7609733231605211,0.024110291203144594
Application_1292771933,0.0335491708755628,0.17111155349502363,0.27938117889867975
Application_1293008903,0.7481417584117259,0.394294607167594,0.2842492734505757
Application_1293120092,0.8492383785148819,0.4241974813302042,0.2997826384403133
Application_1294558199,0.031627861048831286,0.25401236352081824,0.19097698353202486
Application_1294597796,0.8967602052698337,0.3574038053318936,0.2571248769084238
Application_1295538492,0.777856776518001,0.34544379977571776,0.25640078274365385
Application_129565630,0.36129155075298525,0.2886342809930106,0.2006592379799091
Application_129573767,0.8751566748498801,0.4219892413617212,0.271688124621498
Application_1295911338,0.03547267922467121,0.19382989721187396,0.2487273354967953
Application_1296197799,0.8476739027655129,0.38282060296314113,0.2806056335439275
Application_1297559824,0.04763731117725808,0.1656483152838901,0.2728960011381924
Application_1299856399,0.8862863114777468,0.44710102113466466,0.29818607271513076
Application_1300309831,0.4052781500437248,0.36184101396406115,0.2983984790491442
Application_1300870804,0.6169512670525715,0.43055293714348875,0.35310798167897317
Application_1302829474,0.5713089467697262,0.4885816527905489,0.3122053148500848
Application_1303460272,0.8156737882764948,0.37907477261605405,0.2941474460036994
Application_130463013,0.8558898142761797,0.4464876187125997,0.2999367151658427
Application_1304842887,0.0076175988415222076,0.742861647680261,0.02079865775291574
Application_130658775,0.8206857078328086,0.41914779553470516,0.26255315481315905
Application_1307447876,0.8418940772922017,0.4153836239009994,0.2732402497239258
Application_1307546210,0.065508961472898,0.23136169311933313,0.3139431880631667
Application_1307592624,0.055753414333801224,0.2760836379618698,0.1979507338731122
Application_130761111,0.7277699686047062,0.0928937646943356,0.0608828451774908
Application_1307722721,0.02979129925470129,0.2984315477559434,0.25788286899674984
Application_1308025514,0.809916154699705,0.311977709008532,0.2370455613228634
Application_1309710626,0.03829565470392428,0.1532907689886511,0.26603315841995995
Application_131097851,0.04062251472297886,0.22558249125637234,0.19273146917898856
Application_1311228454,0.15555605014302837,0.39378794445731935,0.15991482193249973
Application_1312933469,0.37417671816142883,0.46922555799658394,0.3623446181106597
Application_1314374663,0.8245312027451333,0.34919763411505744,0.2966031735912326
Application_1314823602,0.8994757191888063,0.10066534802127902,0.11183061873894458
Application_1315782276,0.8843468536959216,0.36243523397493527,0.3267165923396916
Application_1316274797,0.042415894003107565,0.2761392539711222,0.18019337252596251
Application_1316346128,0.7500295428689577,0.38719581349650445,0.30132459851579513
Application_1316469526,0.9002926925106184,0.2080474128735934,0.27700723462523885
Application_1316556140,0.7474454420295849,0.42124015104924195,0.29779098597870834
Application_1316779443,0.28690148638904095,0.5146512069405188,0.3839909429153793
Application_1317388562,0.016312440474453252,0.021638139274522128,0.07306911226673952
Application_1318517683,0.006360172613855605,0.7341815620181777,0.01590217627795863
Application_132038140,0.01200759960333196,0.7558674182278087,0.022388389771319833
Application_1321952381,0.05245325200455819,0.0897943619735937,0.13455827215359134
Application_132220187,0.05158761379435783,0.21831682734092733,0.2635318711896081
Application_1322307011,0.3344342395873767,0.49316657331091085,0.37446427255408155
Application_1323283519,0.010432368789171547,0.7490355675017666,0.013908522546487131
Application_1323290543,0.8810308309529038,0.3847870787212422,0.27072366145518245
Application_1324210895,0.04485644460240041,0.11873181578734762,0.2966604497003
Application_1324391484,0.011470955629194927,0.7211366456205878,0.030333086273777506
Application_1324680297,0.6278821220707029,0.23608235869658967,0.20087319971246656
Application_1325360487,0.8920222543447996,0.3075758269161303,0.2534051114183075
Application_1327686952,0.015433728710504512,0.7303417577552633,0.016194442198337555
Application_1328770574,0.8828903242746452,0.19200509934899576,0.22313916594758437
Application_1331144446,0.6013030599892301,0.41747657640941566,0.2740001677602835
Application_1331295233,0.07561033787060968,0.2322740698051268,0.2197340647358329
Application_1331492368,0.0674803778278519,0.11405756182581,0.1509732054015583
Application_1331678337,0.05230264189938556,0.13267515784981831,0.3234447689549836
Application_1331809820,0.02923445149767033,0.11448391626740909,0.12995645449450693
Application_1332066828,0.04093235409326854,0.21510722588287193,0.23805114307230713
Application_1335180651,0.060501939000084576,0.21067478632346762,0.19505098451870717
Application_1335455949,0.039422970291736026,0.17645976972559937,0.23770300184199195
Application_1336423282,0.04075913053710223,0.09323797545993479,0.2934491291016355
Application_1338322049,0.03237368512144521,0.25334711523545045,0.19061135876211843
Application_1339399261,0.014715647263455842,0.720131403375309,0.030110923859443434
Application_1339681597,0.641515520799725,0.35642360503256165,0.31308751507305727
Application_1339781817,0.044932000135213354,0.24665852233642893,0.18376900610812227
Application_1340459622,0.7386556268816171,0.3477409095992507,0.3087817780361659
Application_1341133743,0.8245312027451333,0.34919763411505744,0.2966031735912326
Application_134173506,0.34711682355098783,0.34994925889624573,0.2460829194509299
Application_1343184,0.007208783029867165,0.7316187602819898,0.014082402000536523
Application_1343349327,0.03857804953741133,0.2912678713378998,0.18023674596416692
Application_1343884694,0.7652345015488524,0.2844160341966664,0.2957844061216921
Application_1345076352,0.009874800935304871,0.7419174772334666,0.017050702671078843
Application_1345333868,0.049898274755864176,0.17118096988219864,0.2850038287131773
Application_1347122551,0.7254976109696301,0.35566242516455904,0.25435895205410863
Application_1347988922,0.8579402485014787,0.13390039730100906,0.1581886652347524
Application_1349926412,0.7975120726378488,0.3539461513050448,0.27529667176525824
Application_1350728321,0.040195869443846455,0.16126070992952335,0.3031269986630247
Application_1352726942,0.04475590898710923,0.17680026678572264,0.2847219144136668
Application_1353447445,0.8645367443757328,0.43584711840095014,0.2748394893840738
Application_1353848792,0.906188460617542,0.11021171382166414,0.1125656920743877
Application_1357377502,0.009572358909494334,0.7385179270065012,0.013692505351149164
Application_1358946869,0.028078872237920244,0.1046571540867898,0.290578621240555
Application_1359737168,0.03988566156677403,0.16756886927853995,0.26150926574237676
Application_1359775338,0.7305155097937768,0.4284593116107913,0.24893209584267492
Application_1361444752,0.05270748560293287,0.09571892572464805,0.3025342991301858
Application_1361883922,0.5953523756461,0.10072070202709962,0.12336263191864223
Application_1365116675,0.9160181547041698,0.06990208300402678,0.15335280023343636
Application_1365152370,0.7961654534564828,0.3690063355537182,0.3149642416775562
Application_1365437313,0.027738000317404483,0.15305267221985258,0.16124744444194822
Application_1366143473,0.8310533850884047,0.35530255976603586,0.2833091364135666
Application_1366769739,0.8275511951034541,0.31977565864206386,0.2964359648334577
Application_1366950042,0.8493775966208994,0.12499954769071017,0.16975562014598303
Application_1371434911,0.4052781500437248,0.3615520815642981,0.29728783242893625
Application_137438189,0.03529510986893917,0.1314768417440166,0.15599945361385406
Application_1375169811,0.6994218530515891,0.1611180036421357,0.13377070957322393
Application_1375435938,0.04214019634049403,0.131745371284195,0.32419533377933335
Application_137951178,0.060746917796532796,0.13902315687468675,0.27609091123595836
Application_1379975984,0.08164809109326984,0.28152643450018694,0.27664483972333614
Application_1380707551,0.024102872544289992,0.19853410808562638,0.15642901877186097
Application_138110394,0.8278827781952368,0.17093845800282934,0.184098775609179
Application_1381169658,0.039796942478142465,0.14506061779422463,0.2616716087506561
Application_1382009065,0.041723270398988564,0.275975768169404,0.188205507058359
Application_1382204301,0.04005989541618728,0.24449542330105664,0.17959219383296698
Application_1382937184,0.05100444294404794,0.19626830775653864,0.15481108556334416
Application_1384106962,0.5965345775603415,0.36036530877703804,0.3217988486680751
Application_1384343806,0.07970035527857873,0.16685077853137384,0.3486837817281597
Application_1385747357,0.7776906315596812,0.15539562560347636,0.17742671468463247
Application_1388031954,0.03682841500707191,0.17912945681162498,0.17880800808310718
Application_1389044798,0.7243597015090315,0.39109582582990854,0.28510624231476456
Application_1389412266,0.8862243882835578,0.18956608626612098,0.1986664523094266
Application_139141595,0.07108741670403128,0.1042770047288531,0.10855568176043666
Application_139153216,0.030871270956742372,0.25365463242056796,0.17884596755857765
Application_1392867246,0.007037064274410362,0.7581096678026903,0.019153758883042743
Application_1392931200,0.03821085619971892,0.15165681148461393,0.2954030992156952
Application_13944300,0.7835644813210806,0.34875350675101957,0.23157812088564256
Application_1394483322,0.03915815743962157,0.16502704197740764,0.2824018101009326
Application_1395388115,0.7979266505452327,0.3974918630532556,0.23042421874117167
Application_1395429395,0.8052176673861148,0.4027934863307361,0.29803158855512074
Application_139724030,0.8127599937286202,0.3372644450072783,0.20875326831178678
Application_1397321296,0.6126817578883579,0.45892697525089776,0.3012637155762319
Application_1398266061,0.6489688890127264,0.3680420184040578,0.2884885371785467
Application_1398309462,0.4482236043980915,0.35642360503256165,0.31308751507305727
Application_1400741815,0.8895941006867065,0.2656525172083405,0.27359651937046503
Application_1401776769,0.05569877651607706,0.240773605822463,0.2680877901168264
Application_1401798992,0.9221310665505106,0.17085647762383235,0.18457469606089363
Application_1403984783,0.8062059322164518,0.37907477261605405,0.2941474460036994
Application_140463362,0.06252377653749341,0.11084696561109383,0.16269409792687264
Application_140466456,0.851496890499287,0.4304011035167258,0.29891674991977146
Application_1406835873,0.7783424052303326,0.05897530651473021,0.06814340572192738
Application_1408009203,0.8126920822354557,0.30871935465079037,0.25708720278531044
Application_1408362802,0.6155153939766118,0.5120972752326478,0.3402295742406206
Application_1411314331,0.4389828785086881,0.3376109305799255,0.2792741406605263
Application_1411809915,0.04265430138815946,0.09678309026770834,0.3085392694626179
Application_1413720992,0.0375180829153216,0.2550139253543202,0.23123730183793545
Application_1413836638,,,
Application_1415930985,0.030514229922196833,0.09600118537681718,0.2900154426572364
Application_1417653464,0.026587219023876812,0.27538629504774836,0.21200272484710012
Application_1417750933,0.7562754152490432,0.46981729502507846,0.2841440907094174
Application_1422930581,0.05854857154677004,0.2935756147645571,0.2591600652904346
Application_1424659757,0.026058476836424226,0.15717792361865976,0.2032945265044678
Application_1425329540,0.6806729621612292,0.290163452386908,0.28967930323007746
Application_1425800430,0.021214451504476647,0.2323442457684336,0.21255640073813636
Application_1425820279,,,
Application_1427261936,0.5401682154617214,0.37494595148801857,0.25314803790588797
Application_1427438242,0.027310995189430965,0.1465999762764391,0.16804532857279375
Application_1427573691,0.019265831740079568,0.6332657534387198,0.15190206620897026
Application_1431000094,0.006677689572403585,0.7447610509268927,0.017214203002842352
Application_1432791901,0.03389013700595158,0.2016810494793956,0.18593431115479284
Application_1434518975,0.5856319196334755,0.42177964973595816,0.3265149090529667
Application_1435594188,0.050383869962117835,0.1128609998796998,0.31774147952820436
Application_1437497198,0.031495790732336146,0.2522906840339105,0.21122806810983505
Application_1437966300,0.044400371805777154,0.17111155349502363,0.27938117889867975
Application_1440477840,0.03542663371483435,0.10994391306968568,0.2750908502902227
Application_144137365,0.33226941053670656,0.5127351641981523,0.37669426677645157
Application_1444191625,0.04460165101210143,0.18918016630918943,0.31656723506579343
Application_1446757334,0.016420716001163696,0.7155240125259024,0.022396778067313713
Application_1446807165,0.14575111859240078,0.08630662882477355,0.27436318291102557
Application_1447107656,0.04142649299322477,0.18961012461326035,0.1789268029807027
Application_1447384497,0.06465675064702375,0.2516661062409715,0.2603172339352289
Application_1448754624,0.8488579855054288,0.3830437846523449,0.29179615528792474
Application_1449066412,0.04039142326533647,0.14950114077615725,0.30317781924849696
Application_144911431,0.8042650041178755,0.3761087436287193,0.2801146278256167
Application_1449370855,0.9252029876504126,0.15762319647553283,0.1839597361642429
Application_1450319805,0.8012652275417331,0.33933607464834015,0.2975996908146557
Application_1450396663,0.04593055665356164,0.17410478618346925,0.26282125233515063
Application_1450689239,0.8895273892665145,0.18283657402938935,0.24615077732220728
Application_1452533285,0.930494619332229,0.13106946197263275,0.20165415515319826
Application_1452854959,0.439406897065763,0.19058958181530422,0.2598910721165353
Application_1453589065,0.005268168856632256,0.7264921613102739,0.016166312302444318
Application_1453812922,0.7300526196678249,0.3105038587796835,0.2555868175305448
Application_1454220575,0.10986564262339042,0.2918619591664202,0.28434045294205323
Application_1458277433,0.010711778925788767,0.7424998697123661,0.016840576774579893
Application_146114459,0.024753767863723006,0.1429985384964712,0.16843471761507192
Application_1464086854,0.7538971924069954,0.36370597164284385,0.24090704029433696
Application_146419660,0.03505188690963824,0.22131596733920778,0.1984880919986382
Application_1464780823,0.711203164003603,0.37237309874222885,0.31656710157626405
Application_1465025013,0.08205517459595536,0.1851654522330884,0.25609002132790143
Application_1468750557,0.8514623092545911,0.3578411013629938,0.29836222738409013
Application_1469334320,0.031053085385347325,0.2201046127327894,0.1760574947642216
Application_1471430106,0.8853859256121059,0.2087682909464262,0.19515505601058883
Application_1472969785,0.05857786642349604,0.2982792896144149,0.24449062119648282
Application_1473464035,0.7880540781688734,0.12409517230202535,0.15544485530199512
Application_1473625375,0.7237969628186919,0.4158185677450481,0.279949225036994
Application_1473894342,0.03637344315954333,0.18182991616464964,0.30489753622342586
Application_1474055956,0.08550046089412257,0.13774117930177734,0.3229395606725171
Application_1475968760,0.7947570037176902,0.360161415205404,0.272257777091718
Application_1479752026,0.8044804274287873,0.1607374716399561,0.16408502210353532
Application_1480117653,0.7808803329486018,0.40443145148430754,0.2755623132615229
Application_1481242369,0.8515220866348715,0.16921259207738873,0.1835444622592279
Application_1481928502,0.148349426400704,0.040517136124412434,0.2577841462607924
Application_1483046130,0.05439905079470573,0.1478172289143767,0.2860487062126024
Application_1484189145,0.0732513518466531,0.20951581885880044,0.28238681482319294
Application_1485367187,0.8245354236326564,0.21319690631802118,0.25044741342877735
Application_1485546748,0.07111211339836634,0.07292774462432317,0.1229752093020737
Application_1486220145,0.8692383339798945,0.15731767408098718,0.20049936763308465
Application_1487829407,0.3723242751400378,0.26106556246639917,0.1474992712089964
Application_1489341726,0.5569465853647986,0.427806770512426,0.2757888005010014
Application_1489510821,0.03394887257732168,0.15605551008659144,0.17119366974049202
Application_1489786126,0.48677316478360017,0.374951628743982,0.29770890201613215
Application_1491300788,0.07849494971249074,0.018222838205036562,0.06317798205793362
Application_1492609631,0.08239506685497276,0.1925856029169424,0.32041366523401105
Application_1493979926,0.637691072196753,0.4083019371150111,0.2721091293230122
Application_1494178086,0.7873592709326708,0.3581554214756879,0.28414557992577394
Application_1494414449,0.5015847322420276,0.37200109854376934,0.34033964089161073
Application_1495079062,0.8227075123365029,0.273855186881156,0.19431838179270763
Application_1495262961,0.5159552781810213,0.31588440368213494,0.21714173856636157
Application_149591383,0.8957310478271143,0.3418147162380704,0.24090083423494574
Application_1496349825,0.04191664974309993,0.19728215451703665,0.30477450830401104
Application_1496645833,0.44792855594974906,0.32916175191508024,0.2632985053466398
Application_1498001149,0.05780084150555949,0.16269459925227203,0.2814449520942168
Application_1498610522,0.5637558397161391,0.4161496640241853,0.3228574179130624
Application_1499935603,0.5923686065004948,0.42177964973595816,0.3265149090529667
Application_1501636291,0.7456294849654718,0.3544353046254946,0.2870532057306598
Application_150329185,0.007947009408357419,0.7522035632764726,0.017136230977743448
Application_1503602511,0.03901488822529844,0.21446604905306607,0.1677232947992857
Application_1504307845,0.902138856447186,0.13519953829551978,0.16162425636790562
Application_1504346428,0.8499066854797592,0.3772312844286178,0.27929817513303834
Application_150503991,0.011119517195338255,0.7236551873217796,0.034758891104452905
Application_1505059688,0.03208417541483482,0.17011885080276248,0.17508490994028408
Application_1508285623,0.7658446496674829,0.45524275010543114,0.29584163195632335
Application_1508659021,0.8612134395983967,0.3733731845547721,0.27020419578255744
Application_1509292111,0.7545439593769024,0.3368398154447229,0.2851713108323077
Application_1510765360,0.03883530484456076,0.19303119633737714,0.30894076337404597
Application_1511779865,0.870178561719961,0.2947161818157642,0.22094156084747402
Application_151245494,0.032420710940683266,0.15377552277180145,0.2505012297199492
Application_151280488,0.9204715913436256,0.3341637368244455,0.22200323898429292
Application_1512972539,0.6938675487628624,0.428001071191633,0.23859821061394743
Application_1513197861,0.8744081914690858,0.37794936560474607,0.3132044352755025
Application_1515604872,0.011134242637626881,0.7482664924184805,0.01595189387986073
Application_1518013035,0.8217708805917346,0.3269352298056453,0.24855178921982618
Application_1518048032,0.9103204819149792,0.13965069052992896,0.21013383155807266
Application_1519909793,0.03597540142726182,0.17458912526155743,0.2838309352465663
Application_1522004111,0.6465901928233971,0.35885882828514293,0.31594571877597794
Application_1523406683,0.008853794780679304,0.7347742818684466,0.016937299105556854
Application_1523673583,0.43172501892168846,0.3261474693191512,0.31897509887535386
Application_1523736860,0.037200145131741275,0.310070616222879,0.07816262260685393
Application_1524859554,0.010755483035409212,0.1947688966149936,0.3921667270592512
Application_1527338408,0.8802399478556056,0.3192434736242829,0.2994756692266732
Application_1527571617,0.8197023961196255,0.3926431656419194,0.25588239360731285
Application_1528161643,0.03503416794027848,0.10752923514624854,0.2991857777814668
Application_1529154801,0.40795911519673267,0.42644416615487346,0.2743970519469531
Application_1529928107,0.9285055797536316,0.15153560631091123,0.17840456651703693
Application_1530321110,0.5994547137145637,0.42751297786176895,0.27526350168801683
Application_1530932646,0.02622246830451045,0.22312639186652153,0.1833297010324344
Application_1531707627,0.025913801051225944,0.30795824113286785,0.3010128992246919
Application_1531851576,0.4802142092198176,0.4774204622943963,0.3615086274508514
Application_1533785960,0.0671433890185524,0.3823780602793385,0.23754038741750155
Application_1534847619,0.0638550908525243,0.21633043769078075,0.16529399469635078
Application_1536534288,0.009180940681306515,0.7416224300566452,0.013679031035566742
Application_1537507196,0.897430426375583,0.3271313877415489,0.23815468879865356
Application_1538042026,0.85647689589528,0.32141150503773164,0.2906596010921813
Application_1541647337,0.808337470799989,0.3701546301058949,0.316286685759405
Application_154179391,0.5467940671998069,0.41336426318727404,0.32102992241984285
Application_1542614392,0.04814393411120913,0.2694402217507222,0.2173284067305249
Application_1544217945,0.05242327756150477,0.09873800016471482,0.08814490742933223
Application_1544460375,0.02081821579370686,0.17662419260072665,0.17483886042156468
Application_1545481822,0.768816818633293,0.3919278287896592,0.31855127777570674
Application_1546052937,0.04048046021611459,0.2740457657429419,0.21598952299085347
Application_154623800,0.7154625157223756,0.3271871618435431,0.31317863815404257
Application_1546747591,0.7600581093938034,0.35490731427138467,0.31303397895714175
Application_1546890088,0.8578920722693183,0.31755458762838323,0.24549813919868246
Application_1549000634,0.01754324103546359,0.7225617504171216,0.038241779436079044
Application_1550643436,0.03181538472396278,0.20986330209109566,0.1722540204809386
Application_1555489073,0.7140906786913676,0.34803470224990773,0.3093710414164507
Application_1555975178,0.02844503983011668,0.27441385344674774,0.25803728329478004
Application_1557296300,0.5569465853647986,0.427806770512426,0.2757888005010014
Application_1558264214,0.04281469246342515,0.0982879235843786,0.3098381323505367
Application_1559533192,0.014085409817864417,0.19362369734968382,0.20917166271010507
Application_1559916934,0.8722561823886334,0.17405892577882986,0.17527565918669508
Application_1562686459,0.024724724145465816,0.18152717872557486,0.2124135896375996
Application_1563418612,0.7120545853268242,0.34803470224990773,0.3093710414164507
Application_1564442059,0.7979785079297519,0.43829391426356795,0.2990344436781809
Application_1565590572,0.8457013853700417,0.3764200441809607,0.311835240613829
Application_1565653243,0.919514147140488,0.1756746769656875,0.1964707779258011
Application_156618714,0.874496197683582,0.09545391611663467,0.16662007059511683
Application_156768160,0.01713405015437245,0.26979215660473554,0.27607642049964726
Application_1567826735,0.04561863492666647,0.19085847712075218,0.23180279597519926
Application_1569475999,0.8655814288485194,0.16723724914491184,0.18749175018139969
Application_1569683122,0.7727652645950341,0.35804429494038365,0.30195184399404246
Application_1570331344,0.7321848969937849,0.3515523009674989,0.30503250563624906
Application_1571539418,0.8113834853157217,0.146672355579931,0.16798115652626963
Application_157155173,0.9593009891579134,0.2420991204058469,0.3154843660208513
Application_1573876833,0.8924420559404028,0.13810098568963608,0.192961480939184
Application_1575096564,0.4779475177078377,0.3200005892162759,0.2997651511403546
Application_1575815132,0.03413966470817951,0.0980626855794886,0.30076130581068417
Application_1575897956,0.8228129477862719,0.37907477261605405,0.2941474460036994
Application_1576631308,0.7593577240610903,0.4114707199464491,0.2958836754418028
Application_1577555565,0.40131777775637356,0.1406171658697291,0.10713969698638846
Application_1577667494,0.9239795156209791,0.12383143578605996,0.18321351422106474
Application_1578090032,0.03353942544646869,0.5861259660166678,0.18592010082737567
Application_1579516377,0.03985819015478181,0.2083613865961388,0.2859089577670455
Application_1579588184,0.9342619624870839,0.13727369176350265,0.20413429618777493
Application_1580298940,0.7620156582537453,0.3510431625896654,0.3041385961291412
Application_1580674851,0.3244899562929799,0.5050272836047087,0.17486449664329545
Application_158230798,0.02362458499027176,0.10366227006532108,0.29727556192606774
Application_1583297793,0.8455571671329916,0.4137358560026928,0.28592645414710266
Application_1583662374,0.8370348612687807,0.38505964392626413,0.22866728909035497
Application_1584063031,0.9029643632640746,0.21024575087044156,0.3023849877838247
Application_1585601222,0.024756373799531724,0.2575065398810494,0.2147044223353443
Application_1589247607,0.034424010780344,0.0808017110760573,0.09575530555845398
Application_1591765651,0.060858868558785695,0.14022599156230814,0.34133244447578037
Application_1591900552,0.01992190668757177,0.6814791315558698,0.16325323081236262
Application_159263293,0.33323136136840786,0.5650759287720676,0.1252531382201284
Application_1594305363,0.12970759201894552,0.22982456216502348,0.23026598637174572
Application_159448414,0.8194746904282212,0.39622892945247,0.2986828083709241
Application_1595937456,0.45412303869789183,0.315709152853249,0.22465620319317564
Application_1597614471,0.8368036957809739,0.3899690976856154,0.3094496016870395
Application_1597735097,0.03421087811492796,0.07946165356413842,0.09514211341003741
Application_1598726895,0.19265295198109117,0.5330194472163359,0.13888072220237482
Application_1599405351,0.040230092437523256,0.2063550017355861,0.26091222075026865
Application_1600155880,0.04366800697930526,0.0809228613187947,0.307902162125186
Application_1600471037,0.9481283494723615,0.09489978594409548,0.17203301310750138
Application_1600982783,0.8401405449104117,0.4023325577740877,0.29914129636542097
Application_1601194488,0.6888725602110825,0.36770600946908905,0.30002700918172526
Application_1601395766,0.029361391988281877,0.1469898728337469,0.1747175482335654
Application_160157720,0.46050916870338143,0.4076666068707851,0.33352145867618493
Application_1602891050,0.030888833486155686,0.17993474809809365,0.1742926147385489
Application_1603793312,0.7986526153329969,0.41283826627095654,0.25126200149519534
Application_1604619511,0.010459013543417942,0.7419174772334666,0.017050702671078843
Application_1604779942,0.507563120251068,0.4645174454262405,0.3027079045999121
Application_1605473699,0.8577879244775588,0.10038087508450641,0.1673539641567422
Application_1606123452,0.47092108362645096,0.41682861320162135,0.2861583402555411
Application_1607880476,0.6678561885881705,0.4053507696554071,0.27816701188407383
Application_1609027595,0.8331283454864836,0.3638938837092146,0.23632394462225226
Application_1609568328,0.8378671079997742,0.30229401642293685,0.24762972234083117
Application_1610638954,0.7776076989919125,0.3530954767003185,0.3069159238247177
Application_1612452340,0.021832058894025293,0.12353241964380668,0.1757803215938033
Application_1612709587,0.8320730770993334,0.35023899002392195,0.29182376593505216
Application_1613754741,0.020761019475495877,0.7172061948493064,0.02164986024562645
Application_1614113082,0.01637168070750593,0.13247418670325078,0.24430478821774773
Application_1615509090,0.17854259558260305,0.07428480046285457,0.2501295818414013
Application_1616117711,0.792651984915624,0.2920747925204481,0.22431381059858063
Application_1617657859,0.5114608279937224,0.3070671333656386,0.22630274053446375
Application_1618215402,0.03498039922133517,0.14527299181975303,0.28743394847378756
Application_1619897367,0.029188551005909447,0.09801781698186579,0.3021708746910944
Application_1620539143,0.675357080781334,0.3664368940552956,0.2921626799861052
Application_1620675668,0.6991641743089034,0.303902553244749,0.2538466398750022
Application_1622160130,0.7342653849484432,0.413356366278989,0.31114415624481384
Application_1623687781,0.042002072988870896,0.09813317998025115,0.29645253714598896
Application_1623704275,0.6258160427133848,0.45887785133590797,0.3019378502235577
Application_1623875695,0.7839846093548812,0.38839322514804164,0.2796706325623295
Application_1624152176,0.02776082139834585,0.6964767819086309,0.1612523300506536
Application_1625456407,0.031458512864093985,0.13169822998440722,0.3075653261568111
Application_1626417881,0.8544931984017897,0.36312337948711804,0.23133325767637636
Application_162990347,0.042271410985294,0.20386917902735285,0.32143306542770855
Application_1630913903,0.5190699021832251,0.4862259226200557,0.3797768676566667
Application_1630991786,0.8228595891899908,0.40654030426819715,0.23961905664868716
Application_1632505002,0.03501123228899428,0.09616359478651529,0.2972111557600031
Application_163281313,0.8006160613817389,0.43890726908995736,0.29346572425088596
Application_1634751250,0.832731783045391,0.33449381874945544,0.26676890578892476
Application_1636152294,0.5980921901294165,0.42892664253967705,0.34077037703542984
Application_163804730,0.8843651378246915,0.1317897904030094,0.17934201005706754
Application_1639814791,0.04894378737161071,0.1772654813998146,0.2819553657537336
Application_1639947439,0.03704829630069093,0.10147457032649734,0.32629394101470777
Application_1641565943,0.7145423539441783,0.3580271571875466,0.2969295116767236
Application_1641722976,0.04132619120426163,0.28882278460378297,0.27307658130499507
Application_1641885593,0.041856661481948575,0.18961012461326035,0.1789268029807027
Application_164319398,0.8026726564612652,0.16413284215211904,0.24714223207416738
Application_1643995941,0.8168915837075201,0.40045480827593655,0.2740722266158568
Application_1644851848,0.32590044471203,0.5528863755991514,0.15406435264344356
Application_1646642236,0.8161581815418194,0.17449628119815505,0.15340869035448546
Application_1647108674,0.865662429916508,0.11347929270890697,0.12497015551802307
Application_164769477,0.1839681417227999,0.5560220892576228,0.12923880763884954
Application_164778672,0.49722454769249447,0.20440481896711163,0.11801499067430359
Application_1649699850,0.69732740123089,0.362256124104827,0.23655082491686208
Application_1650299745,0.0073041804186213,0.7380612064387463,0.015694167068839294
Application_1651085521,0.9199620004252118,0.15792040870215596,0.21129421664539333
Application_1651737074,0.749683435770879,0.350851435323255,0.23414731996379454
Application_1654318352,0.033017985622842076,0.22242721512255148,0.3633696731497644
Application_1654636815,0.632004875349226,0.3014135173295061,0.24227598042658502
Application_1655641907,0.026106470971505983,0.08501813516737325,0.3279074947990638
Application_165594970,0.14357744185474952,0.3707324520465074,0.28952991491890123
Application_1656791018,0.017302955968577935,0.7330387795360719,0.017716949721492542
Application_1659913497,0.6632423045897918,0.34702754986656426,0.3102272737708002
Application_1660705348,0.04331103328282792,0.15126423425540333,0.21690394021873777
Application_1662440609,0.6955806780037364,0.35493407247854253,0.3130273413083541
Application_1662487403,0.04985128711472416,0.18323863097431925,0.23687727772121844
Application_1663925804,0.7792681366003282,0.43405629698362613,0.2889540123179987
Application_1664236078,0.04796964387681198,0.2946963892514825,0.1671901773760064
Application_1664858516,0.8967255004316138,0.16004424716888352,0.17049758930036196
Application_1665515241,0.05428754832198497,0.22721852836689244,0.295951512690014
Application_1665584404,0.7129068483101363,0.33932982631273095,0.23283817101855772
Application_166588001,0.8464340605173738,0.3990674905921585,0.2834024190631099
Application_1666465764,0.8171201480423782,0.39610427140050297,0.308097267145212
Application_1667989141,0.9299269910879584,0.13804776544891795,0.19142254931468825
Application_1669392427,0.032996828619110886,0.10431822020391415,0.26864474767772456
Application_1669477442,0.01826881890526132,0.19190099616314532,0.16267465352204924
Application_1670585897,0.025952560251384885,0.15975246741326996,0.30496382857353277
Application_1671150390,0.8045440602217688,0.28819525226595855,0.3069349548929236
Application_1672037226,0.9132740619077554,0.20095373046263754,0.19216183564608044
Application_1675241784,0.04647038006089808,0.16461199768880944,0.3021696272526697
Application_1676999623,0.7283718670680592,0.358475540462817,0.3183799919130367
Application_1677049820,0.04759475455636988,0.12580254582834138,0.31966001053836585
Application_1679927360,0.04738595129059954,0.28128574632318815,0.21302645096959644
Application_1680183215,0.8008065286835626,0.4256037746270718,0.2541435176661859
Application_1680533625,0.03227329447512639,0.1752991513017044,0.1647942221908196
Application_1681361801,0.010883604058678208,0.7162420845130808,0.020603987634014588
Application_1682480934,0.5123074354470628,0.46646452211538253,0.33753817863767405
Application_1684306378,0.1878744138568004,0.11914116541615913,0.215939695537409
Application_1684479121,0.5036307875971111,0.3952645540323257,0.2625447995439088
Application_1684641986,0.007405448383264228,0.7299786475140096,0.02154070944748063
Application_1685478310,0.7492688906988788,0.33254662038254235,0.24191956950457794
Application_1685691745,0.8927370251547628,0.18780512924205955,0.1885276829014833
Application_1686395823,0.01760928595994923,0.25900055438852365,0.2243070193478405
Application_1687448539,0.7804077186715891,0.3855308349925085,0.27685251120386306
Application_1687637096,0.8735411144435908,0.41871741092602155,0.2806465501678572
Application_1688232773,0.02594486625151469,0.07131554628852244,0.08281589459502295
Application_1689074281,0.9113311638580016,0.095727893596977,0.16261660492014524
Application_1689701428,0.7415157377995796,0.3893462740049449,0.22792388452198115
Application_1690391662,0.12135971661854687,0.06550756960009796,0.1610255936547822
Application_1690998892,0.6755948569880219,0.35490731427138467,0.31303397895714175
Application_1691065242,0.3566411125730259,0.3386134172185475,0.2445646016893506
Application_1693078902,0.8934863314112046,0.4466381155829284,0.2989060119528952
Application_1695492315,0.05405259815348362,0.28129723318596694,0.1811017797776842
Application_1698334648,0.05103643280578249,0.1730073547978004,0.2828167639364924
Application_1698620256,0.6522970861547615,0.4213047356279662,0.2863595651389314
Application_17002468,0.857822030735393,0.40314875368579584,0.27206128137899577
Application_170273491,0.0468859294586241,0.10890991831124763,0.3200511380257724
Application_1705844076,0.7836929331761727,0.4386698104962664,0.2900522208960988
Application_1706866981,0.7860476689895879,0.34419555774726746,0.18737887895361582
Application_1707866152,0.010412516250188669,0.25732900740835185,0.27303102098755333
Application_1709823125,0.0605189103707588,0.1986602598272059,0.16566270181138523
Application_1711303027,0.7662139234295029,0.35607522720663287,0.23410683833536752
Application_1711861534,0.8156997152842057,0.4088941484206418,0.2741889527733173
Application_1712201753,0.05366511402721151,0.1286415545523611,0.16116521334575218
Application_1712515047,0.4904696647297854,0.47620749411604163,0.2919419141683434
Application_1713151358,0.041953454582214854,0.2816793513617048,0.22964872101836342
Application_1713552898,0.07403128894143009,0.15797530604149443,0.19209409062004293
Application_1714501335,0.05070571372214132,0.19828011994870332,0.3253659249633073
Application_1714608768,0.034630149449223574,0.19796095612325373,0.30432345362742874
Application_1715427761,0.11721121410497105,0.09597358641039797,0.24802326349550607
Application_1717915911,0.01629358061301076,0.2989170344398633,0.21169860665059034
Application_1717953510,0.03485151005614892,0.12359862178160594,0.16337310740584823
Application_1719088576,0.4678821102583584,0.4443921348599542,0.35338428325240645
Application_1720955378,0.06515896239337028,0.08432792849547449,0.2947128898682578
Application_1721325720,0.7988720567225611,0.31778879142724215,0.29284283619579027
Application_1721495711,0.04466800218648904,0.1379975367525705,0.326395715927595
Application_1722936368,0.7541286153769843,0.48632679023297404,0.3660080924704356
Application_1725718103,0.04113237615798665,0.14971589129006602,0.2874620005378038
Application_1726057618,0.0436518258626714,0.1681540735956992,0.19586440911517888
Application_1726750534,0.040342213212331196,0.28540563633062244,0.1885256540315861
Application_1726806352,0.4713737986966245,0.4678008069201397,0.3651130231422421
Application_172695266,0.3273523098710973,0.4960077084229572,0.32410209021153297
Application_1728000220,0.011093359780357121,0.7413773289124677,0.016889805647076574
Application_1728090308,0.6644072976158476,0.4574549471725794,0.31478511314853286
Application_1730778542,0.6746253254712077,0.4516746189034106,0.40032412434341547
Application_173122257,0.038933026443156125,0.21041565793017608,0.287940378745613
Application_1731267696,0.9171604480954696,0.32993842015981606,0.24098990225581823
Application_1731879894,0.8918680039143404,0.33313861655605337,0.23378736383365703
Application_1732543782,0.9461851346205946,0.09225574314618706,0.20257389450512903
Application_173259774,0.3598764616745628,0.3359572697490759,0.29722872730929034
Application_1733106091,0.538941002329502,0.1481205296039221,0.16053975294197761
Application_1733732825,0.08754208740972978,0.2919836672120381,0.31363285752708464
Application_1733949639,0.039614172193736336,0.20174164309060924,0.30719177798920894
Application_1734771669,0.6866079860802405,0.12036881018506551,0.13741501409726256
Application_173483337,0.0331006603106729,0.10211262388622391,0.28943348921297496
Application_1734947142,0.056619119510139114,0.14905355691098843,0.26576729987709197
Application_1735095439,0.02566838673415712,0.2106769428829946,0.17751130920211983
Application_1735566698,0.7693671240453817,0.30116196144710555,0.22931601070897906
Application_1736444832,0.8278733754614929,0.4106448749741989,0.25789290637804124
Application_173679501,0.035580180051156096,0.11230240407913658,0.30077957108848624
Application_1736978527,0.9199387191857348,0.11776952648130481,0.1335647961955992
Application_1737095579,0.8715686256556946,0.40314875368579584,0.27206128137899577
Application_1738270116,0.0379306761864024,0.20712484481648805,0.3094323913930231
Application_1742866950,0.6382668421676905,0.46664554567992955,0.33775914898970366
Application_1743002787,0.5417788729221468,0.4359956527129431,0.35486799770963057
Application_1744217682,0.018729505043484012,0.7096854493950356,0.024509072597976765
Application_1744764747,0.05137892055209094,0.12937145416449117,0.27794450783410546
Application_1747759228,0.05953009663325946,0.14903832602116085,0.30269697271126006
Application_174900979,0.032490431625289,0.10096110729898,0.29866929216167765
Application_1750066014,0.7212227506493389,0.37412278702832114,0.23755212107810544
Application_1750611156,0.4126358226099551,0.3620612199421316,0.2981616065014741
Application_1750932659,0.8882351322284336,0.16207230861108365,0.2513997392786346
Application_1751483231,0.8663043606484578,0.3020493972674371,0.28688872221408757
Application_1751490782,0.858895571339719,0.40911486664413804,0.2987582387173205
Application_1751546737,0.31173779999568035,0.38988412172400866,0.2832537368245219
Application_1751763296,0.06856364068005039,0.17111155349502363,0.27938117889867975
Application_1751900898,0.08361702936650794,0.3018571588439942,0.2916357125533923
Application_1752144011,0.7822531873016136,0.3644861933281475,0.2725559359903362
Application_175406399,0.05789207818623355,0.30199332599965933,0.24584060324120657
Application_1754660645,0.06392031467601392,0.2660092997519115,0.2562756168594095
Application_1754878754,0.7352087807181688,0.38970500550876574,0.25566223958896855
Application_175544437,0.028356312660822475,0.10886519553461024,0.16072903060644958
Application_1756143119,0.4292790757185294,0.35845899685529403,0.31340508817415863
Application_1756698619,0.02468521815128714,0.15088224411935436,0.16348078649746156
Application_1757112551,0.043056958595024925,0.27989320896691516,0.16708174855876853
Application_1757332206,0.029315186182269512,0.11516353417834774,0.16154260583158128
Application_1757787329,0.03475774203420187,0.10248622414014372,0.3359410954837689
Application_1758466018,0.03302138063117887,0.15244044863344478,0.1605665516882066
Application_1758628504,0.018877542463531346,0.2552678633565906,0.18362432573594265
Application_175918237,0.01218166469334248,0.15162098035213875,0.16924399464724854
Application_1759206616,0.046353691123577116,0.19573039617569954,0.3226161256281862
Application_1760810906,0.043192394407246724,0.16303517974934018,0.17121765684553647
Application_1762899868,0.8183960622680675,0.4310556566439508,0.293106547711708
Application_1764494728,0.01361137166279777,0.7282059637264514,0.021132100021420526
Application_1765577987,0.7966566754365715,0.3831651704153789,0.2790510183542935
Application_1766681398,0.006724846108017526,0.7428328064266803,0.017814191271525504
Application_1767608602,0.10557522948302342,0.10751484053648203,0.15036480099667845
Application_1768409536,0.0348084056031002,0.17111155349502363,0.27938117889867975
Application_1768718354,0.012495088456795787,0.7326207180061894,0.019983922516578784
Application_1769060911,0.5230705731742934,0.3785254894820769,0.3149113765257445
Application_1769939835,0.0056148121247630205,0.7147913166865346,0.020414398420380578
Application_1770364291,0.02510001689016333,0.13865714470922122,0.23048111341156063
Application_1771092914,0.22424415283006857,0.5478162838558123,0.14298202833478904
Application_1771690507,0.7627541246735141,0.39318042283023413,0.2670592335825728
Application_1775620157,0.7086450397770624,0.3578012434657608,0.2292490005200022
Application_177572366,0.014575104959991005,0.12585802726461148,0.18730622914782535
Application_1775767690,0.015013651367121222,0.1510375006495343,0.17631204022419958
Application_1777192556,0.04079390350164512,0.09676654666018536,0.3037181336996031
Application_1777715425,0.00912632265746136,0.7195505246230492,0.023934925086595744
Application_1778205577,0.4223816137925715,0.395829435506216,0.2876680812031219
Application_1778799137,0.04542435634706724,0.19518865273955685,0.27798629625375015
Application_177897578,0.8088622175923429,0.3494280237693021,0.23259034320259395
Application_1780196758,0.8566701743394418,0.3731291866821371,0.2795780738024251
Application_1780269777,0.025019737445611073,0.1414267384735353,0.22013938759448595
Application_1781081103,0.024162892567244184,0.7289308647132513,0.016271800031578253
Application_1781374917,0.6751379386575741,0.12877844816649037,0.2124119536783806
Application_1781623698,0.8461203880098052,0.3473264073464417,0.2843586734014087
Application_1781633903,0.027891931499969286,0.07041433925588597,0.08846429074982437
Application_1782952770,0.5726626227502091,0.45236293216564616,0.28418031101199
Application_1784815865,0.29043350208156815,0.3258245016462703,0.16749893678767003
Application_1785468553,0.8575291065724191,0.4265899325173106,0.3539451979750897
Application_1785650204,0.07336314798516694,0.28864344819809284,0.34689150880856834
Application_1785860221,0.8524809017779493,0.40148275031186675,0.3146042932831575
Application_1787983531,0.7059706314059606,0.33979398011384443,0.2708017394708963
Application_1789934601,0.7890059271617313,0.11901990668708526,0.15948504010642633
Application_1790721805,0.7031991586388802,0.36184101396406115,0.2983984790491442
Application_1791109196,0.025298568332080683,0.15520579850000854,0.18960489691869198
Application_1791210166,0.030688480265722948,0.19133851893230408,0.17385227853671648
Application_1792123382,0.7813944385785362,0.3737063600518663,0.278961537298292
Application_1792327676,0.6684366659374574,0.370831123062262,0.26212804133911743
Application_1793173151,0.10204286567687927,0.06654719032219203,0.09052001269835305
Application_1795986679,0.0693819939112819,0.24431202821571163,0.30580955113835095
Application_179601498,0.4611450565999812,0.4359716054632569,0.3035515921394737
Application_1796290207,0.03498772160693471,0.14527299181975303,0.28743394847378756
Application_179713283,0.7645561696248073,0.368003553356544,0.28916604371962623
Application_1799331916,0.4441611573845465,0.3900410373667946,0.2742205758734282
Application_1799654594,0.7252533629749689,0.44814588703082825,0.2875781171181591
Application_1801593563,0.015952068356142327,0.6042512913551525,0.17783461481974783
Application_1801822059,0.04973669195495209,0.1796601563175295,0.3040869159897651
Application_1802283850,0.016536455404502715,0.6720866312694459,0.13540811784112544
Application_1803710713,0.5034271027521328,0.08188871549193649,0.11654200759374116
Application_1806449930,0.3447075411970558,0.5376354508723331,0.18185061830147428
Application_1808705800,0.6110646189672427,0.4077611948003721,0.331725731982166
Application_1811471028,0.5105851242647993,0.4065211796060447,0.27572459216819245
Application_1813502823,0.8345459553724213,0.40889852082734535,0.3070575035174368
Application_1817080595,0.7475976781837417,0.42124015104924195,0.29779098597870834
Application_1818700890,0.8243206496807257,0.17725449660800432,0.205901006384233
Application_1819007640,0.8095161092342227,0.4021731083607384,0.31131533598821093
Application_1819504615,0.019495297296213562,0.2917469972800813,0.22346825206296317
Application_1819818177,0.7667339613308902,0.42158314479690234,0.28963397116369516
Application_1820504290,0.04031019808704263,0.24357452796740045,0.1652297763429867
Application_182066441,0.797086078718431,0.45128535153950355,0.2927256054208043
Application_1820733336,0.8447804061893522,0.41631502734916853,0.27949126998475166
Application_1820883466,0.868213130552209,0.38291165723337783,0.30948781781330964
Application_1824209977,0.05412900297646083,0.12313456848666829,0.11994485691070529
Application_1824747835,0.9497649513972831,0.21377849709260333,0.2075974098185441
Application_1825309879,0.04993275745581213,0.11500291897087994,0.10480382671341353
Application_182597722,0.04883400955401876,0.16429184597468216,0.30045385233028216
Application_1826347954,0.5743498866907862,0.39041683263326243,0.26144801579204646
Application_1826390013,0.058438785232150944,0.20689769758714077,0.2532081637274797
Application_1826620975,0.8847949855470002,0.2729243631989264,0.30224186301423445
Application_182712917,0.8630161436786541,0.11325430895514119,0.13654337070589254
Application_1828404203,0.057231309326826185,0.23853829039090635,0.2132988342055466
Application_1828802183,0.042688742031943186,0.19752109858310832,0.2825208094549823
Application_1829392718,0.05581196292567108,0.2367340259808982,0.2188284126718975
Application_1829492040,0.28543769485861253,0.527343859957956,0.17567901094867533
Application_1833582857,0.005149261816553664,0.7332093834736908,0.017412971441360243
Application_183481406,0.043582842629546904,0.10887346675413062,0.24111261427861128
Application_1835611863,0.9391825212098299,0.10722886845979959,0.20142368023473728
Application_1835983478,0.03795602335246706,0.16115565564788312,0.2966105091405538
Application_1836482704,0.9294282622887574,0.1376063831814892,0.1692326374808538
Application_1837286038,0.8165353920699732,0.40061119791530064,0.25350946134668956
Application_1838182698,0.9052587424350113,0.0889249643653216,0.15375279778348333
Application_1838195672,0.021435688008549888,0.7132646965500002,0.06409519311028825
Application_1840472630,0.023269461842427848,0.5815274740642621,0.1825457453952251
Application_184143337,0.022772241537974337,0.1289162494993959,0.15535223239084214
Application_1842271625,0.7842063517455706,0.3495358462534447,0.3123544338035886
Application_1842370876,0.03815399305445664,0.2130080115219124,0.26238440286660564
Application_1846291324,0.029529419820238823,0.19796095612325373,0.30432345362742874
Application_1846693519,0.042261140471156394,0.1596351350281994,0.30127741542632014
Application_1850153393,0.8861952072027679,0.34300269503175124,0.22021771244800373
Application_1850714835,0.017014703001346016,0.7534187736550975,0.022784504754886754
Application_1851360212,0.9404383318408489,0.16657894873702137,0.1829648256000756
Application_1852538604,0.7999205552034645,0.42124015104924195,0.29779098597870834
Application_1856006798,0.6191531942807941,0.4248927037097546,0.28766992385541895
Application_1856344011,0.08837360148285087,0.24466398970106917,0.22997132778529236
Application_1857366417,0.5690197935900116,0.40479005481160435,0.23098029178081858
Application_1857513367,0.0556348623912918,0.2363743197360415,0.3685797594873701
Application_1858211642,0.8771766154277062,0.37725177840014645,0.2617493129684506
Application_1859387169,0.03772784069275386,0.12786932231438408,0.2784632877475751
Application_1859431929,0.881001698866184,0.3728287500873834,0.30882755966144215
Application_1859537046,0.8160993265347438,0.39025538932682774,0.24703310205212328
Application_1859784683,0.1279884672277894,0.1173131413474906,0.24549691546042315
Application_185981374,0.8331658073948679,0.2050505833181555,0.2628819730761814
Application_186021788,0.056848228921925266,0.21645796941340834,0.17001695520503943
Application_1862468287,0.8708893980375915,0.46422934370808105,0.30221972354948873
Application_1863192115,0.9364482708355499,0.15870022641080844,0.1837270023098255
Application_186381818,0.7430078763684841,0.32421153384991513,0.30448728330268743
Application_1864868732,0.04403668400955833,0.16429184597468216,0.30045385233028216
Application_1865080562,0.04912599602540139,0.13495518673023169,0.2840571261825199
Application_1865256281,0.6674166983390701,0.3533594552701542,0.30801419126658114
Application_1866125313,0.031403389704989605,0.11527377085573523,0.16614039497431846
Application_1867093856,0.13419811399350398,0.0756842441324643,0.10316026641709004
Application_1867138516,0.008434258306341256,0.7528918927575192,0.0174863093092076
Application_1870118526,0.8845113895273847,0.20039729149269103,0.21147342535624475
Application_1871723330,0.042562876816082854,0.2381452831004638,0.25345348732133766
Application_1872244741,0.008875494806041042,0.7313008820923219,0.01570095257086376
Application_1872345916,0.7001502097893872,0.35133695524032243,0.30471899869813307
Application_1874674743,0.05598584425648906,0.16337862350065538,0.3052577448270338
Application_1875782782,0.9008508579978327,0.3510526263569323,0.2416436052333772
Application_187611464,0.02615257135537907,0.10253526515641576,0.16164356009863887
Application_1876138473,0.1050641207566195,0.07092305296274709,0.25406109540098154
Application_1876836940,0.06639223829729132,0.11023916452338586,0.11379589300886776
Application_1877362067,0.00812477274500123,0.7525783851503981,0.015439892743379917
Application_187778549,0.0589922385615782,0.25453556861324234,0.2725481869697869
Application_1877814469,0.028629749859570647,0.30636899240681675,0.24665194336168567
Application_1879232225,0.04273883398493616,0.2634545069209633,0.18338347668064403
Application_1880895995,0.03545537273776113,0.10405809977354877,0.27739194169121556
Application_1885130117,0.8281468200225889,0.3495358462534447,0.3123544338035886
Application_188726425,0.03781370282342626,0.26091482353351664,0.20389776377169
Application_1891680505,0.39368323267000715,0.49711390825586815,0.18462306384732674
Application_1895159318,0.6908716877905593,0.35372846041698885,0.2944341263310868
Application_189631764,0.8206758801334993,0.31795607703371953,0.24529210705446874
Application_1896375934,0.05372073009492133,0.22477954536724767,0.25378021930151823
Application_1897975199,0.8168670346361125,0.16501848671679425,0.30224592057920485
Application_1898457792,0.13648976535595736,0.37767770479017326,0.22675826276120525
Application_1901752708,0.5444435962407264,0.15132477315998633,0.17290645478406502
Application_1903689163,0.46040777485057305,0.23068209645207757,0.11829734696847635
Application_1903879559,0.8634705388430595,0.20709898403493268,0.2655303217641446
Application_1905372994,0.02371449203332161,0.15378013856852246,0.16945687066584453
Application_1905967471,0.8452282132485353,0.36783143022473874,0.28073540684125187
Application_1906109703,0.03986672382660471,0.2282401266647672,0.2548519989984604
Application_190734181,0.00830264027640707,0.7447193496395157,0.01881521778662361
Application_1909723515,0.8187788046876102,0.40443180906117787,0.27968426598616497
Application_1910023757,0.6669318407929147,0.4652502228182054,0.2891930676186741
Application_1910885918,0.5029212321436644,0.3888275926563069,0.3396400247633223
Application_1911285022,0.04407487131562101,0.6758206106296509,0.17019176891549836
Application_1914483239,0.8373354386826835,0.3117921764166547,0.3340681750007272
Application_1917257899,0.04435522456122564,0.19782818268851182,0.2711378924717927
Application_1917346060,0.6225597663125004,0.2492586772821409,0.21420060452648443
Application_1918491897,0.03927220037671337,0.0975247050066283,0.2986905074327811
Application_1918741535,0.03375363730873939,0.09906983796283209,0.2999311996828723
Application_1919362220,0.042455818799268394,0.15507114413026712,0.29981742151152263
Application_1919805494,0.8707295222319951,0.4326873358216828,0.29311120101498406
Application_1920062674,0.7483971639066861,0.38728517360171566,0.2810322469527813
Application_1920137077,0.053397427381018,0.2228661401354698,0.17571034516350825
Application_1920432865,0.7552511758522653,0.38443717638814223,0.2987097179324543
Application_1920569696,0.007594869680308071,0.7340061915876324,0.017239071584232348
Application_1920623384,0.34788301161202084,0.5552487919380804,0.12742867702098024
Application_1921489029,0.8493303626970949,0.1930490745279546,0.19585827062808614
Application_192191311,0.03943962281739518,0.6378439323205123,0.04844872621943029
Application_1924151739,0.0486228926054003,0.20794553801586177,0.27790079554968466
Application_1925108895,0.04235596546652122,0.22962422683803846,0.20252512533645092
Application_1925475950,0.8232552589004931,0.3678907466398753,0.26823926754116734
Application_1925894693,0.08824651408706148,0.26864666919563407,0.29063891774671535
Application_1926626369,0.7199012790414797,0.46756375241721937,0.31520706615737143
Application_19269284,0.8711382817453909,0.3486155178554209,0.2208349759360542
Application_192716320,0.02733123114137814,0.20214035079783954,0.17506595786494183
Application_1928577170,0.8348651865035103,0.20129942451425592,0.2334567565333656
Application_1930612093,0.8954100609252819,0.0853263851391109,0.12879560269625176
Application_1931050520,0.9401396460038414,0.07189546777517541,0.09454825582304373
Application_1931739679,0.040025500001599046,0.19843647677821066,0.3049465054511766
Application_1936633108,0.04822604203474632,0.20443910904917167,0.18254974343455213
Application_19378013,0.8402540695835198,0.3718289348085755,0.283374164900944
Application_1938909971,0.5457794555809018,0.41414317606844536,0.32011636385193276
Application_1940707964,0.8063574103755253,0.4524993650347304,0.3100175598834346
Application_1941614665,0.7990336767853979,0.3325730582884228,0.3163532286272661
Application_1943498805,0.7218512300572112,0.4104115460831457,0.2890534196365835
Application_1943739799,0.6162286081412852,0.3498345308934027,0.3076429420438831
Application_1944447595,0.04894210209577746,0.19611900581192027,0.310311650993468
Application_1944896918,0.05564477859583384,0.27301860980572357,0.21781743790243413
Application_1945451645,0.5291835724159412,0.31430767731671133,0.3154600641046002
Application_194564472,0.6989128652062383,0.37769853229260586,0.25599846665204257
Application_1946538188,0.05257942321973042,0.14533775391295675,0.29710711521418215
Application_1947622904,0.13548534510640167,0.1674611798243507,0.1822064029289341
Application_1951442644,0.6226853955380219,0.2595541884486378,0.2939922226992359
Application_1952474346,0.04776982765054979,0.2546377328501363,0.2852668024587803
Application_1953215776,0.7787686004614512,0.39909659281586773,0.31927716108975873
Application_1953871052,0.004969136766960506,0.716733975634675,0.036286691086540666
Application_1954655928,0.04072194314853768,0.26923360963706955,0.20171935422106543
Application_1956063682,0.08806609393731729,0.26248679686091864,0.25066141080102267
Application_1956665823,0.09632825862497332,0.0760268442521431,0.14185448649356397
Application_1957651168,0.016109538255012292,0.7425166597088351,0.022417724856550508
Application_1958611901,0.04218031939005928,0.12877566483321962,0.3552859106431235
Application_1959536677,0.894581403428039,0.13351763163543295,0.18117325543785343
Application_1959538261,0.33535790606680044,0.0702031215351388,0.23005266938758784
Application_1959777138,0.03000779562314838,0.22449433133885288,0.19446056056159672
Application_1959968858,0.83126608986207,0.390411445040853,0.2932440367334905
Application_1960245250,0.852149186378964,0.36027049872957273,0.2565236031133105
Application_1963302945,0.039112171002131484,0.19915305501148892,0.1645612761098806
Application_1964644191,0.0353840578969968,0.1044181878910356,0.30269115386595247
Application_1965608734,0.033599826491028266,0.19840548874899827,0.3035408536302414
Application_1966193141,0.7301744607694475,0.35582620723802344,0.23874703503972236
Application_1968934644,0.044805285691407536,0.14242573389271707,0.28481725013195486
Application_1969335807,0.03743699144864026,0.1411530386944044,0.3057417301218624
Application_196951548,0.9263156770532647,0.171929404183228,0.20231884985035575
Application_1970086923,0.03563328538351767,0.38031707593025027,0.2718134937072761
Application_1970302335,0.0419021126323162,0.18442741054851508,0.30799441981437453
Application_1970703703,0.6030239344838575,0.4670610710831419,0.2855694106891043
Application_1971226606,0.6936058888416748,0.35133695524032243,0.30471899869813307
Application_197126464,0.027399445113842805,0.24389907033144956,0.2050907988842215
Application_1971362714,0.013802030583870648,0.7203303898158213,0.034444619392224415
Application_1971989358,0.0253087742121019,0.2788462075758046,0.1908881174536375
Application_1972046847,0.052615277803288264,0.08867224981874677,0.198429700620886
Application_1972637504,0.019044781056978762,0.20085905854073954,0.16433544100649758
Application_1973871032,0.043091194919241745,0.1273112085353072,0.2854957081621409
Application_1975160417,0.8202473136833486,0.5157185608861309,0.315879041612139
Application_1975504088,0.1947906766780756,0.4793600825531806,0.328618892649216
Application_1975819852,0.8604740464364119,0.11525071576418736,0.13659137230998455
Application_1976004129,0.7894007280637285,0.30674887386911287,0.2545549717791778
Application_1976127206,0.0239387976725543,0.09060516225403067,0.33453170533344023
Application_1977502639,0.14064615729163,0.2076928959038988,0.18610718819757788
Application_1978331738,0.007401898152964225,0.7114472417594276,0.017935398716481796
Application_1980887074,0.06094235855317479,0.05704779865096127,0.07701531957336258
Application_1981121598,0.7165634303974722,0.41409960848068583,0.30069458857710757
Application_198284297,0.03686298014642924,0.15769819607923266,0.30281230706144974
Application_1986394502,0.01060062375057831,0.7293711932200091,0.03806885537084686
Application_1986459524,0.0034785935248258736,0.7474535438554499,0.04619948499442166
Application_1987831323,0.6257566476714043,0.3554164526492182,0.3139540333448421
Application_1988195018,0.0400336873610395,0.09877134079065295,0.2930092653929999
Application_1989234441,0.9103702486466013,0.379880715219033,0.2201251331212578
Application_1991464898,0.8328701826022319,0.36233097468422526,0.23178275764652084
Application_1992619767,0.056670131638568606,0.11025856026725436,0.32087621257863497
Application_1992867148,0.8419943057575009,0.3048003245937216,0.22053876438600872
Application_199304010,0.26487551123834874,0.5097968322640954,0.18608346590073876
Application_1993192295,0.6276100901027555,0.39947847588194113,0.27938297015889874
Application_1995644843,0.010141328785382877,0.6895034515567638,0.05227879953428583
Application_199635820,0.7272659191433554,0.17375982869668807,0.16051321058878962
Application_1996843325,0.7484107485765589,0.37729739720649774,0.29151835048033203
Application_1998307400,0.02621119303854255,0.1506737644718392,0.17238571831400887
Application_2003767759,0.38465235001975956,0.14979695907230597,0.10581632947114612
Application_2004089393,0.0359539039156504,0.1962418284013911,0.2760864454393128
Application_200417599,0.9138876503842207,0.13779570517232284,0.18001310065979775
Application_2004968371,0.6233074098147019,0.3526412352865739,0.31002057267168304
Application_2004973545,0.6501454238265133,0.4358708610205593,0.27724560874043636
Application_2006713022,0.7570240026434081,0.36737334757402307,0.23740305050744975
Application_2007562055,0.044572338157912506,0.10940161791370537,0.26261373396597887
Application_2008203162,0.03985780486934611,0.15443711541583155,0.2995696290979177
Application_200942443,0.039325591628112284,0.2414427703865542,0.28893821228132033
Application_200956558,0.026887777869423323,0.19412696219221576,0.1780972910075093
Application_2010104450,0.008664427304916117,0.7398941291981447,0.016296299554616384
Application_201115305,0.054216390400771385,0.19352614446258423,0.18495459614373996
Application_2013830829,0.8892063388677511,0.4329482740021204,0.27718116367765006
Application_2014671768,0.007152188144274922,0.7436540963921074,0.015275811378727171
Application_2015161420,0.7729026493897901,0.36337198467785353,0.25707466352416414
Application_2015423706,0.04225275584156497,0.09322570709806002,0.2876322589677985
Application_2016510614,0.7250635998793419,0.0916961022921653,0.10712813353988637
Application_2018809027,0.03972358318419067,0.13169822998440722,0.3075653261568111
Application_201975224,0.8127942685091021,0.3914231325680269,0.2912054118888001
Application_2020541045,0.6852269835884215,0.36184101396406115,0.2983984790491442
Application_2020581879,0.06257112877799487,0.2860988075128745,0.21567415363250952
Application_2021390880,0.9545633779873366,0.08384415729876998,0.18577819211781968
Application_2022118906,0.8789466955845304,0.14648758285312458,0.14888308013568327
Application_2022507317,0.8969994974798781,0.22024786857477133,0.2467676865112844
Application_2022755119,0.07794020987075735,0.03993933579293302,0.05988103976339368
Application_2023468525,0.0074047438228775206,0.7359988517449159,0.017248169314826377
Application_2024244758,0.13157138537234947,0.12013333524730921,0.16294367237800209
Application_2024477286,0.058015913662051694,0.09040815917955813,0.3070600815590802
Application_2025018320,0.2609437217491249,0.49207542570263807,0.16597385023702593
Application_2025703180,0.20116232968763603,0.16831442395518526,0.33187062129785916
Application_202572480,0.8531018709274492,0.3042799090352733,0.24081240693363334
Application_2026841022,0.4410217615621943,0.11852580594269563,0.09785025461710141
Application_2026952165,0.739218933193219,0.35963490981386814,0.24073883693749534
Application_2028180559,0.007516382848537194,0.732948267386919,0.021132672773563253
Application_2028590322,,,
Application_2029271670,0.03935722073507859,0.16661300653265665,0.2156214281312096
Application_2031841757,0.8351711424102687,0.39149737041248955,0.23470947519755467
Application_2033120546,0.03090024875894547,0.24351040466731144,0.2903860371486621
Application_2034295537,0.8299791193715165,0.14341183834469395,0.13389196552373697
Application_203590810,0.8301622750911682,0.20747998623710834,0.2252424119559185
Application_2036474370,0.8510915644776758,0.44344558508385334,0.2782105092326366
Application_203678331,0.5924982992825011,0.3953299083624172,0.26613516367589246
Application_2037954458,0.8739717235280163,0.26580605038189314,0.2608239324143665
Application_2038146278,0.8903318096279909,0.3075758269161303,0.2534051114183075
Application_2039657007,0.036593789061908244,0.15695055140471764,0.13610758155696884
Application_2041306952,0.05107285006810928,0.19210424008831412,0.32230549592404095
Application_2042834818,0.789229563356609,0.293130950796176,0.25044028795418266
Application_2042847086,0.6822688202844549,0.3970512289680739,0.26186816222908704
Application_2043967522,0.9106902895993026,0.1284129902497383,0.19672761738951014
Application_2043974733,0.04789018485474642,0.16857084982938808,0.283366863692281
Application_204408152,0.5621180354949552,0.3513592647487837,0.2884059385807426
Application_2045954559,0.040638762509651954,0.15856661463129879,0.19575147640522575
Application_2046501407,0.045402146535139014,0.21637535454034784,0.19435521731114944
Application_2046683533,0.15284220916840377,0.15502588291919744,0.3622014707104792
Application_2047886665,0.022950923809892314,0.08663495811885491,0.10253159770606791
Application_2048027930,0.4554390322831281,0.35642360503256165,0.31308751507305727
Application_2048171626,0.10974233391871792,0.09819839930413166,0.22193441288710833
Application_2048278308,0.037542203437952046,0.11136798722241692,0.2807624559637178
Application_2048323360,0.31139461134986385,0.4931071983811075,0.18088549531866147
Application_2048381730,0.5270229621615987,0.42145908603215265,0.2644997087761863
Application_2049849151,0.6815366977810582,0.35992870246452524,0.24119825064293418
Application_2051550880,0.06609146442936456,0.09945118198456751,0.18396578364464478
Application_2051799809,0.8822714880244098,0.306854863410945,0.23127519262313181
Application_2051951033,0.04611737713503214,0.15507114413026712,0.29981742151152263
Application_2051974818,0.03650538530306298,0.17111155349502363,0.27938117889867975
Application_2053272389,0.057620941776207975,0.15507114413026712,0.29981742151152263
Application_2053888323,0.41864677702552616,0.34781203086357093,0.30435172116802045
Application_2055100599,0.41534692507974574,0.3647361111770447,0.2499821097895821
Application_2055157815,0.006152122171412538,0.7371592620829337,0.014847545839650615
Application_2055185181,0.7850504529547541,0.39421668273720223,0.28667540405744224
Application_2056174200,0.03292893361103459,0.17656828881488226,0.29478972924947683
Application_2059632280,0.7064289931005467,0.3495560791741009,0.3156049476144232
Application_2060708769,0.8432438090460641,0.08868509287616283,0.1370965362177284
Application_2061020149,0.25912017721608066,0.33920543830724476,0.1924029136444689
Application_2061502784,0.7977011855382048,0.34788087850412514,0.26764598710900195
Application_2061784142,0.042564775323651494,0.13812707979079158,0.3233844225546042
Application_206222910,0.7531073552027413,0.2996129250087082,0.25301726647731093
Application_2063179478,0.9370351410822425,0.18975917248484328,0.18111434405830074
Application_2063828851,0.8247463862994205,0.35772951337448783,0.3200750080187491
Application_2064798594,0.7935670586109198,0.18618793686343954,0.18186080237840738
Application_2065559138,0.793676511714505,0.3760606092724347,0.2873320209248135
Application_2066939992,0.03830951358120503,0.10162730191042274,0.2786593139594716
Application_2067187791,0.02026950508555448,0.21622916402640968,0.3138265599188483
Application_2068853058,0.056843925861041464,0.1894352595206318,0.19577617153873372
Application_2069481439,0.7045127734491564,0.30167008923124755,0.238290115359845
Application_2069545303,0.8969231835922061,0.16427188176729507,0.1953717157860724
Application_207185826,0.6921937202343297,0.3957038518200339,0.25513733564250884
Application_2071863649,0.8294858021361965,0.37963034768893167,0.31264699270275753
Application_2073034588,0.8520017262832543,0.31755458762838323,0.24549813919868246
Application_207339253,0.007937649939724874,0.7160389659703777,0.02309071996101997
Application_20738828,0.07662045531057937,0.1819884314611782,0.2568020435502608
Application_2075014351,0.032949642975502534,0.10055673405014479,0.26861981607028973
Application_2076314524,0.2899402161176248,0.49091707791908834,0.18067697304464378
Application_2081068908,0.8125175689663074,0.35532299587872984,0.24828495017188396
Application_2081457336,0.04754629497308391,0.16765409392637318,0.28522273056673014
Application_2083683673,0.8574584285197622,0.4274765416086917,0.30023437482734355
Application_2084259712,0.02991650419409191,0.1294487898094784,0.17035446187141684
Application_2084774321,0.8382217157166999,0.4430694974562296,0.30042405273207085
Application_2084907175,0.9049110799942658,0.11546326026601952,0.12828101133113823
Application_2086545012,0.052267502672457465,0.16502704197740764,0.2824018101009326
Application_2086686091,0.810970873592483,0.38003544089986174,0.28242801744808915
Application_2086754710,0.8809148412480418,0.4896576972243838,0.34025050418543146
Application_2087006463,0.03761076372395244,0.29617280515683236,0.29038803991921025
Application_2087713022,0.7654668105861194,0.09379419266784408,0.11513782396803675
Application_2088099791,0.6418639601246107,0.30698122781893444,0.24895934690436938
Application_2088969676,0.7804724565276618,0.44068563056789967,0.26873330299310005
Application_2089315207,0.013494242071769181,0.6453087180656252,0.15361132427995736
Application_2089979544,0.8923198105129055,0.14060979855770694,0.191587188211796
Application_2090544740,0.8032923822482247,0.3777220000830761,0.326622835205495
Application_2090776603,0.533352865475719,0.18913451707276355,0.21789377604652194
Application_2091145908,0.6522814988877302,0.35642360503256165,0.31308751507305727
Application_2091517201,0.15633460728214865,0.09527458300286101,0.240666068036909
Application_2092228035,0.04441181188592113,0.14832636729221021,0.28688944678691214
Application_2094441836,0.5527908940907794,0.49638922754222425,0.28784981168959456
Application_2095793548,0.07180794762650246,0.2123072481999993,0.22377119747951021
Application_2097115739,0.025149437297063832,0.16654799867162148,0.21707502308333096
Application_2097420356,0.43123506449597493,0.341135854956677,0.2796111557305001
Application_2099334395,0.018443118772771685,0.718458623822809,0.03468407461991931
Application_2099511368,0.5708784826481549,0.3380675891404903,0.2680642882890225
Application_2100311621,0.8224067771388496,0.2793106307554703,0.25739477198765653
Application_2106173395,0.797362468014514,0.36370597164284385,0.24090704029433696
Application_2111973389,0.7526304277254432,0.3478488336266794,0.2354406011948854
Application_2112573494,0.4423196093403639,0.3365189289480076,0.25849048087454
Application_2113040289,0.5578002088029151,0.41654195020280427,0.29834976864313556
Application_2114671174,0.05194502645806706,0.17111155349502363,0.27938117889867975
Application_2115042059,0.4130598804081888,0.36184101396406115,0.2983984790491442
Application_2116062822,0.8073214728734658,0.37134379509003446,0.3034365056609445
Application_2116148116,0.7372973290292842,0.3368652035204831,0.2903019520211787
Application_2116821761,0.04872151631091464,0.16816323230420668,0.2860610434732203
Application_2116960252,0.008662485681161876,0.7329131787289314,0.015619681682970064
Application_2118057291,0.6686262740058301,0.38226692518927413,0.31403323509916126
Application_2118887844,0.1278459463577607,0.0395412230532845,0.2367578656462127
Application_212002191,0.7965826379360764,0.3794710011282476,0.23090791445406114
Application_2120715071,0.8422704721717859,0.2990653501465172,0.24837702812206056
Application_2121891434,0.03769086012561444,0.2181514425556893,0.16199795984166568
Application_2122792904,0.643629817245552,0.3620612199421316,0.2981616065014741
Application_2122822719,0.039652969785742974,0.15085170647053087,0.27164397450059724
Application_2122873300,0.02711045446151645,0.1703356054718584,0.16642259239784243
Application_2123204513,0.006569587688470996,0.7218480610422615,0.031567287532184685
Application_2124127933,0.7185007476419598,0.06299423085208061,0.0640923287439147
Application_2125694475,0.026411476446746556,0.14468133169351988,0.2848798270173221
Application_2128172349,0.564827230619417,0.23535677278756445,0.24064198767364817
Application_2128191185,0.03375866347313885,0.24672921982449547,0.2040393939286266
Application_2130486641,0.5211906217843146,0.3834077045327062,0.36196784166744056
Application_213211686,0.00751400472981056,0.7446500643166105,0.015646407124167715
Application_2133089583,0.06489679612361941,0.18895813179882878,0.19615924813649196
Application_2133818678,0.06262008829202222,0.1042770047288531,0.10855568176043666
Application_2137992191,0.8874999503058653,0.10925579170830008,0.17086614888022628
Application_2139692519,0.8976549313684069,0.2577584279799165,0.2688901577594609
Application_2140045431,0.8160878720923812,0.305347373299147,0.3247466370460192
Application_2140770767,0.7556410000783115,0.2973310999848249,0.33410042937962403
Application_214156122,0.0819464048818942,0.1578449721041299,0.2861074632899959
Application_2141999798,0.8056579587996998,0.18899982798590512,0.1691012256831394
Application_2142719268,0.6702138238791451,0.34702754986656426,0.3102272737708002
Application_2143988715,0.8241565667559042,0.33250657996291266,0.29117553590015965
Application_214453134,0.6153341968202446,0.4227648990563854,0.32695223056710165
Application_214453442,0.8136015428850045,0.3771723395031297,0.2280965195217924
Application_2144842406,0.5921070794049723,0.4445440099915858,0.26029795582171483
Application_2146296643,0.9408017934443159,0.16067916106986604,0.28353061108884353
Application_2147170228,0.025487212978773814,0.20132930505026891,0.27991549322752024
Application_216211515,0.04801341860715928,0.17380802183116414,0.28785074082383383
Application_21634890,0.8524066381453943,0.5080831400152875,0.358444347526636
Application_216444008,0.14263631572182994,0.020979041183648517,0.06449682102795651
Application_218547280,0.021569321399503235,0.23731563269888548,0.18849424749139373
Application_218707596,0.8412494449257493,0.3606308948159232,0.2686094175432302
Application_219576331,0.7344178880469536,0.42119146935504803,0.2762881775566014
Application_22019692,0.7651149766096154,0.3672052438807256,0.2725743015086233
Application_222629422,0.047689918784122154,0.13114241941052493,0.3172496441712514
Application_222827091,0.7625460293099743,0.4065361132534948,0.25245038980633916
Application_225586063,0.7072349371449079,0.35607056491663003,0.3074570691610883
Application_226209957,0.9009777538611806,0.2770014428075037,0.29877643932685327
Application_2264928,0.4700866107942171,0.35404036886814516,0.28862748669068755
Application_227170121,0.04216812696117314,0.1599318993805045,0.27508043715997504
Application_227670423,0.03699743226901801,0.1796601563175295,0.3040869159897651
Application_228373770,0.7192288159595625,0.34702754986656426,0.3102272737708002
Application_228928958,0.9207289603522072,0.14688643833737827,0.2184987622729581
Application_229012140,0.8239990838496035,0.3717616407434583,0.28057854078814254
Application_229606305,0.008637563824448583,0.7528223983516648,0.023991840981941653
Application_231527175,0.5480687743849167,0.368648274552486,0.30533974658205515
Application_231751553,0.3908614528019455,0.35709074796258183,0.3079020693828315
Application_232254008,0.6677138695632445,0.3473755753589518,0.2893015372423231
Application_233064512,0.03360209847706594,0.2354385847070452,0.32630820740595873
Application_233989937,0.862105614990868,0.3800917620468183,0.26920839446636585
Application_235535721,0.09875514038028671,0.27410758340303365,0.22732733087465035
Application_236717130,0.6636853536340254,0.34350262548981275,0.30985335712178613
Application_237775087,0.04229112367935703,0.08833050257774366,0.28471821057166685
Application_238546830,0.08606592160488569,0.16140946590813732,0.33030754516676347
Application_240111953,0.03155180750230992,0.1257952851890225,0.28455617467853755
Application_241318555,0.8476085033572586,0.35980334240513656,0.22381689757651252
Application_242709495,0.00988949183949249,0.30267538686663337,0.22062374572649845
Application_242826105,0.0624077453436545,0.19927420402767998,0.32371860386851015
Application_243887576,0.034759982264594966,0.1468743110059739,0.32307282827187117
Application_244396187,0.866734123509536,0.34835511430062877,0.3180942463454563
Application_245123210,0.6153341968202446,0.43259466998871576,0.3262354712899085
Application_246097895,0.8087995609831485,0.37679389613737335,0.21901657745106803
Application_247317164,0.09153324476893054,0.20390679380465027,0.17744608168695294
Application_25063668,0.023970556237529524,0.0935146394978231,0.28870683303857464
Application_251097614,0.04267732442387776,0.1539885006428713,0.2705611478180802
Application_251304842,0.014656093543288569,0.7252704617410954,0.015513513129403429
Application_251670774,0.8053796823009159,0.45117452170532124,0.3037101943534455
Application_252272828,0.05289358367621272,0.20365898471732655,0.2542035880759684
Application_253227112,0.8243351092883002,0.33094717186568623,0.29406706380821357
Application_254824641,0.0475740731589572,0.08511656321413036,0.29689910731548563
Application_254836121,0.5569465853647986,0.427806770512426,0.2757888005010014
Application_255370233,0.9259978224247994,0.13478538848054988,0.18885274950298142
Application_255496047,0.05420402448004333,0.05663768091816235,0.09682420603321794
Application_257082685,0.03508217546123811,0.10404155616602584,0.27305750409178503
Application_257928635,0.7627354525373566,0.33540309344831276,0.3095084937736751
Application_2595810,0.8359792620472581,0.36101637976474554,0.32171573482892735
Application_260257809,0.7040684710626539,0.3368259489173206,0.30881364430653413
Application_260635392,0.8932865248258259,0.21178161879699742,0.21655254329554924
Application_260702936,0.5708829040335335,0.3392718345264952,0.32834444518631306
Application_267475970,0.05104776956483042,0.3284467809645176,0.23010366120345122
Application_268406883,0.04623830528268731,0.16696398092637438,0.28097037496450866
Application_268523137,0.036029268606978436,0.16243657250235188,0.30763700013538847
Application_269341222,0.8082734177836834,0.312237049471848,0.25920255403214837
Application_2694097,0.8659656166219319,0.31755458762838323,0.24549813919868246
Application_26954699,0.8395638845548268,0.4274765416086917,0.30023437482734355
Application_269862060,0.006209491573212366,0.6913295049830368,0.023780789064695506
Application_270485252,0.062385232887281684,0.23135370573688557,0.24997726475857238
Application_270506031,0.010852386324402517,0.7441878582338214,0.015936840708777534
Application_270571049,0.8699228384651633,0.12583661890117698,0.12637834907520334
Application_272933056,0.772840871730813,0.3483640193225818,0.2951200792366095
Application_274240684,0.6824128625506642,0.3555388995171152,0.3081400170995013
Application_276603327,0.07729444020425494,0.05754922846906868,0.12624628743480165
Application_276618599,0.7983683581653345,0.15071981089531886,0.2167520194765827
Application_277127069,0.5235355299362107,0.3730599697696919,0.3235876388136512
Application_277674975,0.7966688620983448,0.3596685595422505,0.2319845139895685
Application_281838380,0.04815767319495576,0.17231433830184403,0.2871105676707103
Application_282114630,0.04084434964887409,0.13829036452542415,0.3318538943435423
Application_282254984,0.5981799271763104,0.4248927037097546,0.28766992385541895
Application_286137335,0.811447239950485,0.35361492999711597,0.28869137936074113
Application_288925921,0.007522650480440735,0.7332896199076724,0.019034735150983872
Application_28930757,0.021684350257713113,0.3090002208928503,0.20458658991740575
Application_291332257,0.010348416141141289,0.7430653174339229,0.015983427753256695
Application_292094395,0.027645685084940124,0.1784287657817518,0.3157872381887507
Application_292866700,0.043219022576460375,0.15700808307923386,0.29829771031877134
Application_293379010,0.7094056891688229,0.4343777002300114,0.28839367705397984
Application_294013307,0.0926286273669269,0.21160805668680047,0.30412936798060886
Application_294586112,0.7379145245783288,0.3847177360559686,0.30381637522961336
Application_295284443,0.6035252344550229,0.4214858570853011,0.3258929915065119
Application_296888635,0.7415017169503185,0.3285082302421338,0.2449019847669892
Application_298129713,0.637355164913452,0.4693688413533016,0.28851160464250786
Application_298744583,0.7248246994436431,0.4429110129761347,0.33623439675534017
Application_299068395,0.021566570784586413,0.7871384043789054,0.03209008588198996
Application_299209464,0.4396709516996624,0.31824957778100865,0.22464960463326314
Application_299698075,0.8930723026578492,0.2503219056934471,0.2986359768512643
Application_301727231,0.06519562098866623,0.1350241167201508,0.25881657701990973
Application_303703837,0.04028425896818714,0.3614503008151468,0.2051939649656271
Application_303866233,0.8826020563046639,0.38814420517943227,0.28521394243208015
Application_304004510,0.04360943737327974,0.11873181578734762,0.2966604497003
Application_306086229,0.8043550851418145,0.3907884093901513,0.2860159221758634
Application_306812685,0.8325963451454127,0.40913289813550496,0.27642965067227254
Application_307801348,0.009218214952803625,0.7209822810855486,0.020681424910081306
Application_308066254,0.4155228506940702,0.26301556050667013,0.12804267356261823
Application_308748254,0.8314066550691791,0.3366409314164149,0.2947998828273034
Application_309815171,0.05127413379771204,0.1717442734718936,0.3106368524978621
Application_310417357,0.054476158757366604,0.18879187826087404,0.2588079003304668
Application_312166095,0.7223776370020285,0.36473878684137784,0.3125209063039666
Application_312224974,0.07473492132595219,0.2933112541783013,0.19903012729628292
Application_313152544,0.041496905089433246,0.13946060872592383,0.30399656805879
Application_313527996,0.7842063517455706,0.3495358462534447,0.3123544338035886
Application_314854055,0.049142868083266955,0.1011177398647552,0.29610403813837455
Application_31519304,0.8515376178426868,0.33512087442719246,0.2606511187114065
Application_315782607,0.864993061220028,0.41631502734916853,0.27949126998475166
Application_31697623,0.9245102281906793,0.17060927027371234,0.19447382276773736
Application_317789291,0.8932495688117613,0.07647233861478564,0.06772692635440045
Application_319284701,0.8820438466332899,0.3798881671640726,0.28710406577647746
Application_319847090,0.01670228513279725,0.2718356716310331,0.1823750384036893
Application_320538845,0.013739210161351106,0.6823152141753903,0.12465414634966533
Application_321053191,0.012714193771051856,0.7097746591120295,0.03525965777040827
Application_322297326,0.026405006204789652,0.15901758317266934,0.1803102951475151
Application_323040575,0.8471278980093834,0.44213988084825434,0.29529868299937423
Application_324026343,0.6992191429941186,0.35882522796514316,0.2989148009735273
Application_326473270,0.04237271102076638,0.15985349614789915,0.2720377538092752
Application_327072822,0.8255819222037467,0.4050497491219824,0.30717736032480936
Application_327149374,0.719330475679676,0.40296351535439223,0.28615538096548304
Application_328046969,0.022998543179063618,0.13889993745906112,0.18826651796986862
Application_328120747,0.7030929890186979,0.10125963767506557,0.13312158198067833
Application_329140480,0.017065252566819848,0.295935631679338,0.20989436810071774
Application_330251746,0.5759864074650971,0.3028295439908877,0.25809379928364085
Application_332704649,0.08608748754775866,0.13361110707659024,0.30074061075715214
Application_332811786,0.8367853940727469,0.3910002500008385,0.232171954948324
Application_335537557,0.7283879747700477,0.350557642672598,0.23370133626533732
Application_33745946,0.8730962464294878,0.14259690141309347,0.1603311163813807
Application_339123229,0.09336674933664313,0.0537760670846833,0.08326269582302667
Application_339123431,0.5979488426589948,0.41455492395688154,0.28931696552010744
Application_339327672,0.7379363218724865,0.2814403796400502,0.2028444606955361
Application_339730120,0.06511552875250536,0.13789140747504433,0.32902203295763105
Application_340094554,0.05467659879273395,0.11060839950490148,0.274059323351955
Application_340321174,0.9350954941771511,0.1374525737917429,0.2352378976271713
Application_341875321,0.0422423714304407,0.13338289164323303,0.3219803284405308
Application_343088948,0.8812477255095599,0.42280664040158566,0.2773873250347939
Application_343744148,0.06199880577732227,0.10071328968067034,0.17899012294867084
Application_345264629,0.5831746418959034,0.4660668677792732,0.29552197456893814
Application_346568508,0.7082815722422022,0.3605578050525409,0.28532009874928926
Application_346829278,0.062069360857200426,0.3085139231092908,0.2554260965466964
Application_346848867,0.8171923029906628,0.4908853094663151,0.35366012904164285
Application_346988751,0.9103419242888268,0.14816084925739412,0.14269832388097387
Application_347922674,0.12960705986865662,0.07315441330213068,0.27241720583453827
Application_348990686,0.04969577431504041,0.16583697893088595,0.3017018691129384
Application_349515920,0.03241588846171503,0.3278650619872538,0.1962950018497546
Application_349709198,0.5980921901294165,0.4063193795702982,0.3313486924002095
Application_350793850,0.04795989723235376,0.27198803125349985,0.2006490101426269
Application_352165642,0.0288335102966114,0.22393457232955277,0.19713296097561714
Application_354855594,0.8242312749968794,0.4089502178476971,0.27759301065459163
Application_354865116,0.09063150410395814,0.22371201368872504,0.2659412113261644
Application_354974392,0.877219424058162,0.22938975877418777,0.22538633428252938
Application_355701690,0.049971847725671564,0.12829323699201092,0.2776686302185296
Application_356808628,0.04943145514793478,0.111765861351167,0.31344201821377016
Application_35738339,0.8745786490551698,0.31118324771402783,0.2620422870534254
Application_35745002,0.9212400315439412,0.33762039339945554,0.22929437931354488
Application_357880380,0.8555445596747377,0.3774402272269125,0.3122865776138178
Application_359276048,0.031018072661295523,0.7131080880179601,0.03763222185512514
Application_360217923,0.771031047873565,0.3877192417578483,0.29477809517141756
Application_361573979,0.8363871265988332,0.4424568416834799,0.30971641070595296
Application_362543186,0.017908475053231718,0.2646110648856701,0.20489936189572028
Application_365332446,0.6142993411443962,0.4144432889441712,0.28028002702126203
Application_365485542,0.8407465873545564,0.37972268670321474,0.24953128815228878
Application_366121400,0.036948268220223394,0.24348378663615325,0.19015909207690407
Application_367455904,0.05349263465709727,0.10919116628552092,0.2953108779428381
Application_368167256,0.6046327280960414,0.4214858570853011,0.3258929915065119
Application_36831628,0.00484881013769769,0.7062120431103244,0.026569256238618492
Application_368529383,0.6944848423219719,0.35899707017972415,0.2933301446781302
Application_368638647,0.1418630333667294,0.07183509707344804,0.2921624666765978
Application_370126110,0.8260134324511376,0.36383329679816345,0.2635464383596023
Application_372912766,0.3559757871810942,0.27621476314508286,0.2585678260896053
Application_373875255,0.6929473146492662,0.35133695524032243,0.30471899869813307
Application_376118809,0.7899759463162807,0.19821446486172217,0.226610201815387
Application_377692746,0.006240081641498492,0.7399937634011491,0.01620639732599322
Application_37787490,0.8313835598320395,0.4508933895185498,0.3072956882676971
Application_380097845,0.9218167239971773,0.1746401725688901,0.25369190502763067
Application_380770908,0.09221799895156271,0.11925532569749608,0.2571277722337262
Application_38081486,0.027445613586678325,0.17622633261690143,0.17449160863673588
Application_380969432,0.8231017603227505,0.3861219607413488,0.3102934592222581
Application_381087716,0.041012448372427714,0.12555164657188825,0.3101360436162697
Application_384814296,0.05787191319989274,0.0483091885891867,0.0757454036731584
Application_384835333,0.7979390685918836,0.37603097773140415,0.3340894813426163
Application_385045680,0.7685891331475625,0.39903728642034253,0.28817089592412315
Application_38536393,0.8514623092545911,0.3578411013629938,0.29836222738409013
Application_386657742,0.4274355154338586,0.3153025617728754,0.2509648694424152
Application_387778376,0.04588929007372287,0.07780485313236454,0.13297274181828028
Application_389831964,0.48539349248650726,0.3122456882129972,0.25237678476084363
Application_389962709,0.6114623171222087,0.19290134551289012,0.11711864455881717
Application_391099640,0.03919539318737335,0.1279751522429604,0.3197837817177092
Application_392275405,0.033490227223755345,0.10951862976554755,0.3071216946976332
Application_394037983,0.7956195107834708,0.3453185493229238,0.2944938677194069
Application_394946724,0.05032258385737715,0.2282698704832564,0.22434980966403006
Application_396027178,0.902478505776004,0.14274042463471598,0.23822314419853188
Application_397038537,0.6452514759058792,0.35028216677720847,0.2930844958853053
Application_398065440,0.7759570177520833,0.5103857934167851,0.35849288180008476
Application_398250446,0.7808449647707393,0.1365616837507372,0.1266295759050203
Application_398311287,0.7845607900344325,0.36125828891364103,0.29672158410701027
Application_399001926,0.917911744381016,0.14928020726956787,0.18037237708512063
Application_399934391,0.5463246200541415,0.3790231966901313,0.31519057044148757
Application_402938046,0.02941664017663418,0.14327653399222212,0.17881415766631714
Application_403304705,0.9121272021660161,0.1011403837343389,0.12165716763720981
Application_40403797,0.5981362425617633,0.09418283074718997,0.06514350197490537
Application_407461155,0.7868699548585677,0.14393406000193265,0.13790028496507287
Application_408864407,0.7273677299237647,0.3402991265334215,0.2470590801864273
Application_409154003,0.029188551005909447,0.09801781698186579,0.3021708746910944
Application_410056038,0.029790852888414394,0.2157456907468457,0.2431309428687252
Application_412434860,0.05368556533393641,0.04722009655545234,0.10153669369149927
Application_413047262,0.2995969622481254,0.25014406072442313,0.1291395561389627
Application_413991815,0.8764371495904686,0.18771838783653128,0.17820059830982712
Application_414227837,0.9360670300538924,0.13413136456288394,0.20134370076309255
Application_416188880,0.8180899299279029,0.3510632781624345,0.296329085987276
Application_416694962,0.8468293246050936,0.3502243642583608,0.2931103051211141
Application_418738843,0.9122990995785479,0.19657637471141362,0.20747926552954155
Application_419933910,0.6104082218041605,0.491791195419066,0.279629417600623
Application_420380783,0.8849361268812642,0.09278591202848971,0.14047093119387055
Application_420599570,0.04770646021505646,0.2709067167521932,0.19228848241332414
Application_421465179,0.391496805223256,0.39228177216208365,0.33029205366181535
Application_422637212,0.9348341676352552,0.1396729974870592,0.21883825942631352
Application_42337394,0.5639510059428771,0.4131991512256824,0.28463131100773786
Application_424064154,0.6977010879153889,0.4195580091886912,0.2897529063146177
Application_424977058,0.31748697530708,0.4931071983811075,0.18088549531866147
Application_427316676,0.8006696162150314,0.34724029305675247,0.3043851105239617
Application_427975818,0.055325758104679115,0.14942461964587886,0.2753107738188563
Application_428745471,0.7958134388359296,0.3468779574201502,0.2915981430971596
Application_428955021,0.008621722942610622,0.7292112059717302,0.021288015475314368
Application_432430277,0.036015885461089095,0.09851583098737576,0.3004537988017447
Application_434354946,0.8143194253043683,0.37177392938755766,0.2930174257150561
Application_434840997,0.8280052150806722,0.40418461452567417,0.3006032121885913
Application_438711887,,,
Application_440695787,0.6446097740256236,0.35493407247854253,0.3130273413083541
Application_440813334,0.6638918017268758,0.3664368940552956,0.2921626799861052
Application_441853106,0.8991804364495971,0.14458543562915757,0.20298573650881377
Application_441988653,0.010090412446035086,0.7448395150193198,0.015077428961560157
Application_444595223,0.6892087085134335,0.3543763597000066,0.23442987808118831
Application_445609887,0.46951608468306466,0.35845899685529403,0.31340508817415863
Application_447126113,0.7990336767853979,0.3325730582884228,0.3163532286272661
Application_447138954,0.8752034007555972,0.38825296592520814,0.2710260187869379
Application_448145454,0.6957530910157653,0.3516713222943963,0.3138247429501382
Application_44859446,0.8786078377226039,0.3135763722296887,0.25206582141157374
Application_44899860,0.04886158044966126,0.24717421033546744,0.18323043905666522
Application_449256078,0.007458931669560478,0.7447290591112863,0.022333738562366617
Application_450127919,0.024414875785761223,0.2839545339709803,0.18540807943443338
Application_450250534,0.08901056507505839,0.18557985724672543,0.2480650163107394
Application_450974072,0.06186110846232679,0.30412295840212406,0.25526484017354123
Application_451838490,0.7428148442276246,0.42535868713130054,0.3002302670837934
Application_452728375,0.01903150218698702,0.6366003521664914,0.19877471976367622
Application_453833865,0.4533052359604393,0.4344826693882309,0.2938461063473063
Application_453847467,0.6669318407929147,0.487076112946879,0.2907257265591077
Application_454064051,0.012559940275888467,0.7162420845130808,0.020603987634014588
Application_455616073,0.09244500396677484,0.13513997186851723,0.33030217940194
Application_455972560,0.8668694154020339,0.4252090239784387,0.2785339085387254
Application_456023338,0.03541079360510678,0.3156258919715255,0.2631094657238832
Application_457947056,0.4192354054178879,0.5395010460510329,0.18847608819856024
Application_458227713,0.7024372738995861,0.3565959205836498,0.2175065944311538
Application_460231462,0.04518258058540403,0.27513471513323257,0.26595505288416016
Application_460974455,0.025409232303802435,0.23131327677094002,0.160664441533568
Application_461107030,0.8855101277298777,0.12121564664044096,0.2178419127645603
Application_461173805,0.7899336546296981,0.3458115928128188,0.31281445479619896
Application_462216549,0.09104004895195264,0.11653418865105386,0.3258701889995287
Application_462882090,0.6419932284430532,0.35493407247854253,0.3130273413083541
Application_465680144,0.8632949663169933,0.38291165723337783,0.30948781781330964
Application_465715339,0.031728285823356364,0.22916068484554666,0.175676775068904
Application_466068830,0.030500516145482284,0.1718086368474393,0.30127712941690654
Application_467957342,0.02279021838991971,0.26631645645362595,0.18716450280869112
Application_470096249,0.299366343358964,0.5333700713632703,0.16421492651095235
Application_472820667,0.02110663068570201,0.10836512524555961,0.15639318262988053
Application_474380883,0.9126226163153424,0.13444872312059286,0.1279261479521371
Application_474487263,0.7776513049813013,0.40091021901582546,0.23157347558535832
Application_475062324,0.03613268929003583,0.10214784736365382,0.2878425676035505
Application_479645384,0.8642670079478364,0.41339103597340165,0.27323619827120743
Application_480070910,0.7518056162737933,0.17115255243029034,0.25301418805060316
Application_481277636,0.04881882257551624,0.23323054485999137,0.3406333890688497
Application_483074478,0.02284663460652498,0.15162283941511548,0.2019529828455378
Application_483126363,0.34023013482923875,0.5087530175141822,0.3267792184184247
Application_483931042,0.03801028356086261,0.24670399267306914,0.18895719829150698
Application_485368165,0.10231822888589617,0.2899119245470323,0.3141430571087864
Application_485567867,0.5562688574742922,0.1807740104252836,0.12484143482950404
Application_48606429,0.9054314885400432,0.12108297494829709,0.18176657966632992
Application_489972645,0.0350078455841597,0.1283071845666545,0.16608733085395694
Application_491192717,0.8661744421059299,0.733117473047777,0.5430148598455297
Application_492258182,0.7057387310360888,0.3615520815642981,0.29728783242893625
Application_492292182,0.15229611148780758,0.062044686621542444,0.21510386849942587
Application_494960481,0.6124942455178263,0.42879201983285326,0.2761581814158466
Application_495428388,0.04732242040399948,0.15563515648326692,0.2547315287832289
Application_496111899,0.8950036852564841,0.18576992067659223,0.22279280764951112
Application_496532501,0.88170168631388,0.12198210346477051,0.11978524892759279
Application_49717724,0.04780031091126252,0.20337197492068254,0.18449421492675178
Application_497474417,0.02163630455617988,0.6805629917634748,0.06358397994122565
Application_498556066,0.035592941298518074,0.14171876738735764,0.28453813078076173
Application_5006458,0.06271744482039003,0.2258432631301925,0.2261703208074189
Application_505138130,0.007415461842715739,0.7166528604636019,0.01780836669019801
Application_507755204,0.7583599573516965,0.42214638577313873,0.24617135351486252
Application_508938604,0.0780166963491545,0.11245747998109851,0.33474428995639127
Application_509693034,0.005148385983793419,0.746452114675831,0.015604437981685391
Application_510096383,0.045414993680917226,0.22253045169117808,0.3106793430828352
Application_511259546,0.7183127964376962,0.3936403560304744,0.28623425376300915
Application_51182407,0.784365302153971,0.344065723974481,0.24430001703355786
Application_512079496,0.04318173389573353,0.16280584288572716,0.3043861190859236
Application_512884075,0.03801848694483133,0.24469706876729896,0.164748179587985
Application_514052232,0.06637516230215128,0.307021452573847,0.24972403775974514
Application_51430642,0.8682185219654456,0.2923291784461375,0.27476719722501813
Application_516500707,0.6163006862064299,0.4131991512256824,0.28463131100773786
Application_518047810,0.04400261696041342,0.2024122514155748,0.2641852111483425
Application_518595534,0.8805013528867552,0.15228149454603895,0.16681055671053555
Application_518624776,0.6756233613434843,0.28091841081794544,0.27156137986797957
Application_518752038,0.7022613064141031,0.5028484028781923,0.3158537224666054
Application_5188726,0.04034860876121499,0.20473945598791077,0.31390417261836706
Application_519214643,0.6501454238265133,0.4358708610205593,0.27724560874043636
Application_519801050,0.661121773642317,0.34781203086357093,0.30435172116802045
Application_520506247,0.03891391649936287,0.09384214572477059,0.3039724315276818
Application_521305631,0.5758595500702917,0.41424935564017196,0.2905566455790758
Application_522420767,0.06250777177663562,0.1881142197782019,0.2548798301490291
Application_525459142,0.45858459118159706,0.4258682630332401,0.3395298407562094
Application_526257863,0.7070218654024076,0.30919136552464227,0.32209274570224183
Application_527482957,0.46388427056003967,0.3502698313113282,0.2789890851771381
Application_528406867,0.789800952688524,0.3744589723566471,0.31242125767214535
Application_528558455,0.848840208411646,0.11935453564253856,0.14032398703940663
Application_532956567,0.8739012497725623,0.3282761090875468,0.25000146852810956
Application_533079487,0.02662599637731056,0.21964142344125248,0.18156909379856268
Application_53352885,0.028670147675599167,0.16615049873535642,0.168726848952133
Application_536009009,0.8389857266749371,0.15641794958934366,0.18991091527023266
Application_536051300,0.032589700034806685,0.09280447479783033,0.10802583914675315
Application_536638211,0.7810320423772251,0.06457974936403327,0.09195237251799174
Application_537005538,0.7366805143570757,0.3966839084069109,0.27542894314160044
Application_538311021,0.8875835062934556,0.14133485863407355,0.151787469510827
Application_538869641,0.7827489735101869,0.29900593387776486,0.30152056939596067
Application_539120928,0.06547684799246292,0.03884336920042458,0.07341867127574273
Application_539162249,0.015418976369940787,0.11309574034692518,0.16806599682229914
Application_540373333,0.0545847324164124,0.04528744691080444,0.08731460912942506
Application_541146763,0.09532569294845455,0.15069601937603586,0.12928139309066994
Application_541694777,0.8870631538137582,0.20887453396538752,0.20373240373849288
Application_542632548,0.6124942455178263,0.42879201983285326,0.2761581814158466
Application_542782205,0.2660131457453719,0.5197482430014491,0.34073621875761256
Application_543098684,0.03233855040910719,0.11105146413424746,0.3120502163693689
Application_543513898,0.8833982909334506,0.3815567859929432,0.246693779973804
Application_545474396,0.05376686956422337,0.1751392991580475,0.18567864508899914
Application_547720957,0.035262214417981254,0.09610077571657666,0.3054515827519634
Application_547842527,0.8333485007905926,0.05273012824896056,0.13320520411985354
Application_548136507,0.1489632225633079,0.12020183460886272,0.23083542720043507
Application_548377578,0.028205435950646618,0.30498039148158274,0.22241398267755663
Application_54902350,0.8800786475381527,0.1322130539235126,0.1191305965731241
Application_549264279,0.014842935281770676,0.14294762250949042,0.3147432927754581
Application_549547786,0.39908937994261406,0.39276370225201984,0.3033901351843634
Application_549826152,0.03508589185013248,0.15913372176557342,0.1701257566173239
Application_554480592,0.05781874434612203,0.26368692233318336,0.27977968453460733
Application_558507947,0.7041733591302322,0.362256124104827,0.23655082491686208
Application_559239075,0.8479793765856117,0.3734664698597986,0.299467977836306
Application_559246751,0.43099186403097745,0.4002088327836624,0.2757613180056897
Application_559380460,0.22124949485496884,0.10933894512602199,0.27703436367596934
Application_560070722,0.07481106868537263,0.08451558311725088,0.2964047841499726
Application_56106793,0.8114481133510077,0.40913289813550496,0.27642965067227254
Application_561835971,0.6998420621473509,0.36879770083919106,0.29499088904215015
Application_563590726,0.47433041754319044,0.4258682630332401,0.3395298407562094
Application_563891423,0.5658037444242726,0.4276956105392427,0.3124974784102214
Application_564834372,0.013821364812960334,0.6959917972687446,0.02788792163132784
Application_565667109,0.008337459235290385,0.7339123384028409,0.016192269960638106
Application_565689430,0.03458692199696194,0.36119750649034604,0.25800380186447647
Application_565743734,0.617560336777472,0.40418337108900965,0.284959313674765
Application_566347979,0.47429199293631485,0.11487222898647997,0.11382488682917218
Application_566670119,0.8612322462651532,0.4321781974438493,0.29225222735025747
Application_56691092,0.061602998585717085,0.2615272925825816,0.18619614641444945
Application_568127104,0.8252493502181144,0.41878593336725467,0.2944149204460549
Application_570165308,0.8781228971618233,0.1500097995165636,0.21343636516415024
Application_574500271,0.7870761301174266,0.23684104663275052,0.262592702314315
Application_575764720,0.7620632164280641,0.3412439038805054,0.30997259339608835
Application_576386053,0.15418332223077288,0.14104344621228873,0.2637197229207587
Application_577888910,0.7476747496757078,0.533953153162804,0.36137838076004086
Application_578344284,0.2858613421833982,0.5129494845283716,0.13822139969496397
Application_579153284,0.7015822651636179,0.3533594552701542,0.30801419126658114
Application_579275809,0.03132437454473018,0.19911714221095303,0.16457386834795548
Application_579349612,0.03914713913588976,0.19840548874899827,0.3035408536302414
Application_583747115,0.6551865471134466,0.38184183358759555,0.2535351411263046
Application_58375214,0.8465100898677709,0.5834310401731422,0.4836543328086608
Application_584583269,0.6787757489746549,0.3523474426359168,0.30943007212006746
Application_584717195,0.043000174268997306,0.15769819607923266,0.30281230706144974
Application_585298607,0.40274070229099523,0.35845899685529403,0.31340508817415863
Application_586839753,0.027407474179646656,0.007557868138213908,0.05479428479769827
Application_586877291,0.06092597718228236,0.11133167845591449,0.31635245086652647
Application_586969154,0.022885740901154066,0.045592735280541585,0.07965217493327045
Application_587119833,0.01227243645530113,0.7439693956619349,0.015025553069604446
Application_588758280,0.8536902414043674,0.41631502734916853,0.27949126998475166
Application_589041415,0.7943469111269141,0.2947594601487764,0.215981585436192
Application_589186855,0.04507308640184172,0.18526278714373684,0.16783620280336753
Application_589719704,0.8228129477862719,0.37907477261605405,0.2941474460036994
Application_590010761,0.027606269343465762,0.0739329096589798,0.08170656172786753
Application_590215732,0.8764588305659597,0.10050583283315431,0.1346649585789714
Application_5904996,0.02475234424439113,0.7774439309646793,0.024958737947232894
Application_591439695,0.17054501997600854,0.07269715429076029,0.23002459232390288
Application_591454326,0.7122134526347129,0.3914231325680269,0.2912054118888001
Application_592481165,0.7842063517455706,0.3495358462534447,0.3123544338035886
Application_592605828,0.2709488633802846,0.5104624594739743,0.3640335240123133
Application_592613102,0.05538605426549781,0.0655499889181912,0.10232288944636837
Application_594581112,0.7229177513902744,0.41467311135709556,0.24198659823011787
Application_596049851,0.047522527957894634,0.142136801492954,0.28375715318627337
Application_596574084,0.02555834312052107,0.2192965371060225,0.1776701040012294
Application_597065437,0.5060746060467582,0.48142305713991174,0.27876545438229816
Application_597372127,0.0848798261206436,0.18477730179972396,0.2264878202282182
Application_597486380,0.5280886152691276,0.4178138625220486,0.2865416097332071
Application_597721884,0.9024352557200797,0.3537277907136701,0.22895533787441474
Application_598141849,0.7423006709035401,0.32403809918414905,0.22061566120895648
Application_59876773,0.030329671966532974,0.17751816173046792,0.1994454696755101
Application_601584106,0.8944887078736002,0.17210342317444932,0.18400647720073654
Application_604537136,0.040854234969877466,0.26166978693876997,0.18663907823578968
Application_604648984,0.11043952129286519,0.074769226960199,0.22711230791495562
Application_604870238,0.007703474014011161,0.74276895757253,0.017788776667216667
Application_606749031,0.05070406815531103,0.19808273061464127,0.3202450635956924
Application_608775916,0.03380384648102555,0.2167919856240237,0.1856491316415481
Application_608845327,0.14293995921912916,0.07369876294979866,0.2572420211321249
Application_609139308,0.07347259988748275,0.2530043660175544,0.279008462053612
Application_609719509,0.03654421704790536,0.2830514085002406,0.21262974380881686
Application_610454003,0.6685285714321241,0.34803470224990773,0.3093710414164507
Application_614334599,0.8184312558076845,0.340925638732228,0.3005322280581091
Application_614810920,0.03327280229869413,0.12237717573618181,0.30441320543333356
Application_616416650,0.0421976939084105,0.16765409392637318,0.28522273056673014
Application_616910723,0.4755444431003625,0.36201388903502385,0.30733174750516223
Application_617035933,0.20116232968763603,0.17026707205611014,0.33280600483336903
Application_617376389,0.7295922740505362,0.33762919201783476,0.28793685596667895
Application_617431825,0.05829009552479257,0.1678678253962645,0.17166919944397063
Application_617539010,0.9455316514426072,0.10142013097362879,0.18458243534044658
Application_620336293,0.0742960021612119,0.11182538794341723,0.2859906234147456
Application_622068312,0.7849105617570089,0.3923045111294645,0.28732135512825324
Application_622214446,0.782484872348562,0.3731625605740979,0.2887896199400188
Application_622417263,0.010832943564548243,0.742994989044151,0.017269023948121656
Application_622543878,0.1320205839319406,0.12237651976250544,0.23535885764109202
Application_625101684,0.053112144221660905,0.13770542887636583,0.1861788291024732
Application_625857025,0.5905452243631639,0.31419194084557034,0.27192807460810337
Application_626884278,0.7545899511063551,0.5293476091705843,0.3636185062585767
Application_629693731,0.0337116519185577,0.11244212198728423,0.316427154144745
Application_631716992,0.8459463345323615,0.36179417281845294,0.2811764514575508
Application_631740354,0.5007431959763087,0.36625317063862517,0.29382836884901176
Application_631788418,0.5998896524870614,0.5609914267713869,0.33962812481453253
Application_632866158,0.05935376167676583,0.5220417858741984,0.14404743195896733
Application_632913675,0.0069411705908272005,0.7533395363060986,0.01710647376536249
Application_633371797,0.028416417096884885,0.14707918038235862,0.16750775486637856
Application_633655173,0.47799693107545715,0.3418214006531155,0.2846446848722658
Application_634353469,0.9325539075862774,0.20120014584308646,0.27054743621830674
Application_634898760,0.04667486028345884,0.11873181578734762,0.2966604497003
Application_635576510,0.785905096819033,0.325478852455053,0.252880190482815
Application_637222323,0.08182730551634405,0.2657071801247493,0.22225248624807406
Application_637297513,0.024338450055506774,0.15985349614789915,0.2720377538092752
Application_637712751,0.5856319196334755,0.40207093728061216,0.31884907130293005
Application_637748400,0.036264541862551465,0.1719620733125919,0.28102377996664657
Application_638041030,0.10266674113864334,0.19113082494508263,0.31171573751262804
Application_639747826,0.0194752555586457,0.684128775136039,0.15112938046232682
Application_63986078,0.05147677886179961,0.11421084580373864,0.2567544148345431
Application_640176586,0.07509685130479804,0.11784640119205692,0.31918881318171866
Application_641457453,0.0826209143956974,0.3026406675852664,0.30627906652974934
Application_642553020,0.8720815307120413,0.17158499966888657,0.19128765442616338
Application_642608905,0.24181252614676665,0.48702761855178567,0.12919999851662975
Application_643047755,0.7841846216188314,0.32189817069007765,0.28933710316212385
Application_644340095,0.03909306565264478,0.1026689035638452,0.3059797969144953
Application_644684670,0.8958114126971243,0.07618169855923301,0.1300907318260347
Application_645328035,0.17466784334849716,0.040439269596024396,0.26125181116113616
Application_646977549,0.4662332861779021,0.3931735052734598,0.2975498749927101
Application_653567105,0.4662285300103257,0.4319362324000955,0.28988585664420635
Application_656903784,0.15826959217720865,0.0285475386725344,0.24325830011359656
Application_659941685,0.8375282512564273,0.36980087704492065,0.3221456804054262
Application_661370338,0.03601160585954052,0.16175491637408052,0.2829031159879363
Application_661982228,0.016210453353463085,0.7463622670113143,0.018463441405869124
Application_663134091,0.8574797412093135,0.23069276736524968,0.2233122166679553
Application_664337168,0.7467103953749314,0.3885617690166611,0.33498846262217613
Application_66451278,0.029114762441868742,0.18035800787607123,0.16976540422941588
Application_665637236,0.7583616185322725,0.47689613621278454,0.285262964127449
Application_666250035,0.8393799953064721,0.389924557926169,0.2820824883691717
Application_668072382,0.03948234041335805,0.1546372295406604,0.26833190147971575
Application_668326847,0.046351449251509115,0.1387180753734489,0.1686399474966596
Application_670470325,0.8480418208330046,0.3849063410102926,0.32371714857389333
Application_671264692,0.006616929443293339,0.739899487960223,0.015980613672410916
Application_671639584,0.4755359139726163,0.30037655129262675,0.2303853026411865
Application_671953999,0.036138480146718055,0.21652049709621737,0.20376262918730265
Application_673160372,0.5571644495006249,0.4405856927475979,0.3133034273156108
Application_673399253,0.009847630559985972,0.034182800712234784,0.09298505524711267
Application_676717540,0.7979785079297519,0.43829391426356795,0.2990344436781809
Application_676903448,0.05268479558248565,0.14938242076784702,0.28156475226915795
Application_677442195,0.6627378257930951,0.33209129825473555,0.3072420573328139
Application_679465044,0.9379102277096636,0.1331917805903091,0.15898601429199433
Application_680044383,0.5266926146204396,0.32375756956147295,0.24829864575554125
Application_680448181,0.01181968710179373,0.7195685351593977,0.0230730611312469
Application_681649352,0.8906552590906526,0.304910621400066,0.24348448770839198
Application_681711857,0.04042378351729075,0.0987034856091521,0.3021786506205416
Application_681746663,0.1109968683404188,0.09065399742266997,0.23116181093272797
Application_684221857,0.049580345253113806,0.17771702268873754,0.28286930621396206
Application_684289625,0.7025696401370833,0.3691306825620598,0.2816279469327039
Application_685130299,0.04358588985513671,0.1426459398707875,0.2845911585383445
Application_685452919,0.03321549589229763,0.2284360040294734,0.17654095096665118
Application_686829487,0.03692125520923404,0.0803470007393115,0.09552272244732203
Application_690024942,0.8834204306231807,0.3873800277256031,0.28097083848084903
Application_693050930,0.8902961572615993,0.13503253213694824,0.21779623230192452
Application_69370459,0.8446822618019054,0.3839318402793297,0.3099357572538617
Application_693955071,0.7541323146113418,0.1781665860779819,0.1561453091858013
Application_695381096,0.04452693687758912,0.2842648314873173,0.2632188640424521
Application_695960596,0.8397337058509845,0.3844409786571632,0.3108467054976165
Application_697031349,0.029565449275574168,0.7059392216127858,0.033405947496989885
Application_697297022,0.019553933664607167,0.6967630281510584,0.040308244442089185
Application_697324457,0.8643238315172578,0.41983995172592004,0.2798285470763156
Application_69735407,0.6386233986192079,0.40771090873483756,0.27453774102119416
Application_699052493,0.8767387845895981,0.33362866785988365,0.2659376114964697
Application_704597830,0.8655173099642633,0.37640043942983104,0.27318240924243975
Application_70563300,0.022933648044772433,0.28810747850338175,0.17144002959149282
Application_70606235,0.7661778246068289,0.35971455433114874,0.2938805696285251
Application_706198046,0.05397649709826279,0.21157320060589163,0.19569991778999274
Application_706504723,0.7684318861170807,0.3772312844286178,0.27929817513303834
Application_706607240,0.7428151328235906,0.418934558618343,0.29668463552727503
Application_707770540,0.17073181566607956,0.07075634279906473,0.2480328464780348
Application_710720262,0.01440867664584206,0.6732581686245837,0.16280829767231425
Application_711124829,0.7341615719572236,0.3750019790079952,0.32903871560141
Application_713675823,0.5449841954544413,0.09033098714079882,0.12459054699971304
Application_714768274,0.7163501245316114,0.35816520420463693,0.3128081410881922
Application_717400110,0.007688973491355988,0.7138488455083587,0.023064101301372913
Application_717693758,0.8140903339396897,0.35457686366983754,0.2783513937098038
Application_718602557,0.289628829343348,0.35899707017972415,0.2933301446781302
Application_721895690,0.027610342715614085,0.09875479718312996,0.28843079649748055
Application_722212350,0.038339598378205116,0.17070746939883036,0.2846824177096252
Application_724415088,0.7167502475634525,0.395829435506216,0.2876680812031219
Application_724859129,0.8291230460917292,0.4593987558720696,0.3761470524641886
Application_725542335,0.20440701456623506,0.09770638819658076,0.29351468532277597
Application_727229570,0.6087116266047669,0.4181802849643923,0.2815343331108708
Application_72874899,0.7358426589055409,0.1732731335894456,0.1345919787422595
Application_728981441,0.8610542446890962,0.3578411013629938,0.29836222738409013
Application_734009956,0.8575848991775756,0.17590809946892746,0.17444584307844224
Application_734030906,0.7232946456283185,0.3615520815642981,0.29728783242893625
Application_735837174,0.01872913327067066,0.15083546911327386,0.16128320013694936
Application_737324367,0.7796873818225647,0.4304209334660752,0.28788317839216687
Application_738077974,0.04884276987631894,0.2161340146460754,0.17328076185170552
Application_738276182,0.36496615436724344,0.5851147291211444,0.13150422632140446
Application_738335164,0.028244172912192705,0.2166571862340202,0.21494675878669395
Application_739325744,0.8282225512457265,0.23791236378622355,0.32700568087854587
Application_739670840,0.570920430727678,0.20921496040906837,0.14303700150967547
Application_739726794,0.8620757191545675,0.33284074151636134,0.20959864974205783
Application_741297598,0.7550132927143491,0.3711604600188885,0.30461043777543717
Application_742173495,0.019538271688979886,0.10059121488702527,0.30597489063761646
Application_743200153,0.03438787461209485,0.19494273926042435,0.1811167724397671
Application_743474553,0.030349328942616802,0.12697915155139297,0.29583191165866873
Application_743594726,0.3954536193864823,0.4012636212467764,0.28670814690673757
Application_745883138,0.5032335353811163,0.40989565676593054,0.29921954608539403
Application_746403636,0.6710557121653445,0.3113479447281727,0.2132640749519241
Application_747812656,0.7894376610864783,0.39421668273720223,0.28667540405744224
Application_74864529,0.8951771545277949,0.14039904938407724,0.15330962652573804
Application_749027963,0.03969109633558999,0.14149600054865621,0.30430491996742515
Application_749860099,0.8632558909145618,0.5130988124630932,0.45128124565781275
Application_749923491,0.014914187532170862,0.7406561693202598,0.016186988428494864
Application_752373732,0.7607568801064608,0.3661431014046385,0.2916061936142283
Application_752995473,0.6647703942932516,0.11481653712347262,0.14262559729630056
Application_753117730,0.020965887945625303,0.1503851917840461,0.17808650432431736
Application_755180147,0.7873906774667006,0.3579373509064478,0.28916171631408494
Application_755318436,0.00871845732566178,0.7537531760852485,0.01855538489500986
Application_757113787,0.17333293268215264,0.11911303668093334,0.273790265763537
Application_757682522,0.5120431008103912,0.3957986694826279,0.26394942659230364
Application_75877971,0.032005948817851425,0.2110383605541567,0.19718818749256015
Application_760288041,0.8818181089966981,0.12283855592247092,0.13873931888196842
Application_760306173,0.8632665874685495,0.1418516293283674,0.22340921229025598
Application_76083190,0.16514268120974399,0.29937790816403903,0.15357436857845555
Application_760841149,0.1438522085087394,0.10326933221103332,0.22359755565417283
Application_761083149,0.8479549361792074,0.37709776448665144,0.2846016486920403
Application_761503872,0.6134241783964769,0.3458053075119237,0.3066010389967288
Application_762323305,0.8137568335039045,0.3890661135686653,0.2108148839290811
Application_763847627,0.04655845483328309,0.10923733204363034,0.30810119908028843
Application_763928658,0.031113324356731302,0.25346977786476116,0.1836062811760642
Application_764226645,0.9228605079623873,0.36396979047461303,0.2516730852974517
Application_765506387,0.7081154892334848,0.3699311768466131,0.241334190972155
Application_765925420,0.037332283675394956,0.10162730191042274,0.2786593139594716
Application_767764149,0.14824513511854706,0.125258562851548,0.24589500631705982
Application_768687683,0.0049960098022496305,0.7458012631613193,0.01951306429477808
Application_768742802,0.6885512336010392,0.3615520815642981,0.29728783242893625
Application_770018911,0.5980921901294165,0.4063193795702982,0.3313486924002095
Application_771960759,0.06083071609056473,0.11680062179896208,0.27352105217185635
Application_772130537,0.007109307330531636,0.7418727017322797,0.01424933173170109
Application_773698744,0.028462196941846683,0.20381952701893452,0.222296353249658
Application_775396942,0.037200106669776356,0.17359426694204272,0.17393972336828628
Application_775422920,0.8517947613793723,0.4305616735985473,0.300499595861707
Application_776250710,0.7745139323066726,0.34221544852847113,0.29870057157444563
Application_776477117,0.07591715039968078,0.11132044790482346,0.2985181460294433
Application_777232558,0.04409983280083635,0.2881054318222958,0.20429471767171456
Application_778555928,0.6576873365626492,0.34350262548981275,0.30985335712178613
Application_78032372,0.7684096111619585,0.3039108994426448,0.25427522603132113
Application_780791841,0.4699129605659689,0.18319402800077406,0.13137735127799322
Application_78080859,0.6124942455178263,0.42879201983285326,0.2761581814158466
Application_781442980,0.07559107287456228,0.0881304803194301,0.18693773096799457
Application_781529602,0.2502421646030771,0.399816710084627,0.15981295843647647
Application_782253363,0.7605797527676323,0.36739349561980794,0.25868027841538577
Application_782627639,0.5856319196334755,0.42177964973595816,0.3265149090529667
Application_784244379,0.008358314021189459,0.14839811035939846,0.2630318088617357
Application_786731748,0.9087842243078722,0.16564595408931734,0.17817145089055753
Application_788699480,0.9075990043263212,0.3521764476143832,0.22073076542457964
Application_788925867,0.03512768653053728,0.10956462696898092,0.29948924997592113
Application_789108617,0.059674457144979216,0.2756410518898875,0.30929131197632337
Application_789334077,0.8736560874676927,0.1251665079879256,0.16247577277255099
Application_791089089,0.45453645831323713,0.37768147788096323,0.2287669298213527
Application_793038001,0.15042197861616408,0.09527458300286101,0.240666068036909
Application_793873060,0.10384189495443748,0.1118998623758054,0.3010790610730552
Application_793997351,0.08061733996072026,0.28087097698566227,0.24452431060190252
Application_794504760,0.7305704826484644,0.39323881930138194,0.27148635150769274
Application_795733035,0.008626509515306673,0.7431725875479932,0.015177123965943324
Application_795804396,0.859938978283801,0.387475325624087,0.23189211830361484
Application_79681847,0.02889357760967551,0.09301801522056014,0.28264887500726055
Application_797190984,0.008821229068042571,0.7359040290829095,0.01685970088498876
Application_797995929,0.03920117793039124,0.17373860544398917,0.282171926185435
Application_798496213,0.015527560613707978,0.21583655775687458,0.18176301109107096
Application_798879962,0.8375086276274076,0.39005107529092886,0.28580073771655395
Application_802752710,0.8377047285827117,0.3496887781452106,0.23407199182014274
Application_80286962,0.9144634955861817,0.3426142658313459,0.22081107620564974
Application_80298426,0.8126876942515983,0.17639259950303135,0.18516129822183977
Application_804273159,0.04391561404969902,0.144996372473222,0.29623864483382556
Application_804644820,0.9163301637657782,0.30584841568721,0.25513051581283674
Application_805828914,0.8224005339404457,0.3718304986914905,0.24800930594818546
Application_808224273,0.03634243593375564,0.2130080115219124,0.26238440286660564
Application_80850284,0.7531600885654584,0.19297803836700686,0.22479651397096032
Application_810658733,0.7701546229859325,0.4583714564081527,0.2746512987941227
Application_810901066,0.03318987709152379,0.21328118931514123,0.18909911856012154
Application_811679621,0.7977794663269009,0.3822374575780497,0.25735645354446773
Application_811825935,0.9340116520441297,0.12555942130745892,0.13755407992654803
Application_81196974,0.042801709579241246,0.11947656873743517,0.3257627956947813
Application_812842800,0.5245792152830517,0.09151410382258601,0.10978509761142108
Application_815196626,0.12325885761266134,0.1250453848360934,0.30230041238481153
Application_815439845,0.7935294316908856,0.16591941495522367,0.2178943924639817
Application_817528841,0.8636654366056623,0.18382344588139382,0.2452794633529352
Application_818535320,0.4671952943087044,0.3574518444719506,0.31427248537877045
Application_820509737,0.04032630693265536,0.10078501042969415,0.3136115654075997
Application_821026605,0.08275184623152672,0.13361110707659024,0.30074061075715214
Application_82106546,0.035933632528402364,0.2619444640791621,0.20139857996030205
Application_821402088,0.02266191967752207,0.1294487898094784,0.17035446187141684
Application_822332970,0.7969082732821698,0.3701161551243824,0.24647819957547834
Application_823313933,0.6965136152283011,0.33170561970703055,0.280139674249669
Application_823561619,0.786327263726852,0.3771723395031297,0.2280965195217924
Application_823830081,0.03723853665021512,0.21313599754626267,0.28841103658497674
Application_824575725,0.043378865193531894,0.19989341907252695,0.2915637381071895
Application_825284974,0.0386364732155878,0.2585424025689436,0.2639537803850406
Application_8255496,0.7966632939052098,0.37661788200655283,0.2809379272426595
Application_828330778,0.781583921317539,0.16577549788343626,0.20450506484127792
Application_828739470,0.819416004468661,0.39868255846188205,0.2509125198861681
Application_830101215,0.039262388398896175,0.2956603644705287,0.26970213353531924
Application_831992514,0.8153102783359223,0.313936121878165,0.24573262394313505
Application_832770467,0.03229089149660195,0.13285232623682883,0.13574087929601386
Application_833399908,0.8310930276148825,0.3086966392257616,0.2740805376855436
Application_835024653,0.6677981776144088,0.41209021134401635,0.2945203812642842
Application_835755263,0.02902461924065723,0.2484583907384094,0.1574489937860924
Application_836841943,0.8730001535740288,0.39215921814763455,0.3098067425752794
Application_836856058,0.07125472410519745,0.2191945976389286,0.2529461247634258
Application_838884307,0.05647500186722574,0.026283069506305545,0.05240770700605892
Application_839952915,0.05369903275523414,0.04797420978958916,0.08735387353258453
Application_8404955,0.9542859730778882,0.0719894231594233,0.08962719493313033
Application_841240578,0.7257471442656448,0.3237422494542612,0.2824709167158423
Application_84195997,0.042910156954586026,0.1085574745856375,0.300318132939353
Application_842022801,0.8367097187019018,0.34919763411505744,0.2966031735912326
Application_844514474,0.21510436677338193,0.07717308292746433,0.29147946350922366
Application_844831749,0.7337940550957369,0.40714489148107924,0.2925627975270764
Application_84533120,0.03646959149075108,0.15726428148962593,0.27101227719062204
Application_846209494,0.915945068414126,0.22057305216089093,0.2791172679818129
Application_8497910,0.871678410382176,0.33090809389017267,0.22947483004725505
Application_851895556,0.15544605004378606,0.25604089716187173,0.19412082096036706
Application_852183469,0.03769086012561444,0.2181514425556893,0.16199795984166568
Application_852716835,0.3680866479377619,0.5060175688684783,0.3312424585305722
Application_854280555,0.024244390990986887,0.6478309469901327,0.16560017680108052
Application_85502316,0.780791517010783,0.40750296707674794,0.27114395527772184
Application_855239950,0.04129007514115336,0.16126070992952335,0.3031269986630247
Application_855901489,0.034060962040832685,0.1473281808058679,0.3239855318742428
Application_856935152,0.4817427551806648,0.27020384033172884,0.3150933610682144
Application_858239432,0.5923686065004948,0.42177964973595816,0.3265149090529667
Application_858754330,0.02984386989693788,0.1962820782893648,0.25553014533463014
Application_858789639,0.8678475726385722,0.33438256408187456,0.26219247473716883
Application_858881040,0.05607182397045855,0.08981656882098821,0.30029810346470154
Application_859428294,0.799084143236984,0.378871207009756,0.2277822070190858
Application_861069239,0.7417356488027139,0.3509103802487431,0.286707220764635
Application_864148389,0.02665402928328845,0.13454529843623084,0.18836647180820926
Application_866486447,0.955296467042261,0.18062929533439762,0.25124734987833935
Application_866670658,0.8504034120371136,0.3979459449402796,0.2851908725054485
Application_867400149,0.7556547073835118,0.43315216331108247,0.25583860982137224
Application_867435788,0.13602278932231884,0.04104592180195543,0.26438703544472764
Application_86905976,0.35079536333469646,0.47491861400783075,0.35491021187641936
Application_869335382,0.9046064104418076,0.13990420541332735,0.16103577225713497
Application_872415486,0.05461916515327625,0.20535864405096635,0.2857781314606701
Application_874039168,0.7959643295054973,0.5033807743716613,0.3200236497102294
Application_875614911,0.8579189240160124,0.4274765416086917,0.30023437482734355
Application_876077850,0.7571629979380385,0.28936435335511645,0.2532686977876272
Application_87659628,0.8359242546023121,0.44268805974096204,0.2697239415218443
Application_876712087,0.3935041788196837,0.3859697902334386,0.2568921557090519
Application_877522071,0.062228227986856594,0.02196530555249715,0.05854808243408029
Application_877772414,0.04888125058844736,0.7240525494787597,0.022170101440126714
Application_879553786,0.48315303646640023,0.4639799678283359,0.28994529794664997
Application_884271564,0.8552125732961326,0.1838697474591999,0.18011160560066208
Application_884403770,0.644098551501688,0.35845899685529403,0.31340508817415863
Application_885012170,0.8538588776416789,0.35530255976603586,0.2833091364135666
Application_885372391,0.026741485916597717,0.10472317489788249,0.30815382386113055
Application_88952849,0.1560523459219798,0.054172657967620885,0.26378790606904007
Application_890075702,0.03656030795507955,0.07665914754738273,0.09834954494758498
Application_89083515,0.7930327318074083,0.4121498122967326,0.3150062500324941
Application_890963278,0.012800684195186872,0.7201673918517877,0.030125790889482553
Application_892427793,0.04619535425048846,0.23732021336884493,0.1708504839516504
Application_894204901,0.820227550103601,0.15208087799492556,0.13237130903755118
Application_894382241,0.8570485346213924,0.18792646011747996,0.18990655923577884
Application_897350750,0.019621686115435872,0.22753325924577447,0.1948894258098844
Application_900844990,0.6721498683080479,0.34803470224990773,0.3093710414164507
Application_903799216,0.5445223328637091,0.3396384738080934,0.3010483569702951
Application_904093739,0.04525194265804301,0.10180198782553468,0.22413715507464524
Application_905082437,0.5942913083801344,0.36172009638436675,0.3067463683967153
Application_905858527,0.010718713456790017,0.7067877305360688,0.035574284177963704
Application_90621717,0.04876122470640962,0.22508163087133623,0.30114960843080074
Application_906296960,0.6068430957997317,0.4890991871602766,0.2964505174698054
Application_907136885,0.007774070644895934,0.734399808142868,0.01654646871688559
Application_907309048,0.881060712722231,0.32141432348619586,0.2371546571129867
Application_907359229,0.03648607281118423,0.16115565564788312,0.2966105091405538
Application_908012089,0.04892090776632416,0.2286405421662763,0.29043806720329157
Application_910003252,0.017530068859093684,0.19089384377980187,0.1631248808637566
Application_910353899,0.012318878230110249,0.7270212678874908,0.021112226442076484
Application_913122133,0.02791120680785199,0.1143549492310103,0.17246550536714733
Application_914673270,0.06798722262788759,0.19184425599788457,0.2621936962281409
Application_917308364,0.04035663409625672,0.42192989508759043,0.2271986641083825
Application_918572133,0.7136397352232606,0.39636055679055565,0.2741597187074095
Application_918963277,0.8659020233276914,0.31162821094310206,0.2705574740984694
Application_918979468,0.7138435498346679,0.34467369883685633,0.298638806823215
Application_919959748,0.024993355368541526,0.0402716897052352,0.08039230522514637
Application_92009906,0.0646886013727546,0.19879828693571996,0.31001441872193614
Application_92081663,0.12723986043760005,0.09156967795075818,0.2712103944425064
Application_920967125,0.9162885242270854,0.241694694437377,0.2009344208096971
Application_922011706,0.10971542236311552,0.1172873483502117,0.2215305082782222
Application_923730558,0.8572676067930115,0.3729898588026796,0.27019157614551537
Application_926052296,0.04051231328576394,0.20940491501737096,0.17927466873223186
Application_926094669,0.8734807051760676,0.13123500071168798,0.1337996115251739
Application_92624898,0.6135494236342585,0.2428698724232876,0.1732152281335838
Application_929015547,0.755128610928308,0.35894654545525184,0.23650878991635543
Application_92984842,0.046081521364591496,0.11703205909475214,0.3033281297267462
Application_929931999,0.8654295399586934,0.4404091631523101,0.3098864040452927
Application_932158358,0.8687868658910926,0.11979598631466593,0.17395318272279367
Application_933464832,0.046667329903796476,0.2746745260728414,0.19710017483981607
Application_933548333,0.03415562927084619,0.27196844516632274,0.19030308443933613
Application_936141381,0.7724401891498,0.3588558247329433,0.2514318079304717
Application_936279128,0.0661758022717042,0.29481149363557585,0.2934607996293103
Application_938318297,0.8949439551747945,0.14215603020392664,0.23003932134350072
Application_940496739,0.8167111551516342,0.35758255470279043,0.24172426120908547
Application_940705047,0.0446883917513695,0.19695071780308507,0.2881153090810808
Application_94127270,0.7229764152905239,0.3672325089857208,0.2996886558952125
Application_942057035,0.07188497688748184,0.13739176407416137,0.19047842592234443
Application_94215,0.8673609789054517,0.3081222798904026,0.2758768129800608
Application_943827704,0.017991838926367645,0.12650352405687415,0.15205156988042978
Application_943868855,0.9091635659361778,0.16799624516210326,0.20029489598740713
Application_944654361,0.04373356513230003,0.10369714543337419,0.34861333607063044
Application_945696184,0.7122356537416299,0.35028216677720847,0.2930844958853053
Application_946739824,0.8310834309361415,0.41919334035460504,0.3112213374018038
Application_946802204,0.05520689288635744,0.2805737634002492,0.18370769315744398
Application_946845929,0.823972731739971,0.3365834822657682,0.28115171685136026
Application_946851059,0.008222276102496756,0.7285569241639982,0.021311037345780274
Application_948141705,0.7580494611648687,0.1153661336059785,0.14565776635048439
Application_949156991,0.6493573463649933,0.1280626137659356,0.12448644371979602
Application_951361217,0.03915815743962157,0.16502704197740764,0.2824018101009326
Application_951427056,0.006225474172875814,0.742287213338531,0.01554393301483584
Application_952114406,0.0422940575914826,0.2126857722884204,0.18861808860883358
Application_95311556,0.008782527646531013,0.7376256142398774,0.014567100542674606
Application_953179282,0.3359087759602816,0.5187381069472662,0.1300489051163957
Application_95477936,0.7374052443402275,0.16039914258396135,0.13897288952281844
Application_955811445,0.8499505680233235,0.1669747125873925,0.20566552234550997
Application_956764835,0.8685995639081497,0.15258452838849249,0.16021439597010873
Application_957614949,0.0905592796974185,0.13283860362240943,0.30211531951993564
Application_957947349,0.8432888929681313,0.3774402272269125,0.3122865776138178
Application_957957984,0.8224969369982942,0.3968465352836217,0.24349780116351702
Application_958218647,0.8015156838037222,0.4318204987334917,0.3049099705383882
Application_962920598,0.012474407871993182,0.7270210855097111,0.021263474948234443
Application_963564266,0.8569651470050137,0.3855223629122728,0.2859903035147643
Application_964208437,0.8447886305026272,0.08415732130976594,0.13251942946266745
Application_964309178,0.8040667929650975,0.459050420481638,0.29742217804506316
Application_9650923,0.04792146892055364,0.15309432186732655,0.16558446848034228
Application_965842748,0.38959733631455745,0.5853684406385843,0.18807156060335836
Application_966891264,0.026464459750774206,0.1859234588753874,0.15038801962759166
Application_96732613,0.050282490901055334,0.20951282770282265,0.18023178075534255
Application_970357595,0.010829327162163796,0.7292366901168847,0.02325210571648515
Application_971594478,0.024422162988301722,0.13340457244855003,0.17023346311238807
Application_972388617,0.03631842297088495,0.19628687257657076,0.15814147832498798
Application_972407424,0.853955157706584,0.20362255596624057,0.22104038118971894
Application_972486124,0.11294001338714021,0.08178267852185997,0.2859651766986482
Application_973075457,0.8341700261977695,0.3983826252618823,0.3036901084554268
Application_973398039,0.07476107901276494,0.1499476141282293,0.17055393097929872
Application_974380976,0.6501454238265133,0.4161621485652133,0.27073650365951174
Application_974485148,0.7832059258145024,0.3845235201065917,0.28445590835061685
Application_97480244,0.8610072080560112,0.3775454511922687,0.29286156027714855
Application_976227600,0.6621009147823328,0.3684495614374122,0.29796105487584507
Application_976453500,0.8381712034858031,0.36705493142649404,0.2849099566483993
Application_977273044,0.05585521951176134,0.09672607810799153,0.30169929951178626
Application_978274104,0.8989104762497243,0.327796367673933,0.22118717124150244
Application_978279321,0.01913934702006202,0.039594069212125216,0.0974241954745998
Application_978787861,0.051322284362200335,0.22565784121387547,0.3084756357208907
Application_981954059,0.04941879480900646,0.225873096235722,0.2225943505832815
Application_983083464,0.8606158105754748,0.0964448558840276,0.13781925955575386
Application_983620351,0.03330284426198115,0.15976597595515862,0.28959509223880836
Application_989692273,0.017280241942531034,0.6547926683599166,0.06134381059639359
Application_99096400,0.017358793523283466,0.6754813153760604,0.15027297307682044
Application_991116281,0.01657821258414007,0.6331005846908498,0.14975620927708314
Application_993130220,0.0031644416839007984,0.6756188568562105,0.025377109698365114
Application_993701683,0.6761834255488062,0.36300899737875425,0.2910491015369993
Application_994101872,0.14889064239656313,0.2536518183945098,0.24478582179785024
Application_995124359,0.03587586776901227,0.17098571395056822,0.3228685327568214
Application_995537269,0.026394665225766705,0.13548299531242547,0.28400337619735555
Application_99697167,0.052600078688149005,0.09676654666018536,0.3037181336996031
Application_997205131,0.49922834922292764,0.3183828597710756,0.2627528191229075
Application_997240244,0.008221270310264334,0.739013629677343,0.01856725197006625
Application_997592088,0.7907706282893575,0.39820407178301265,0.29405000882849924
Application_998522150,0.02779741229765422,0.7087499097293697,0.027432847786152383
Application_998666405,0.030806187864947755,0.21911191518794504,0.4083451236246737
Application_998908852,0.870701353779136,0.30033360412027366,0.26339636078810985
