case:concept:name,pred_outcome,pred_sigmoid_mm_time,pred_uncertainty
Application_1003444518,0.6096042423954605,0.21098416369688477,0.18576419467257016
Application_1004385970,0.21496781418042757,0.5928470975061233,0.11727434114034099
Application_1006138809,0.4019028692179335,0.40118584564277243,0.0793966365192869
Application_1008663678,0.37426433420157734,0.24976224060266464,0.07685487084609358
Application_1012600292,0.2521977022086409,0.5953884284760399,0.1288785480106683
Application_101285063,0.2203510137991328,0.5853499269354577,0.11468204323165285
Application_1013192848,0.36456634754707634,0.18525468150832228,0.20470503721545405
Application_1016792765,0.3549483741747302,0.5999043335855967,0.16474500814421184
Application_1018266027,0.30748959079773985,0.5204652437872731,0.19765689120233484
Application_1018276550,0.3663067650822771,0.5790899171423213,0.124325686103269
Application_101973919,0.3669315605639657,0.5154078026939872,0.34566620173082957
Application_1020696982,0.2505055689986619,0.5876737200885471,0.11661650435255258
Application_1020792873,0.22720203955372179,0.6118248055230824,0.1386434337967487
Application_1020819842,0.48792737274464193,0.43665682254328786,0.1688700709911103
Application_1022084723,0.2730845376247634,0.6021895608096598,0.12374195849590354
Application_1023037940,0.19498653210924055,0.5747748090310227,0.10756154709725947
Application_102597720,0.45507477698030835,0.3656652304350826,0.11736476268384087
Application_1026777184,0.21194537820363146,0.5932801897942024,0.11754486186919934
Application_1027449105,0.2400745620408778,0.5621785674043844,0.12435858480512597
Application_1027859705,0.2790926426308999,0.5182324108626936,0.20817375150804157
Application_1028665365,0.38877407395633234,0.5728884667444936,0.30425157693727883
Application_1029674102,0.31483284701330927,0.5998078066009552,0.15409355016982468
Application_102977791,0.2018919795957282,0.5891424447550371,0.11656233390211244
Application_1031465496,0.2397038973955364,0.6052414227631973,0.10931596266839425
Application_1032862024,0.49602769256284585,0.184938010693351,0.23773256255620503
Application_1033036371,0.253675238010972,0.5448986842217184,0.22074236646793255
Application_1033306842,0.15060100671038357,0.34506845266363806,0.2343246837538094
Application_1033574302,0.5156167387624755,0.4557502923987255,0.27082230308128946
Application_1034775753,0.166086480671146,0.5885727664777592,0.1160807456958509
Application_1035618893,0.23125136556524056,0.627698389861811,0.1379106925373078
Application_1037771791,0.2229324744830152,0.6344135228906751,0.13656261901116973
Application_1038302868,0.23597345007809004,0.5745341188285698,0.1338378304902075
Application_1038660996,0.20658573525090854,0.6708807441429536,0.14982578882537012
Application_1039200421,0.5184915793091774,0.39183840312693513,0.29020953026228685
Application_104061665,0.26298866599313825,0.598964063315119,0.12749852537738726
Application_1041438098,0.5478837935810478,0.46559261078848274,0.2954613847531861
Application_104406636,0.2422245099847905,0.5688623115610133,0.09885272432114844
Application_1046222107,0.2070596590923201,0.5915081885930202,0.11767068603412184
Application_1046524820,0.3763338056358803,0.596218780665234,0.13438843784531565
Application_1048834285,0.5735541724261742,0.3081619727070991,0.3212359620890495
Application_104922918,0.27311044734920586,0.5747497176934918,0.1241866231010408
Application_1050938301,0.771389846401379,0.17016346451761746,0.24538882739978032
Application_105434976,0.11064006496390606,0.34889821751047706,0.28662311758140946
Application_1054777483,0.4602114495745991,0.1972434194853569,0.18755861653670913
Application_1056831748,0.14705487090738176,0.1303245480868068,0.14948800787558486
Application_1057881509,0.34996986178622796,0.5811416548248648,0.12728326192982636
Application_105906022,0.38477510934601306,0.3998117381083054,0.10722683621944036
Application_1064102675,,,
Application_1065401414,0.2500877401969358,0.6308397379489359,0.11886805170935094
Application_1069486579,0.3410769169976264,0.5174602233141925,0.4403488414686965
Application_1069511528,0.23721344108824582,0.6307736728866942,0.16106412187497388
Application_107048111,0.32224132358680113,0.6326570065796953,0.11928414099354338
Application_1070499420,0.36235699462047843,0.5815937990231522,0.16577794410310354
Application_1071392906,0.41244246194185397,0.6269058761828746,0.12137105359622291
Application_1072302976,0.26186743660052547,0.6307736728866942,0.16106412187497388
Application_1072740747,0.5512661254768723,0.2209386462382829,0.28413917458869864
Application_1073143855,0.4091169216075391,0.09155992882394234,0.14025771090467015
Application_1076592180,0.772761010656471,0.10057558644774137,0.1741056773699397
Application_1077139293,0.22721587236438018,0.6068250458472548,0.1413429135585117
Application_1079472664,0.1425615870411047,0.5889953366273792,0.11557882454714774
Application_1079589,0.2539023845991736,0.5689770790251095,0.08852895019855801
Application_1081153991,0.3202600181963618,0.6323529181184028,0.11863177417526799
Application_1082188204,0.4297365736294419,0.25911144206562414,0.1181108201983564
Application_1083885618,0.22894515993603234,0.6476176562828622,0.1419336195588151
Application_1084197155,0.2160358877698625,0.6327004838326135,0.1365912069188784
Application_1084809711,0.24332797529914427,0.5689924421427429,0.1159712192126525
Application_1084951999,0.2067186216929659,0.5868459751794939,0.11064030480061471
Application_1085916302,0.24869044917556346,0.6012233509233279,0.11573684354516087
Application_1086189813,0.25377177052775685,0.5780825704141976,0.11021528024378713
Application_1086358390,0.2752266208513212,0.6037412669887495,0.12568381082708915
Application_1087895834,0.2371135657341312,0.6319303479687824,0.11914866349642506
Application_1088555315,0.5368261293994594,0.2077522676130638,0.2181966843873849
Application_1089290640,0.3344731446240517,0.6271179353985655,0.1778336616077709
Application_1090974006,0.46149110262211634,0.10500347526171683,0.1747455498336647
Application_1091454310,0.5805954296843368,0.3451703113839397,0.2853671861586784
Application_1092109071,0.6061406948922337,0.07860712713251054,0.16148615621185475
Application_1092918410,0.37171281793196287,0.5906543376311381,0.1376156558065955
Application_1095263419,0.25386901167567344,0.5704328094187706,0.10133618182870044
Application_1096081779,0.40534839561398445,0.5790899171423213,0.124325686103269
Application_109628015,0.47746893495602705,0.1338776600058096,0.16472504734524382
Application_1096460123,0.20689771370128426,0.6309264102714228,0.13771939183359247
Application_1096932592,0.6864782709654329,0.18380216814474182,0.17697730385860086
Application_109718783,0.268080328186769,0.6083118406714612,0.13194266355479053
Application_109912668,0.26598742889842186,0.5693892715592459,0.09081841122482934
Application_1099430757,0.3230278380904318,0.5045977267999742,0.24782406356689413
Application_1099493178,0.22487830079042517,0.5704328094187706,0.10133618182870044
Application_1099663893,0.2532419208213594,0.6547565907994326,0.16601345280998628
Application_1100253381,0.3502434139550153,0.5811416548248648,0.12728326192982636
Application_1101636672,0.31723241356139037,0.6000195655838751,0.16491526363668224
Application_1102148836,0.23136965060052334,0.5701566455419603,0.13482250978067373
Application_1102289179,0.2468781121329248,0.5964288289301569,0.10296762891010602
Application_110355063,0.20212459500634963,0.5919805483628782,0.11759279725818389
Application_1103698005,0.4152480540910987,0.4378340364782115,0.2904491887474231
Application_1104110439,0.17669318284721144,0.5885727664777592,0.1160807456958509
Application_1104349279,0.25836496016048893,0.6187086695043084,0.11735488682685685
Application_1104697616,0.4102360415960193,0.5278091973356422,0.1622208743171484
Application_1104784494,0.3570321900012761,0.62601169418198,0.15610909228559644
Application_1104839673,0.662971629564043,0.18825711668461248,0.2796383994849044
Application_1106610804,0.3836429934878033,0.5295935364794826,0.1570949784857308
Application_1107513596,0.27204738845680393,0.5843001408674457,0.1110513888790682
Application_1107974200,0.414306606454545,0.26581095262252064,0.28348901157920287
Application_1108410496,0.21150684403750128,0.5955516122249014,0.11843860093755136
Application_1108553853,0.5136481025853904,0.44024303088487005,0.3247952353629524
Application_1109500523,0.15630626320965849,0.30052064408106094,0.27149150003614
Application_1109722425,0.28882461418457533,0.5784662104543028,0.11615077375031131
Application_1110003824,0.48038234173019834,0.0933749809220975,0.14185944753109042
Application_1110334222,0.20056440358160468,0.5704328094187706,0.10133618182870044
Application_1110847631,0.2466705574589466,0.598541493165499,0.12805398486965833
Application_1112791540,0.5521139701615422,0.42322388737417,0.319866689102618
Application_1114627184,0.28800750400454356,0.5217821559745209,0.23695278526150648
Application_1115275695,0.2470595842128765,0.5762498610387337,0.10723115195189857
Application_111536511,0.2585845252539447,0.6008519084690254,0.10256903696451293
Application_1116596448,0.5449568303576109,0.09073141234240442,0.15167377041019012
Application_1116878017,0.5543698424871522,0.44548395003830876,0.27567393212281216
Application_1118317851,0.22689634901416816,0.6035931843077783,0.11011151213232795
Application_1118691851,0.3748922461559272,0.5584390129526102,0.1403692056204896
Application_1118794258,0.42175250911663204,0.5581125740418419,0.18287139417103185
Application_1119128567,0.20854813480356083,0.5679161490413835,0.13393237836993532
Application_1119346613,0.2620292983179483,0.6037371601716,0.12395932395179338
Application_1119704576,0.6557963276105506,0.13358198095011006,0.20983357889660897
Application_1120624192,0.2259528043468528,0.5890555310990366,0.12198870981641168
Application_1121095468,0.28801719736515713,0.5688623115610133,0.09885272432114844
Application_112299550,0.1780233870436456,0.5886555583131765,0.11729854067126014
Application_1123320394,0.40218832797030446,0.5820055396296525,0.12381985582886895
Application_1123432099,0.26078157099813604,0.5846947999356892,0.11146599196001614
Application_1123655418,0.25783021000175926,0.5337604279996355,0.20858642746692369
Application_1124789802,0.308826690470668,0.5773873887860586,0.13191529897302945
Application_1125229039,0.4368991800511697,0.43322928428154006,0.3527320729335784
Application_1125299308,0.3261266011485439,0.5219160970695668,0.2870521612712527
Application_1131812437,0.3093019063067041,0.49011735982865295,0.3013794973930835
Application_1131974200,0.21586341907730522,0.6586736554679955,0.16227075906463945
Application_1132898010,0.26828752557950875,0.5977445424075917,0.1271930979771335
Application_1133826059,0.46943006250968095,0.30749573071837233,0.34167929121137286
Application_113474586,0.26431206669491963,0.6344135228906751,0.13656261901116973
Application_1136138244,0.33148948166937847,0.4816451678414956,0.44334718339558143
Application_1136188668,0.2405039422491021,0.6095887037972574,0.13060906970038405
Application_1136782466,0.40693605920186965,0.43698849493988956,0.31181016226254393
Application_1136942310,0.45993123897246807,0.3551671483434694,0.279287355878002
Application_1138343850,0.269434811887203,0.5860137832978606,0.14702423962673924
Application_1138441532,0.5221669817125486,0.12774985310455772,0.19349679156179894
Application_1138682900,0.549428792425828,0.07827312881212489,0.16711549678389062
Application_1139095492,0.6117119663406372,0.13846685815048793,0.07319185867342108
Application_1140000103,0.2730761902307249,0.5745760808391902,0.14151220031032183
Application_1140214785,0.28230637817213927,0.5832726013585944,0.09554247822628417
Application_1140934167,0.200757807685256,0.6729339863116602,0.15427123989742875
Application_1141437569,0.7485248533000627,0.12548651150429294,0.20988145001682293
Application_1141800606,0.3977192739334968,0.4523679568957369,0.14818424276401904
Application_1142291922,0.3080272796041304,0.5815903884412058,0.11615678406376974
Application_1143452352,0.581867385984827,0.1297306867851288,0.2286984655403651
Application_1143725882,0.2878378635107712,0.6083118406714612,0.13194266355479053
Application_1143749034,0.09676567645012148,0.4222241423358447,0.2560168497932682
Application_1144806380,0.36104523971067737,0.5380239859702829,0.2069919217529749
Application_1145195394,0.24126676801190217,0.5759587106770594,0.14619199402535005
Application_11454632,0.24230307325723205,0.5732760500612286,0.10134070830422577
Application_114551747,0.6795350657952206,0.1006892209961695,0.14064653518696915
Application_1145960664,0.20736920261155323,0.5708553795683905,0.10089737032398276
Application_1146017257,0.26201013629455655,0.6065218835187502,0.10871098084594316
Application_1146390793,0.6054261424523547,0.37199621220070517,0.2791536215542268
Application_114677449,0.2915530028424161,0.6481680427070439,0.15423769595793538
Application_1147242139,0.4974922077390433,0.4400047468365213,0.32473253153440274
Application_1147800670,0.4099929208593898,0.31378440606741653,0.15671588624791935
Application_1148505526,0.1711359298997664,0.5688623115610133,0.09885272432114844
Application_1149826505,0.253328232309312,0.5659506062270188,0.11543402266862324
Application_1149882287,0.25281273450884695,0.5659506062270188,0.11543402266862324
Application_1151306652,0.18279898508271394,0.5799753817170867,0.11880501593432412
Application_1151718196,0.4630562406744678,0.09664158300168105,0.17133231588470962
Application_1152706558,0.2725789433958962,0.5829933648704518,0.11257688603116496
Application_1153327019,0.13507089597071695,0.05437283411646586,0.0902071911561691
Application_1153332543,0.3761503568410191,0.5606311694010613,0.1838867312728301
Application_115387399,0.14508037820272157,0.3667737536694965,0.2349392841548697
Application_1154947942,0.20181084199496438,0.5685000173339342,0.09850470492915368
Application_1155624509,0.7124063698138523,0.11223183292188643,0.17159605615900095
Application_1156380786,0.23737326100488923,0.6344135228906751,0.13656261901116973
Application_1157095713,0.7105720285006367,0.33933140556416047,0.23126546033507178
Application_1157455039,0.33202615144942305,0.5746276915427131,0.0932068710069095
Application_1160716330,0.2644975915816,0.6057418019495693,0.13074805355252594
Application_1164107164,0.5138630459366549,0.06621866769161937,0.14735937270546018
Application_116887817,0.33499768718082157,0.5932929083846181,0.12281906826931308
Application_1171197563,0.24925462205740567,0.5831131425572839,0.11558863820966536
Application_1172008352,0.6261578233165193,0.12749332036557304,0.08990238378065747
Application_1173149180,0.15290557333091007,0.6011840960278161,0.13840126055654012
Application_1173289988,0.20601936222097839,0.5879646381613413,0.12441103088025729
Application_1173481848,0.3867132128699047,0.2712869704861688,0.10450492774771362
Application_1174114825,0.2726791054775488,0.6060395773879309,0.13496618321146944
Application_1175285346,0.21932465085912883,0.03200811452130283,0.08372616970025584
Application_1175418215,0.5516538861412423,0.15412372170409794,0.20552421914787355
Application_117660615,0.2647501839588859,0.5850267994783583,0.11117761826976673
Application_11773925,0.5272734188199167,0.4327061354754812,0.28666215437403986
Application_118076535,0.2285815355442758,0.5955516122249014,0.11843860093755136
Application_1180779910,0.24088111356708253,0.5920395705862974,0.12008631292590312
Application_1182794641,0.49253712421288876,0.41185782834181106,0.1565555977408202
Application_1183136852,0.2751856349386447,0.6057170143105537,0.13505799401024768
Application_1183476189,0.28287657044527736,0.5642791151669473,0.13937614296498135
Application_1183534481,0.4105609790024116,0.5787467928305956,0.15749750044364252
Application_1183954314,0.2672839744538834,0.6008270372333541,0.137103370698775
Application_1184253258,0.4428237845199381,0.407549682899148,0.2791479272602223
Application_1185560776,0.3203980941572144,0.013114631847161242,0.09367120314409923
Application_1186011075,0.19140982907826745,0.05605032423193547,0.11849615633925559
Application_1187770735,0.24264898944447305,0.5033953464774472,0.25683191417868817
Application_1189444299,0.25684258185423803,0.5734024838271881,0.1305263425525212
Application_1189871359,0.3597742126738497,0.6000195655838751,0.16491526363668224
Application_1192817854,0.17777797935674292,0.5955516122249014,0.11843860093755136
Application_1193407725,0.232329176110971,0.6075965984444849,0.11345586564602565
Application_1194573334,0.6195939605838635,0.16423586570295795,0.28235842599895317
Application_1196211316,0.445483660067666,0.5529734817922531,0.12106166343332937
Application_1200105859,0.36071527491599215,0.6194215015535411,0.10966009289432427
Application_1201250492,0.24798172649497205,0.5787874202076487,0.12421148581117797
Application_1201267547,0.17665649013025797,0.5780825704141976,0.11021528024378713
Application_1202440901,0.1631544493183177,0.5938442937022337,0.13566761490815854
Application_1203000059,0.4363419844657879,0.2600451133808723,0.2758697491993024
Application_120400056,0.2258972729206359,0.07664257928173582,0.08048382410515265
Application_1205027125,0.2456112551970342,0.5695048327730378,0.12343403490962011
Application_1205291296,0.2870432773427287,0.6213257727550202,0.15117990594474962
Application_1207519267,0.24895765337240355,0.5704328094187706,0.10133618182870044
Application_1208202898,0.17605123031152342,0.04748200631454855,0.12305624797708882
Application_1208543050,0.3291314069061902,0.6053223552423103,0.1345560691007357
Application_1209476276,0.2440818299551507,0.5835814602138677,0.12979466477443394
Application_1210322027,0.2380195787424038,0.6055721296928394,0.13113356591119998
Application_1213205773,0.26325238102927756,0.5949477899954226,0.12705362794361522
Application_121670659,0.28234008097790125,0.6044679255996622,0.12582629600550826
Application_1216723425,0.5272817665189855,0.16232296023899634,0.22322470485925971
Application_1218203113,0.17680336378485464,0.2766207009610166,0.2696000839109138
Application_1218332981,0.4314795635647748,0.40891744438980365,0.0986400610099732
Application_1219055263,0.6100867422838853,0.42780993182397886,0.2995052629519092
Application_1219949717,0.2578890309707308,0.6053834918907217,0.130814327830446
Application_1220541878,0.09554264069028134,0.05583186985476636,0.06509613856336799
Application_1221269355,0.5978648008981983,0.06537005534070872,0.13300804971054944
Application_1222039007,0.3995444407005947,0.43675939634302885,0.29595459840641275
Application_1224187740,0.1165563258667038,0.10697828572446863,0.12823608634390918
Application_1225769256,0.3999329170377221,0.40173000356512356,0.07783313052970961
Application_1226442731,0.24331250468179524,0.5715144127564182,0.11879401182976794
Application_1228403719,0.3309352660256299,0.5540705802639433,0.14253780165515165
Application_1234321250,0.2539051833280252,0.5805511183925784,0.15789492716395923
Application_1234365113,0.2609789463047432,0.49016243938498805,0.19263062116795646
Application_1235896381,0.24584688313272687,0.5701566455419603,0.13482250978067373
Application_1237086325,0.16356198454551468,0.5766724311883538,0.10676699931073508
Application_123834627,0.22486265545460926,0.5550260968074157,0.10421783334725865
Application_1239060176,0.47040638344375574,0.10890842188516739,0.14495370026557727
Application_1239627323,0.10391128284632677,0.3374126523181496,0.2625764856962628
Application_1240814574,0.42842503544337224,0.5624659383297418,0.24946051416210605
Application_1241865852,0.5671973843612913,0.421493268150314,0.28203645541777417
Application_1241999769,0.26145143516408526,0.5975001177915317,0.12876400964697737
Application_1242315969,0.1693249619009412,0.5685000173339342,0.09850470492915368
Application_1242352417,0.25755591214406465,0.5862573939064905,0.12258899208045491
Application_1242477998,0.24698842067140728,0.5709178300692896,0.13510276530117324
Application_1246865304,0.2966792603727994,0.5743827773312322,0.13710752901849949
Application_1246985104,0.3865195774135749,0.28955167319569286,0.23995163383988022
Application_1248242433,0.4182145618138769,0.5685850830318847,0.18959883243767645
Application_1248474304,0.8221160185859852,0.09397148641157976,0.17190997972564245
Application_1248532589,0.3345182676362432,0.6481680427070439,0.15423769595793538
Application_1248970009,0.21512097464673574,0.6322169027693697,0.12682369647561717
Application_1250500817,0.1770841014981161,0.5693892715592459,0.09081841122482934
Application_125111453,0.32541710452794986,0.5806738789762411,0.13404380610342925
Application_1251689244,0.25091819402437915,0.5809807186498999,0.11544037335909331
Application_1252781397,0.15842662564388668,0.3410221360754193,0.23739647894945728
Application_1254474288,0.26943784757645545,0.5995539327951932,0.12748150555742663
Application_125498955,0.35884232874306443,0.5849103869904024,0.1626800609735739
Application_1255919690,0.4796077200564721,0.20095206187051998,0.2660358314462727
Application_1256531358,0.2680877767792106,0.5931522909408252,0.1152629032480026
Application_1256882757,0.21404296511334428,0.5885727664777592,0.1160807456958509
Application_125735546,0.24414731196328662,0.6046249755294754,0.1347093351338086
Application_1258084186,0.15987582311651197,0.5885727664777592,0.1160807456958509
Application_125846800,0.28711944017946667,0.6037412669887495,0.12568381082708915
Application_1258641337,0.37679552498653535,0.44378291970129374,0.3103331343888193
Application_1260313275,0.20658880274641359,0.6002372721816863,0.11765255861777821
Application_1260511828,0.2543788477358886,0.6046843748805437,0.12779674435387198
Application_126161718,0.2353432666665402,0.5660036882820302,0.10602982290194833
Application_1263939811,0.563025421387229,0.10658663522101217,0.204262652279033
Application_1263997961,0.40286597629554927,0.45610866606533307,0.3487596303989973
Application_1264408299,0.30524184292289447,0.603876941347361,0.16388954003802167
Application_1264902566,0.39607345013003337,0.5811838785088881,0.12732043052440828
Application_1265044597,0.24312384162447231,0.5713404002189096,0.13451654112812758
Application_1268164546,0.5849608858720814,0.38001368238912975,0.2975543618910182
Application_1269305141,0.3118504681286445,0.4169586334977309,0.3122299437446034
Application_1269620603,0.2796845217114271,0.6005984313554292,0.14535677461952082
Application_1271570199,0.1736213389700225,0.5762686249057998,0.1012184848353948
Application_1272345729,0.2596266572814231,0.6090909756356667,0.11035488537125862
Application_1273109806,0.25691750960087406,0.5642791151669473,0.13937614296498135
Application_1273243804,0.21544599430988343,0.5575109411361817,0.10521422699328191
Application_1273835556,0.5474982774248819,0.21765113135506448,0.2034706417481542
Application_1273931422,0.4250748488014968,0.5181862548499907,0.17928737383557145
Application_1274166676,0.20478801598568822,0.5892994250886721,0.11621230037049339
Application_127457405,0.3309959980306187,0.6260600956362994,0.20053977582740587
Application_1274866621,0.2747196786684884,0.5722410713673309,0.11892826742848614
Application_1275065414,0.2563887315347817,0.5623987914435835,0.11581211199763734
Application_1275483894,0.3461369918065326,0.5157720638005133,0.17868610143224142
Application_1275708382,0.6242313142749852,0.4117388197178231,0.2963213332523754
Application_1276203911,0.497059016703392,0.2821612323712742,0.05931762677329963
Application_1277202210,0.41881082542223125,0.4242415045056534,0.4063743243042108
Application_1278754356,0.21738614983235405,0.5995539327951932,0.12748150555742663
Application_1279149491,0.27074051878447286,0.6044679255996622,0.12582629600550826
Application_1281070255,0.29231695814197517,0.5163978860903488,0.21032540386347323
Application_1281219916,0.23963467814110875,0.6290962458691666,0.13947520358113938
Application_1281227660,0.26039895728241924,0.5702963911344672,0.13786609481016138
Application_1282231634,0.21369617099205498,0.5688623115610133,0.09885272432114844
Application_1282418399,0.20836731339612308,0.5885727664777592,0.1160807456958509
Application_128251318,0.2621381171004453,0.6176977189911242,0.163353684790446
Application_1282746821,0.2791459706650403,0.6151696913403084,0.132190165388151
Application_1283341810,0.15021439234623007,0.5693892715592459,0.09081841122482934
Application_1283651073,0.2584697008150631,0.5983040509633712,0.12832666515228805
Application_1283751278,0.3637494875425331,0.5747743688141943,0.1653380894639056
Application_1284230014,0.28695546719151693,0.5885884140904356,0.14435899165535107
Application_1286083897,0.6792240009700802,0.09539911497672864,0.1497959863936802
Application_1286125502,0.5399225153517269,0.1282502980814847,0.17519043326167402
Application_1286165737,0.34610499641240344,0.43705341905605277,0.3094392720932879
Application_1288084480,0.1433842008379406,0.08417007687188885,0.11753082163537126
Application_1288647467,0.5712262737100797,0.19505046872533516,0.2694619808646686
Application_1288727835,0.30675942471452716,0.6053223552423103,0.1345560691007357
Application_1289012778,0.41524747662702405,0.3872340660597759,0.11517140215548265
Application_1291280868,0.20713487449391582,0.5900606096160012,0.11645302871247437
Application_1291464093,0.21270252130913128,0.6197180497143899,0.13676290965704654
Application_1291843877,0.23656501243684003,0.6098460979775284,0.11131419752440308
Application_1291971664,0.23762631873602047,0.6598973132336613,0.12858650985822748
Application_1292771933,0.2277906068868462,0.6083118406714612,0.13194266355479053
Application_1293008903,0.20299924487114276,0.5803979518667067,0.1182895685860273
Application_1293120092,0.2796493665774467,0.6054500433994583,0.12734710561483228
Application_1294558199,0.24433286880877772,0.605642591393228,0.12772220036820375
Application_1294597796,0.4470960615310993,0.5673916978482886,0.20232743562438021
Application_1295538492,0.2986596496262251,0.5128037316326717,0.2167254746099114
Application_129565630,0.2608570478486362,0.5025227219591727,0.1809090121872779
Application_129573767,0.3242958279102521,0.6037412669887495,0.12568381082708915
Application_1295911338,0.2547719283244943,0.588381007693652,0.11947642423914424
Application_1296197799,0.31524733095354196,0.5732860024670843,0.16836136425553455
Application_1297559824,0.249243113544148,0.6108726369145379,0.12961452692463055
Application_1299856399,0.33705073492529497,0.6033193447904631,0.11275286665631407
Application_1300309831,0.15779614035796355,0.5772754643998377,0.11034208289620269
Application_1300870804,0.45115213072637,0.43842426344947294,0.36497756902086564
Application_1302829474,0.48639713657253936,0.5160974554614463,0.339838597627561
Application_1303460272,0.2577012237994852,0.6022853435977664,0.14757004812679483
Application_130463013,0.28489793930503776,0.6025926861795503,0.11262499214286266
Application_1304842887,0.21450226746479567,0.6371972358238601,0.17564878695963784
Application_130658775,0.1655352629625215,0.3498516528775207,0.24316511165750354
Application_1307447876,0.3475297295361318,0.6108388762334943,0.1552293427497976
Application_1307546210,0.318430946484011,0.598541493165499,0.12805398486965833
Application_1307592624,0.4027804206944481,0.5162950857167514,0.1876232804330562
Application_130761111,0.7928145340393422,0.19808864068801918,0.31224740700203546
Application_1307722721,0.17166051235825147,0.40368792827696465,0.28352847203962195
Application_1308025514,0.20433650597058267,0.3055101752634147,0.24945787124207855
Application_1309710626,0.2528198858400497,0.6016818820324408,0.11939436637939022
Application_131097851,0.24737466438399555,0.5711412024030469,0.11516829106597462
Application_1311228454,0.4163727930740306,0.3108639430785932,0.3590642358979806
Application_1312933469,0.24682478990793427,0.47151080628566816,0.3656040697998321
Application_1314374663,0.39138115321705724,0.5799472203653284,0.13389195289476163
Application_1314823602,0.632444347252772,0.12342476649760252,0.18446802997330863
Application_1315782276,0.3880405015541668,0.4899740312367512,0.21345284606036888
Application_1316274797,0.26914970350812556,0.6012586404514912,0.12227644803630502
Application_1316346128,0.24169055272280923,0.5995106135707736,0.11751965115777874
Application_1316469526,0.5503601762366158,0.1044672289039997,0.14554123000330343
Application_1316556140,0.24740572028351268,0.6012233509233279,0.11573684354516087
Application_1316779443,0.3344252530379498,0.49032104720544567,0.36222407622456515
Application_1317388562,0.4038283069986799,0.09913344570795249,0.16731927473324731
Application_1318517683,0.1494954627766332,0.605275151091323,0.1091415094967157
Application_132038140,0.2723778461316179,0.6087064997397046,0.13243525642136056
Application_1321952381,0.608351328121035,0.18910261802573314,0.2981731335238542
Application_132220187,0.2686362880305775,0.6043381307303187,0.1358282130279103
Application_1322307011,0.26186431285603146,0.4865161626496276,0.33724727234574214
Application_1323283519,0.17069102781507406,0.5880131558480943,0.09749796552324119
Application_1323290543,0.3499107670408558,0.5810833356497023,0.12208085387213623
Application_1324210895,0.23033239241396578,0.5707036038090767,0.10744227455483236
Application_1324391484,0.2942203193849946,0.5651577597332742,0.14361781970727583
Application_1324680297,0.665003787180335,0.35487803932276846,0.22635522761835575
Application_1325360487,0.3770776129665801,0.5162361124089053,0.14126153770766234
Application_1327686952,0.2492556359731596,0.6100889715320142,0.12952413988291653
Application_1328770574,0.6079751670239049,0.19099095499356034,0.19665574731074995
Application_1331144446,0.40405080884001754,0.4421021284482701,0.28803035923141346
Application_1331295233,0.6574515416356226,0.3270630205526017,0.20545533163624163
Application_1331492368,0.6504597010677349,0.19426912806113222,0.2637321742803899
Application_1331678337,0.2445932713520953,0.5748136050504731,0.13706784413274437
Application_1331809820,0.14203492160476963,0.10329149576670822,0.11761430413768009
Application_1332066828,0.33110449400407593,0.5696203762815559,0.14213731626785167
Application_1335180651,0.25368427599310855,0.6147471211906883,0.13276448264631935
Application_1335455949,0.2647749928119011,0.6054388280127708,0.12524057813418585
Application_1336423282,0.20758304553789658,0.5885727664777592,0.1160807456958509
Application_1338322049,0.2863864003823987,0.6075198401904418,0.12971642987415427
Application_1339399261,0.34611037792328364,0.5811416548248648,0.12728326192982636
Application_1339681597,0.19269498344182887,0.5885727664777592,0.1160807456958509
Application_1339781817,0.5901394604309236,0.4094889517308443,0.2796106772290236
Application_1340459622,0.21945921486681544,0.5885727664777592,0.1160807456958509
Application_1341133743,0.4000649711968852,0.5803993645636158,0.17428860569818874
Application_134173506,0.1746529948193318,0.5685000173339342,0.09850470492915368
Application_1343184,0.1730553782279081,0.5809488594300715,0.1448191819680743
Application_1343349327,0.22465639848923913,0.6275740489812681,0.13650142461309364
Application_1343884694,0.4156881839247491,0.5151247338837204,0.21226392146358158
Application_1345076352,0.25577971290082374,0.5659506062270188,0.11543402266862324
Application_1345333868,0.27548288893926476,0.6063377271456931,0.13477355510152803
Application_1347122551,0.22125081027315704,0.5524994993330046,0.1156640346910522
Application_1347988922,0.6564573008071377,0.11075815805727252,0.20062469167481023
Application_1349926412,0.32016598381113587,0.5686652249681081,0.12585855051572836
Application_1350728321,0.21432565838538808,0.6145645860209704,0.13312986407940763
Application_1352726942,0.2974285825039358,0.6033072303097334,0.12855769300112546
Application_1353447445,0.267525810691734,0.6071740282948648,0.1139500159865892
Application_1353848792,0.4989306591957456,0.28705885449342483,0.08669556415770051
Application_1357377502,0.1761952465086403,0.6098176342465794,0.11048033016290736
Application_1358946869,0.1857936763956925,0.5973498028751683,0.11946474692560567
Application_1359737168,0.2956014711585915,0.6051145276350732,0.13437012588301156
Application_1359775338,0.5149705065640213,0.5082677601399413,0.29920018842339696
Application_1361444752,0.24311657829800035,0.5758374930379861,0.13361013975609468
Application_1361883922,0.371383504347684,0.27742010484807417,0.12551849876447316
Application_1365116675,0.38605925836358623,0.06381841911742069,0.11035754376316642
Application_1365152370,0.44191608995460535,0.3890774239864842,0.3166614659778484
Application_1365437313,0.277873107010823,0.5701159301701586,0.09092094016047975
Application_1366143473,0.326117620010813,0.5810833356497023,0.12208085387213623
Application_1366769739,0.3013909636512448,0.49316117670519644,0.197876479118626
Application_1366950042,0.5449642143028678,0.11825251104297638,0.12795186754286414
Application_1371434911,0.15096268470238625,0.5773559118032848,0.1100901130536235
Application_137438189,0.5308136577765471,0.21507416104669871,0.24145436771070306
Application_1375169811,0.6792673586568498,0.09720089040042451,0.12695809091444316
Application_1375435938,0.2523396612410037,0.5769824188993565,0.13640035653862953
Application_137951178,0.2898774658375891,0.6080971620079074,0.14425252195828603
Application_1379975984,0.2996696162417599,0.5267341098029605,0.20848146688377386
Application_1380707551,0.26886221045029474,0.5944713369241997,0.10438579173687322
Application_138110394,0.5437930827921611,0.2489308520064261,0.21195307099998023
Application_1381169658,0.26456810294207683,0.5850267994783583,0.11117761826976673
Application_1382009065,0.2565454680930669,0.6301657210027936,0.12138638317580926
Application_1382204301,0.27788275103207294,0.5666772648379315,0.11556329355734447
Application_1382937184,0.2914733098725009,0.5686652249681081,0.12585855051572836
Application_1384106962,0.20526150137589286,0.5253111935879237,0.18916985161377237
Application_1384343806,0.31526102890588803,0.6354687306476302,0.14791124249482068
Application_1385747357,0.5673496243232349,0.160413221618956,0.21857853284227083
Application_1388031954,0.28980019323454814,0.5769471034942621,0.10823269536679772
Application_1389044798,0.20577448767343778,0.5812104732913544,0.10360731707156712
Application_1389412266,0.43158253469588725,0.38647631978137775,0.11905317235956847
Application_139141595,0.49738298195956593,0.3839103172319221,0.09579773881101795
Application_139153216,0.23642067615027904,0.5838743270846132,0.11582886165191979
Application_1392867246,0.22441388878829388,0.5891076663045645,0.11961201512122813
Application_1392931200,0.2514987379963816,0.6053276874133939,0.10975682259113151
Application_13944300,0.3836136730907697,0.5328446538632716,0.11039437477543
Application_1394483322,0.2392603551875436,0.6053223552423103,0.1345560691007357
Application_1395388115,0.26540440379721514,0.605642591393228,0.12772220036820375
Application_1395429395,0.2832106574201068,0.5887398144590069,0.09760852919117394
Application_139724030,0.32096194667929506,0.5696894455033499,0.17987400870527306
Application_1397321296,0.18119983915313329,0.6410392462413526,0.17476628814677456
Application_1398266061,0.565388341795175,0.4663192693993955,0.2957974733599627
Application_1398309462,0.15901960190623746,0.5885727664777592,0.1160807456958509
Application_1400741815,0.4079529245042557,0.4561058329272008,0.13613129588999043
Application_1401776769,0.21706219797231685,0.5928576949382741,0.15437136469934265
Application_1401798992,0.4790108204267947,0.2878900121871168,0.10550843910210958
Application_1403984783,0.2537674484588982,0.6022853435977664,0.14757004812679483
Application_140463362,0.3754721148065085,0.551959496929393,0.16844515282758626
Application_140466456,0.31671334070234014,0.6481680427070439,0.15423769595793538
Application_1406835873,0.527284349520718,0.2666276288350783,0.06356126046095484
Application_1408009203,0.32559625111677937,0.566920086328075,0.18559236815630928
Application_1408362802,0.42886240830725475,0.5497480874089659,0.31133326716195636
Application_1411314331,0.16471099143117343,0.5693892715592459,0.09081841122482934
Application_1411809915,0.151761189121002,0.2876810828375504,0.29235136245103244
Application_1413720992,0.32609253911251807,0.5694922833909113,0.12237897727343404
Application_1413836638,,,
Application_1415930985,0.19334698341565054,0.5933147157106189,0.11765516468071405
Application_1417653464,0.5353217570048203,0.4440399545627198,0.2744251203661924
Application_1417750933,0.5520017719487852,0.47667241107357555,0.3133508795714789
Application_1422930581,0.36116943398289403,0.6461403910060376,0.22027904628655204
Application_1424659757,0.19639346974105792,0.6392039377079765,0.14290420342173996
Application_1425329540,0.4817672930503063,0.15586508504578717,0.24020879845472268
Application_1425800430,0.23660661082759477,0.6420196056853591,0.19059217752713511
Application_1425820279,,,
Application_1427261936,0.18010709583761192,0.5747281384146485,0.11073923064594449
Application_1427438242,0.24865635332861818,0.5704328094187706,0.10133618182870044
Application_1427573691,0.4090100083162682,0.3388824001499547,0.32046328889956444
Application_1431000094,0.25454145233705977,0.5992681517764117,0.1281995720658083
Application_1432791901,0.2282817348438349,0.611199781719187,0.11020433624340391
Application_1434518975,0.3118504681286445,0.4169586334977309,0.3122299437446034
Application_1435594188,0.20754675101279013,0.581762162636778,0.1253624031907694
Application_1437497198,0.4125017637641755,0.4871615049863296,0.4050800973487771
Application_1437966300,0.2814963063177027,0.6051145276350732,0.13437012588301156
Application_1440477840,0.21896872756096047,0.5892994250886721,0.11621230037049339
Application_144137365,0.22205573119830171,0.4681567718440582,0.36389372556614874
Application_1444191625,0.24787098891131365,0.6098460979775284,0.11131419752440308
Application_1446757334,0.3420157463544656,0.5606311694010613,0.1838867312728301
Application_1446807165,0.6137276020831373,0.1085037202333307,0.18029313610454611
Application_1447107656,0.26106620859198515,0.5659506062270188,0.11543402266862324
Application_1447384497,0.2846952835497818,0.5152581662079148,0.20376727462962937
Application_1448754624,0.273175291874596,0.5596397307895548,0.12107133953662877
Application_1449066412,0.21837473587276246,0.5933203948578449,0.13082382956474237
Application_144911431,0.2747605145622952,0.5822745797288529,0.09580120374581824
Application_1449370855,0.6205236582035816,0.07950183727136259,0.12239533208381914
Application_1450319805,0.30212661776882505,0.5540705802639433,0.14253780165515165
Application_1450396663,0.29876113669761944,0.606049013853223,0.13470888408412932
Application_1450689239,0.6267834085932629,0.1067753849269868,0.18517470818637885
Application_1452533285,0.25221564109220523,0.04148291477860027,0.09952207548017027
Application_1452854959,,,
Application_1453589065,0.13634764574291022,0.5631017262175676,0.09983992455184826
Application_1453812922,0.40884139134899106,0.5163944513102992,0.16213857881708832
Application_1454220575,0.4731865575972345,0.28783077416211034,0.2550284602787157
Application_1458277433,0.2784651436503562,0.5995539327951932,0.12748150555742663
Application_146114459,0.3290375248752838,0.5703086342774291,0.14747202959990202
Application_1464086854,0.24120858200016077,0.5689924421427429,0.1159712192126525
Application_146419660,0.2343920213661846,0.5755676824324484,0.13329079091565818
Application_1464780823,0.2794250029125139,0.6099019276519557,0.18434216858911645
Application_1465025013,0.35702614921701176,0.5824564831150669,0.12495803441844358
Application_1468750557,0.42202744899221367,0.59460889645704,0.17354814528543513
Application_1469334320,0.5410789468021278,0.40900933527784034,0.27910366614602755
Application_1471430106,0.4947697958238307,0.43824841665735315,0.14428379390025436
Application_1472969785,0.23537827621902577,0.5151351231362552,0.2081767533868001
Application_1473464035,0.10295001313469496,0.11629766900255023,0.13124387931724088
Application_1473625375,0.22193501995173395,0.6301657210027936,0.12138638317580926
Application_1473894342,0.2332312891923068,0.6108726369145379,0.12961452692463055
Application_1474055956,0.3202993529686421,0.6048021556631518,0.17986428651901362
Application_1475968760,0.31239363057973857,0.5711291153320837,0.1278052966955327
Application_1479752026,0.5707880083402678,0.10906605548155983,0.14669192808774323
Application_1480117653,0.2787157840550762,0.5941328965173213,0.12886777798598584
Application_1481242369,0.7060124107148454,0.16961427595429862,0.2217605664139051
Application_1481928502,0.4582890112313004,0.49958305575743117,0.1845233785124239
Application_1483046130,0.26780038193312294,0.5846947999356892,0.11146599196001614
Application_1484189145,0.28503747980917177,0.605642591393228,0.12772220036820375
Application_1485367187,0.34212077465646656,0.4034067856008058,0.08653641767005388
Application_1485546748,0.6135172651653609,0.06283585700644183,0.1479308799199948
Application_1486220145,0.08708625423599489,0.04836761129263567,0.07663893658540495
Application_1487829407,0.5439027114892974,0.1520647094542854,0.2293613903922048
Application_1489341726,0.5193882134604364,0.4326920744961784,0.2866316953259411
Application_1489510821,0.16214848324132203,0.575727416634823,0.10174096945734523
Application_1489786126,0.22158339307363387,0.5715205468766303,0.0917284266397168
Application_1491300788,0.6977688456959011,0.12190103833972658,0.17131738950488362
Application_1492609631,0.40209133053789814,0.5862662611840701,0.11318822652612077
Application_1493979926,0.4167288580575145,0.48032836951269564,0.29014810397314156
Application_1494178086,0.21856371795977447,0.5664262584316504,0.1055760715408175
Application_1494414449,0.34794691338047223,0.4161150428530684,0.31425840866228366
Application_1495079062,0.6796830350675261,0.2582679664343098,0.22961178878394412
Application_1495262961,0.6160247359876728,0.3461382101786149,0.3057259591404784
Application_149591383,0.39716769524838724,0.5111253715249101,0.1793868044909885
Application_1496349825,0.2294376960383754,0.6344135228906751,0.13656261901116973
Application_1496645833,0.4318383429409203,0.376565051363127,0.29389726311575315
Application_1498001149,0.26137683311396226,0.595186760628094,0.11952054984995676
Application_1498610522,0.365216158662238,0.3961579164022987,0.32137505923432425
Application_1499935603,0.33056824360530657,0.4169445725184282,0.3121964892623603
Application_1501636291,0.24971594753769344,0.5660036882820302,0.10602982290194833
Application_150329185,0.28618499292780336,0.5704328094187706,0.10133618182870044
Application_1503602511,0.13791753496109815,0.3540503197718866,0.23985621147252675
Application_1504307845,0.7364761147313806,0.13658171417027914,0.1811556782162834
Application_1504346428,0.358652881242408,0.5822745797288529,0.09580120374581824
Application_150503991,0.33382054681929313,0.6128097686754341,0.12018112364278105
Application_1505059688,0.2508607698564794,0.5940880859467308,0.11188715176024219
Application_1508285623,0.2224030961436647,0.6329568149704665,0.13590080725075385
Application_1508659021,0.2591690720502485,0.5661301978126033,0.1154017657411396
Application_1509292111,0.2742086730200456,0.5642791151669473,0.13937614296498135
Application_1510765360,0.23367219291060984,0.6412076037046582,0.14069879236817986
Application_1511779865,0.4357131495443534,0.512061706848684,0.16068800300753955
Application_151245494,0.17247867067010683,0.5932801897942024,0.11754486186919934
Application_151280488,0.4912262980223209,0.5112187866307952,0.14580409460603333
Application_1512972539,0.2146792773411502,0.6451465675536276,0.17360633880212706
Application_1513197861,0.3591461215835978,0.6057920104657281,0.17482743420774013
Application_1515604872,0.5854353202982665,0.4534165163817696,0.2713749544973255
Application_1518013035,0.30444948300685737,0.5048088734726245,0.19734615855305912
Application_1518048032,0.14609124041530738,0.04493407391261622,0.11184181927224629
Application_1519909793,0.23432505684396482,0.6065029864768985,0.131019795256559
Application_1522004111,0.25136494951077487,0.2808996936726359,0.2795159821440402
Application_1523406683,0.26582538008730394,0.6025926861795503,0.11262499214286266
Application_1523673583,0.21649754207940017,0.3301754819461479,0.24012307710136102
Application_1523736860,0.46397565555008013,0.15388669054767626,0.14617633613405634
Application_1524859554,0.2391449439397375,0.6533135639454791,0.13913040339250785
Application_1527338408,0.41239068934537915,0.5389045493665992,0.14288615176006067
Application_1527571617,0.289148118096932,0.5689770790251095,0.08852895019855801
Application_1528161643,0.1961856048244313,0.5888587995100621,0.11751590724749535
Application_1529154801,0.3046193183667256,0.41671631128389264,0.30941840187240355
Application_1529928107,0.659403293746433,0.13561344214141816,0.18070566862958665
Application_1530321110,0.5423711269083884,0.4339551880443756,0.28555974400600975
Application_1530932646,0.2533984384235231,0.6150239356245478,0.11328549908113573
Application_1531707627,0.5329824976743671,0.4674919222325327,0.3037218451329692
Application_1531851576,0.4483059211112056,0.5050234325640149,0.3448140895207111
Application_1533785960,0.30042897151680975,0.5145333314885718,0.17894668885009202
Application_1534847619,0.323819337344842,0.5693892715592459,0.09081841122482934
Application_1536534288,0.16782249375543973,0.5815479211179403,0.0956927133430859
Application_1537507196,0.41693633566930444,0.562296166104871,0.18785627129098742
Application_1538042026,0.613218587875778,0.33801286740069403,0.29620493006816423
Application_1541647337,0.30200022098239593,0.6307736728866942,0.16106412187497388
Application_154179391,0.4019654913939613,0.4064646016726915,0.36092048468993565
Application_1542614392,0.3547587878388842,0.6109295852851054,0.11940604983578769
Application_1544217945,0.26515637628991806,0.10503682821423962,0.07607194890924002
Application_1544460375,0.22991498066178487,0.5663731763766389,0.11494084047391535
Application_1545481822,0.45195510719727255,0.45550654589073636,0.38104185310218924
Application_1546052937,0.31526803262354075,0.6116335329213929,0.11939975432868524
Application_154623800,0.22877728114404844,0.5655951338955704,0.10304937439745238
Application_1546747591,0.22133236395779582,0.5892994250886721,0.11621230037049339
Application_1546890088,0.47299271252324104,0.5619288584802596,0.16865580459200172
Application_1549000634,0.402309951454523,0.6748176857166253,0.2367228941420576
Application_1550643436,0.17251467963127978,0.6005743927022118,0.10719837850020718
Application_1555489073,0.20662463063982034,0.5885727664777592,0.1160807456958509
Application_1555975178,0.3252816204072287,0.6489585633304827,0.1546214836072756
Application_1557296300,0.5193882134604364,0.4326920744961784,0.2866316953259411
Application_1558264214,0.24397148156446977,0.5698927068255221,0.13551076010922455
Application_1559533192,0.19844543998552752,0.5894476282692197,0.1249670463752636
Application_1559916934,0.7058382752835481,0.2047852137128044,0.22399123598440399
Application_1562686459,0.23150748328201193,0.5751507085642688,0.11025934979892132
Application_1563418612,0.22367756526536253,0.5885727664777592,0.1160807456958509
Application_1564442059,0.43961895000526174,0.4364758910854891,0.2960697852418652
Application_1565590572,0.3346554156885289,0.5849103869904024,0.1626800609735739
Application_1565653243,0.5187855900630469,0.2681291755959285,0.06596357022777466
Application_156618714,0.4659400006908013,0.27993640240760526,0.15009342334771456
Application_156768160,0.29258342223939393,0.6233573147824676,0.1574075677670063
Application_1567826735,0.3195045061715094,0.5540705802639433,0.14253780165515165
Application_1569475999,0.5328784872781344,0.10589217278333636,0.17421768740175372
Application_1569683122,0.3156539978638136,0.5963974486561263,0.12880235522126823
Application_1570331344,0.20662722438878314,0.5681823144122756,0.09792763693444921
Application_1571539418,0.660715097277892,0.17556772843486504,0.2194103323641304
Application_157155173,0.6747377874671476,0.09449142748503894,0.1701743681479548
Application_1573876833,0.4604173094788812,0.1376255447087696,0.18864887770210584
Application_1575096564,0.16799170411956568,0.5893339510050885,0.11632119944821571
Application_1575815132,0.19601863049017662,0.5929761013329098,0.11690321747257068
Application_1575897956,0.2804389978961177,0.6022853435977664,0.14757004812679483
Application_1576631308,0.17845890290916436,0.5683311932433092,0.14393249857174814
Application_1577555565,0.5239664170111856,0.1380415302631774,0.18145677395399146
Application_1577667494,,,
Application_1578090032,0.3687130373472151,0.5048148508478397,0.17848772957186743
Application_1579516377,0.23802715963873847,0.6482735959068107,0.14169628629250658
Application_1579588184,0.29160705427616423,0.05775026394659083,0.11490581934508681
Application_1580298940,0.2884402941823426,0.5711594680296832,0.10145119563372311
Application_1580674851,0.21819578628517722,0.572477495786717,0.10365088170351608
Application_158230798,0.19003639519794732,0.5955516122249014,0.11843860093755136
Application_1583297793,0.26052310825986086,0.6065218835187502,0.10871098084594316
Application_1583662374,0.3652122491236281,0.6123601915323056,0.11953538068413211
Application_1584063031,0.23643251843743987,0.15748430902976204,0.19183713498000804
Application_1585601222,0.3298411650146413,0.6116335329213929,0.11939975432868524
Application_1589247607,0.6984102491725588,0.20898271620043524,0.22464675772510184
Application_1591765651,0.23961729200972343,0.5862573939064905,0.12258899208045491
Application_1591900552,0.5566978069639827,0.3542550095154358,0.2610662417055764
Application_159263293,0.32238208106441,0.598541493165499,0.12805398486965833
Application_1594305363,0.3848455109281907,0.43605416630286875,0.19533881361065097
Application_159448414,0.2620075085584466,0.5995539327951932,0.12748150555742663
Application_1595937456,0.24039104372613881,0.5205075685659274,0.27497150660395436
Application_1597614471,0.34408962875607135,0.6014151555410766,0.14481152209909545
Application_1597735097,0.3666693318254927,0.3791891111303756,0.08755694125487515
Application_1598726895,0.1879733367877873,0.6046327845944376,0.12097710529385675
Application_1599405351,0.2450106384792367,0.6240505386310466,0.13235340213524358
Application_1600155880,0.30986884819021904,0.5784662104543028,0.11615077375031131
Application_1600471037,0.697331592201399,0.04777129572882792,0.1137336359653781
Application_1600982783,0.3168519922054422,0.5998078066009552,0.15409355016982468
Application_1601194488,0.2268453991926268,0.582574110600623,0.11106732760400864
Application_1601395766,0.23229524819170047,0.5660036882820302,0.10602982290194833
Application_160157720,0.3124587065722847,0.43153470310614195,0.29304021985356526
Application_1602891050,0.1500256722629425,0.5655951338955704,0.10304937439745238
Application_1603793312,0.3359498888439207,0.6187086695043084,0.11735488682685685
Application_1604619511,0.2501447778570903,0.5659506062270188,0.11543402266862324
Application_1604779942,0.46907446602743763,0.5127576921743864,0.3429225915206893
Application_1605473699,0.5105035423785849,0.08493684588157915,0.13124995260651687
Application_1606123452,0.324484316721344,0.41156917250356645,0.3145045204954254
Application_1607880476,0.5965564840151922,0.4291639311627707,0.3902811607806953
Application_1609027595,0.3339251756319902,0.6022853435977664,0.14757004812679483
Application_1609568328,0.41854875977876727,0.2928669932392632,0.27480060074352153
Application_1610638954,0.24988053552316333,0.5961051639158083,0.11315242639779528
Application_1612452340,0.5211369154993356,0.4190729610013356,0.27201777917178477
Application_1612709587,0.32216333143044973,0.5679829159057966,0.14297964160149762
Application_1613754741,0.3660015654766576,0.5606311694010613,0.1838867312728301
Application_1614113082,0.1618567249144654,0.5708386313019437,0.0899019878007205
Application_1615509090,0.393843766553219,0.3449887055726691,0.2403997887634202
Application_1616117711,0.17403531174159473,0.27715948827805886,0.24769574969215255
Application_1617657859,0.6074901798889984,0.4009002011298822,0.27720279468766024
Application_1618215402,0.2355536544154408,0.6090909756356667,0.11035488537125862
Application_1619897367,0.2021159560611476,0.5688379365555819,0.13362755314518127
Application_1620539143,0.20091037617539323,0.5495340237620334,0.1090791950195481
Application_1620675668,0.11153148243117395,0.32682291482316217,0.31292699693929366
Application_1622160130,0.4214100354443192,0.48105502812360834,0.2904781674798952
Application_1623687781,0.2286510300106514,0.5888164890638522,0.11717941212376408
Application_1623704275,0.17575180056992615,0.6142983467152323,0.13192771940502473
Application_1623875695,0.22710394851988072,0.5762498610387337,0.10723115195189857
Application_1624152176,0.6298118776816845,0.3400393834804722,0.2814941561696187
Application_1625456407,0.19688924583874184,0.5925535311832897,0.11741161105366026
Application_1626417881,0.37252990543746695,0.5467485204468931,0.13338189769057798
Application_162990347,0.2607059070726254,0.6070235276981768,0.13246296185011497
Application_1630913903,0.42364003349433416,0.4815702045570357,0.368122622015763
Application_1630991786,0.3297182104637347,0.612614394496668,0.10212892240278824
Application_1632505002,0.2149111682210642,0.5711412024030469,0.11516829106597462
Application_163281313,0.2559204441771535,0.6106808857263364,0.11174780242722471
Application_1634751250,0.6123922527563923,0.3566258420554094,0.254735021744278
Application_1636152294,0.3909902722401498,0.41455484784331265,0.31531598252510024
Application_163804730,0.4511854712535719,0.3116493324712515,0.1951158199085618
Application_1639814791,0.2730399165350461,0.6083118406714612,0.13194266355479053
Application_1639947439,0.2720641955233574,0.5604597165407055,0.13636592985580762
Application_1641565943,0.2746129928793461,0.5780825704141976,0.11021528024378713
Application_1641722976,0.6029343253655118,0.44234472032194044,0.2613641767131911
Application_1641885593,0.2524263404243541,0.5659506062270188,0.11543402266862324
Application_164319398,0.11873729214267692,0.07113438154131915,0.10770175277873975
Application_1643995941,0.251080612575248,0.5847227110170656,0.11056978333943003
Application_1644851848,0.23425361628915867,0.6568443721255547,0.195193921567901
Application_1646642236,0.586563521380383,0.297503346105748,0.0990416059904664
Application_1647108674,0.6064021020575193,0.21167549150080772,0.33619345103468745
Application_164769477,0.20331464138076102,0.5984454143086598,0.1274161731285295
Application_164778672,0.48890949134727324,0.376399008297315,0.10613620406029889
Application_1649699850,0.2223608213669063,0.5711594680296832,0.10145119563372311
Application_1650299745,0.28081189501373227,0.5780825704141976,0.11021528024378713
Application_1651085521,0.5603011179387871,0.06323114854432935,0.12721864612557038
Application_1651737074,0.22248388294108154,0.5704328094187706,0.10133618182870044
Application_1654318352,0.23670557873728781,0.6120181611334118,0.1359451141209711
Application_1654636815,0.12494624305525842,0.29718534805870916,0.24189054077841832
Application_1655641907,0.23093173101250675,0.5751566126786607,0.12025444496543118
Application_165594970,0.540577587460206,0.36543275790261365,0.4339424850433688
Application_1656791018,0.2373476516215029,0.6301657210027936,0.12138638317580926
Application_1659913497,0.2133477078251063,0.5885727664777592,0.1160807456958509
Application_1660705348,0.29735768456883827,0.6145021125867889,0.16046830396535447
Application_1662440609,0.21719429587555164,0.5955516122249014,0.11843860093755136
Application_1662487403,0.3221024623993572,0.5769692250412097,0.1308416192409925
Application_1663925804,0.23610579961141626,0.6168021488957036,0.11386467117352257
Application_1664236078,0.24296025069570243,0.6053322935285481,0.10951063788413343
Application_1664858516,0.5564868167531841,0.12728240417893427,0.1669854107119426
Application_1665515241,0.2557455182845625,0.6514124803570948,0.14520603740404459
Application_1665584404,0.24570090496190133,0.5693892715592459,0.09081841122482934
Application_166588001,0.26274439182123216,0.6071740282948648,0.1139500159865892
Application_1666465764,0.340176818106009,0.6481680427070439,0.15423769595793538
Application_1667989141,0.7375679319692849,0.13024958745271575,0.2019270669197298
Application_1669392427,0.21532022714077836,0.5940413743215316,0.11778869323641729
Application_1669477442,0.22351445550766647,0.5955516122249014,0.11843860093755136
Application_1670585897,0.22995804651324966,0.6039643686802474,0.1269515580131212
Application_1671150390,0.4517415468222621,0.2141797357341531,0.182248319757615
Application_1672037226,0.6103075515881661,0.2289984078180852,0.24138336635763916
Application_1675241784,0.21282057957611175,0.620785571202599,0.13771841439432675
Application_1676999623,0.16826952665473086,0.32198838503310173,0.2634914633182821
Application_1677049820,0.24319497860373226,0.5751451122828282,0.13387163547082775
Application_1679927360,0.4165072024437091,0.5862662611840701,0.11318822652612077
Application_1680183215,0.5668039510054236,0.4619832299402261,0.28612282476176704
Application_1680533625,0.22758442162312448,0.5762498610387337,0.10723115195189857
Application_1681361801,0.2776205404007598,0.6354687306476302,0.14791124249482068
Application_1682480934,0.42821773580304207,0.5100337384789838,0.31499596077710745
Application_1684306378,0.45368324183904996,0.5468930983356635,0.23318077031719814
Application_1684479121,0.23931030151671873,0.6077513096548921,0.12096127066072916
Application_1684641986,0.21777583631433423,0.6067786371444889,0.14120858180154178
Application_1685478310,0.22943964208973466,0.5762498610387337,0.10723115195189857
Application_1685691745,0.6104524317374883,0.26750468653386916,0.3568978141959711
Application_1686395823,0.1921726560425953,0.6184559928745588,0.11404606183377085
Application_1687448539,0.25362919306684567,0.6037412669887495,0.12568381082708915
Application_1687637096,0.32119687834480054,0.5932929083846181,0.12281906826931308
Application_1688232773,0.6721148500834104,0.20034424412919213,0.23476152634908234
Application_1689074281,0.31850334262120017,0.08170957733365636,0.1366014437544491
Application_1689701428,0.3191773126054271,0.6103508234047261,0.11847012310363718
Application_1690391662,0.4211318922928426,0.5314688849138346,0.18037284762056024
Application_1690998892,0.20452652286364398,0.5892994250886721,0.11621230037049339
Application_1691065242,0.10434267818917801,0.3176424635329198,0.28226416213825706
Application_1693078902,0.6665257365243996,0.4484733856960574,0.2673654029629664
Application_1695492315,0.22262237785911504,0.6037371601716,0.12395932395179338
Application_1698334648,0.2695055174533749,0.6065029864768985,0.131019795256559
Application_1698620256,0.41129057996469426,0.436891808824493,0.29634697563298534
Application_17002468,0.34901196085190067,0.6116335329213929,0.11939975432868524
Application_170273491,0.2431606446017383,0.5655951338955704,0.10304937439745238
Application_1705844076,0.24561257511967866,0.60070337006706,0.1269037890591983
Application_1706866981,0.34358473290207425,0.5385275626212191,0.12603613537760477
Application_1707866152,0.07927045145463849,0.4037763777261526,0.2606191325745699
Application_1709823125,0.29416028847112186,0.5693892715592459,0.09081841122482934
Application_1711303027,0.25066202775707336,0.5788354373110437,0.11236529730652817
Application_1711861534,0.31469559094140737,0.6114953083635374,0.11961465021046394
Application_1712201753,0.5999108925184824,0.2608994567769186,0.3247531930106906
Application_1712515047,0.40102589743516753,0.5179014615894457,0.3024785050630891
Application_1713151358,0.36606046212847954,0.25754762656071084,0.26659048141328584
Application_1713552898,0.3867943915309297,0.307090889704753,0.21294191977801294
Application_1714501335,0.2474930753121832,0.5895744449886544,0.1265958684874957
Application_1714608768,0.2342139390302028,0.6309064594128165,0.13754158290932136
Application_1715427761,0.3644282510244159,0.5826631538565482,0.1575267314761552
Application_1717915911,0.21374744104628393,0.6309064594128165,0.13754158290932136
Application_1717953510,0.26925054800733705,0.5642791151669473,0.13937614296498135
Application_1719088576,0.39195133179731,0.5080754477008614,0.317060304723306
Application_1720955378,0.32186416565870274,0.5576644727452427,0.16546288856093613
Application_1721325720,0.2955612538285628,0.6022853435977664,0.14757004812679483
Application_1721495711,0.22960773938766874,0.659503727782094,0.137887760826433
Application_1722936368,0.2554832476383577,0.6733336960527965,0.2100757274228715
Application_1725718103,0.23970065560764214,0.6105066696597495,0.15665512880297952
Application_1726057618,0.3918689956817365,0.576750734041968,0.12692032722526045
Application_1726750534,0.585715489722601,0.44548395003830876,0.27567393212281216
Application_1726806352,0.3083481154193735,0.44992702684328706,0.3743430117275344
Application_172695266,0.3408644747194306,0.49496424969851577,0.3380221462168868
Application_1728000220,0.2738752143868973,0.5995539327951932,0.12748150555742663
Application_1728090308,0.48458253616894376,0.5309125515300146,0.33646427650017857
Application_1730778542,0.4169355847815628,0.48310451594824944,0.4793424767203676
Application_173122257,0.20666060766219768,0.6486961660564308,0.14108176592732635
Application_1731267696,0.4077140192311155,0.536165927423937,0.1796754223090505
Application_1731879894,0.39980509343189635,0.5323008883751186,0.18000323883974975
Application_1732543782,0.3247231147402311,0.06347613742287331,0.14806174950300682
Application_173259774,0.13289196376018556,0.5495340237620334,0.1090791950195481
Application_1733106091,0.4506727486043295,0.17980396247868144,0.19275501774661488
Application_1733732825,0.34260772475642115,0.5238937931034817,0.2395654787030868
Application_1733949639,0.2443511365679342,0.6233926004780186,0.13562566673201182
Application_1734771669,0.4667143372374955,0.07867610235476398,0.12806161054781706
Application_173483337,0.22242692410714898,0.5925535311832897,0.11741161105366026
Application_1734947142,0.22438889030967085,0.5488073651511207,0.10895885389785853
Application_1735095439,0.2616244421174021,0.6053223552423103,0.1345560691007357
Application_1735566698,0.5659155026189395,0.3261391045514366,0.29262972333976706
Application_1736444832,0.36580189667301266,0.6351672221785549,0.136216982942227
Application_173679501,0.15801329950622842,0.5972414944774893,0.11748511617770938
Application_1736978527,0.6069003524864335,0.10638392168021585,0.07804836409617052
Application_1737095579,0.416548644833898,0.6116335329213929,0.11939975432868524
Application_1738270116,0.21939495260268352,0.6601329792685141,0.1253600259084587
Application_1742866950,0.5422480781155693,0.4429454783944048,0.3302615596546093
Application_1743002787,0.3586161057103999,0.39241924504801384,0.3725485056304672
Application_1744217682,0.3911214627141022,0.6140155066710967,0.13000649271488188
Application_1744764747,0.2044426085999607,0.5704328094187706,0.10133618182870044
Application_1747759228,0.39885438014511887,0.3864098767595812,0.14425560347000468
Application_174900979,0.18922498246014505,0.5885727664777592,0.1160807456958509
Application_1750066014,0.22548881526319234,0.5557527554183282,0.10433263203136943
Application_1750611156,0.1683607610337524,0.5773559118032848,0.1100901130536235
Application_1750932659,0.14106651973298534,0.04010734534303259,0.1439078281116805
Application_1751483231,0.19270930003852305,0.1347552636353687,0.15998003839012712
Application_1751490782,0.330281985624887,0.6007462241947878,0.16510238746109268
Application_1751546737,0.13716640888552922,0.5865224103162147,0.1215605764638954
Application_1751763296,0.2901485632673642,0.6083118406714612,0.13194266355479053
Application_1751900898,0.33254704117532163,0.4828234849412956,0.2182316940316966
Application_1752144011,0.25229309157544244,0.5655951338955704,0.10304937439745238
Application_175406399,0.38004940264419607,0.27401707972584316,0.28473352272338753
Application_1754660645,0.24161978319184102,0.5957163369929762,0.12862587135827502
Application_1754878754,0.23629680129571656,0.6042964177927068,0.11852371825025486
Application_175544437,0.4133295323315828,0.18146304651566544,0.18251880425912312
Application_1756143119,0.15840703283945665,0.5955516122249014,0.11843860093755136
Application_1756698619,0.160147996936701,0.5704328094187706,0.10133618182870044
Application_1757112551,0.30735505459520923,0.6010129080082302,0.11355396652112647
Application_1757332206,0.2647811805174782,0.5642791151669473,0.13937614296498135
Application_1757787329,0.2514242158067916,0.5731520672158997,0.1320313748965369
Application_1758466018,0.23268897121978727,0.5762498610387337,0.10723115195189857
Application_1758628504,0.24056736571767562,0.6470558144072621,0.1884079006674507
Application_175918237,0.19133912419149976,0.5995106135707736,0.11751965115777874
Application_1759206616,0.27469106307307567,0.5986242221619489,0.13288405635248285
Application_1760810906,0.2672546943976782,0.6035156073204093,0.10692713716222074
Application_1762899868,0.27003295376508585,0.600455040956555,0.12954893538621387
Application_1764494728,0.3080057534919147,0.596218780665234,0.13438843784531565
Application_1765577987,0.31677417272990066,0.5714109407839317,0.1906960804552776
Application_1766681398,0.248519426332126,0.606065161542848,0.12716943424353455
Application_1767608602,0.6918327500890931,0.2561688591506546,0.3724564018778329
Application_1768409536,0.2647755461922919,0.6051145276350732,0.13437012588301156
Application_1768718354,0.326820803237861,0.6022853435977664,0.14757004812679483
Application_1769060911,0.26045596585571096,0.6025962950307847,0.13669008885490824
Application_1769939835,0.23402662454657802,0.5780309144434892,0.11210898683687343
Application_1770364291,0.25476896181936354,0.49405351338837766,0.15211855795418436
Application_1771092914,0.26665431214828306,0.597905421332882,0.1054001237317823
Application_1771690507,0.25237686187161673,0.5806937109870102,0.10548171110091283
Application_1775620157,0.24536546609309634,0.5496322329355017,0.17939777417220362
Application_177572366,0.2418679119321894,0.5759668872100284,0.10778899510572859
Application_1775767690,0.19838733695698932,0.5799753817170867,0.11880501593432412
Application_1777192556,0.25153123879820743,0.5702963911344672,0.13786609481016138
Application_1777715425,0.2733370560428627,0.5926824151752524,0.19086014342244073
Application_1778205577,0.135700468694312,0.5799753817170867,0.11880501593432412
Application_1778799137,0.2327189756918253,0.6063635603854812,0.13268648507195085
Application_177897578,0.3397653326974601,0.5513124042103629,0.14046210254693378
Application_1780196758,0.3139035237301559,0.5764381536252519,0.11680264058905533
Application_1780269777,0.2518882699061752,0.6090909756356667,0.11035488537125862
Application_1781081103,0.30117656429038947,0.5917694315886619,0.12707425617511864
Application_1781374917,0.4153901650416577,0.09713689337753027,0.14294458785007325
Application_1781623698,0.4205570566766968,0.5799472203653284,0.13389195289476163
Application_1781633903,0.4080330424991409,0.3779409327508737,0.11753399212336493
Application_1782952770,0.36502595957693174,0.4642842041983478,0.276316267975355
Application_1784815865,0.46472985501130515,0.29345173219437837,0.3558450612943248
Application_1785468553,0.39948080903082406,0.5252748603969573,0.2693252350355196
Application_1785650204,0.2841273871443576,0.5356498756803669,0.2251918719772624
Application_1785860221,0.3357536828723289,0.6640594836191858,0.15281987868571045
Application_1787983531,0.23345526628895955,0.5698118417088659,0.09042724230598678
Application_1789934601,0.16542122946225896,0.0650411043331612,0.11750949380102903
Application_1790721805,0.2328791979059625,0.5777505708715286,0.11050122686279709
Application_1791109196,0.2566480837631623,0.5982647288657141,0.12901439882454177
Application_1791210166,0.553571399165873,0.4223727299552237,0.2747341858821764
Application_1792123382,0.25194716235609316,0.5815479211179403,0.0956927133430859
Application_1792327676,0.1911543392596443,0.5822745797288529,0.09580120374581824
Application_1793173151,0.39670294967522385,0.29440576859969586,0.10845331651531011
Application_1795986679,0.3092869125326641,0.5950843400147473,0.1281765324404507
Application_179601498,0.15524279918612655,0.618877345657748,0.12259644265520495
Application_1796290207,0.18750829428154758,0.6090909756356667,0.11035488537125862
Application_179713283,0.25299471958660796,0.5817073772608128,0.11557140925944999
Application_1799331916,0.1464806752603476,0.5708553795683905,0.10089737032398276
Application_1799654594,0.2918317428998124,0.6323529181184028,0.11863177417526799
Application_1801593563,0.17440740417594544,0.492282977541089,0.2485785986659854
Application_1801822059,0.26817367885929677,0.5829933648704518,0.11257688603116496
Application_1802283850,0.13757844934284585,0.25212616302609586,0.24416148875122523
Application_1803710713,0.14816362580972658,0.055086392678123576,0.15238810300464606
Application_1806449930,0.3129476179550826,0.6279631031111179,0.18103613984557762
Application_1808705800,0.3882681819161207,0.39754883108102834,0.31884985483200395
Application_1811471028,0.16020944949910526,0.5693892715592459,0.09081841122482934
Application_1813502823,0.5206193609505053,0.4099115218804644,0.2783979691536536
Application_1817080595,0.23611992648146127,0.6012233509233279,0.11573684354516087
Application_1818700890,0.6920117305953958,0.14459687659319115,0.232723473363591
Application_1819007640,0.3349499705349208,0.6481680427070439,0.15423769595793538
Application_1819504615,0.5146511882220011,0.49889920203794685,0.2936485533211314
Application_1819818177,0.23793502733983218,0.5890555310990366,0.12198870981641168
Application_1820504290,0.2639191725360226,0.5657481254747639,0.1152608833836789
Application_182066441,0.2817005109924118,0.6319303479687824,0.11914866349642506
Application_1820733336,0.27707889421062676,0.6037412669887495,0.12568381082708915
Application_1820883466,0.33641996996606444,0.6238784546678515,0.17725597016093755
Application_1824209977,0.45544962556237323,0.41841908240040404,0.13636002664033528
Application_1824747835,0.6695417288674592,0.09184522876671125,0.18456489850649388
Application_1825309879,0.4105278560307281,0.44951011172420685,0.2115337132125444
Application_182597722,0.262492923833212,0.5977526789333217,0.12887334126801778
Application_1826347954,0.2333933485086769,0.5715144127564182,0.11879401182976794
Application_1826390013,0.2735057077725573,0.6054388280127708,0.12524057813418585
Application_1826620975,0.6700027375306477,0.1508882719689056,0.23026914319117495
Application_182712917,,,
Application_1828404203,0.26437969121174676,0.6148046443030524,0.13033609640750174
Application_1828802183,0.1410378015354063,0.3528380982899578,0.24431944824370075
Application_1829392718,0.21896060501910716,0.6086201791117715,0.13050354790149013
Application_1829492040,0.27621678335360933,0.6340344241816981,0.22025293382011302
Application_1833582857,0.2291643309448371,0.5688623115610133,0.09885272432114844
Application_183481406,0.22796783495803385,0.5550260968074157,0.10421783334725865
Application_1835611863,0.1513212760947154,0.02042619466306731,0.10658203342123061
Application_1835983478,0.2636799088871177,0.6051145276350732,0.13437012588301156
Application_1836482704,0.48353925368655515,0.23887012296922538,0.07072134856634603
Application_1837286038,0.3350586392481033,0.6485906128566639,0.15356872610768094
Application_1838182698,0.7237991196055518,0.1268042625148531,0.17714711721320406
Application_1838195672,0.13579543007949707,0.3624329715896839,0.3099908363615119
Application_1840472630,0.5170356414497971,0.32851021723640345,0.287404012535991
Application_184143337,0.24844585733666805,0.5819704912675603,0.09527879180746157
Application_1842271625,0.2603535255768235,0.5999488007786595,0.19039863864733114
Application_1842370876,0.2438430930835243,0.60070337006706,0.1269037890591983
Application_1846291324,0.2416023880739774,0.6344135228906751,0.13656261901116973
Application_1846693519,0.28163800778567066,0.6054500433994583,0.12734710561483228
Application_1850153393,0.40671885808682223,0.5529734817922531,0.12106166343332937
Application_1850714835,0.3629607575718497,0.6184053491286737,0.1637895847233503
Application_1851360212,0.6475950563583946,0.1601274349567517,0.2177939890766923
Application_1852538604,0.3131753550336081,0.6012233509233279,0.11573684354516087
Application_1856006798,0.4210367190766233,0.42720055031812104,0.30622166910740306
Application_1856344011,0.3937215951673237,0.4922083384239457,0.17724328714292445
Application_1857366417,0.10241432887392471,0.3616957210821669,0.263558152610323
Application_1857513367,0.33577844994155726,0.4969117447188922,0.37696900136794675
Application_1858211642,0.3553641145576261,0.5824564831150669,0.12495803441844358
Application_1859387169,0.22680209383632546,0.6044679255996622,0.12582629600550826
Application_1859431929,0.25699330927609726,0.5453833328287947,0.24242131106777126
Application_1859537046,0.2668536956106721,0.6054185496776989,0.13561914316651522
Application_1859784683,0.39501689200990986,0.5225682684803222,0.16647455274120973
Application_185981374,0.486151084638806,0.16096902011851044,0.2056878363823492
Application_186021788,0.4450141238069902,0.4234397820519247,0.26957902317767113
Application_1862468287,0.2970624298018814,0.6187086695043084,0.11735488682685685
Application_1863192115,0.5551954694789978,0.296547862863345,0.12156123303260895
Application_186381818,0.24397655051916337,0.5759587106770594,0.14619199402535005
Application_1864868732,0.24638714474192933,0.6057418019495693,0.13074805355252594
Application_1865080562,0.18902235539973897,0.6236818871760168,0.15529253996754994
Application_1865256281,0.20048549864963164,0.5889953366273792,0.11557882454714774
Application_1866125313,0.524388579059534,0.21043728279281346,0.27708413182828534
Application_1867093856,0.23958998639169302,0.10994010096016753,0.20288476007725606
Application_1867138516,0.25616994919710445,0.606142424154616,0.12709246275522684
Application_1870118526,0.6667235722310785,0.22643627684425138,0.2244575252795782
Application_1871723330,0.27512861550545814,0.5700290444305993,0.1473648642338319
Application_1872244741,0.5953801194277657,0.4484733856960574,0.2673654029629664
Application_1872345916,0.22059553068118198,0.5711594680296832,0.10145119563372311
Application_1874674743,0.29607963993146713,0.6042598083839332,0.13188816458263644
Application_1875782782,0.44394290617940757,0.5295059653364318,0.1577286338750042
Application_187611464,0.21978311708582246,0.5663217925064832,0.1031657682548643
Application_1876138473,0.30537841052564135,0.5324989283846585,0.13504857425443018
Application_1876836940,0.1985049662277157,0.08438316818725422,0.15611107586549863
Application_1877362067,0.2380114052200151,0.5762204448833493,0.10811059639551016
Application_187778549,0.3152442271330652,0.6440548195793685,0.14793468095364104
Application_1877814469,0.24089863589961108,0.6359234592267236,0.12851438700260537
Application_1879232225,0.47861268476732344,0.4082826766669275,0.27878690247891363
Application_1880895995,0.1509569841334742,0.33407403039397726,0.26546501841337067
Application_1885130117,0.2795821753273546,0.6027374877960537,0.19216155955548936
Application_188726425,0.37049727639095037,0.5866888313336902,0.11269745279641313
Application_1891680505,0.3244909440101124,0.6156809153959887,0.20922103651183874
Application_1895159318,0.25484824027657926,0.5751094359421451,0.13726294038727288
Application_189631764,0.16977515821250053,0.3121784596705558,0.263952625250057
Application_1896375934,0.3074218877142015,0.570770094891304,0.1447967817241278
Application_1897975199,0.5604519351090503,0.18643364564521678,0.2241067552665903
Application_1898457792,0.19271391659574996,0.22169667423612244,0.2408764842872915
Application_1901752708,0.3633604134768214,0.21245111382164508,0.323165476811671
Application_1903689163,0.4256588491439646,0.44159204857691703,0.17715168631771996
Application_1903879559,0.6360729374545074,0.0877132472596249,0.18323420357638565
Application_1905372994,0.24761403765147402,0.5834957763713959,0.1105595186455978
Application_1905967471,0.35072222717885915,0.5862662611840701,0.11318822652612077
Application_1906109703,0.21744519476918572,0.6016364981923946,0.16236935096851965
Application_190734181,0.30492473547165105,0.6039234009166492,0.09596773649498315
Application_1909723515,0.25748712838780746,0.5829933648704518,0.11257688603116496
Application_1910023757,0.40545836769956534,0.4824428994177037,0.2888756486413695
Application_1910885918,0.22385317757924642,0.5911550402986624,0.11792497404161408
Application_1911285022,0.5735719619309398,0.42785610709439004,0.3008142895873563
Application_1914483239,0.35791107680195705,0.5031200612228781,0.1906795811758891
Application_1917257899,0.4701516842858784,0.3289808983719782,0.34343217134829823
Application_1917346060,0.4799424885881218,0.22419914877402305,0.24402554277270636
Application_1918491897,0.23156176431140027,0.5695048327730378,0.12343403490962011
Application_1918741535,0.2042077371460926,0.5929761013329098,0.11690321747257068
Application_1919362220,0.2690125386277152,0.6025962950307847,0.13669008885490824
Application_1919805494,0.27697216315821216,0.6008217996770826,0.12689478815219768
Application_1920062674,0.19325585245046373,0.5838403314469032,0.10989845130895949
Application_1920137077,0.2636466698732086,0.6034530243307717,0.12393226149528173
Application_1920432865,0.2562281602772222,0.6053276874133939,0.10975682259113151
Application_1920569696,0.25814504912984787,0.5708386313019437,0.0899019878007205
Application_1920623384,0.32553858532856395,0.598447001564875,0.12678866355698185
Application_1921489029,0.5284745429564389,0.2129665210327977,0.23891735486060317
Application_192191311,0.21480156968707864,0.27175621051753046,0.32105052034097575
Application_1924151739,0.24057510872274848,0.5711595263215629,0.13525349924009372
Application_1925108895,0.2580339773283966,0.6033193447904631,0.11275286665631407
Application_1925475950,0.2969791845580439,0.6031600579456737,0.19132883088769775
Application_1925894693,0.35166870756980156,0.6098920024688547,0.14183369616353383
Application_1926626369,0.2103029610832607,0.6838892891677538,0.20173510111057166
Application_19269284,0.384393211998235,0.5154180008842951,0.14866532394626025
Application_192716320,0.24396895690730122,0.6053276874133939,0.10975682259113151
Application_1928577170,0.5443469206808808,0.13183415073783797,0.1918899843537627
Application_1930612093,0.7083825106353041,0.0785359319780603,0.16381126452551928
Application_1931050520,0.7341638470268007,0.12942754648944937,0.14716447237933322
Application_1931739679,0.22459228789154106,0.6305882911524137,0.12086014151720673
Application_1936633108,0.24803084800078914,0.5680584298605824,0.11680369504831999
Application_19378013,0.2886424458093926,0.553033940744347,0.15894143530885804
Application_1938909971,0.3707507665858501,0.396395187885315,0.3224635120137673
Application_1940707964,0.4069088288731091,0.4364758910854891,0.2960697852418652
Application_1941614665,0.2897831412878831,0.6030120022086791,0.14773761169122335
Application_1943498805,0.10977336730821773,0.37800464804173267,0.27784147314667457
Application_1943739799,0.191597881408436,0.5889953366273792,0.11557882454714774
Application_1944447595,0.23732141603745321,0.6229236216256326,0.13608073475788468
Application_1944896918,0.3155935190716017,0.6209794490246086,0.18634625321265555
Application_1945451645,0.204795582238467,0.43951376310878354,0.2032193395493765
Application_194564472,0.2294131028676201,0.6060888719407233,0.10998499313949867
Application_1946538188,0.25997360203427017,0.6068458581673186,0.11625556186288764
Application_1947622904,0.3927880397675603,0.532131116150248,0.1356132281869695
Application_1951442644,0.34183694029921585,0.537999121028051,0.1913129757752766
Application_1952474346,0.5963944436317151,0.3823609666177622,0.2947365592069885
Application_1953215776,0.47783339324247126,0.4141067521995597,0.30139499183239093
Application_1953871052,0.1958916504981713,0.5803129923611662,0.11924992350384145
Application_1954655928,0.22252938675574685,0.6523025093085675,0.14545575797548488
Application_1956063682,0.41746711303209777,0.5123198350925648,0.19423045351547621
Application_1956665823,0.2691195361721809,0.12084822612526003,0.14450100908078775
Application_1957651168,0.2802528818082688,0.6333793851200865,0.13531109071649153
Application_1958611901,0.26417831775595785,0.5825934433638673,0.11697548589759939
Application_1959536677,0.5605611629103245,0.09796649346088947,0.159984629458915
Application_1959538261,0.5228138072953495,0.2877949273896515,0.11546053431018241
Application_1959777138,0.20234513758369527,0.5715144127564182,0.11879401182976794
Application_1959968858,0.27808850320798967,0.6004801436102769,0.14344960530909628
Application_1960245250,0.616695757294278,0.3867389416867787,0.2543721998874952
Application_1963302945,0.56457480642074,0.42063459968173245,0.25065730266027114
Application_1964644191,0.24307324173725767,0.5685064293232267,0.1369848760835193
Application_1965608734,0.24619509680919924,0.6482735959068107,0.14169628629250658
Application_1966193141,0.2586271237014902,0.5680584298605824,0.11680369504831999
Application_1968934644,0.26740082197658505,0.5846947999356892,0.11146599196001614
Application_1969335807,0.22809030542389716,0.5990061584764097,0.1320726062154163
Application_196951548,0.46636300624385973,0.25313141989436194,0.10216806384698403
Application_1970086923,0.2432427101250782,0.6650089396056309,0.13420406674640026
Application_1970302335,0.2521571415588963,0.5969754862139129,0.11582393813136929
Application_1970703703,0.6408331544688851,0.5034367374155096,0.32640327630372185
Application_1971226606,0.2110837016941292,0.5711594680296832,0.10145119563372311
Application_197126464,0.5222831112402109,0.41651142555601306,0.27736099612916953
Application_1971362714,0.37030312181320685,0.6267383527928928,0.15628641366517546
Application_1971989358,0.22172257997043532,0.6319303479687824,0.11914866349642506
Application_1972046847,0.29881797336407107,0.47915718493668324,0.2431856956570677
Application_1972637504,0.24803795452421395,0.600960921162376,0.11673773320615047
Application_1973871032,0.24185296833169093,0.5701566455419603,0.13482250978067373
Application_1975160417,0.28885950739837535,0.6391228830482217,0.14355209778485026
Application_1975504088,0.17666355222816035,0.4839078485805216,0.3501374590062901
Application_1975819852,0.26109071452423827,0.08341335460933233,0.10402587025533513
Application_1976004129,0.590613590135706,0.3228083604321085,0.2951674976148977
Application_1976127206,0.23303757041597745,0.5734024838271881,0.1305263425525212
Application_1977502639,0.41991785364376366,0.49109474251550045,0.17287235907706036
Application_1978331738,0.21780539464824333,0.588381007693652,0.11947642423914424
Application_1980887074,0.686739348509695,0.0893813295551402,0.1419728414861235
Application_1981121598,0.2541598608516637,0.6265109273072546,0.1397907660420692
Application_198284297,0.2675697422164848,0.6035417985306272,0.12750430754144948
Application_1986394502,0.3551519837433806,0.6254627669625372,0.15219206017219675
Application_1986459524,0.24764621035942175,0.6440850815685267,0.15135011622493494
Application_1987831323,0.1944673020971626,0.5885727664777592,0.1160807456958509
Application_1988195018,0.16922211371584214,0.31748097933182345,0.27433816203654354
Application_1989234441,0.4883288908270254,0.5921331204069834,0.12203383753349613
Application_1991464898,0.38826667915490165,0.5809705420706922,0.12227570977005336
Application_1992619767,0.2338291123603168,0.5885077201659233,0.12554179505253876
Application_1992867148,0.43827122291856063,0.5301620984208566,0.1662239776872427
Application_199304010,0.23949286018748106,0.6100826367969489,0.1671964377493469
Application_1993192295,0.27075719706872114,0.5744678456828497,0.11927670057622987
Application_1995644843,0.2558390568869376,0.5929948185472992,0.11060537200372948
Application_199635820,0.422891468104186,0.17654493702628143,0.15912472560930863
Application_1996843325,0.3473443261634865,0.5143622787216156,0.3076002052124862
Application_1998307400,0.19955057740937726,0.5811231568753706,0.12015332070146054
Application_2003767759,0.5424645208869632,0.12391347346942097,0.1840623928763352
Application_2004089393,0.21777359921004286,0.5972948361511656,0.1584355375344654
Application_200417599,0.6738350776662868,0.0906549003662432,0.17352664044402855
Application_2004968371,0.21761109865237707,0.5897565211547087,0.11581823064860237
Application_2004973545,0.5240103057357797,0.46559261078848274,0.2954613847531861
Application_2006713022,0.22162928383757086,0.5771117026650642,0.10850389432129998
Application_2007562055,0.23347315287554346,0.5711594680296832,0.10145119563372311
Application_2008203162,0.2544908406528323,0.6024786856965408,0.12737306237532162
Application_200942443,0.24752889867510172,0.6482735959068107,0.14169628629250658
Application_200956558,0.2143454095633265,0.5920532551485326,0.11753396697666191
Application_2010104450,0.24447862319334301,0.6147471211906883,0.13276448264631935
Application_201115305,0.36164262760872834,0.5810833356497023,0.12208085387213623
Application_2013830829,0.2612081190425905,0.6052967982459829,0.12653753412892108
Application_2014671768,0.26153855924293984,0.5999331837203936,0.11701257796838271
Application_2015161420,0.24348913470790778,0.5831131425572839,0.11558863820966536
Application_2015423706,0.21520098123960635,0.5742176545832455,0.1225900456675336
Application_2016510614,0.5675850005603317,0.14846869485209627,0.19201752143778064
Application_2018809027,0.20743761012538126,0.5925535311832897,0.11741161105366026
Application_201975224,0.24494127081531558,0.5689924421427429,0.1159712192126525
Application_2020541045,0.24742610741386104,0.5777505708715286,0.11050122686279709
Application_2020581879,0.28147187325112694,0.629449751492608,0.13687582741153273
Application_2021390880,0.3535033651090619,0.028256350666619905,0.11651722332238014
Application_2022118906,0.6367075950386829,0.169335359275262,0.2599184421898079
Application_2022507317,0.5934469792229315,0.09454257813010647,0.1911790181798878
Application_2022755119,0.5235568288379405,0.27048512781031003,0.06392749269957682
Application_2023468525,0.2561271970471186,0.5832726013585944,0.09554247822628417
Application_2024244758,0.46842340995788684,0.5410333779571501,0.1700809220703199
Application_2024477286,0.2598101839015668,0.5788219192974887,0.13360416718349918
Application_2025018320,0.2680131884650201,0.6123365444384583,0.15187814299995755
Application_2025703180,0.5914150957337814,0.14155178435948393,0.20708221058363485
Application_202572480,0.4001578543888132,0.5384200330772615,0.1368708710425183
Application_2026841022,0.1187069751770428,0.07929543773438769,0.14084616148604331
Application_2026952165,0.24186442884308554,0.5688623115610133,0.09885272432114844
Application_2028180559,0.44786309108500033,0.4804794101390203,0.30246333687409593
Application_2028590322,,,
Application_2029271670,0.28237509974469394,0.5832726013585944,0.09554247822628417
Application_2031841757,0.3272989599740929,0.5951942327890964,0.1246088557572076
Application_2033120546,0.2380898955776873,0.6544104970704078,0.14175680727708861
Application_2034295537,0.5460439885318646,0.15475060065156004,0.15743706301303512
Application_203590810,0.46513395595787815,0.09698370210895547,0.17092371552661484
Application_2036474370,0.25731563355904125,0.6301657210027936,0.12138638317580926
Application_203678331,0.2469444177391786,0.566856856423516,0.11553108646220404
Application_2037954458,0.6241847565962971,0.3076584485167785,0.3087538527364822
Application_2038146278,0.3589709408759568,0.5244751717770044,0.18094984992521312
Application_2039657007,0.38745956853528457,0.17769760142607166,0.1771772826132401
Application_2041306952,0.25786699729887924,0.6057449253919304,0.13397303185383297
Application_2042834818,0.32469490798612466,0.5062543460036445,0.17755514423003085
Application_2042847086,0.20705175615533883,0.5853513062472809,0.12191769870235725
Application_2043967522,0.7347270452952661,0.12470647997167125,0.19991765705370035
Application_2043974733,0.26647484971756913,0.6054500433994583,0.12734710561483228
Application_204408152,0.25190966921768426,0.5838743270846132,0.11582886165191979
Application_2045954559,0.23408558229448545,0.5617932780578625,0.12294409218760291
Application_2046501407,0.24261664409327444,0.5701516981027586,0.11913329814265927
Application_2046683533,0.5466113539418826,0.1173801885365415,0.2116198845924758
Application_2047886665,0.3804966325166828,0.43632762525477664,0.13039201176144416
Application_2048027930,0.15770481002533998,0.5885727664777592,0.1160807456958509
Application_2048171626,0.3789033543183863,0.5195455580973336,0.1632414775143602
Application_2048278308,0.23035703348884032,0.5695048327730378,0.12343403490962011
Application_2048323360,0.28263059325589984,0.6005984313554292,0.14535677461952082
Application_2048381730,0.23560327009016246,0.6135236013542966,0.13149509619417604
Application_2049849151,0.22514435054859627,0.5688623115610133,0.09885272432114844
Application_2051550880,0.40676430524434903,0.5169312006899784,0.1511525041718267
Application_2051799809,0.4523492125501892,0.5624659383297418,0.24946051416210605
Application_2051951033,0.27543510157866546,0.5982295630937055,0.1323902382242794
Application_2051974818,0.26731894587017996,0.6051145276350732,0.13437012588301156
Application_2053272389,0.2744036103777991,0.6147471211906883,0.13276448264631935
Application_2053888323,0.1705018563160784,0.5704328094187706,0.10133618182870044
Application_2055100599,0.19921846626097622,0.5704328094187706,0.10133618182870044
Application_2055157815,0.20746080039940032,0.5892994250886721,0.11621230037049339
Application_2055185181,0.2510368196413683,0.5749546836789328,0.105354203585897
Application_2056174200,0.22751752647485435,0.6023088106869847,0.12607172653032847
Application_2059632280,0.2361115138857572,0.588866332800593,0.11594522303636849
Application_2060708769,0.13912401941953975,0.08595830029220151,0.09181797310358383
Application_2061020149,0.20593827008165136,0.5302443788037666,0.2123185322219021
Application_2061502784,0.16905409218840425,0.3594608025169288,0.2669571201652743
Application_2061784142,0.213141447446007,0.5893339510050885,0.11632119944821571
Application_206222910,0.15481691490857458,0.29234924689329894,0.26665508483543565
Application_2063179478,0.6712153409975206,0.28834698020791816,0.37258730454782013
Application_2063828851,0.571708590404833,0.3570334687127696,0.3029076807831414
Application_2064798594,0.6489543044301975,0.22206259385366903,0.22945056235221134
Application_2065559138,0.3248610140990175,0.6101349285972071,0.15525255164054988
Application_2066939992,0.21451100957698158,0.575871770893741,0.1340238756154237
Application_2067187791,0.2024051516377002,0.6680962841525467,0.15595762070557487
Application_2068853058,0.2941800860796079,0.6083656803833428,0.15224728589289854
Application_2069481439,0.14854920754585077,0.2984319831442936,0.2687315037817467
Application_2069545303,0.6663007234780112,0.19577071279292224,0.21463899866930455
Application_207185826,0.22556663705066088,0.5982734007291584,0.12648888370613118
Application_2071863649,0.3346296624434438,0.6209011890592008,0.1772314670337444
Application_2073034588,0.40550109761650965,0.555639941553246,0.16710631735792533
Application_207339253,0.27881792701509583,0.5609125787783736,0.1383282065709274
Application_20738828,0.3264848732563357,0.605125623412468,0.20308773064935237
Application_2075014351,0.14129688848379568,0.33174919874796244,0.27681308229982193
Application_2076314524,0.27589514539804655,0.6005984313554292,0.14535677461952082
Application_2081068908,0.30522517953839334,0.5698581003688226,0.12281359822006514
Application_2081457336,0.2814367399616655,0.6078912184917012,0.12855496868717742
Application_2083683673,0.3578522215242284,0.6496852219413956,0.15479721680178907
Application_2084259712,0.3124170576906433,0.6022853435977664,0.14757004812679483
Application_2084774321,0.612706165554457,0.46708819972894533,0.2726556503422715
Application_2084907175,0.18195092972012383,0.050890684363427696,0.14344169466890444
Application_2086545012,0.2997535201938886,0.6053223552423103,0.1345560691007357
Application_2086686091,0.3564468892629714,0.6116335329213929,0.11939975432868524
Application_2086754710,0.3395109559397104,0.6243608164603457,0.1649673815073065
Application_2087006463,0.3190023967548081,0.675693664149595,0.2228239149074719
Application_2087713022,0.5233334892518704,0.1778562299541518,0.25628857536841426
Application_2088099791,0.348324459286237,0.2674822947752392,0.27800929277808273
Application_2088969676,0.2289917419518184,0.6305882911524137,0.12086014151720673
Application_2089315207,0.5425155179567482,0.36160160450188944,0.29731257128701616
Application_2089979544,,,
Application_2090544740,0.27271157819928665,0.2571125381653331,0.20198708190518602
Application_2090776603,0.398795311168379,0.14367321838113994,0.19446677728909637
Application_2091145908,0.19634441563704697,0.5885727664777592,0.1160807456958509
Application_2091517201,0.4200499408462965,0.523595734941468,0.16104012213054333
Application_2092228035,0.26529705467848885,0.5776020077870843,0.10967025224494494
Application_2094441836,0.4910366208002675,0.5621565502938581,0.2943928596975939
Application_2095793548,0.2941201862198848,0.6238759754580313,0.1620328936347041
Application_2097115739,0.28948036034260105,0.5040695512547597,0.17627931957905993
Application_2097420356,0.14835039886248017,0.5693892715592459,0.09081841122482934
Application_2099334395,0.3306275755439815,0.6116335329213929,0.11939975432868524
Application_2099511368,0.12948336140656114,0.2600136871655822,0.2396159870365943
Application_2100311621,0.34051528368447387,0.5031526241876993,0.17424222587826352
Application_2106173395,0.2915247624166955,0.5666772648379315,0.11556329355734447
Application_2111973389,0.25823757467520225,0.5763812808266795,0.1455610191209983
Application_2112573494,0.5379462872211563,0.4367172817939903,0.29895049983912375
Application_2113040289,0.5115387551025192,0.46842963700684515,0.27144168182180084
Application_2114671174,0.28446529692522593,0.6083118406714612,0.13194266355479053
Application_2115042059,0.15631849118731814,0.5777505708715286,0.11050122686279709
Application_2116062822,0.3215289538928408,0.5998078066009552,0.15409355016982468
Application_2116148116,0.519210139813305,0.3452509299404132,0.2480233166123174
Application_2116821761,0.27319390188463405,0.6083656658867895,0.1268416360175719
Application_2116960252,0.25117334045854883,0.6009552234215281,0.11925940768865688
Application_2118057291,0.5001492959678897,0.43728885263295075,0.29550588580989173
Application_2118887844,0.36111396270106766,0.2706076784591778,0.26405376721883667
Application_212002191,0.3177512497716917,0.607668428245003,0.12052249156854224
Application_2120715071,0.3753817459955216,0.5167764828555832,0.17640573911707763
Application_2121891434,0.29189937785791686,0.5999488007786595,0.19039863864733114
Application_2122792904,0.2627928289141794,0.5773559118032848,0.1100901130536235
Application_2122822719,0.2366024206684444,0.5925535311832897,0.11741161105366026
Application_2122873300,0.2919476057169376,0.5776305796530167,0.13015604434428918
Application_2123204513,0.21318995863727822,0.5921892487083633,0.11694641667009721
Application_2124127933,0.45063987622928725,0.25207483548092735,0.06536763310065685
Application_2125694475,0.20184354374055394,0.5829933648704518,0.11257688603116496
Application_2128172349,0.4059378245672088,0.30754417967393255,0.33828960693951565
Application_2128191185,0.5482098045476016,0.41608885540639307,0.2785697292655271
Application_2130486641,0.23093240988751465,0.43536233312224404,0.2688640264879016
Application_213211686,0.19560214918990257,0.5488073651511207,0.10895885389785853
Application_2133089583,0.301200902019951,0.6145021125867889,0.16046830396535447
Application_2133818678,0.49875307805084873,0.3857733819154419,0.10370688480726854
Application_2137992191,0.6819581281145791,0.18618986593690642,0.28634765748085805
Application_2139692519,0.5916393737238363,0.12935476734170298,0.2027704243990768
Application_2140045431,0.14234644007502842,0.0703048686328461,0.13302095513909312
Application_2140770767,0.14918526763770903,0.3342760206312509,0.30139208710908627
Application_214156122,0.25904861551570385,0.5693892715592459,0.09081841122482934
Application_2141999798,0.16828334642981513,0.19230713913416705,0.14814263359314203
Application_2142719268,0.20690389599454378,0.5885727664777592,0.1160807456958509
Application_2143988715,0.2974475090729049,0.5540705802639433,0.14253780165515165
Application_214453134,0.3566561906718664,0.4212775598262467,0.3105801467111935
Application_214453442,0.2960533085627728,0.5701159301701586,0.09092094016047975
Application_2144842406,0.4141398808716327,0.4191509849886651,0.34863689403551973
Application_2146296643,0.7678000119350519,0.1425511494904595,0.21783578520454133
Application_2147170228,0.20047302481932064,0.6490002545177231,0.14185735314819867
Application_216211515,0.28931347523531176,0.6177713582065134,0.13228070356587365
Application_21634890,0.3244787445303362,0.6410723973930633,0.22217131365621193
Application_216444008,0.4768103105819551,0.24022054199450946,0.08328178316791753
Application_218547280,0.45208781744342635,0.4382886274052093,0.2669493869781219
Application_218707596,0.39583626845072833,0.5225275843975415,0.29061687769943173
Application_219576331,0.17864742120435387,0.6041597303212198,0.12342330015033828
Application_22019692,0.22878572224132793,0.5643926804356323,0.1118970633993083
Application_222629422,0.23405455662284344,0.5713966224975338,0.11579092019335455
Application_222827091,0.24427533040075036,0.6214128034888009,0.12960731899397668
Application_225586063,0.22786727888058994,0.5831131425572839,0.11558863820966536
Application_226209957,0.6334844543449073,0.23400468047970652,0.21642407639675512
Application_2264928,0.16719510189313352,0.5728534799116087,0.101780707755189
Application_227170121,0.2871837100659037,0.615473779801601,0.13291501250634055
Application_227670423,0.2522924592574168,0.5829933648704518,0.11257688603116496
Application_228373770,0.20454893153910375,0.5885727664777592,0.1160807456958509
Application_228928958,0.5559057982063926,0.07847778204723097,0.15567910268214738
Application_229012140,0.2517212845243191,0.5815479211179403,0.0956927133430859
Application_229606305,0.2561068796112263,0.611345773997048,0.1333782378411109
Application_231527175,0.4015264221936863,0.43529063526008993,0.3081643375969336
Application_231751553,0.15019891812641756,0.5838398011681967,0.11572006734190693
Application_232254008,0.26981246973895723,0.5999986406435186,0.1459891587396917
Application_233064512,0.2224280446903767,0.6486961660564308,0.14108176592732635
Application_233989937,0.3121569484147256,0.5693649089311114,0.1401326768306207
Application_235535721,0.2792366747866151,0.5260291790871736,0.15680970104621342
Application_236717130,0.20144386252784507,0.5885727664777592,0.1160807456958509
Application_237775087,0.224989266167447,0.5925535311832897,0.11741161105366026
Application_238546830,0.3634484654844096,0.4428403143570012,0.17361794573759257
Application_240111953,0.22791628342963163,0.6046843748805437,0.12779674435387198
Application_241318555,0.3405785124101536,0.5855573544130882,0.1234099669437492
Application_242709495,0.27021831089994264,0.4341436290752668,0.26757714744071315
Application_242826105,0.2752648467809209,0.6031385599083511,0.12838521597043895
Application_243887576,0.20523757245787805,0.586720309738309,0.13843873256318814
Application_244396187,0.5975857034728552,0.38099997377237094,0.28596451161155245
Application_245123210,0.35622491928990035,0.4253170747005976,0.3104240010439991
Application_246097895,0.18091751351497562,0.350702037072172,0.2568178308641325
Application_247317164,0.39527871174949125,0.5167365540040723,0.15482561443751391
Application_25063668,0.16581504229635285,0.5927417328902074,0.1178365979287141
Application_251097614,0.2559756807623117,0.609852160162996,0.11058417090823189
Application_251304842,0.25985451516297703,0.6072234015320415,0.1308340515435941
Application_251670774,0.27329337174672896,0.6319303479687824,0.11914866349642506
Application_252272828,0.24680260788003466,0.5995106135707736,0.11751965115777874
Application_253227112,0.32465180374042074,0.5540705802639433,0.14253780165515165
Application_254824641,0.2443377498550984,0.5693017298641074,0.13490260354369046
Application_254836121,0.5193882134604364,0.4326920744961784,0.2866316953259411
Application_255370233,0.7013715436960631,0.08561439611122806,0.12258464224783944
Application_255496047,0.15262225564300916,-0.00285150470734908,0.1146461691831835
Application_257082685,0.21632114666610447,0.5891079188386207,0.11645319026277559
Application_257928635,0.5145397287628017,0.37382764850270567,0.3072719194263344
Application_2595810,0.48414687323911176,0.35198311049442854,0.34478819757595197
Application_260257809,0.24805342258183413,0.5723168537905299,0.14382935298519822
Application_260635392,0.6944312478707482,0.19438262813711132,0.21800861897403956
Application_260702936,0.493674946808826,0.4230328820694786,0.31107558636637944
Application_267475970,0.5094828611473406,0.40469811412358875,0.28186450575343647
Application_268406883,0.2719177848042262,0.6151229074794266,0.13582457115986907
Application_268523137,0.20913562901749033,0.6247044832246283,0.13837888901881323
Application_269341222,0.17344803674421502,0.24809340604147426,0.24513273226522536
Application_2694097,0.4665606977470607,0.5619288584802596,0.16865580459200172
Application_26954699,0.32697055468018005,0.6254627669625372,0.15219206017219675
Application_269862060,0.22488939331026045,0.5800620385344277,0.10719267078248651
Application_270485252,0.27397956709019994,0.6037371601716,0.12395932395179338
Application_270506031,0.3416752022555373,0.6042422659313218,0.10704815072264617
Application_270571049,0.6216834868602648,0.14035492803635263,0.1805474801958884
Application_272933056,0.3004678969401262,0.5642210326546859,0.1413980284999578
Application_274240684,0.1333453675016944,0.3466089806158032,0.20298176523746594
Application_276603327,0.5385687299088232,0.10424075225048388,0.18671044015418028
Application_276618599,0.2688255979150322,0.07653323136119,0.11204090321330477
Application_277127069,0.47796770695166724,0.4380867836740685,0.3098666634606561
Application_277674975,0.13648030477144413,0.34913893177591515,0.2607925281254178
Application_281838380,0.2808919126187853,0.6035364312074574,0.12858346870384862
Application_282114630,0.20103614244646262,0.5897565211547087,0.11581823064860237
Application_282254984,0.40190735841709807,0.4151105162922605,0.29683760383835006
Application_286137335,0.31074197694692446,0.5803697905149484,0.13331259037205248
Application_288925921,0.5300440246672314,0.4934820715578729,0.2795124632177847
Application_28930757,0.24833478182482566,0.6465028171339845,0.18847286076843753
Application_291332257,0.27372238007548694,0.6035156073204093,0.10692713716222074
Application_292094395,0.2343045622978505,0.6072729640221917,0.13179966935357573
Application_292866700,0.2680864164133901,0.6115498081543006,0.13497553370413465
Application_293379010,0.2990900201911846,0.5966235509198682,0.20000103095370084
Application_294013307,0.3087468308038999,0.6234447109725232,0.1512722999366103
Application_294586112,0.22922445239117795,0.6048740182768413,0.12373151308571376
Application_295284443,0.34220572502516544,0.4169586334977309,0.3122299437446034
Application_296888635,0.25808006363722125,0.5095857469135738,0.21659645092483915
Application_298129713,0.2348097204642857,0.6606239718445739,0.12873139802388622
Application_298744583,0.4054532458250112,0.5927779025340972,0.1653372425917251
Application_299068395,0.4971250666456307,0.6074609477844592,0.21728009103503046
Application_299209464,0.5927211934603209,0.4069167748977861,0.2920840811425886
Application_299698075,0.6170569792008841,0.24255318794200215,0.243198032113017
Application_301727231,0.2906856842620701,0.5481172606932989,0.16118326529244792
Application_303703837,0.1904535658051557,0.40351359881792304,0.24954512334272339
Application_303866233,0.2938808222565242,0.5680584298605824,0.11680369504831999
Application_304004510,0.22485571508574098,0.5762498610387337,0.10723115195189857
Application_306086229,0.21724477570541148,0.5684810000102025,0.11630588431741702
Application_306812685,0.2599412882394139,0.5944713369241997,0.10438579173687322
Application_307801348,0.2606645624587753,0.5642791151669473,0.13937614296498135
Application_308066254,0.537110196455879,0.11090013145572668,0.16337243820274366
Application_308748254,0.2992011675632149,0.6050947118370439,0.16478335251062537
Application_309815171,0.37069457096859065,0.6083523201566118,0.15137254281983104
Application_310417357,0.2677023167562453,0.629449751492608,0.13687582741153273
Application_312166095,0.22702027261614094,0.5766430150329696,0.10764476362322901
Application_312224974,0.3135030628843887,0.6206792038515678,0.11017593684257207
Application_313152544,0.18841938208260814,0.5799753817170867,0.11880501593432412
Application_313527996,0.26667381752705177,0.6027374877960537,0.19216155955548936
Application_314854055,0.2858098087403252,0.5883812602277079,0.1163213401055638
Application_31519304,0.34121649872307763,0.5218960454403607,0.21279645346150375
Application_315782607,0.27426047683170146,0.6037412669887495,0.12568381082708915
Application_31697623,0.6601819664990648,0.13322838889428718,0.20768760671748493
Application_317789291,0.5313611098861375,0.2763067170819969,0.07058953905442861
Application_319284701,0.4556057378219974,0.60605671869196,0.12838875742538602
Application_319847090,0.24074100004132992,0.6301657210027936,0.12138638317580926
Application_320538845,0.15813782150874942,0.26757167139569954,0.27307433781720175
Application_321053191,0.34554191202372975,0.5862662611840701,0.11318822652612077
Application_322297326,0.2659849712852088,0.6069052206508103,0.11020006643877317
Application_323040575,0.3047359598538788,0.649344278461085,0.15524784806271152
Application_324026343,0.26068711789338656,0.5777505708715286,0.11050122686279709
Application_326473270,0.24396988793377472,0.6119913389945794,0.1097683466814013
Application_327072822,0.5691610289271436,0.3661232016070977,0.3009829148343738
Application_327149374,0.227218379733514,0.5875749115449166,0.1170474992975725
Application_328046969,0.09439940555482249,0.3532153397024026,0.2605942621421308
Application_328120747,0.466506770162221,0.29403906934643287,0.14573801460808225
Application_329140480,0.20425087503538822,0.6737278552268038,0.14856930919515426
Application_330251746,0.14484983827606052,0.266929335561047,0.27523338077532666
Application_332704649,0.38954454289913926,0.4394499346416928,0.13492180191191427
Application_332811786,0.3015907370302105,0.6037412669887495,0.12568381082708915
Application_335537557,0.21886954143437778,0.5704328094187706,0.10133618182870044
Application_33745946,0.41376262119230467,0.2376055048638764,0.06856957816379838
Application_339123229,0.4437286303120789,0.30223282205662166,0.10937591536326913
Application_339123431,0.16231634949025708,0.6081981884763101,0.1156614459906059
Application_339327672,0.1963679505465541,0.26281199832857954,0.1950708457540191
Application_339730120,0.279720149784108,0.5848510470462885,0.1300085305025562
Application_340094554,0.23409143582710856,0.5557527554183282,0.10433263203136943
Application_340321174,0.2179518649946017,0.06135494564192155,0.14623643388609264
Application_341875321,0.2044730386665108,0.5924031185124982,0.11708388867247722
Application_343088948,0.31159083662540304,0.6065611938418384,0.12888438967427968
Application_343744148,0.4218311456720094,0.5331732493288646,0.15931806870802942
Application_345264629,0.24499273997962384,0.32101711214488116,0.29069720931708504
Application_346568508,0.21038997528937464,0.5754233281735305,0.10118548144945386
Application_346829278,0.5683012677294748,0.3531835420300463,0.3051890526133879
Application_346848867,0.4013740093056847,0.4242415045056534,0.4063743243042108
Application_346988751,0.6943496445498137,0.09324074954377244,0.142971511004548
Application_347922674,0.36672327178537834,0.5528266990735365,0.17130203977049072
Application_348990686,0.2788417146771238,0.6067166253743926,0.1296646647253845
Application_349515920,0.6267973532523785,0.5201478106700762,0.3253177364843797
Application_349709198,0.39837737034535736,0.41456890882261527,0.3153493481593644
Application_350793850,0.2757310623304054,0.6187086695043084,0.11735488682685685
Application_352165642,0.21418497116162985,0.5719369829060382,0.1182817975698736
Application_354855594,0.25685296656322115,0.5829933648704518,0.11257688603116496
Application_354865116,0.3353384513603681,0.6116335329213929,0.11939975432868524
Application_354974392,0.6563437967008807,0.18020868132761164,0.2863583539213551
Application_355701690,0.22505468202440337,0.5840600218456673,0.12503292982422165
Application_356808628,0.21862841637576966,0.6093081667032022,0.13942256160993122
Application_35738339,0.49985883846498663,0.5439076750755882,0.24587250124785198
Application_35745002,0.4073873893947318,0.532131116150248,0.1356132281869695
Application_357880380,0.35501685985202697,0.6166722431881109,0.17660764486382247
Application_359276048,0.39868236711535365,0.5331418550832883,0.12081135973681764
Application_360217923,0.2728308559637102,0.5980394294909228,0.1339381589110083
Application_361573979,0.5539873396211802,0.4594522971921302,0.29625640389860075
Application_362543186,0.22288086222507525,0.6263944461607104,0.1640188767186711
Application_365332446,0.4106490603552279,0.514768154800451,0.27952447775181416
Application_365485542,0.340832765027029,0.5972868935067284,0.11875007690024279
Application_366121400,0.6087027085129676,0.40238126388051854,0.2815571626654494
Application_367455904,0.22530859794941377,0.5792586145598724,0.12423137249001344
Application_368167256,0.34365913876828746,0.4169586334977309,0.3122299437446034
Application_36831628,0.12259891910983833,0.39897261934706935,0.29718682294848403
Application_368529383,0.25806773980848036,0.5777784819529049,0.10961256034896229
Application_368638647,0.3538160785554047,0.5255607453716893,0.1909242937466271
Application_370126110,0.31632392762799433,0.5099113543646736,0.19721185742419445
Application_372912766,0.5247214654076229,0.3709538979768571,0.299782145237615
Application_373875255,0.217923696346698,0.5711594680296832,0.10145119563372311
Application_376118809,0.4260330973476213,0.1311552510964336,0.2036030815407393
Application_377692746,0.5559361222661995,0.44385588545368193,0.27197267318100943
Application_37787490,0.2546718579682613,0.6298089119522737,0.13855499384982148
Application_380097845,0.5662658842052728,0.1359447001733394,0.18784206589577365
Application_380770908,0.3755958118709687,0.38917312782486285,0.10179468646962442
Application_38081486,0.2607824470895446,0.5659506062270188,0.11543402266862324
Application_380969432,0.32545080618109185,0.624707547239238,0.17663063221530945
Application_381087716,0.21820031531802303,0.5750007580239104,0.10162561026351924
Application_384814296,0.4173435418320647,0.28808475266055733,0.09286410475954121
Application_384835333,0.4893280953335029,0.3256825369959211,0.2769082638414092
Application_385045680,0.22735050475365215,0.5859331543792943,0.10878079467680936
Application_38536393,0.42202744899221367,0.5969454392761467,0.13454085758519563
Application_386657742,0.3707679839767303,0.2513456176382296,0.2587836195651513
Application_387778376,0.1688062707013335,0.10972713442425204,0.12107197504800447
Application_389831964,0.3990353972374202,0.2875239969106335,0.29004426017027907
Application_389962709,0.5256228379157536,0.16617961047767832,0.18164167139196485
Application_391099640,0.22583330830851897,0.5706783942164139,0.13808766212368326
Application_392275405,0.22638377082750236,0.5845088113593268,0.13582875545194567
Application_394037983,0.30324857249700715,0.5614051007597336,0.12476259468775201
Application_394946724,0.3190169120879291,0.5571540459307986,0.1409623106904599
Application_396027178,0.5524809016692968,0.13592116371931287,0.20060678674702398
Application_397038537,0.2183521504696477,0.5708553795683905,0.10089737032398276
Application_398065440,0.22372698663936547,0.6371874932941658,0.13250923373849546
Application_398250446,0.5645696444651818,0.08833791150332443,0.15026581545637951
Application_398311287,0.26177768562658854,0.5780825704141976,0.11021528024378713
Application_399001926,0.18681472362795654,0.06653592732145949,0.09632871243819945
Application_399934391,0.24264691718294715,0.608466124266697,0.11118254337246745
Application_402938046,0.24848787846129713,0.6191971703477244,0.14736864224061072
Application_403304705,0.6832099231038752,0.09611044573468217,0.13669765145692622
Application_40403797,0.45142808409114793,0.2719192823802658,0.062482449080150895
Application_407461155,0.09570965848625562,0.07154091253393369,0.0947917144143156
Application_408864407,0.2478733834388665,0.5922302709769651,0.14673272550391908
Application_409154003,0.19758789015592354,0.5688379365555819,0.13362755314518127
Application_410056038,0.2217175178311641,0.6149360330395914,0.11675924384718642
Application_412434860,0.15795432303471102,0.061047990590893886,0.1404545827653049
Application_413047262,0.5616294902128662,0.10790152533993633,0.1710943317568314
Application_413991815,0.4773816353635711,0.40757657143684123,0.1255704402704186
Application_414227837,0.6776300104676377,0.041861002821807006,0.1398006695556795
Application_416188880,0.337446265914476,0.5696203762815559,0.14213731626785167
Application_416694962,0.3068824354065796,0.5743827773312322,0.13710752901849949
Application_418738843,0.6172434844589441,0.09753113253691917,0.11957019740241748
Application_419933910,0.4986858721620294,0.5560266447919847,0.2980089846422344
Application_420380783,0.6229680220437376,0.043755172660307894,0.128166369393438
Application_420599570,0.6164128646694481,0.45526439138527086,0.2706956410704373
Application_421465179,0.13330871808362452,0.5842790226428376,0.11678882477939895
Application_422637212,0.19744980371321946,0.057054242097832705,0.11914942148008723
Application_42337394,0.5738682956550599,0.4746702161016305,0.29571347642182366
Application_424064154,0.22671709537951057,0.600455040956555,0.12954893538621387
Application_424977058,0.27758476617210914,0.6005984313554292,0.14535677461952082
Application_427316676,0.23446702056787355,0.575003387335308,0.24977938084618856
Application_427975818,0.32978218847381996,0.5101723924325621,0.19221629800333695
Application_428745471,0.2898373299287173,0.5623834892175565,0.12554739654669733
Application_428955021,0.3243650185150489,0.6030120022086791,0.14773761169122335
Application_432430277,0.22515962904297168,0.5688379365555819,0.13362755314518127
Application_434354946,0.2617092006984195,0.5659759195646111,0.12588127490807313
Application_434840997,0.2837848974830194,0.6153664548462817,0.15782539215837668
Application_438711887,,,
Application_440695787,0.21080221197989998,0.5955516122249014,0.11843860093755136
Application_440813334,0.19601106007408822,0.5488073651511207,0.10895885389785853
Application_441853106,0.6251349219692758,0.1260062956499522,0.2178003758435433
Application_441988653,0.2674163630990492,0.5815479211179403,0.0956927133430859
Application_444595223,0.23158093948347241,0.5704328094187706,0.10133618182870044
Application_445609887,0.18640012153780075,0.5955516122249014,0.11843860093755136
Application_447126113,0.28434583463604934,0.6030120022086791,0.14773761169122335
Application_447138954,0.3652501286338661,0.58245768382794,0.16119950684697876
Application_448145454,0.23153163028932258,0.5893339510050885,0.11632119944821571
Application_44859446,0.4638862191315974,0.517217766894205,0.17368951350910278
Application_44899860,0.3776914898942692,0.6179068731386956,0.16406730496127436
Application_449256078,0.1306562823452798,0.5807365662444159,0.11905194813567467
Application_450127919,0.27773116332254005,0.6301657210027936,0.12138638317580926
Application_450250534,0.3901207904126597,0.5707065451824637,0.12835929480177344
Application_450974072,0.2690090367357182,0.5132982929177867,0.21476617192649858
Application_451838490,0.2326890419174528,0.6066979283599249,0.12266838992794356
Application_452728375,0.5286996974479953,0.4695300008687159,0.3594074759239051
Application_453833865,0.4299378254247622,0.5346914510506374,0.3435056427021779
Application_453847467,0.41569001614346435,0.4912453197224994,0.28811094199716597
Application_454064051,0.29566570186809005,0.6022853435977664,0.14757004812679483
Application_455616073,0.5932887957312197,0.19192401714837476,0.2158849550325827
Application_455972560,0.3049905687302542,0.6070778096838763,0.1264981467835983
Application_456023338,0.5372929482766999,0.384123731209194,0.29532457939372064
Application_457947056,0.34940702941613416,0.5862662611840701,0.11318822652612077
Application_458227713,0.2526062162484848,0.5693892715592459,0.09081841122482934
Application_460231462,0.6262945251018577,0.36412535352427866,0.2843666734784671
Application_460974455,0.2659383080093345,0.5657481254747639,0.1152608833836789
Application_461107030,0.5402177587723416,0.09705115158880072,0.16066647096431047
Application_461173805,0.5391185290100207,0.3468283466321408,0.2603092343666425
Application_462216549,0.31100096358851476,0.5704516145802194,0.1467253809226774
Application_462882090,0.20673177135126625,0.5955516122249014,0.11843860093755136
Application_465680144,0.35862130928768066,0.624707547239238,0.17663063221530945
Application_465715339,0.238293461274176,0.5704826494955164,0.11652448000682313
Application_466068830,0.1647261774158327,0.5766724311883538,0.10676699931073508
Application_467957342,0.565535822354218,0.45893092027032106,0.2762659211814263
Application_470096249,0.2135879840792851,0.6568443721255547,0.195193921567901
Application_472820667,0.23598658225550578,0.5704328094187706,0.10133618182870044
Application_474380883,0.6115325078184087,0.048680468860051604,0.12066991497828551
Application_474487263,0.2578420545166972,0.605642591393228,0.12772220036820375
Application_475062324,0.2249611959196333,0.5920395705862974,0.12008631292590312
Application_479645384,0.32735579498181283,0.6095903203218471,0.12223726241273034
Application_480070910,0.5549162986818248,0.2583045359941001,0.24372918809829505
Application_481277636,0.2556471434259716,0.6297018185789769,0.17611420682967685
Application_483074478,0.28864972533231065,0.6233549475576908,0.1417587040924117
Application_483126363,0.3532332856834805,0.4830044432255086,0.3387325640921494
Application_483931042,0.24131902794809676,0.5852064957683814,0.10865758888916749
Application_485368165,0.3425245134075396,0.5027764398157714,0.21824703695772554
Application_485567867,0.5330281540549248,0.12723878739035305,0.21967552337699553
Application_48606429,0.5342061687157832,0.11079798158666612,0.17182578093080833
Application_489972645,0.27521339753797797,0.5661337526373245,0.13523517198570123
Application_491192717,0.6596841339623268,0.5006950197488571,0.33079409541298627
Application_492258182,0.24212231318722988,0.5773559118032848,0.1100901130536235
Application_492292182,0.5129326720497682,0.23813184993611003,0.24911386435342542
Application_494960481,0.5389769671583667,0.4379125904849744,0.2813903153267324
Application_495428388,0.24473628763332053,0.5848510470462885,0.1300085305025562
Application_496111899,0.17389313417154892,0.10159330576636905,0.15245909593365134
Application_496532501,0.6332209020975113,0.11163589859748561,0.13883100175142482
Application_49717724,0.2971206544923437,0.6153664548462817,0.15782539215837668
Application_497474417,0.32917472080634785,0.511889960701166,0.1644696037648784
Application_498556066,0.255047140814904,0.6065023117758737,0.13261690768064383
Application_5006458,0.29395156349399937,0.5561109892936897,0.14526817304819287
Application_505138130,0.263026373575775,0.5950843400147473,0.1281765324404507
Application_507755204,0.27022176681717586,0.6319303479687824,0.11914866349642506
Application_508938604,0.28859134414169696,0.5795758360140695,0.14030299699276244
Application_509693034,0.20073376882505695,0.5495340237620334,0.1090791950195481
Application_510096383,0.2834932214285346,0.5983651293099433,0.16380708499189617
Application_511259546,0.21907842936368763,0.5688623115610133,0.09885272432114844
Application_51182407,0.25850353377883556,0.5759587106770594,0.14619199402535005
Application_512079496,0.26266925071631125,0.604034042269026,0.1350862256787365
Application_512884075,0.27497505319825144,0.5657481254747639,0.1152608833836789
Application_514052232,0.4062327788837844,0.3141511622612258,0.29260567685715055
Application_51430642,0.41728009476847466,0.5685850830318847,0.18959883243767645
Application_516500707,0.4204157907532305,0.4742021168956458,0.29095950947777893
Application_518047810,0.23545296163489177,0.5693892715592459,0.09081841122482934
Application_518595534,0.574958146550881,0.1540750403248042,0.15960927550209686
Application_518624776,0.4176100172905627,0.501702572990299,0.17065960228216334
Application_518752038,0.16985191680501194,0.6548068452002324,0.17844363427428447
Application_5188726,0.25781643600253484,0.5719366172321616,0.11071138800375833
Application_519214643,0.516292792851372,0.46557854980918006,0.2954302765153799
Application_519801050,0.24819533723261672,0.5711594680296832,0.10145119563372311
Application_520506247,0.19881598237940798,0.5910330821213293,0.1174850777366981
Application_521305631,0.2154380195332153,0.6017311879949713,0.11714942778349076
Application_522420767,0.32094773482468414,0.5776305796530167,0.13015604434428918
Application_525459142,0.3088343603961504,0.4176852921086437,0.31258503929035314
Application_526257863,0.39655608972390005,0.562296166104871,0.18785627129098742
Application_527482957,0.18942447309467939,0.5863126444630017,0.11689057338811154
Application_528406867,0.2965203740377277,0.6116532037590796,0.15151621816555164
Application_528558455,0.6481866170617114,0.17588298884443448,0.1820021145439072
Application_532956567,0.3250572980631878,0.5573400945133371,0.1404496368117053
Application_533079487,0.2633290938948258,0.5968759143380988,0.0999858730445427
Application_53352885,0.2732206597129057,0.5815479211179403,0.0956927133430859
Application_536009009,0.38581252763901497,0.2701816053420487,0.07154551337883204
Application_536051300,0.10849992855499312,0.11919905160248168,0.11825494618482253
Application_536638211,0.4466542533716852,0.302936643393251,0.11775816236313968
Application_537005538,0.20922888282146326,0.5510351352882301,0.11153179100326856
Application_538311021,0.7262941676083361,0.09312269215057821,0.13046195475115058
Application_538869641,0.3051849307184414,0.6005984313554292,0.14535677461952082
Application_539120928,0.6691205005516251,0.06680006372911092,0.10232522608623527
Application_539162249,0.1934252796530441,0.5492299353007407,0.1084997601621662
Application_540373333,0.5027752293643406,0.24716571339468546,0.07365845676051666
Application_541146763,0.7321447189434402,0.16251217816185992,0.2014174276276468
Application_541694777,0.46184200229362793,0.39632673940984897,0.10036148898365459
Application_542632548,0.5388056568659871,0.4379125904849744,0.2813903153267324
Application_542782205,0.3110162336314895,0.4850182115664138,0.33111297729152456
Application_543098684,0.13066628885889237,0.32012117558856196,0.2664132886452899
Application_543513898,0.3644377779597174,0.5766839942861568,0.2043386128428255
Application_545474396,0.30384757989717526,0.6145021125867889,0.16046830396535447
Application_547720957,0.2546495071215845,0.5701566455419603,0.13482250978067373
Application_547842527,0.3262265293756578,0.06525423353434619,0.1078280018439567
Application_548136507,0.36077916330085363,0.5369705630996899,0.1413547767504104
Application_548377578,0.2602362899937772,0.6681361979623819,0.1368728112664637
Application_54902350,0.678798278346324,0.13746155074065236,0.1838401520216799
Application_549264279,0.1528185133875039,0.6396916483407351,0.14367121261328536
Application_549547786,0.0993640586700334,0.3680680711253375,0.25416447877019505
Application_549826152,0.2695994346662837,0.5762204448833493,0.10811059639551016
Application_554480592,0.2593416204570576,0.612965372993056,0.16256984384249046
Application_558507947,0.21504520573662828,0.5725632690310247,0.10272462001245374
Application_559239075,0.6093554367477524,0.36506982389359055,0.2731784620165615
Application_559246751,0.13629389500419795,0.5492299353007407,0.1084997601621662
Application_559380460,0.4748410337820837,0.2857888242125816,0.1253985470601331
Application_560070722,0.35879504160004255,0.558000216960452,0.1601255282139165
Application_56106793,0.2555994882789526,0.5832726013585944,0.09554247822628417
Application_561835971,0.2446662708912248,0.5708386313019437,0.0899019878007205
Application_563590726,0.42750138629537315,0.4391088478798159,0.31076427351729985
Application_563891423,0.3747506616637123,0.43209370139756154,0.31510357178831144
Application_564834372,0.320491234193427,0.5786193815069897,0.11880919433192594
Application_565667109,0.23564482474836412,0.5574295050404181,0.09728511076536925
Application_565689430,0.4154474559241137,0.4631856270960769,0.3121062852388883
Application_565743734,0.5598291661137812,0.4378985295056716,0.28136073849916116
Application_566347979,0.2311660823363277,0.12016030893811777,0.1698182307896919
Application_566670119,0.3584006297124916,0.5983040509633712,0.12832666515228805
Application_56691092,0.3744309273657254,0.633387237329684,0.17394877364934327
Application_568127104,0.2646283353334804,0.5995539327951932,0.12748150555742663
Application_570165308,0.6990419297912767,0.1025325472232665,0.17957823403710768
Application_574500271,0.10799916770885647,0.10115855223056217,0.1456384948995518
Application_575764720,0.255666356173451,0.5922302709769651,0.14673272550391908
Application_576386053,0.4364597921000563,0.3940114666380215,0.1319240606804133
Application_577888910,0.21586341907730522,0.6586736554679955,0.16227075906463945
Application_578344284,0.27790962487504556,0.5868036060192093,0.11130771761489318
Application_579153284,0.19862753726134152,0.5889953366273792,0.11557882454714774
Application_579275809,0.24848639816008541,0.6396092838517846,0.14192395516197984
Application_579349612,0.20745891256290339,0.6482735959068107,0.14169628629250658
Application_583747115,0.2079690916079385,0.6319303479687824,0.11914866349642506
Application_58375214,0.37501179321277356,0.6158189960599699,0.2008840941157171
Application_584583269,0.19143839522764106,0.5907718930580916,0.11602263996516879
Application_584717195,0.2918700257484505,0.6035417985306272,0.12750430754144948
Application_585298607,0.15974801274234393,0.5955516122249014,0.11843860093755136
Application_586839753,0.09857410096302649,0.05487113131511464,0.0767066496628399
Application_586877291,0.260181504070562,0.581762162636778,0.1253624031907694
Application_586969154,0.5247086844464418,0.11508951438990718,0.1626635733092543
Application_587119833,0.29880715872118974,0.5701159301701586,0.09092094016047975
Application_588758280,0.279051717597913,0.6037412669887495,0.12568381082708915
Application_589041415,0.1817980142188764,0.31461008902495724,0.26269331533383394
Application_589186855,0.276320699330124,0.5964288289301569,0.10296762891010602
Application_589719704,0.26011550834652086,0.6022853435977664,0.14757004812679483
Application_590010761,0.6214916559300074,0.18500938937710804,0.22428095844321422
Application_590215732,0.6718840962511081,0.09412005265688776,0.15289680242575399
Application_5904996,0.4332937066634087,0.6406967594438905,0.16386184305091375
Application_591439695,0.46628380770766437,0.2609679866366375,0.09820490852158675
Application_591454326,0.1938619281019625,0.5659277170603485,0.11522705076226555
Application_592481165,0.2804389978961177,0.5999488007786595,0.19039863864733114
Application_592605828,0.21984753051691983,0.4849386294122112,0.33591564195259704
Application_592613102,0.516710470554893,0.06878061019033788,0.12750550705620928
Application_594581112,0.30271424482891623,0.6323529181184028,0.11863177417526799
Application_596049851,0.2702766676175163,0.6060286289494552,0.11632753294100319
Application_596574084,0.24997385336799083,0.5673846962834652,0.11688146619768762
Application_597065437,0.37857966509828855,0.49564000985803586,0.28407291137624685
Application_597372127,0.32564881952066904,0.5305084109327165,0.1958154975240873
Application_597486380,0.3679870227451088,0.4243064159415929,0.3068103446317099
Application_597721884,0.4377570018790157,0.516571887977474,0.16615411867490743
Application_598141849,0.22435286045206104,0.5766724311883538,0.10676699931073508
Application_59876773,0.3005538661286859,0.6227959382827082,0.1421321448520507
Application_601584106,0.6484907767358391,0.2100645841944384,0.20752186970316666
Application_604537136,0.25267153955294896,0.5956491548890338,0.12619468568499545
Application_604648984,0.48744692836455966,0.3708418580078209,0.10672422811987756
Application_604870238,0.2618918498363003,0.5719369829060382,0.1182817975698736
Application_606749031,0.2583406262848345,0.6065029864768985,0.131019795256559
Application_608775916,0.20668919843681124,0.5636905852051235,0.10981155417659601
Application_608845327,0.3565989493829996,0.5403124651393711,0.18931725133224508
Application_609139308,0.4183671597583277,0.27824673432005853,0.3036033679390309
Application_609719509,0.3331304668608949,0.5862662611840701,0.11318822652612077
Application_610454003,0.21007145279356276,0.5885727664777592,0.1160807456958509
Application_614334599,0.2680788847970975,0.5275389637250333,0.19376307432194242
Application_614810920,0.19571027171494607,0.5821188232805015,0.12485539588294127
Application_616416650,0.28334894072125366,0.6067482950603504,0.13062827119058673
Application_616910723,0.15855880737197908,0.5655951338955704,0.10304937439745238
Application_617035933,0.5916705972309215,0.14155178435948393,0.20708221058363485
Application_617376389,0.24396666379996995,0.5792615292852793,0.11137114888724578
Application_617431825,0.2892553554936988,0.6035156073204093,0.10692713716222074
Application_617539010,0.2937760085348985,0.0674411904588204,0.0855969670762389
Application_620336293,0.3572850652973649,0.40272869190779287,0.11313414367303752
Application_622068312,0.2305852495870387,0.5799753817170867,0.11880501593432412
Application_622214446,0.2934000544798859,0.6087882505329629,0.15158903996708367
Application_622417263,0.3504576156478824,0.5946617698651271,0.1287327579276649
Application_622543878,0.3977443394497161,0.5433010826324252,0.14280186493319533
Application_625101684,0.3274300540977327,0.6046734792141807,0.15605961841256802
Application_625857025,0.24502383382578322,0.46437885646057764,0.1669231555773996
Application_626884278,0.25336158213233867,0.6586736554679955,0.16227075906463945
Application_629693731,0.25970922301581295,0.5798150415587611,0.1304432634350708
Application_631716992,0.3378572577414257,0.5811838785088881,0.12732043052440828
Application_631740354,0.18746681230604048,0.5701159301701586,0.09092094016047975
Application_631788418,0.444635724121543,0.5316220182903834,0.3409302385175607
Application_632866158,0.13659434001295798,0.5876710718385074,0.12455674194549904
Application_632913675,0.24487864125965775,0.5965277340654284,0.11266503410426869
Application_633371797,0.21324737697575116,0.578730489358616,0.10771323810979276
Application_633655173,0.17325525950367682,0.5795211784231292,0.1110238120077422
Application_634353469,0.7300878381185422,0.12243837374123132,0.16885765585428666
Application_634898760,0.22446394099099637,0.5762498610387337,0.10723115195189857
Application_635576510,0.27711364332781085,0.4880987270202164,0.230194395800922
Application_637222323,0.5190190807530827,0.4954539513186427,0.20758929005208007
Application_637297513,0.17540495112192814,0.6100843469750717,0.11052701134949462
Application_637712751,0.31144714753859265,0.4169586334977309,0.3122299437446034
Application_637748400,0.24253214239449639,0.6087064997397046,0.13243525642136056
Application_638041030,0.33309634907422186,0.6046721416874237,0.16549838419134671
Application_639747826,0.5478665716172502,0.3840147923250225,0.31475462008481375
Application_63986078,0.29723547805017386,0.5798531779657984,0.11073655256707152
Application_640176586,0.31958817188701844,0.5512459408613946,0.1617562295146938
Application_641457453,0.3638532940602707,0.5276429365376323,0.24982509960113686
Application_642553020,0.47575906160380005,0.38793338000061633,0.10295137216950632
Application_642608905,0.2133189166092669,0.5762498610387337,0.10723115195189857
Application_643047755,0.2892004842856211,0.6027079137473865,0.14693074256926428
Application_644340095,0.2456811149559132,0.5701566455419603,0.13482250978067373
Application_644684670,0.168122819636866,0.05695694609192402,0.1293433363724054
Application_645328035,0.41952245036176056,0.4881791200281692,0.17358821201122046
Application_646977549,0.31826573856661045,0.41229583111447915,0.3148617657765977
Application_653567105,0.46668850277375834,0.5041069934935253,0.33364693376009297
Application_656903784,0.37152156294624045,0.2560329776064692,0.22137759673953186
Application_659941685,0.5920402271461509,0.4228469714166939,0.3169046269863259
Application_661370338,0.24826752100945595,0.5973980563635329,0.11532194927332338
Application_661982228,0.29738210284557315,0.6150983060012578,0.14933420199662123
Application_663134091,0.5860263334483687,0.2033724851125991,0.20804861627666385
Application_664337168,0.5137841900286358,0.3868991527594215,0.3388569966644377
Application_66451278,0.2360703163331195,0.5766724311883538,0.10676699931073508
Application_665637236,0.5507224180250746,0.47728577462017513,0.31106250139354896
Application_666250035,0.3111597042799371,0.5895575627669899,0.1689861505221831
Application_668072382,0.256673042453182,0.5829933648704518,0.11257688603116496
Application_668326847,0.3639688877003946,0.5946273696997226,0.13867314866640812
Application_670470325,0.5497780405197321,0.36511036483370723,0.33462514758909373
Application_671264692,0.126570344209921,0.38915410629164177,0.24328967618699945
Application_671639584,0.3960785350432623,0.2704661867578261,0.2859350680824162
Application_671953999,0.31689239397279867,0.598541493165499,0.12805398486965833
Application_673160372,0.45533083830385596,0.47114882675180836,0.29840363575727935
Application_673399253,0.426397438859312,0.14633996326403312,0.1584015723821514
Application_676717540,0.43160037544455393,0.43675939634302885,0.29595459840641275
Application_676903448,0.34054479787522685,0.5832726013585944,0.09554247822628417
Application_677442195,0.2328711037241467,0.5766853692879722,0.14635737678787167
Application_679465044,0.654269033200386,0.22980782759216253,0.06775349749368793
Application_680044383,0.5035316973947402,0.3848918043666574,0.27477102162588335
Application_680448181,0.3056087965444179,0.574428765019839,0.12506958194330625
Application_681649352,0.46550805771535514,0.5373358516180902,0.19396304288690547
Application_681711857,0.24035247240984658,0.5748136050504731,0.13706784413274437
Application_681746663,0.35739957667452965,0.51089264774777,0.17374738836708029
Application_684221857,0.2750812963206662,0.6031384689327571,0.12596913287141911
Application_684289625,0.5066868612052825,0.44024303088487005,0.3247952353629524
Application_685130299,0.26096272835090156,0.5843001408674457,0.1110513888790682
Application_685452919,0.2415513206728739,0.5713966224975338,0.11579092019335455
Application_686829487,0.6824813412677855,0.24966457830726974,0.28281944413539195
Application_690024942,0.35616624978476386,0.596218780665234,0.13438843784531565
Application_693050930,0.5873289620568848,0.07584883000039896,0.16556964826130247
Application_69370459,0.3483593854711342,0.6127997464512086,0.17740379731766895
Application_693955071,0.5398310963293959,0.11994900169557776,0.2068180038020376
Application_695381096,0.5560929212163392,0.3940990944725572,0.28753568832644566
Application_695960596,0.3393958550432919,0.624707547239238,0.17663063221530945
Application_697031349,0.3869875613427958,0.5306816461726763,0.1400557992200801
Application_697297022,0.1550331146830915,0.2526517199129569,0.3560487349724948
Application_697324457,0.26974217177472354,0.5937600543923307,0.1209122831084419
Application_69735407,0.19030219566381354,0.5815479211179403,0.0956927133430859
Application_699052493,0.45316229193896346,0.5709605085815005,0.21194245547921012
Application_704597830,0.3551107647898222,0.5810833356497023,0.12208085387213623
Application_70563300,0.2510150437783561,0.6079006869057775,0.11407953346674002
Application_70606235,0.21927137655474274,0.5695048327730378,0.12343403490962011
Application_706198046,0.27145801660023305,0.6044679255996622,0.12582629600550826
Application_706504723,0.2540049048165579,0.5815479211179403,0.0956927133430859
Application_706607240,0.22132088333455502,0.6156870497357112,0.1761771647269089
Application_707770540,0.5308965010847274,0.050918749393537834,0.13375525935746352
Application_710720262,0.429334770019781,0.3379669819895642,0.32529551636752385
Application_711124829,0.5192183855775565,0.4190729610013356,0.27201777917178477
Application_713675823,0.4992286647724414,0.08438486716004137,0.15304173100775162
Application_714768274,0.20950981089925663,0.5951035958872302,0.11676147452547173
Application_717400110,0.283969542288049,0.5609125787783736,0.1383282065709274
Application_717693758,0.3102498348665851,0.5814851291142186,0.12752459138400257
Application_718602557,0.14185357031699605,0.5777784819529049,0.10961256034896229
Application_721895690,0.18089057619941543,0.5973498028751683,0.11946474692560567
Application_722212350,0.23670859994439106,0.6170322795024956,0.1331584017895769
Application_724415088,0.18642173936864873,0.5799753817170867,0.11880501593432412
Application_724859129,0.30004937507907464,0.6267742458190501,0.17959314431655263
Application_725542335,0.46209075783848874,0.41785016962704064,0.21772194635381445
Application_727229570,0.22889301562668757,0.26786403662287805,0.3004460783554077
Application_72874899,0.47754575443843744,0.42295835849989094,0.12507131341855515
Application_728981441,0.3595666260875996,0.5966709248635214,0.17493547529155057
Application_734009956,0.4471868559665794,0.37063337636915833,0.12034811861641005
Application_734030906,0.25124315431165606,0.5773559118032848,0.1100901130536235
Application_735837174,0.25480879974095644,0.5693892715592459,0.09081841122482934
Application_737324367,0.29524470157144495,0.5950843400147473,0.1281765324404507
Application_738077974,0.2033379553467339,0.6106601499754836,0.1064956600723802
Application_738276182,0.22847173546184515,0.6115913384851248,0.16306347335194807
Application_738335164,0.5526289692449599,0.41176898451375515,0.26851084174384054
Application_739325744,0.5439622030406465,0.17631013380929436,0.21605940772837215
Application_739670840,0.6128666054609677,0.1721276053713197,0.21262963189848225
Application_739726794,0.3903350896754293,0.518077967568191,0.15163354325713288
Application_741297598,0.2829447662403491,0.6145021125867889,0.16046830396535447
Application_742173495,0.16527503261210325,0.5937372858602391,0.11714571143062312
Application_743200153,0.25304496542501503,0.6065454579030768,0.11035808144890956
Application_743474553,0.1944336040402946,0.5807365662444159,0.11905194813567467
Application_743594726,0.14147674565554502,0.5495340237620334,0.1090791950195481
Application_745883138,0.36041638769235823,0.41156917250356645,0.3145045204954254
Application_746403636,0.4212553139550661,0.513080258072202,0.1593481424895612
Application_747812656,0.23118255084419345,0.5749546836789328,0.105354203585897
Application_74864529,0.6029546848921844,0.17395368793912844,0.2909526976638327
Application_749027963,0.2051430814302785,0.5876710718385074,0.12455674194549904
Application_749860099,0.3815470583736036,0.6158189960599699,0.2008840941157171
Application_749923491,0.24858595613341344,0.5945371147986876,0.10704052289902444
Application_752373732,0.21854470432778414,0.5495340237620334,0.1090791950195481
Application_752995473,0.4554401276229353,0.10499911516619317,0.16770248486973485
Application_753117730,0.21815221273534258,0.5919307587426405,0.1171608578943728
Application_755180147,0.25574093583028584,0.48928104685070084,0.15904846696544464
Application_755318436,0.2521839155508323,0.5659506062270188,0.11543402266862324
Application_757113787,0.37627479387004936,0.5046037308207563,0.17215165187629497
Application_757682522,0.2292026508220824,0.6091223275591775,0.11140599377997437
Application_75877971,0.25260843569204183,0.5773269969882788,0.1106849512646269
Application_760288041,0.6602097356235866,0.17396692638354247,0.2176130702512044
Application_760306173,0.49248734543690786,0.10269121133381713,0.1393590416228566
Application_76083190,0.6815032635147297,0.11754961220380611,0.2069113699940057
Application_760841149,0.42138483269533106,0.5395859428993982,0.15955248046134554
Application_761083149,0.3093217167147707,0.5571682659200967,0.13005014223537084
Application_761503872,0.3046677796742502,0.6024248462196342,0.1480150018137693
Application_762323305,0.47846405598182057,0.5905951570554319,0.14708003124963825
Application_763847627,0.23270267760697125,0.6121253716601698,0.1393161224348273
Application_763928658,0.5382615163331793,0.410215610341757,0.27992853059048567
Application_764226645,0.46255086122787714,0.5351345732799335,0.18577949401595223
Application_765506387,0.2388255507682622,0.597195114711184,0.11557231645519031
Application_765925420,0.20252204211568225,0.5794448702188669,0.1348676998103598
Application_767764149,0.39225150622012983,0.5298959801369023,0.15761608696757998
Application_768687683,0.2222219475224733,0.6355498064752517,0.11689880149254572
Application_768742802,0.22745997796472342,0.5773559118032848,0.1100901130536235
Application_770018911,0.39837737034535736,0.41456890882261527,0.3153493481593644
Application_771960759,0.1370714793492306,0.32674641866751725,0.26858840303029596
Application_772130537,0.10638708807165999,0.35473406568666627,0.2814488312935818
Application_773698744,0.24065195918010038,0.588381007693652,0.11947642423914424
Application_775396942,0.20554069136592057,0.5762204448833493,0.10811059639551016
Application_775422920,0.2667455968594437,0.5884286293257917,0.11785312169485837
Application_776250710,0.4085557378631361,0.2926187115363047,0.3416526224797741
Application_776477117,0.6132063214009555,0.10302555441879808,0.14371487922978995
Application_777232558,0.26255463061359025,0.6029363316055295,0.11022650026761327
Application_778555928,0.2020826935907999,0.5885727664777592,0.1160807456958509
Application_78032372,0.5965323053407754,0.384094548921981,0.3113741136540031
Application_780791841,0.5104731864342914,0.08558221615013964,0.1156713705586283
Application_78080859,0.5388056568659871,0.4379125904849744,0.2813903153267324
Application_781442980,0.3562151276649364,0.5332139837402166,0.1637521942241278
Application_781529602,0.5878985315620772,0.3299461596717316,0.28333490646700266
Application_782253363,0.26999831151348774,0.6481680427070439,0.15423769595793538
Application_782627639,0.3118504681286445,0.4169586334977309,0.3122299437446034
Application_784244379,0.1276908787809918,0.5663217925064832,0.1031657682548643
Application_786731748,0.5524740360071113,0.106671459466484,0.17617083189429744
Application_788699480,0.4203760123719261,0.5529734817922531,0.12106166343332937
Application_788925867,0.2208464575652194,0.5955516122249014,0.11843860093755136
Application_789108617,0.39190909865397877,0.6740910271057124,0.2364563095175089
Application_789334077,0.5761375558348221,0.07170558497882534,0.17463649172617454
Application_791089089,0.16570528765650808,0.5693892715592459,0.09081841122482934
Application_793038001,0.44881995455587326,0.523595734941468,0.16104012213054333
Application_793873060,0.5486914521253082,0.10360435845404167,0.16489681417150312
Application_793997351,0.4932902373514259,0.29120467649425763,0.3070821525459827
Application_794504760,0.22713224807613916,0.5495340237620334,0.1090791950195481
Application_795733035,0.22436186539708589,0.5704328094187706,0.10133618182870044
Application_795804396,0.3252108446683347,0.6044638187825127,0.12409981734993168
Application_79681847,0.17878545227517703,0.5831131425572839,0.11558863820966536
Application_797190984,0.2919492944293901,0.5832726013585944,0.09554247822628417
Application_797995929,0.270693231660282,0.6056022739149634,0.1306951404540678
Application_798496213,0.2417958286805557,0.5756758495661475,0.1366423701815837
Application_798879962,0.26046263358365507,0.615030661368333,0.10629467082860958
Application_802752710,0.3406932914262258,0.5170688217934851,0.17795033247970818
Application_80286962,0.3874170226305099,0.5327756075392431,0.1435063454945986
Application_80298426,0.6420730782359788,0.22830937253989472,0.2223896113208634
Application_804273159,0.25284285459589995,0.5847227110170656,0.11056978333943003
Application_804644820,0.4502994674306535,0.5505760967802602,0.18262519559890567
Application_805828914,0.2844816991419404,0.5968759143380988,0.0999858730445427
Application_808224273,0.25312319528365484,0.5992681517764117,0.1281995720658083
Application_80850284,0.4564674678647146,0.145735043656625,0.17515552015818564
Application_810658733,0.22293854883891448,0.6172222827092242,0.13658626313756717
Application_810901066,0.2736665359218552,0.5995539327951932,0.12748150555742663
Application_811679621,0.24949308174398835,0.5998124285022055,0.1084242896786458
Application_811825935,0.6128876827175362,0.1881722979950728,0.28674375361607096
Application_81196974,0.2638021324128157,0.5728141123230059,0.1303274512608719
Application_812842800,0.3655317229748102,0.2621126295465299,0.06678470405522859
Application_815196626,0.47713566798890844,0.4151243663831333,0.1170062220495634
Application_815439845,0.48451346996014105,0.12594084312890227,0.1384041634643801
Application_817528841,0.5935207630298602,0.13719495746659482,0.16483646773694421
Application_818535320,0.17505510429793186,0.59625392532316,0.11951083502859047
Application_820509737,0.2132270440690225,0.5876710718385074,0.12455674194549904
Application_821026605,0.41270147286282,0.39801536729719145,0.10692782701991733
Application_82106546,0.5659781343662033,0.45939021751999204,0.266218104377108
Application_821402088,0.30073117413468425,0.6022853435977664,0.14757004812679483
Application_822332970,0.27576937248378225,0.5151709976285656,0.28065862238507333
Application_823313933,0.21777736616532334,0.5831131425572839,0.11558863820966536
Application_823561619,0.32651875172690553,0.5701159301701586,0.09092094016047975
Application_823830081,0.2262165990526097,0.6323831181916313,0.13838967139812958
Application_824575725,0.21404473258387477,0.6344135228906751,0.13656261901116973
Application_825284974,0.3260845469702927,0.5888045678063509,0.12606214523977752
Application_8255496,0.25237786497109493,0.5815479211179403,0.0956927133430859
Application_828330778,0.30583741331547537,0.03459120066978041,0.16850795630093204
Application_828739470,0.26804768924666966,0.5995539327951932,0.12748150555742663
Application_830101215,0.5413850525825337,0.4202799534810831,0.29942282654237334
Application_831992514,0.17656324015167874,0.32977448296298456,0.29164572371739544
Application_832770467,0.5923750357379317,0.16523374188896625,0.22494064633336
Application_833399908,0.4171327740090619,0.25785406113977744,0.3006471979734247
Application_835024653,0.18303329180267267,0.5920601179453965,0.1266337397047453
Application_835755263,0.31049152218993326,0.5657481254747639,0.1152608833836789
Application_836841943,0.34690385168794896,0.633227948486448,0.1522489866283112
Application_836856058,0.2838250810788576,0.6006754593895722,0.19061499682540167
Application_838884307,0.6829879510442243,0.13037697672583634,0.16026019610453612
Application_839952915,0.18093559892302666,0.054117568671454896,0.12466295073699626
Application_8404955,0.2788298026769884,0.006594099671491655,0.06721865424933221
Application_841240578,0.3570081813241837,0.2477246438381226,0.28332825320488286
Application_84195997,0.21670249959860016,0.5955516122249014,0.11843860093755136
Application_842022801,0.3546932270086218,0.5811260231745284,0.17448645662535717
Application_844514474,0.368352111501102,0.5234459573997288,0.15913946497736775
Application_844831749,0.1955126633567958,0.607669048783887,0.11557318306115234
Application_84533120,0.27769214521735125,0.6114268121445379,0.11174818128602802
Application_846209494,0.5007203014259449,0.2953837941777627,0.16038661262875814
Application_8497910,0.3702300953398406,0.5132076721223713,0.1684050744526498
Application_851895556,0.2520805916480677,0.23137259475916858,0.2706557314543538
Application_852183469,0.2980386736164292,0.6027374877960537,0.19216155955548936
Application_852716835,0.3628512767624559,0.5012988060696336,0.353350575655226
Application_854280555,0.4184806956584808,0.24996483279351794,0.24830417594794463
Application_85502316,0.29545607329737233,0.5944307154182469,0.168397643252937
Application_855239950,0.26291488235141625,0.6036114721194059,0.13567412396212056
Application_855901489,0.2008420480635184,0.6213223929643379,0.13749114361800377
Application_856935152,0.23576300740421186,0.22854134326858086,0.24562614512800351
Application_858239432,0.3384866177781059,0.41708855451607957,0.3121167010398538
Application_858754330,0.24506800519244348,0.562780086113402,0.1366444537437277
Application_858789639,0.20414282119763505,0.24932452691923035,0.27850191485440146
Application_858881040,0.24787522617653376,0.5751451122828282,0.13387163547082775
Application_859428294,0.27744713809357113,0.5822745797288529,0.09580120374581824
Application_861069239,0.22622081087619234,0.5762498610387337,0.10723115195189857
Application_864148389,0.23916049365137695,0.5714080114048119,0.10222838906607874
Application_866486447,0.7662108550436607,0.09578002399392507,0.16712194004120715
Application_866670658,0.26825321750774694,0.5728987101371147,0.13287042285861997
Application_867400149,0.5549530891624634,0.45766550880148377,0.2665281531425374
Application_867435788,0.38256988855166935,0.5001463752244081,0.18431348861258656
Application_86905976,0.13888191527703167,0.5847963776107327,0.11453485169025235
Application_869335382,0.702947438914133,0.15524567683437202,0.25552627729515914
Application_872415486,0.2741107824900625,0.5946617698651271,0.1287327579276649
Application_874039168,0.228567425482221,0.6085872482340338,0.16550834775143436
Application_875614911,0.3522360276422066,0.6495104139975315,0.15501349741772333
Application_876077850,0.3191170145225092,0.5138084772491365,0.16175328429387661
Application_87659628,0.293133406116219,0.6301657210027936,0.12138638317580926
Application_876712087,0.1443513870470932,0.5781731410211488,0.11002188867754008
Application_877522071,0.48238575517390486,0.26458660798499,0.06354596299830946
Application_877772414,0.4022316468438471,0.5329146991980926,0.19121496154677986
Application_879553786,0.23206475314086714,0.4864705292009918,0.1961772061410061
Application_884271564,0.6035078152250959,0.21751043812042675,0.22017205060791203
Application_884403770,0.20739884122344074,0.5955516122249014,0.11843860093755136
Application_885012170,0.36101963204042364,0.5810833356497023,0.12208085387213623
Application_885372391,0.17518791726785676,0.5705792156915803,0.13423750241482263
Application_88952849,0.4251122116565653,0.5218175589015107,0.22427736061719702
Application_890075702,0.5556780229257525,0.1043959892487456,0.17559234905322424
Application_89083515,0.22340807155134587,0.6319303479687824,0.11914866349642506
Application_890963278,0.32634084715849726,0.6036801389798679,0.13085735237040502
Application_892427793,0.27356354567419344,0.5814378644572222,0.11729088544829275
Application_894204901,0.613635668485414,0.17702448003817128,0.17480446405745392
Application_894382241,0.11864559462744265,0.09990716980321161,0.12988065514943006
Application_897350750,0.20786076335377793,0.5955516122249014,0.11843860093755136
Application_900844990,0.20835139209465753,0.5885727664777592,0.1160807456958509
Application_903799216,0.16787056472892228,0.5704328094187706,0.10133618182870044
Application_904093739,0.23436818436148485,0.5788354373110437,0.11236529730652817
Application_905082437,0.24093660570387665,0.5625324070687124,0.09857131301820383
Application_905858527,0.3157082501939547,0.5952253721061455,0.12951047347647665
Application_90621717,0.544877720511463,0.3630823928922512,0.27226365890022775
Application_906296960,0.3717888871359318,0.5383342545820227,0.33226642562755393
Application_907136885,0.13291246117278568,0.5668630007774598,0.10244016024478342
Application_907309048,0.40906158289382394,0.5623068628099954,0.12667953222927106
Application_907359229,0.2587379107585816,0.6051145276350732,0.13437012588301156
Application_908012089,0.26326885832391844,0.6102583155767163,0.11223465466042609
Application_910003252,0.21219329258206418,0.5955516122249014,0.11843860093755136
Application_910353899,0.27801016114853255,0.5837270803436129,0.14544921973006725
Application_913122133,0.273300545238483,0.5642791151669473,0.13937614296498135
Application_914673270,0.3209359668773735,0.5711291153320837,0.1278052966955327
Application_917308364,0.23425110301186663,0.5408698492171966,0.1931061228523188
Application_918572133,0.5075065759728149,0.38464223768131534,0.279986355301144
Application_918963277,0.41453867201787387,0.26863189272441945,0.28080147257982524
Application_918979468,0.558190552662618,0.4573009111197114,0.2859117170915319
Application_919959748,0.6541538897483825,0.0939094753377534,0.15232242539865376
Application_92009906,0.3014128653349018,0.6022853435977664,0.14757004812679483
Application_92081663,0.4380093280877656,0.28746402934366155,0.13499193645282476
Application_920967125,0.7722020724183406,0.2464483391292745,0.2577775287621238
Application_922011706,0.36583828427883,0.5328446538632716,0.11039437477543
Application_923730558,0.3191604223405733,0.57529403683391,0.16787326104337427
Application_926052296,0.31568602840609694,0.5994387007969149,0.1273568745421954
Application_926094669,0.5729113341410778,0.10533522487542328,0.16708033916624968
Application_92624898,0.4219536753125051,0.25534294805830815,0.21202477378441087
Application_929015547,0.25292500108464827,0.5685000173339342,0.09850470492915368
Application_92984842,0.23975436935686048,0.5828129100145565,0.13190610881832024
Application_929931999,0.611842232297054,0.4477119353999967,0.26955540580678694
Application_932158358,0.5756326862595427,0.14811892513895636,0.1987301373490091
Application_933464832,0.26394756803863256,0.6309064594128165,0.13754158290932136
Application_933548333,0.5719951020023373,0.4214889201105253,0.274488360664652
Application_936141381,0.3595886675758304,0.5906543376311381,0.1376156558065955
Application_936279128,0.2782047117215768,0.5571111499401311,0.24212923071233075
Application_938318297,0.5647639196998834,0.1915718945854325,0.2757722580135528
Application_940496739,0.2987814860834589,0.5661045492020376,0.13925828859342132
Application_940705047,0.22835699092258732,0.5995106135707736,0.11751965115777874
Application_94127270,0.2390498818157773,0.5780096112779456,0.11026814199802708
Application_942057035,0.2797801493510559,0.5743827773312322,0.13710752901849949
Application_94215,0.4904130569933747,0.2893033288474359,0.24955109655301536
Application_943827704,0.23719545471287998,0.5698118417088659,0.09042724230598678
Application_943868855,0.44690778704619055,0.2839450751962568,0.10612467881458605
Application_944654361,0.2764673550642896,0.5728403354625884,0.13217252473960242
Application_945696184,0.22027156680109966,0.5708553795683905,0.10089737032398276
Application_946739824,0.25278281983689194,0.5858033727013455,0.11512938224345197
Application_946802204,0.3397098967142334,0.5917694315886619,0.12707425617511864
Application_946845929,0.3345491815223729,0.551734974359983,0.13985619350422365
Application_946851059,0.3110826781561753,0.5993713863903624,0.14143780812675288
Application_948141705,0.47373602950339,0.0498705814309773,0.1465328106306512
Application_949156991,0.40969292219283304,0.30954520933542645,0.10560262385142884
Application_951361217,0.2392603551875436,0.6053223552423103,0.1345560691007357
Application_951427056,0.24669811506890266,0.5693892715592459,0.09081841122482934
Application_952114406,0.26269477913799516,0.6061228877534567,0.11083906491130295
Application_95311556,0.20874592261462535,0.5838398011681967,0.11572006734190693
Application_953179282,0.3137120241264633,0.6087064997397046,0.13243525642136056
Application_95477936,0.4860365315222017,0.36964024932757555,0.10928422223024145
Application_955811445,0.5084159136275334,0.16608537503311416,0.20805239155966312
Application_956764835,,,
Application_957614949,0.4024154086685701,0.38846480518292353,0.16254046431998465
Application_957947349,0.33307815017336384,0.6209011890592008,0.1772314670337444
Application_957957984,0.32332871874296415,0.6251301173888582,0.17586469138325744
Application_958218647,0.2542504429483882,0.6145618574675533,0.11582908789359088
Application_962920598,0.3246140055745676,0.6022853435977664,0.14757004812679483
Application_963564266,0.2661527600585829,0.6054388280127708,0.12524057813418585
Application_964208437,0.1180047551193232,0.031704779602914034,0.10964806928715098
Application_964309178,0.23517940961146336,0.6323831181916313,0.13838967139812958
Application_9650923,0.37510176168798387,0.596218780665234,0.13438843784531565
Application_965842748,0.33112921883561447,0.6243608164603457,0.1649673815073065
Application_966891264,0.19798061500768355,0.5749546836789328,0.105354203585897
Application_96732613,0.2560451790608678,0.6123955822481408,0.10884615900261133
Application_970357595,0.3164866239634075,0.6233549475576908,0.1417587040924117
Application_971594478,0.29610078078616653,0.6030120022086791,0.14773761169122335
Application_972388617,0.18097919298654225,0.5688623115610133,0.09885272432114844
Application_972407424,0.38991638109150606,0.4233304908752866,0.09941559797008734
Application_972486124,0.359026051678894,0.5241320701953696,0.18305826303113165
Application_973075457,0.26459472455681715,0.6307736728866942,0.16106412187497388
Application_973398039,0.39895098722760586,0.562296166104871,0.18785627129098742
Application_974380976,0.5243174459029545,0.46559261078848274,0.2954613847531861
Application_974485148,0.24767341836417703,0.5659506062270188,0.11543402266862324
Application_97480244,0.3311592063768582,0.6022853435977664,0.14757004812679483
Application_976227600,0.2013150576857173,0.5973138148391882,0.12214715493698372
Application_976453500,0.31169260268689997,0.5519441399942348,0.18264662646442897
Application_977273044,0.24933736369714427,0.5751451122828282,0.13387163547082775
Application_978274104,0.4424118599562134,0.5160784537744233,0.15630969842143988
Application_978279321,0.38790554542571243,0.11288236467382103,0.1657330578429077
Application_978787861,0.2776000779804168,0.5907479159299603,0.1637984656517611
Application_981954059,0.31443825809669335,0.5544931504135635,0.1419219717020779
Application_983083464,0.26612035345389345,0.07938125126900562,0.07683962792049916
Application_983620351,0.23420647720628357,0.6248788516453139,0.13693417270807695
Application_989692273,0.32572641606721464,0.5552779754112229,0.15923154572927925
Application_99096400,0.27587256062210147,0.4626728985621999,0.2524952733428233
Application_991116281,0.6120782757238715,0.3603285604643768,0.27430612233811996
Application_993130220,0.22154690930889595,0.5783830687976695,0.10830506211876847
Application_993701683,0.2825601771751857,0.5848510470462885,0.1300085305025562
Application_994101872,0.23018925941557486,0.21998706500254367,0.2657187798630747
Application_995124359,0.22581195387891,0.6093195730990743,0.1360242610410742
Application_995537269,0.16806953140941644,0.6134600719593651,0.13965845523274986
Application_99697167,0.25869376502298574,0.5748136050504731,0.13706784413274437
Application_997205131,0.3999532666200525,0.28896389601347516,0.25944003089868567
Application_997240244,0.14547793117380178,0.39234664036047534,0.264359592143023
Application_997592088,0.4092624253290276,0.43057178844523303,0.2920640056019889
Application_998522150,0.3847648955805265,0.5097895368474095,0.15487609853403933
Application_998666405,0.21583670065109414,0.6120181611334118,0.1359451141209711
Application_998908852,0.39942235663885534,0.5510914989511937,0.17230411361990736
