case:concept:name,pred_outcome,pred_sigmoid_mm_time,pred_uncertainty
Application_1003444518,0.7919665180313865,0.15514709923894407,0.16646821048912472
Application_1004385970,0.7916370550223256,0.3874888928935618,0.2945292042673681
Application_1006138809,0.8726250251615415,0.19984140493926586,0.2051692989675412
Application_1008663678,0.346925829272324,0.10250370069562367,0.07777415892774116
Application_1012600292,0.05191086214775145,0.1940719952490851,0.27161327423606246
Application_101285063,0.013518468684040288,0.7257494367396625,0.016466271029449742
Application_1013192848,0.010000930352816717,0.0629491304286045,0.08071263054767476
Application_1016792765,0.07959965553811607,0.17044815866761306,0.3237260343016165
Application_1018266027,0.8643393369731461,0.3440907458141316,0.24106979844129595
Application_1018276550,0.09184125236175517,0.16716998809286227,0.30955380062679244
Application_101973919,0.5742260631998967,0.42157305383147686,0.35526476261535417
Application_1020696982,0.7662506065500341,0.372240032828565,0.30275818385170444
Application_1020792873,0.052626660899493895,0.23136264114365535,0.26248606703857563
Application_1020819842,0.05411581728225909,0.0758059200606539,0.07141856094942599
Application_1022084723,0.8415785391925831,0.41657887106251895,0.27683199164573524
Application_1023037940,0.021886061823749667,0.08872058944662278,0.2889145441821251
Application_102597720,0.8836582456800819,0.20783764077090788,0.23506402064309645
Application_1026777184,0.7320811364019506,0.36680830400475256,0.25245620576806604
Application_1027449105,0.02503168946281601,0.10401694086634367,0.32282739317553444
Application_1027859705,0.5196543171262538,0.31044450349470104,0.2182911793870367
Application_1028665365,0.5368264523495976,0.5486415418644637,0.2976972282587915
Application_1029674102,0.03599198032215005,0.15103181446338568,0.21614708897543203
Application_102977791,0.022651169467952984,0.1323093612238918,0.2131238194715845
Application_1031465496,0.029220136121035193,0.2603039545875326,0.2807227084936755
Application_1032862024,0.7753743622710275,0.12691815928236908,0.21902336025048363
Application_1033036371,0.7934148506136395,0.3802951501814096,0.33509895717827287
Application_1033306842,0.03460032588606969,0.23314487943033887,0.24728783466688484
Application_1033574302,0.020156777681813526,0.7484628070481765,0.014951684001734541
Application_1034775753,0.020495657712566555,0.1384263023258508,0.1921732314112005
Application_1035618893,0.00808359561377843,0.7024963433245676,0.04241830858288365
Application_1037771791,0.02057804015627388,0.2797316468865089,0.18773761907026706
Application_1038302868,0.7622913525758449,0.37202996736423477,0.257392749807832
Application_1038660996,0.6934387022036619,0.4713790913604138,0.3127811880476532
Application_1039200421,0.3750914049599509,0.2616574500023997,0.21433058877886796
Application_104061665,0.048577696376516565,0.17200140603510464,0.30424348268480167
Application_1041438098,0.7413406649646577,0.42383788048432447,0.32062928608460883
Application_104406636,0.06506991200956275,0.10120018104597747,0.26649271564286764
Application_1046222107,0.04958713427030801,0.10538712726209956,0.2531066367699629
Application_1046524820,0.017705621715721008,0.730008014085672,0.02107541632977736
Application_1048834285,0.7622236749295664,0.3056304001606463,0.25115337250582015
Application_104922918,0.8481408200221793,0.40613242162717333,0.2924549697574622
Application_1050938301,,,
Application_105434976,0.656467793668692,0.37087650773720554,0.25279755490753764
Application_1054777483,0.8183345685138435,0.20904189437934795,0.2132515704731707
Application_1056831748,0.8074185749609016,0.16448572695996933,0.13232991385405482
Application_1057881509,0.01768831793099919,0.7185239417000703,0.03198983689296051
Application_105906022,0.03380922043925423,0.07815075383723752,0.08901435452715042
Application_1064102675,,,
Application_1065401414,0.6946983116673933,0.4048523004059467,0.2349171105371279
Application_1069486579,0.5629993241686598,0.4871001312271049,0.3821490491916076
Application_1069511528,0.039110910514627166,0.18320987252984536,0.32255820265863655
Application_107048111,0.03973115424790585,0.27968720159352606,0.19465845785787403
Application_1070499420,0.8455920952363978,0.3911238939047847,0.2682708949206433
Application_1071392906,0.10775827509043084,0.14832943278027394,0.34961308711529404
Application_1072302976,0.028010442470807514,0.14634257452689872,0.1996141297484204
Application_1072740747,0.6121530904086586,0.16305794764940015,0.11114631221318147
Application_1073143855,0.20404161382833919,0.1379849901778625,0.10356518820139084
Application_1076592180,,,
Application_1077139293,0.049177482014943666,0.15854144630009917,0.3002572376384873
Application_1079472664,0.35349464768769606,0.3591448891533559,0.24909977243651965
Application_1079589,0.04381653642316326,0.12685620942007658,0.2902155267729483
Application_1081153991,0.07285583961602733,0.2972753056612403,0.19356133979430643
Application_1082188204,0.8665486353164031,0.12463571456636874,0.1780300256621003
Application_1083885618,0.016157916004398084,0.33515507213134527,0.22932165257856452
Application_1084197155,0.7820751147813252,0.46762794699086196,0.3004077267062592
Application_1084809711,0.04059752719487844,0.12326879781889491,0.25745968800319247
Application_1084951999,0.013128232979195902,0.7391219241816503,0.0138426926645254
Application_1085916302,0.007358233886261725,0.713635216808934,0.019520619456998234
Application_1086189813,0.7617677438759437,0.3882358692182494,0.2593891526987275
Application_1086358390,0.04938522462082728,0.17645976972559937,0.23770300184199195
Application_1087895834,0.03961547030285609,0.2111408098219628,0.2899679423032536
Application_1088555315,0.7916206015050755,0.17551320790039002,0.22708165968036223
Application_1089290640,0.07196869643108741,0.223787365769336,0.21205335928081995
Application_1090974006,0.8347778282540935,0.18815039255165517,0.18210432816187364
Application_1091454310,0.463983298709882,0.2801145892194807,0.16973083574898037
Application_1092109071,0.7512400530046998,0.09576068325729348,0.11198507150719487
Application_1092918410,0.09702899388865069,0.12926524376174106,0.336144636163332
Application_1095263419,0.04516543182200233,0.07550737858579101,0.2757084451611764
Application_1096081779,0.8527900965371248,0.3609266156171504,0.23231750674661264
Application_109628015,0.5780998165708121,0.11130644303048981,0.12397545126522166
Application_1096460123,0.007070217359186854,0.7272513579826101,0.028431384928752485
Application_1096932592,0.934085198302194,0.21175499232885744,0.22275874481560143
Application_109718783,0.049109293889822866,0.19223565893162806,0.2386775818270836
Application_109912668,0.05181727142902316,0.19245635356843427,0.2804774118822535
Application_1099430757,0.2691331014786151,0.3465315375177329,0.19367663691391088
Application_1099493178,0.005334543533625016,0.7303603298270622,0.01596267576242843
Application_1099663893,0.005269172041118892,0.7556279000212687,0.021085281903254288
Application_1100253381,0.01722505133549941,0.7185239417000703,0.03198983689296051
Application_1101636672,0.09987553724634622,0.22470591004163434,0.3104691401101141
Application_1102148836,0.03187590007530343,0.18505483697606653,0.20654565121949478
Application_1102289179,0.5575926946885053,0.3520924230833969,0.3160547719173212
Application_110355063,0.04408842190788347,0.13727235235022328,0.25797811491543293
Application_1103698005,0.7249001309879295,0.40919343885907705,0.3004129469739994
Application_1104110439,0.027417690211340825,0.14053768177528483,0.2822089512177281
Application_1104349279,0.04101919086263605,0.19334874297983926,0.25112445755733825
Application_1104697616,0.8672587340629089,0.31742258786273936,0.19628714427272342
Application_1104784494,0.07573996387495616,0.2079807035144289,0.34390780999192827
Application_1104839673,0.9075471478015154,0.11693744844936127,0.13658264138252216
Application_1106610804,0.1661826968967766,0.07512785873241462,0.29033353080222873
Application_1107513596,0.07327487386133362,0.2175328235852686,0.293340321514904
Application_1107974200,0.04398836777570903,0.12495011795862945,0.17495043716179512
Application_1108410496,0.005093393226840074,0.7394032863553504,0.017778334318740034
Application_1108553853,0.018380138101213278,0.1986677025900058,0.15744312144802758
Application_1109500523,0.74131621757844,0.40102521265692037,0.28919351606949356
Application_1109722425,0.040485173665391345,0.11064048583137884,0.25519658014586316
Application_1110003824,0.029686121255298004,0.05164631248142332,0.09076147426249714
Application_1110334222,0.017995534295618038,0.13421635409099672,0.17050321652488254
Application_1110847631,0.04078335710276142,0.2145695506370663,0.2043865374419225
Application_1112791540,0.8119567875600598,0.3366400775801817,0.32936065399428055
Application_1114627184,0.5322746399529675,0.3312291455772995,0.26181126194614285
Application_1115275695,0.009139207074812751,0.7422406565461577,0.015270483943014656
Application_111536511,0.051220939720804874,0.22760360948772934,0.2621834159113509
Application_1116596448,0.8889674840755147,0.15437329162097432,0.225319507018528
Application_1116878017,0.02213578431848292,0.1956365151257294,0.1941027238377833
Application_1118317851,0.019044304586023523,0.17263424336395147,0.17899268416176273
Application_1118691851,0.0195040702727913,0.6925112851358852,0.0264569799665819
Application_1118794258,0.9095187171866632,0.38445325560799054,0.24558275740454283
Application_1119128567,0.028730730995948056,0.27157003211182795,0.24444080629084633
Application_1119346613,0.8073943203807985,0.3903868475787735,0.23353503028077124
Application_1119704576,0.059722532625612085,0.06952859985399423,0.09503890963532625
Application_1120624192,0.04086604005635791,0.2233991088233368,0.2889386505987773
Application_1121095468,0.008200033886631106,0.734237101611583,0.01697118063116518
Application_112299550,0.009547469734058069,0.7359400327308219,0.01387540344499523
Application_1123320394,0.4210700994128942,0.5127349991644685,0.18337540521422666
Application_1123432099,0.7699798234707528,0.3910375008638131,0.2711042903975027
Application_1123655418,0.3004024180256202,0.36688114939878436,0.21925889160292655
Application_1124789802,0.0517491661367657,0.15361037276715733,0.2617988805029259
Application_1125229039,0.6334863986321077,0.4415791748853497,0.3240417144733638
Application_1125299308,0.18709011661173097,0.39849151273043254,0.17244696252526365
Application_1131812437,0.41935825757894896,0.4250298073981114,0.297957352158798
Application_1131974200,0.04123529383756638,0.31781743492561626,0.3139181542849791
Application_1132898010,0.05366863426586258,0.16727585486542923,0.3055779737534674
Application_1133826059,0.8671316763481135,0.3471911181873158,0.31655465707899905
Application_113474586,0.04931857527982538,0.2664384093441497,0.2126328407677917
Application_1136138244,0.01752633722380831,0.26097814700600885,0.2594611269464956
Application_1136188668,0.02316676209483762,0.2980815347519101,0.18769437995768182
Application_1136782466,0.6436895928415989,0.4344899860211801,0.3467802690358006
Application_1136942310,0.6917255382495556,0.3238991567852405,0.29469741474638145
Application_1138343850,0.799301433494028,0.34278870681687035,0.31027913336334767
Application_1138441532,0.368493189691773,0.15220440925295062,0.11268512237968381
Application_1138682900,0.9036840510663444,0.1498365822402179,0.24366651734645497
Application_1139095492,0.8831341969029923,0.10287346572945313,0.10779414401014256
Application_1140000103,0.039892243066259325,0.16831594237180278,0.16195264611764223
Application_1140214785,0.03935722073507859,0.15933831861498754,0.26520939077042577
Application_1140934167,0.025593824317577746,0.21431751493571904,0.25471722701298877
Application_1141437569,0.9235898737887919,0.11406376389658654,0.1619259790353664
Application_1141800606,0.4019154896409129,0.26628533009312105,0.16205578672504647
Application_1142291922,0.032511596583118,0.15440826183379514,0.2162920502140713
Application_1143452352,0.7855996556221776,0.16687189681686504,0.1791722843273045
Application_1143725882,0.04408028655831529,0.2529287687681199,0.18951813778864188
Application_1143749034,0.019072571831223316,0.27943599827996246,0.23243747626448996
Application_1144806380,0.8619436041116451,0.3280497139989793,0.24509570182574145
Application_1145195394,0.060440157004146136,0.12248479017369288,0.2515827129350338
Application_11454632,0.02792421898975185,0.08448496034899738,0.32222096854426935
Application_114551747,0.9038287365347649,0.1376168270639442,0.15738310270705202
Application_1145960664,0.7362699972194418,0.35040843941178973,0.29871862777868374
Application_1146017257,0.04357375429397262,0.24143477682568576,0.17654578040177285
Application_1146390793,0.8390030526701765,0.3866120966375204,0.3042331869503924
Application_114677449,0.037545565918845884,0.2798206258967914,0.2662460455279603
Application_1147242139,0.032848285645166835,0.19029979469467306,0.2849024475252819
Application_1147800670,0.7083833716502117,0.13264307391829888,0.13335911569687217
Application_1148505526,0.02619388783530035,0.12421154712418372,0.2771282689133529
Application_1149826505,0.05057407476448705,0.07413908723252483,0.27508805797821634
Application_1149882287,0.7998667439587644,0.38079356054929847,0.2831638381373367
Application_1151306652,0.6450904294792352,0.367917396983712,0.24935222668095017
Application_1151718196,0.8101704402388713,0.17205357347880554,0.18913927144520973
Application_1152706558,0.00795741150096386,0.7335640384901139,0.020575789079242936
Application_1153327019,0.8781396425081927,0.16471563279766133,0.14290955697208707
Application_1153332543,0.022498424949525916,0.7165282115143286,0.022634113708231676
Application_115387399,0.7500632483238703,0.3910638885229515,0.3174383222045595
Application_1154947942,0.007573499580075886,0.7403428190508805,0.015614094675540013
Application_1155624509,0.9580997833965933,0.15972892530722652,0.18829747269639968
Application_1156380786,0.03231033500988332,0.28048359352267027,0.2096451728839916
Application_1157095713,0.5940617508215692,0.2818607021693896,0.19347545805381272
Application_1157455039,0.8364433881525821,0.38303247475726365,0.22975971356900904
Application_1160716330,0.0190282478109396,0.18710592189772235,0.22575343275743687
Application_1164107164,0.6572306309561838,0.09980385352000118,0.11227283486273662
Application_116887817,0.05850010488798004,0.16972813105173476,0.2791155714110848
Application_1171197563,0.026271814252456515,0.14662481920842518,0.17101101229498245
Application_1172008352,0.8051475187937482,0.10434800991647172,0.09970929321840186
Application_1173149180,0.4240529510605498,0.40267451013955163,0.29144852038511987
Application_1173289988,0.6097802144464168,0.36723634001024796,0.25524529844545957
Application_1173481848,0.05797136832708605,0.02959596140021531,0.07020755271151907
Application_1174114825,0.008512518834029257,0.7177137586426878,0.023185769899378886
Application_1175285346,0.91849287888745,0.13315025578736567,0.1394039190297951
Application_1175418215,0.01665594401915919,0.07000016548635324,0.12630043106163696
Application_117660615,0.7969672943012883,0.37244591891432255,0.24042079054320908
Application_11773925,0.5569465853647986,0.3747894262405993,0.2809433851245327
Application_118076535,0.7473952311167812,0.397924074794223,0.29267473984931947
Application_1180779910,0.04144102450523511,0.10542782687959129,0.24391907982408886
Application_1182794641,0.9154219862101983,0.2171819337113525,0.23706808379068614
Application_1183136852,0.012007981327088147,0.6946995408318855,0.027699927071000316
Application_1183476189,0.056620938096789294,0.17957426142017838,0.24909170074903328
Application_1183534481,0.05515550683408829,0.2275304051604496,0.18134740791882298
Application_1183954314,0.7947370821453749,0.38650597828585864,0.25016253527650884
Application_1184253258,0.6234305195693882,0.4116117299451222,0.31075961918874917
Application_1185560776,0.13162028762859795,0.012515634623651628,0.0756319851522576
Application_1186011075,0.04754832708414525,0.03320932695497297,0.08456998339989223
Application_1187770735,0.42198597227760415,0.31067739924136806,0.19873361472290257
Application_1189444299,0.009411674299246197,0.7075142177302641,0.01867069955145511
Application_1189871359,0.09401713872304127,0.20752737075879046,0.31921081385351846
Application_1192817854,0.03365424366829874,0.20797296641735372,0.16237175601751014
Application_1193407725,0.03897464912447887,0.208335003708765,0.22855561588647477
Application_1194573334,0.04385551918216223,0.04503543766803875,0.1062569180647834
Application_1196211316,0.1865642084567476,0.1551228794966394,0.2128711824193334
Application_1200105859,0.036472585553376645,0.3072052895696287,0.1745028098652422
Application_1201250492,0.05340186789223201,0.2195432472949787,0.19185203067544668
Application_1201267547,0.006973694070431517,0.7372982162217274,0.013096765720091523
Application_1202440901,0.01113101992551377,0.7473906802750638,0.013338788355607444
Application_1203000059,0.04626650664345051,0.2693039907947056,0.24933073274499593
Application_120400056,0.8901146002232635,0.07357544552077455,0.11671637369763282
Application_1205027125,0.007821020885430019,0.7412433232447966,0.019070895939844346
Application_1205291296,0.3342750448805235,0.528333679557017,0.18080654429750745
Application_1207519267,0.5862136538496113,0.39812716493621153,0.2613618763257623
Application_1208202898,0.04788090565548516,0.055856319809827304,0.11317428932201011
Application_1208543050,0.8366216394510498,0.39903023387730807,0.24786056264545808
Application_1209476276,0.0732637133103557,0.1665453752196916,0.3152601742067337
Application_1210322027,0.007577682983790836,0.7410561939057373,0.016068319926147174
Application_1213205773,0.2700495553735371,0.5621423379484327,0.1376776961135773
Application_121670659,0.0555347226505377,0.16269604950586486,0.27326451556188436
Application_1216723425,0.8921852989168327,0.17147208771446262,0.2577439551296313
Application_1218203113,0.763453184781014,0.3410614374990276,0.23593627624824912
Application_1218332981,0.07285547838057987,0.0881107100192759,0.3580427263647047
Application_1219055263,0.8616935649526547,0.3409432775063441,0.29367481428496534
Application_1219949717,0.008203778156225715,0.7000535728392046,0.034086276714676005
Application_1220541878,0.07456414355653729,0.17348593722641234,0.1016863048829328
Application_1221269355,0.8115640998995712,0.07996812627982813,0.1259679255654972
Application_1222039007,0.616074481646305,0.3977932542106544,0.29571169300144695
Application_1224187740,0.03060311520459354,0.0917801313910454,0.1246690203064622
Application_1225769256,0.12235270326173912,0.0668779338016281,0.28261996389729616
Application_1226442731,0.06651873600400642,0.13733178388376013,0.2858691140953361
Application_1228403719,0.08538221443838905,0.12977566282675865,0.25772593844998204
Application_1234321250,0.012811207519069619,0.7029342142679109,0.04275109469961257
Application_1234365113,0.7462310854388027,0.2768488838620157,0.3165485617405667
Application_1235896381,0.26857887990220125,0.5511885816836632,0.12734843130123594
Application_1237086325,0.021107281061433784,0.09641261475512472,0.2914346726081784
Application_123834627,0.05073595275662089,0.10668272484273428,0.28370195665280357
Application_1239060176,0.8270624583460693,0.13795215810570186,0.15791704853189933
Application_1239627323,0.6930897323612913,0.4044436302582185,0.3180523380091067
Application_1240814574,0.17271834745727266,0.132574341419235,0.24380059512242697
Application_1241865852,0.00795200133539187,0.7389519378545674,0.017683108003615455
Application_1241999769,0.037912495618039214,0.18471438301537418,0.2434425450534067
Application_1242315969,0.010392689487503508,0.740515144108824,0.013349185455680675
Application_1242352417,0.04452128444028782,0.11854588702224397,0.2642847166233123
Application_1242477998,0.7877354925883673,0.3823334742397612,0.298560458008037
Application_1246865304,0.09835965702182661,0.13366065798764803,0.2683413441564087
Application_1246985104,0.7971249978703882,0.3225894559998638,0.3066750115709989
Application_1248242433,0.8688224242471105,0.2565719335734604,0.2615824600364107
Application_1248474304,,,
Application_1248532589,0.8107167833287763,0.4023241707612174,0.25456882789610524
Application_1248970009,0.02007952363862997,0.17868643942079063,0.2687381106991577
Application_1250500817,0.543148499990374,0.37386276085355463,0.2280559868484567
Application_125111453,0.049149580620390085,0.2048237809343983,0.24590385463018066
Application_1251689244,0.025617824694652437,0.20452213170995098,0.20278900448231688
Application_1252781397,0.006747442593415756,0.7053390529217809,0.017391538387210127
Application_1254474288,0.05512751519005092,0.16228111227874176,0.30437424837263116
Application_125498955,0.09999751032030588,0.195917674562261,0.27112000255470364
Application_1255919690,0.7842608840601344,0.09839881942850742,0.12117150927939017
Application_1256531358,0.5632849014110504,0.3567976279018924,0.3238020566721112
Application_1256882757,0.007875606299623871,0.7357494343453028,0.015785565278670803
Application_125735546,0.7797725429563136,0.3875535834648951,0.24544013925143487
Application_1258084186,0.4073368562379406,0.3622090389157633,0.25320271263058436
Application_125846800,0.059417485304619516,0.17191887296313105,0.23721473726441436
Application_1258641337,0.6277211874868674,0.44920741573553796,0.3199938084156713
Application_1260313275,0.57298974526843,0.4436096135068046,0.33249713927580155
Application_1260511828,0.03417439071641221,0.2615758667698217,0.18677554911903152
Application_126161718,0.03616970904407906,0.07349356489768272,0.22923505766554392
Application_1263939811,0.029882338750705898,0.05689804461249015,0.08487160564691996
Application_1263997961,,,
Application_1264408299,0.010535577734078797,0.7146723644807871,0.018256142648875946
Application_1264902566,0.09935064178919588,0.1988136082312367,0.30372880896721915
Application_1265044597,0.04094621013641034,0.19216270510350986,0.21909556342538494
Application_1268164546,0.3918861026493841,0.2999137423926542,0.2020711239564896
Application_1269305141,0.43444028372116755,0.3719971057714854,0.3083416517619379
Application_1269620603,0.7854910377047968,0.3351175884889887,0.31760486752750017
Application_1271570199,0.04625649281400011,0.20327351609442224,0.17009467792915303
Application_1272345729,0.7759707550210665,0.38678289996561854,0.25520011177115226
Application_1273109806,0.7464551987993121,0.34680062445174215,0.23225894690203083
Application_1273243804,0.03940371368470639,0.08597477369608933,0.34184676871968983
Application_1273835556,0.8223528346628148,0.2867425985078089,0.2437402951403968
Application_1273931422,0.1610400715674266,0.06401630093654259,0.2783378849894848
Application_1274166676,0.6307063328265379,0.36270705292127325,0.251763896684407
Application_127457405,0.06190283339460633,0.23617728910575247,0.28125467985221336
Application_1274866621,0.7805760115075041,0.39903728642034253,0.28817089592412315
Application_1275065414,0.0578688148941801,0.11366646787894061,0.31532922472404057
Application_1275483894,0.02235274384332047,0.6750258755847196,0.1718832364691455
Application_1275708382,0.022730349945759624,0.6700231815336809,0.1542546045488402
Application_1276203911,0.9129929711340911,0.10359857904381636,0.11935477790180717
Application_1277202210,0.06051851653305665,0.19931778653945467,0.38513863256868536
Application_1278754356,0.22337086082180785,0.5548995484577243,0.1296166023467172
Application_1279149491,0.8511869229025195,0.41871741092602155,0.2806465501678572
Application_1281070255,0.05086126846240815,0.09856850325321259,0.1990267368743633
Application_1281219916,0.8361869244725052,0.4290266934582364,0.2787677117305651
Application_1281227660,0.009047599268201822,0.727114081971411,0.01703726649728855
Application_1282231634,0.047089971795078955,0.13979574876987746,0.2815687679960046
Application_1282418399,0.035901672723813984,0.16235727839374886,0.2888636797695445
Application_128251318,0.8032553004773219,0.4099680680825357,0.2394721151732301
Application_1282746821,0.046129749867034955,0.1706073359506001,0.25014628910219927
Application_1283341810,0.47870201601147316,0.3958418576197768,0.2573979416868329
Application_1283651073,0.03375466502278523,0.22508227798446423,0.18420061122994447
Application_1283751278,0.15622692921366618,0.20529737847106133,0.2928137786216913
Application_1284230014,0.06273920539976942,0.0847559368661992,0.23901935363685073
Application_1286083897,0.0361023645924642,0.04965827697311481,0.05534174870295039
Application_1286125502,0.16821556810196217,0.10978628884991443,0.287260955490815
Application_1286165737,0.45621964763171813,0.3647049369507042,0.31918149281348496
Application_1288084480,0.046468287300296326,0.1348307856395884,0.10261841272487993
Application_1288647467,0.8661516914464116,0.11115541658569353,0.12254486983339945
Application_1288727835,0.01316605311494951,0.7374620709173931,0.01597294933168233
Application_1289012778,0.7063364118800538,0.15167841742038846,0.16692858916428327
Application_1291280868,0.02961148582644649,0.13182552414491877,0.25910400802204153
Application_1291464093,0.6209887937864731,0.4071605487003255,0.2525536395731941
Application_1291843877,0.7706705671587764,0.415637051803781,0.29583464922083397
Application_1291971664,0.020076096279764605,0.30007245275744415,0.19753147353909464
Application_1292771933,0.7608498742527687,0.396966432068231,0.24216076511938475
Application_1293008903,0.043208752339685186,0.16065378282322312,0.18305029020064895
Application_1293120092,0.029511172481255604,0.7508581890583244,0.020089951177158755
Application_1294558199,0.03599168950518397,0.1811853208952748,0.23666492789622684
Application_1294597796,0.17379019050879216,0.1430704684591889,0.25512669794959886
Application_1295538492,0.01802865101854958,0.6588203198830892,0.15204114849253525
Application_129565630,0.16085362821277002,0.3910057177038628,0.1626555113205687
Application_129573767,0.012014503899497153,0.7420840222397982,0.017384744069893307
Application_1295911338,0.06864070245179059,0.11961706748004747,0.29975910092944935
Application_1296197799,0.03298856021531896,0.21963675894403173,0.1547377118513976
Application_1297559824,0.04763731117725808,0.18061849281570352,0.2310087537005219
Application_1299856399,0.8420692358590787,0.4209967688995814,0.23953094562191798
Application_1300309831,0.016013194278772475,0.1593888516787973,0.28874599146622737
Application_1300870804,0.5607836934059814,0.39837815579333935,0.3309069684553257
Application_1302829474,0.5750268108254731,0.5161521069092563,0.3283992764898242
Application_1303460272,0.05535116514872025,0.17113070974069078,0.320695061496905
Application_130463013,0.04089846833494266,0.23257209936617895,0.1963373951997128
Application_1304842887,0.75128434979851,0.465115647364574,0.24571579882958972
Application_130658775,0.059150313022141625,0.2982988896475144,0.25764354568982994
Application_1307447876,0.06504496204061762,0.22371201368872504,0.2659412113261644
Application_1307546210,0.06142550967898825,0.21566144925474906,0.2600842793932654
Application_1307592624,0.8598922639613935,0.3633514256190361,0.24126277294690998
Application_130761111,0.8351062049818725,0.09105260463576051,0.17751750279194323
Application_1307722721,0.0579126818281025,0.2737718780746638,0.3222681930074821
Application_1308025514,0.8546639036034367,0.3409432775063441,0.29367481428496534
Application_1309710626,0.7880056514661994,0.38792937888857937,0.3013213171116292
Application_131097851,0.009261682822416024,0.7519472129851427,0.017027035989252804
Application_1311228454,0.7881197003754823,0.3472326574559749,0.30794849246868294
Application_1312933469,0.25863077151631503,0.4432952551358442,0.3334755279348311
Application_1314374663,0.8245312027451333,0.3668617037776042,0.2377000067592524
Application_1314823602,0.6788194982515571,0.13200370046905696,0.10102497382113622
Application_1315782276,0.8612682517321809,0.34216082004008785,0.26278859235573915
Application_1316274797,0.009721792744255135,0.7198314145179717,0.017950588186985424
Application_1316346128,0.007914602537299939,0.7450637972675704,0.01496685131666926
Application_1316469526,0.030767828718890954,0.030928336686189217,0.08222997308607446
Application_1316556140,0.4540868832990516,0.39176904398607765,0.2593941551141345
Application_1316779443,0.4366884915572477,0.5156523360200416,0.3791740985566043
Application_1317388562,0.765839116849913,0.19441737344712168,0.23044526914536073
Application_1318517683,0.016011099218768497,0.16657202736877103,0.3033486291118124
Application_132038140,0.07986579215447988,0.23689305917993264,0.3075266942530614
Application_1321952381,0.036577919780347364,0.07162760881978592,0.10968491926181582
Application_132220187,0.009919516422280696,0.7122578976418128,0.0350006048516408
Application_1322307011,0.5099005629394225,0.5335837707792159,0.36265969865362363
Application_1323283519,0.5493272154266831,0.41170975516434083,0.23581071162709938
Application_1323290543,0.7278919396494788,0.379306831043102,0.24424877584122623
Application_1324210895,0.020691762253303037,0.13422390247679583,0.1790917829310449
Application_1324391484,0.07225182551595241,0.18935107963281025,0.2634907224229863
Application_1324680297,0.8709138076383786,0.24122380773634494,0.19143803977952767
Application_1325360487,0.14112459369884336,0.22957462524250544,0.21471619633395117
Application_1327686952,0.05299607603938251,0.27452140982671824,0.20385913169460254
Application_1328770574,0.055539557869624064,0.10642464148790906,0.12642587952639517
Application_1331144446,0.621192197399869,0.45031135707414754,0.28716366095369433
Application_1331295233,0.644203076361192,0.33525735079241875,0.28363455987806374
Application_1331492368,0.6768460980496553,0.16491237533452577,0.1095666716199916
Application_1331678337,0.07491612787877458,0.23800371819827829,0.1831134751063515
Application_1331809820,0.7824500844989972,0.19245523283147448,0.21764915917859023
Application_1332066828,0.06530701764114771,0.12410555095185671,0.342999132613775
Application_1335180651,0.8374334367069973,0.4164623991784947,0.2833418717862409
Application_1335455949,0.02562336405083675,0.208174626868938,0.17111040296956145
Application_1336423282,0.04075913053710223,0.10820815299174824,0.24840714889751858
Application_1338322049,0.010325655428185263,0.7219232243611571,0.02019498153351487
Application_1339399261,0.07447953540447658,0.16854871223139534,0.3102137524327691
Application_1339681597,0.015178060274571322,0.12817086273442263,0.18934497060966152
Application_1339781817,0.8113069879433614,0.39210123452455004,0.26761609739067277
Application_1340459622,0.011023704076808794,0.7376256142398774,0.014567100542674606
Application_1341133743,0.8245312027451333,0.3668617037776042,0.2377000067592524
Application_134173506,0.011501046384830564,0.71904976772449,0.015175203063492378
Application_1343184,0.043806075475114684,0.23703554248699313,0.16561276148167334
Application_1343349327,0.7383560469694457,0.428193085058101,0.28062711491417347
Application_1343884694,0.20481430258707098,0.036550331023322336,0.266235251526287
Application_1345076352,0.8002814772626382,0.35470366643812495,0.2394449474392948
Application_1345333868,0.8583704098478896,0.4201702497564854,0.28656710519092005
Application_1347122551,0.05829426449544544,0.06689723805105957,0.2959655482553776
Application_1347988922,0.04022825985328761,0.037329890965298373,0.06430336985227234
Application_1349926412,0.01193757858742449,0.7168357740843194,0.02286011756695275
Application_1350728321,0.040195869443846455,0.1728056914668523,0.2524026759932809
Application_1352726942,0.027440860160663258,0.27287463155456454,0.17051484795022356
Application_1353447445,0.05205740614829515,0.18254499294207066,0.3002779311065922
Application_1353848792,0.10326303138897294,0.04788487570882599,0.07554025956171866
Application_1357377502,0.12523720800932947,0.5101627286646631,0.1435863759998507
Application_1358946869,0.028078872237920244,0.1869597746676049,0.24238599221107177
Application_1359737168,0.024271712691538612,0.24212466220568385,0.18315079403105816
Application_1359775338,0.020715636863013618,0.2917555898286229,0.18021993772064646
Application_1361444752,0.05270748560293287,0.1106891032564615,0.25609782152261845
Application_1361883922,0.8383180377719652,0.14339659488694273,0.1655079548243534
Application_1365116675,0.7363365331967189,0.11188013216433884,0.11604709838913371
Application_1365152370,0.6933767238225578,0.3983549833549266,0.2920766867392663
Application_1365437313,0.7840900256389204,0.3771723395031297,0.2280965195217924
Application_1366143473,0.03795485842544416,0.19317488968074129,0.18503209173151844
Application_1366769739,0.05235712572384792,0.11436910647863749,0.21557369599762155
Application_1366950042,0.8950895739315581,0.24355925487816135,0.29041287959367207
Application_1371434911,0.007369263905398458,0.7376714701741078,0.012869831008204363
Application_137438189,0.8023151720182723,0.21496338018598082,0.24017644202554658
Application_1375169811,0.9358161848594645,0.13656692756228478,0.19148831710046785
Application_1375435938,0.04214019634049403,0.13841840098065633,0.27416430027231536
Application_137951178,0.060746917796532796,0.13233148431969913,0.35151293024788083
Application_1379975984,0.5003911907473116,0.31566601790068216,0.24100181777962235
Application_1380707551,0.0447403721902075,0.1851665450380873,0.3115547726392844
Application_138110394,0.8100191173104735,0.14167993978517585,0.1500946665186887
Application_1381169658,0.788406295137769,0.37244591891432255,0.24042079054320908
Application_1382009065,0.05069191385011868,0.20470490146433418,0.2845408428107809
Application_1382204301,0.04677328936107292,0.10725949130558718,0.21885531031251632
Application_1382937184,0.01191071912105496,0.717466486449112,0.023113775928817012
Application_1384106962,0.02204253218672149,0.15666658531632044,0.1997315811237004
Application_1384343806,0.42427737118133785,0.5164814363950285,0.18702084781343842
Application_1385747357,0.041241234759210973,0.06341597904562374,0.1078356511607699
Application_1388031954,0.7511295467242474,0.39225264300356977,0.24404860954283739
Application_1389044798,0.005830363342046571,0.7431725875479932,0.015177123965943324
Application_1389412266,0.9090233275041819,0.21744035935940603,0.23573132520400905
Application_139141595,0.9073823014556004,0.21741518226357426,0.22371823181914852
Application_139153216,0.03185445784496661,0.15445547174297772,0.2958837533106559
Application_1392867246,0.02234439637772136,0.21289289001935477,0.21789753233276601
Application_1392931200,0.03821085619971892,0.1677426897844111,0.24647755804164903
Application_13944300,0.14432272256620912,0.12801058638302487,0.2517411332857145
Application_1394483322,0.7542566808219342,0.41401632185169446,0.28395081422833696
Application_1395388115,0.010002342396039978,0.7456521344817604,0.01728307183171571
Application_1395429395,0.02983087042671427,0.1538260232858505,0.18223519093563673
Application_139724030,0.06149698180746847,0.20520666086482472,0.15375513400998492
Application_1397321296,0.02446237409193997,0.23023104269086495,0.21864363438104037
Application_1398266061,0.841371367657648,0.4227481292281338,0.30244496402107773
Application_1398309462,0.009437652258187662,0.736014162266176,0.01283881952144811
Application_1400741815,0.42554836216791225,0.25759891846517,0.12354509300832188
Application_1401776769,0.022228549360442138,0.21477983099100256,0.2013867852296738
Application_1401798992,0.0974192267884305,0.06771572192511177,0.087968421716838
Application_1403984783,0.05488198958782378,0.17113070974069078,0.320695061496905
Application_140463362,0.8244619157868689,0.33975868010424237,0.21489925917496439
Application_140466456,0.07449196681560975,0.23156046096458927,0.27739079037910713
Application_1406835873,0.08362033077971587,0.02417705836142464,0.058990604895363424
Application_1408009203,0.09959879286457723,0.08595592071768382,0.24634692496322677
Application_1408362802,0.6111572989985005,0.5447748408440731,0.3261908232218487
Application_1411314331,0.008983670147693744,0.7291541586873466,0.013786129232782196
Application_1411809915,0.011128505163562268,0.6978320974823482,0.04325425564395254
Application_1413720992,0.08118472057551715,0.16452174545920822,0.2842929189758017
Application_1413836638,,,
Application_1415930985,0.012712928777251426,0.7369491337874071,0.01788255786373455
Application_1417653464,0.017840245932103035,0.21159887651916898,0.24164111695916413
Application_1417750933,0.8679358043767679,0.4715060615773277,0.30345801282005813
Application_1422930581,0.8428340153616266,0.41587169968091936,0.25251364832281803
Application_1424659757,0.057380599608779184,0.2182960507190662,0.2661175942936932
Application_1425329540,0.6653361584692543,0.2600131313463848,0.2238515382067746
Application_1425800430,0.7556481977418307,0.43549763344205256,0.31513340242602256
Application_1425820279,,,
Application_1427261936,0.023952808341105716,0.22546246696713035,0.2237071568432068
Application_1427438242,0.081519205663989,0.19210800378445475,0.26545414863067285
Application_1427573691,0.2368448232111154,0.39257714109777175,0.1750385551608547
Application_1431000094,0.03371471382756373,0.17095066279563964,0.27986272207614754
Application_1432791901,0.008193909392215589,0.7369754691495095,0.01488872527768549
Application_1434518975,0.43444028372116755,0.3719971057714854,0.3083416517619379
Application_1435594188,0.019654655768514634,0.19790719102517113,0.19810838862688596
Application_1437497198,0.009722598849030786,0.7663839263280616,0.023661165454333583
Application_1437966300,0.790762159506929,0.4218668952520522,0.2800218472970307
Application_1440477840,0.18909870361786169,0.510324468506206,0.13754293308750473
Application_144137365,0.2380325270000981,0.4816977498446947,0.38035872810982835
Application_1444191625,0.007364113808393552,0.7408281439179839,0.01786954887518023
Application_1446757334,0.8236918877533406,0.30871935465079037,0.25708720278531044
Application_1446807165,0.8779473104663331,0.17809051225144842,0.20444369165387477
Application_1447107656,0.051851410059846934,0.09218903524577968,0.29646886495316144
Application_1447384497,0.7811291317737393,0.28463910565981565,0.2494237568425275
Application_1448754624,0.007191673924411157,0.7202890778044472,0.018140362959407696
Application_1449066412,0.008384815196857225,0.7149581656271293,0.020820602662795604
Application_144911431,0.8042650041178755,0.37774866620985753,0.2284480667088371
Application_1449370855,0.8884777621151123,0.09326810265360791,0.10558120397584045
Application_1450319805,0.0729936263373617,0.10529295578831835,0.31523507861483013
Application_1450396663,0.8653286093814014,0.4201702497564854,0.28656710519092005
Application_1450689239,0.38329785017881707,0.14492168457057336,0.12362475761632034
Application_1452533285,0.0811631029718891,0.032188151081649075,0.08791492517279903
Application_1452854959,,,
Application_1453589065,0.35928622963529017,0.38393667217057814,0.28751023066727377
Application_1453812922,0.8491382172989456,0.3147359377553261,0.22337787786914348
Application_1454220575,0.053171546218948096,0.1932381070642742,0.1825689770295283
Application_1458277433,0.8721764699395437,0.4295178631399298,0.30145719353758876
Application_146114459,0.7556122707438375,0.3776157920198843,0.27154214904298407
Application_1464086854,0.03640561062948208,0.09511285154705032,0.2733939355031828
Application_146419660,0.826114988596157,0.39197303558662894,0.29246408839569765
Application_1464780823,0.04649900303983809,0.1616568320206889,0.2674220810975261
Application_1465025013,0.041699851192967104,0.2361590926774935,0.20396176217509443
Application_1468750557,0.0862827636704557,0.20196273849865612,0.2556730476211481
Application_1469334320,0.022029033847107075,0.16364395882550212,0.19664903232954856
Application_1471430106,0.03775551596441862,0.13110455976809218,0.10851074116941846
Application_1472969785,0.014984485298860538,0.6682456326117217,0.14914792636828125
Application_1473464035,0.018922622976531755,0.08595710903230791,0.09261028203453286
Application_1473625375,0.006184303357773472,0.7083155899200203,0.020719972663820693
Application_1473894342,0.7757304667852314,0.4127997737633445,0.256116680457167
Application_1474055956,0.011714070519367065,0.7167308338878617,0.02718646824468171
Application_1475968760,0.7947570037176902,0.36854623858458446,0.22922419642922048
Application_1479752026,0.8188858960308885,0.18810146005914094,0.1902965639643291
Application_1480117653,0.010600102579240048,0.7196557909144723,0.03761718291358634
Application_1481242369,0.03700351042296377,0.082367205464602,0.10334482230402871
Application_1481928502,0.03225542341294935,0.6888383392765555,0.037184297572244965
Application_1483046130,0.05439905079470573,0.16278740644619005,0.24214262885573667
Application_1484189145,0.036742283672621015,0.214979413746601,0.18884862403058622
Application_1485367187,0.05635275702118509,0.09182752588209359,0.3184010166839036
Application_1485546748,0.8994894215188167,0.1929680510880368,0.2462159462268795
Application_1486220145,0.7933251891760179,0.08189783006212933,0.13023763290988025
Application_1487829407,0.6730140612275833,0.18307020868296126,0.17024363902395698
Application_1489341726,0.5569465853647986,0.3747894262405993,0.2809433851245327
Application_1489510821,0.007348621637719459,0.7066533589367345,0.013964630151866988
Application_1489786126,0.48677316478360017,0.380998845767619,0.2347207928666897
Application_1491300788,0.9440939229644075,0.12010571322654343,0.14691697686418176
Application_1492609631,0.8884845909749609,0.3871636477114814,0.2712057273493439
Application_1493979926,0.6340129230668495,0.3847904556976993,0.28099585663994997
Application_1494178086,0.05143146023812843,0.1632006940016283,0.22058844386886656
Application_1494414449,0.7228088587900883,0.41241829601207436,0.3296108084324872
Application_1495079062,,,
Application_1495262961,0.2631953112398175,0.39745470743291084,0.15550927125600408
Application_149591383,0.09957176916303963,0.1523237513082462,0.1700672855522115
Application_1496349825,0.7722552160915745,0.45525516804283617,0.29094443614378024
Application_1496645833,,,
Application_1498001149,0.028768256019647626,0.29889789582247017,0.19234005891304576
Application_1498610522,0.6114537661590592,0.42477138701212536,0.32975181796903097
Application_1499935603,0.458845386537076,0.39058502032919395,0.30159797207274697
Application_1501636291,0.04196978573659833,0.09449586397165397,0.28385637271151076
Application_150329185,0.7716110804327931,0.34751823821291383,0.3037720181577135
Application_1503602511,0.009315053140449293,0.7494389710717824,0.014448026705537517
Application_1504307845,0.9301743197696168,0.21051712885865825,0.2540469479342029
Application_1504346428,0.011745245617023621,0.7449343376813261,0.015424831634634885
Application_150503991,0.02823559801919973,0.2550257261548812,0.24151590218415253
Application_1505059688,0.009150820552839126,0.7499480636979967,0.01537070281074415
Application_1508285623,0.7162023807173163,0.4227438202387068,0.2527416143630537
Application_1508659021,0.058167234018513626,0.08004144413618464,0.27713652487088075
Application_1509292111,0.026697100617669063,0.11385581290817492,0.16131212863833994
Application_1510765360,0.04947793625852839,0.32044096905543884,0.21977248859888518
Application_1511779865,0.03189927406442517,0.7103327508713816,0.02364002075059608
Application_151245494,0.5993926530979533,0.393847280374189,0.2913236386374851
Application_151280488,0.1745290982077841,0.08303293010835625,0.23564518408837473
Application_1512972539,0.004812144605121477,0.7618590712780579,0.022700234863056973
Application_1513197861,0.05726059488815744,0.2186536168405887,0.2690597867006992
Application_1515604872,0.8601077931979222,0.4412773912604391,0.3025787719789718
Application_1518013035,0.019208826566008776,0.6480575403662181,0.21211675691199336
Application_1518048032,0.8988503958605679,0.11589556948953988,0.1636961576204836
Application_1519909793,0.03597540142726182,0.18613410679888637,0.2363355554004881
Application_1522004111,0.5922703571907956,0.3340435175878272,0.2536032372611208
Application_1523406683,0.7868693379918823,0.4047903693036584,0.23006855883632893
Application_1523673583,0.2269415665953464,0.31983101180106976,0.19746126522794702
Application_1523736860,0.8087206678894115,0.14632843516123006,0.16154704858843966
Application_1524859554,0.5874906654590526,0.45936454964700135,0.3387216826376194
Application_1527338408,0.1049834409393483,0.15121305254032721,0.24692890018545757
Application_1527571617,0.8197023961196255,0.36243445361121657,0.29291523330868774
Application_1528161643,0.03503416794027848,0.11907421668357751,0.2491209666715333
Application_1529154801,0.40795911519673267,0.37342682188304666,0.2795256243260295
Application_1529928107,0.02863817720476908,0.04901467572716278,0.06068877385117647
Application_1530321110,0.7709259714678076,0.4292017444140182,0.29397378990210987
Application_1530932646,0.7950123174827447,0.40339690050629545,0.22885952348284375
Application_1531707627,0.12081125167504866,0.3974550138511075,0.1577607930155032
Application_1531851576,0.48418050362342563,0.49190735690196163,0.3222179483277196
Application_1533785960,0.035271649588461525,0.1755886756559328,0.22244381670025443
Application_1534847619,0.6931450789359286,0.38904886017716056,0.2547041345572112
Application_1536534288,0.5784048456906955,0.38341210377222434,0.2282510564016007
Application_1537507196,0.15145651300756324,0.12240415781080052,0.2282647831036186
Application_1538042026,0.8142223597847084,0.2915257934354811,0.235862782661049
Application_1541647337,0.06909147938856436,0.20203295163875457,0.3106956493835282
Application_154179391,0.7422363849296564,0.44455889259403825,0.3475522570719161
Application_1542614392,0.017239307001305028,0.7097746591120295,0.03525965777040827
Application_1544217945,0.08098066021589466,0.10928117160992437,0.10436479335339703
Application_1544460375,0.036329298014229496,0.09616359478651529,0.2972111557600031
Application_1545481822,0.05935074017497407,0.1872606420488635,0.36927380373775864
Application_1546052937,0.014420653566604885,0.7133311495477095,0.03513840725172137
Application_154623800,0.006365238068356597,0.7055160918593998,0.01591114795718189
Application_1546747591,0.02510858721382969,0.14416138238494736,0.16920845404339288
Application_1546890088,0.06539370856446837,0.10732946287897185,0.17500444100542958
Application_1549000634,0.10779139838729047,0.25530381832833526,0.28557025892691734
Application_1550643436,0.543767390483967,0.395284528756047,0.23103845828693706
Application_1555489073,0.008359125451505365,0.7391052481396727,0.016997527388653934
Application_1555975178,0.08485956718709356,0.2638907886150462,0.3296877523848269
Application_1557296300,0.5569465853647986,0.3747894262405993,0.2809433851245327
Application_1558264214,0.009379390331119198,0.696551987636483,0.03267895118533355
Application_1559533192,0.7105113318643418,0.3675352339840449,0.27782173957860434
Application_1559916934,0.05207069721667856,0.11452248801891812,0.12672533493869775
Application_1562686459,0.030943593827539504,0.11589726014626939,0.277400468601505
Application_1563418612,0.02964877706375151,0.15071335309842535,0.17769211649013067
Application_1564442059,0.6509561530669673,0.38358780343949195,0.2852353964693781
Application_1565590572,0.8457013853700417,0.38204410003207523,0.2557093164457004
Application_1565653243,0.0950967013232286,0.03213063751717077,0.06559874986518356
Application_156618714,0.888676914226352,0.13118269568835442,0.2318172626908254
Application_156768160,0.004105554227214223,0.714631600675051,0.03605269005636906
Application_1567826735,0.8212267153597465,0.3494280237693021,0.23259034320259395
Application_1569475999,0.10796759329052807,0.09502570293094659,0.2548765113755761
Application_1569683122,0.7727652645950341,0.37615890966579857,0.23055464348548607
Application_1570331344,0.03551189105876254,0.1918141734453819,0.17420866888715084
Application_1571539418,0.8479120594523009,0.1833686570037654,0.2206511999529089
Application_157155173,0.043523963767032145,0.06859733701865511,0.09349384771565762
Application_1573876833,0.9043592927788426,0.16077612140001762,0.24580447873186118
Application_1575096564,0.010623755647317032,0.7169203141769827,0.018483826528458706
Application_1575815132,0.03413966470817951,0.10960766711681758,0.25043285077433786
Application_1575897956,0.020449288103349447,0.13075651107965122,0.17059785843781075
Application_1576631308,0.6931651746493335,0.38202936000015963,0.2553523558772602
Application_1577555565,0.8549811119823097,0.11650123229949491,0.2488938227600772
Application_1577667494,,,
Application_1578090032,0.6056999772768227,0.30169487201046147,0.20600928111107342
Application_1579516377,0.03985819015478181,0.21573309744504895,0.23909177130237344
Application_1579588184,0.08136754071996409,0.027518413064621328,0.07485417630052223
Application_1580298940,0.04765859152046377,0.12761999102346475,0.25100527369561837
Application_1580674851,0.7396729595496018,0.35877311214397334,0.27624164737382323
Application_158230798,0.023472963385577167,0.19468399708300121,0.16199543380416823
Application_1583297793,0.7967281091952301,0.39217250053007785,0.23015563480375323
Application_1583662374,0.0809157116562619,0.2456677324891601,0.2148524338507417
Application_1584063031,0.9173880575535476,0.25288435760155437,0.33164596779601674
Application_1585601222,0.010374310780452423,0.7079726087528091,0.035354490894329925
Application_1589247607,0.053732355324513086,0.10876266055819844,0.12291865179467652
Application_1591765651,0.060858868558785695,0.15519616909412146,0.28894077695177794
Application_1591900552,0.1781345816965994,0.43583885368460273,0.2077837786906974
Application_159263293,0.07183682200945643,0.16853598487220253,0.30437561295860616
Application_1594305363,0.05141630474094159,0.6597233204825921,0.052217058739432075
Application_159448414,0.008888196190427043,0.7058961375354751,0.01735317615568941
Application_1595937456,0.8150895323490528,0.3613368405221356,0.3259639213648703
Application_1597614471,0.07916771999170476,0.22644577859453602,0.2782923470792001
Application_1597735097,0.6217138850010452,0.16698850382274721,0.14934849539810485
Application_1598726895,0.018666302809421453,0.16617629535391076,0.18139313491568476
Application_1599405351,0.05877756639909987,0.27212976009350903,0.2196988838600522
Application_1600155880,0.008956216555658206,0.7210944362189193,0.01920929540688188
Application_1600471037,0.1524975001806509,0.036683139714106694,0.10767001641995727
Application_1600982783,0.5855843333835882,0.37213870265700605,0.3018403861688202
Application_1601194488,0.007237523339549508,0.7385085899264807,0.014270084056258996
Application_1601395766,0.04082683680385975,0.10237562837647438,0.2864244936371201
Application_160157720,0.3715530512533574,0.3850937004519609,0.3146484607537205
Application_1602891050,0.48340009619860097,0.3948066144674972,0.2856995801922546
Application_1603793312,0.06611284891566037,0.29769253939894286,0.18692340053426829
Application_1604619511,0.8094010012234363,0.35470366643812495,0.2394449474392948
Application_1604779942,,,
Application_1605473699,0.6611898928553227,0.09793039804868625,0.11314919386281223
Application_1606123452,0.4625682331896611,0.38732275034710645,0.2822875924592461
Application_1607880476,,,
Application_1609027595,0.07789575004798586,0.17939551656611868,0.33626780654284066
Application_1609568328,0.23232285002138672,0.3920954875008064,0.1620581181850247
Application_1610638954,0.007286578553493529,0.7085548877526857,0.01577776922432443
Application_1612452340,0.7322598532191181,0.3648317953995608,0.3080712375280826
Application_1612709587,0.8320730770993334,0.36046580577179815,0.22562096467151518
Application_1613754741,0.8403618440552512,0.3355709744271468,0.23557810241456967
Application_1614113082,0.41071369709330263,0.32157683364573275,0.23109391463730528
Application_1615509090,0.17854259558260305,0.15658742104366963,0.20864544892233422
Application_1616117711,0.049115552555493415,0.20802712899323772,0.2410373059789834
Application_1617657859,0.8425104125025189,0.35138049561024953,0.3166513941472383
Application_1618215402,0.021411775109275017,0.1556974005196486,0.1756764433998046
Application_1619897367,0.7479114350964283,0.3990179761868547,0.29586397059006764
Application_1620539143,0.04452590920123669,0.11146256215248868,0.28347112011274606
Application_1620675668,0.7657814015401786,0.33060846370104024,0.303805772718339
Application_1622160130,0.6447801691674858,0.4460339318904143,0.2983055446978424
Application_1623687781,0.042002072988870896,0.18043580056106623,0.24728571583431908
Application_1623704275,0.5535858156616896,0.41479351299873213,0.2524543070629064
Application_1623875695,0.007471883561770423,0.7440427069053781,0.015229523158133342
Application_1624152176,0.275657110978187,0.4337632776957504,0.2325212101108387
Application_1625456407,0.1900207337022709,0.5328574235493599,0.14763326800007853
Application_1626417881,0.02187006906725459,0.7021858743457927,0.03738863283632706
Application_162990347,0.26566805952216294,0.5263478234646313,0.1572158197162069
Application_1630913903,0.5942281024401649,0.4968808938694089,0.37306079300284445
Application_1630991786,0.08108039179632193,0.28156100670010165,0.2750514362947148
Application_1632505002,0.03501123228899428,0.10831023454505215,0.23792129698297523
Application_163281313,0.04032693998999574,0.23717407898545217,0.2645917242672935
Application_1634751250,,,
Application_1636152294,0.5495365276117304,0.3877658215631443,0.3286755832640547
Application_163804730,0.04352150248304974,0.05520651768142332,0.09128515903430205
Application_1639814791,0.029873275181004265,0.20456144284688893,0.23112805569614808
Application_1639947439,0.02979393529714778,0.2713608732692033,0.2389354191061995
Application_1641565943,0.055040516982737014,0.2453205202833446,0.2474368698556425
Application_1641722976,0.010859427114307917,0.7234749804256289,0.032257073042506045
Application_1641885593,0.044019171062400365,0.09218903524577968,0.29646886495316144
Application_164319398,0.030628698012402766,0.12105500002146813,0.14634845323728182
Application_1643995941,0.5153366553147036,0.3656042470779705,0.30682255519082746
Application_1644851848,0.8122876450818697,0.46787457568188884,0.31085246795322596
Application_1646642236,0.0711656469043146,0.05217970329653138,0.06226813302577872
Application_1647108674,0.9262154969970644,0.1514577679409396,0.15652793002917137
Application_164769477,0.030466050754625728,0.23535469036761136,0.17132232516121665
Application_164778672,0.1346685080791953,0.1140637194635758,0.2488361483358016
Application_1649699850,0.03468055526279886,0.1155977674680223,0.2650742002946286
Application_1650299745,0.01935070859519604,0.15443244743401066,0.16776839272836283
Application_1651085521,0.02792401445138217,0.027144535308101292,0.07018660820564337
Application_1651737074,0.00882513025974702,0.7528580274619845,0.016995959593911713
Application_1654318352,0.033017985622842076,0.23351034702462978,0.3153688783451491
Application_1654636815,,,
Application_1655641907,0.014142372145016575,0.11731357467384762,0.18868799800954023
Application_165594970,0.6219455057703492,0.4674887106259791,0.2333400159421691
Application_1656791018,0.04789103886102808,0.1906525980028074,0.3048543513683585
Application_1659913497,0.029394550658570315,0.15073391885297405,0.17366313849912018
Application_1660705348,0.09434575347562535,0.1786261733051168,0.30996907945760555
Application_1662440609,0.03970385305114969,0.148152209392654,0.3108940873090128
Application_1662487403,0.156572664019654,0.16427120968946632,0.3135892549537305
Application_1663925804,0.011271186285369475,0.7195433341019158,0.023114992131386684
Application_1664236078,0.0418747286096486,0.251533621668544,0.29889605076553594
Application_1664858516,0.19044342937139813,0.1137939009735783,0.21434065587420345
Application_1665515241,0.7637219412448056,0.39471338167107933,0.24434088499308057
Application_1665584404,0.007626956381983651,0.7170260580252248,0.017192454203335136
Application_166588001,0.5825040952901628,0.3800047598409197,0.3307157261674666
Application_1666465764,0.011039383902972329,0.7135925897429652,0.03965230944599377
Application_1667989141,0.9164126459948579,0.10297939492548686,0.14351007138944172
Application_1669392427,0.7224584790032273,0.3660900840211722,0.25410068661088947
Application_1669477442,0.21445262797849218,0.5220417858741984,0.14404743195896733
Application_1670585897,0.042073759420198246,0.2687304463329779,0.18751017604144546
Application_1671150390,0.7009066249532896,0.1607281808327304,0.19674828706307124
Application_1672037226,0.023693315509356338,0.08912803151442553,0.08172340750157782
Application_1675241784,0.7079130586449813,0.41408521819391514,0.24970208897198642
Application_1676999623,0.7283718670680592,0.363921099265246,0.26109985661233404
Application_1677049820,0.04759475455636988,0.14077272336015478,0.2705948798603664
Application_1679927360,0.852936061317326,0.3971611513110705,0.26785009355800743
Application_1680183215,0.010357907336490202,0.7280814190871805,0.01692464002092247
Application_1680533625,0.007146670300364659,0.7440427069053781,0.015229523158133342
Application_1681361801,0.072726244681873,0.22238072492835845,0.2722797835788712
Application_1682480934,0.6036431452920626,0.4750862451033226,0.34474607633051196
Application_1684306378,0.8962685873368039,0.2962199663103583,0.19426212178137717
Application_1684479121,0.25831797153678204,0.5514415656904517,0.1258737614217499
Application_1684641986,0.049177482014943666,0.1631469902923189,0.298407458591005
Application_1685478310,0.029282605692660876,0.14513342070076524,0.17265154817789774
Application_1685691745,0.041918223448127,0.07548638940976327,0.11572834234335366
Application_1686395823,0.03382437156077646,0.15116834667795687,0.32260637630899613
Application_1687448539,0.039906190105038666,0.1416330425341186,0.24222522731971413
Application_1687637096,0.05268220501843249,0.16704692112226344,0.24092200833533126
Application_1688232773,0.037384378702330606,0.09920826543781816,0.1011940854322117
Application_1689074281,0.11633855159782158,0.04681721220882523,0.10007743163502625
Application_1689701428,0.00833108054952499,0.7301723990722018,0.038977543296749476
Application_1690391662,0.250601277426387,0.06678043226528751,0.26714730656732116
Application_1690998892,0.6755948569880219,0.36522482491468133,0.25276535017339374
Application_1691065242,0.0070076300409644314,0.6880094024459356,0.04013534595187123
Application_1693078902,0.8518134832496093,0.41829205386866947,0.25799185445783457
Application_1695492315,0.01416015086261612,0.7396109690281663,0.014915023846750515
Application_1698334648,0.8459358412201017,0.4309317288946911,0.2973028701778773
Application_1698620256,0.8083245680904698,0.4524993650347304,0.3100175598834346
Application_17002468,0.8306370938257378,0.37345548607585327,0.2302070120239598
Application_170273491,0.0468859294586241,0.11495342183782942,0.26662547407785264
Application_1705844076,0.041328521396766266,0.17095066279563964,0.27986272207614754
Application_1706866981,0.7860476689895879,0.326823596371065,0.23677841446231743
Application_1707866152,0.5565404716144625,0.4297163937848903,0.2983843063944298
Application_1709823125,0.06253502985771024,0.16389200320800895,0.2313924580957908
Application_1711303027,0.7662139234295029,0.3544353046254946,0.2870532057306598
Application_1711861534,0.05613374430880647,0.2172225382083674,0.26686457176957984
Application_1712201753,0.8716764572328949,0.16346488815168447,0.1429180136686114
Application_1712515047,0.5550312864105067,0.44685884631483325,0.3148189081315154
Application_1713151358,0.3972770561837339,0.281951334902363,0.1949297621052409
Application_1713552898,0.7170980153062795,0.30313274389455974,0.2713748300041517
Application_1714501335,0.848145584108044,0.4270131218091301,0.30152963782485265
Application_1714608768,0.034630149449223574,0.20098579788568965,0.26238793188112874
Application_1715427761,0.7914682811908094,0.35444363682492147,0.21253712384988283
Application_1717915911,0.0060150715155262045,0.7459082893248181,0.020533312324996795
Application_1717953510,0.06417016222702777,0.09906252052373501,0.2968493137320259
Application_1719088576,0.6371487839417342,0.48732507731983266,0.3441158881729106
Application_1720955378,0.035584706729674356,0.22496944970553967,0.20756836037710222
Application_1721325720,0.3438363393961223,0.45614578824667185,0.17169934827442135
Application_1721495711,0.04466800218648904,0.24598974172737312,0.2972083194171851
Application_1722936368,0.01891082915362396,0.280576048954069,0.2215918956417345
Application_1725718103,0.008122814095199979,0.7225861708683261,0.018689773507360456
Application_1726057618,0.12417203779617172,0.17320742035800177,0.27031373558393845
Application_1726750534,0.8439514373827164,0.4412773912604391,0.3025787719789718
Application_1726806352,,,
Application_172695266,0.3273523098710973,0.44467145819951986,0.32539003013449797
Application_1728000220,0.8749673151989966,0.4283953223400313,0.30233842212865863
Application_1728090308,0.6005964249078628,0.44798686527999565,0.29098481358586337
Application_1730778542,0.42074379576708926,0.3879885643766235,0.3076440873573835
Application_173122257,0.01431692428977296,0.7398607566525225,0.0173670763825143
Application_1731267696,0.18101186319506612,0.13141358788065668,0.2317982773473678
Application_1731879894,0.14328743289070406,0.11483951075106397,0.2846410003325418
Application_1732543782,0.11416423520806808,0.008248253164219566,0.13438287298614132
Application_173259774,0.02606322739531111,0.11146256215248868,0.28347112011274606
Application_1733106091,0.020383389614310358,0.08370751790141931,0.10195806941758738
Application_1733732825,0.8543359244735526,0.3461973331920133,0.3251284769871832
Application_1733949639,0.7680894273461276,0.4557653732123801,0.28217776449392584
Application_1734771669,0.4479587932247136,0.1385517254920526,0.10350630584941488
Application_173483337,0.025484090079816744,0.19164624173302902,0.1739604267443707
Application_1734947142,0.056619119510139114,0.14684449031453684,0.3271058283558809
Application_1735095439,0.7920666383642664,0.39023839946777183,0.24484277421306952
Application_1735566698,0.045827621607615776,0.25504441064021555,0.262727360000246
Application_1736444832,0.06436187908140635,0.21920955468130984,0.31147481653416426
Application_173679501,0.5706543998263182,0.37158350183282335,0.24795351787842385
Application_1736978527,0.9525598565003536,0.15239863871123416,0.13557063346073378
Application_1737095579,0.08037916885483218,0.2001840695998457,0.32434367117193214
Application_1738270116,0.0379306761864024,0.31511704979129057,0.28176191209434265
Application_1742866950,0.5613036815700795,0.4146827760900116,0.3104799071103196
Application_1743002787,0.5280623013434036,0.4223266010486639,0.33587488900828455
Application_1744217682,0.9015138999008716,0.3981116766451465,0.2851295222800895
Application_1744764747,0.7004838489123819,0.3543763597000066,0.23442987808118831
Application_1747759228,0.841127353559983,0.18863229972152842,0.22135166325728023
Application_174900979,0.00718788360998147,0.7381950921757974,0.01849808021064776
Application_1750066014,0.7212227506493389,0.3724828644471829,0.291277684874386
Application_1750611156,0.4790409256842237,0.40182009053171763,0.27897090629514987
Application_1750932659,0.028031815240950747,0.03556372593425999,0.10856410488928306
Application_1751483231,0.8377540872863514,0.2245990201898742,0.19649479386328966
Application_1751490782,0.1101542064279444,0.2434764069004529,0.2585935571088236
Application_1751546737,0.0049778300529005875,0.7041331308836813,0.017970411091549888
Application_1751763296,0.871347843391804,0.42350704651001986,0.2710790590849439
Application_1751900898,0.4907367859456252,0.3246469580444602,0.27485683860459453
Application_1752144011,0.5024100254740106,0.3523359031128619,0.2437773598009629
Application_175406399,0.8198964600834513,0.35041913340430125,0.31609967476822876
Application_1754660645,0.006733594525970527,0.755474208978776,0.01878807550273607
Application_1754878754,0.7352087807181688,0.37877565192901935,0.30246250578948297
Application_175544437,0.7851126688750111,0.12447111649632789,0.1229363179148899
Application_1756143119,0.03567137077894591,0.20797296641735372,0.16237175601751014
Application_1756698619,0.017729162984746694,0.12856969855816702,0.2884943568694941
Application_1757112551,0.8090390072154803,0.3888305387007191,0.25242721219697956
Application_1757332206,0.010617864840733578,0.7209822810855486,0.020681424910081306
Application_1757787329,0.03475774203420187,0.1796777933946191,0.2852048871922242
Application_1758466018,0.7345144703392781,0.33985364831522186,0.22498605701016355
Application_1758628504,0.029006132195598208,0.20666207154653737,0.3009576296048121
Application_175918237,0.19793297183061848,0.5395870242206147,0.1485750886568754
Application_1759206616,0.046353691123577116,0.21070057370751294,0.27309725607638463
Application_1760810906,0.8159372205808973,0.3753462826330045,0.22750766133353628
Application_1762899868,0.038840271904369575,0.19438105789780885,0.2647074588503819
Application_1764494728,0.7966353457271219,0.3657943651763973,0.24136930484683639
Application_1765577987,0.03986793212602896,0.2372403617296071,0.23646598485957201
Application_1766681398,0.0338790918398373,0.1803318972938235,0.23841334564039546
Application_1767608602,0.07301846903947433,0.07895861655127678,0.11832410349214638
Application_1768409536,0.767722419938396,0.3875535834648951,0.24544013925143487
Application_1768718354,0.36760607001162804,0.4897842853028932,0.16923978678806656
Application_1769060911,0.03937239442221994,0.19712849285653986,0.2810928677056952
Application_1769939835,0.5231224568659673,0.35191389603183987,0.41145671627640734
Application_1770364291,0.3656918883051388,0.2778573901110756,0.26502816350078223
Application_1771092914,0.7546359860265972,0.38923512781387354,0.2920687310223716
Application_1771690507,0.02247664555643384,0.13772904308609976,0.19184743503997387
Application_1775620157,0.010599132977070873,0.7135993393151339,0.04727565983488527
Application_177572366,0.7237126200424884,0.3616384736969763,0.28790225341632614
Application_1775767690,0.6404425082406822,0.37194915536834683,0.24913323373723736
Application_1777192556,0.04079390350164512,0.10343957635664669,0.25684721811092703
Application_1777715425,0.023840628513688816,0.1647075184460353,0.1634694694122464
Application_1778205577,0.0072080158727599215,0.7431104435122906,0.014902584772244269
Application_1778799137,0.7935293126243324,0.43861238905295935,0.291200125832339
Application_177897578,0.07255294799528704,0.11196485309373963,0.3095336374271038
Application_1780196758,0.07082433527754993,0.16109804705931458,0.2818162877712015
Application_1780269777,0.8099286278629438,0.3820078348884149,0.2987143341031763
Application_1781081103,0.3130240689098951,0.5561214099809447,0.12644506827266772
Application_1781374917,0.6985415501434092,0.18133502802441656,0.2403608959109371
Application_1781623698,0.02001552711439305,0.7300081964634516,0.02092550549703267
Application_1781633903,0.6866173993663129,0.15831363759650965,0.1758515199082082
Application_1782952770,0.7538131346511583,0.48355756157241037,0.30765826363826637
Application_1784815865,0.04893762807350923,0.12773850377650486,0.1996510221249867
Application_1785468553,0.19698007083457847,0.19178317213386928,0.28118762750906146
Application_1785650204,0.03901660654296314,0.14206998032753163,0.18512463664961248
Application_1785860221,0.08649958379148272,0.24597015269553657,0.3163354551598107
Application_1787983531,0.04381834573379095,0.17141174540849544,0.2735085762330692
Application_1789934601,0.8112002823807589,0.15088960155377665,0.20638662434433697
Application_1790721805,0.7031991586388802,0.3755837206018423,0.2449540321301594
Application_1791109196,0.009675455062617478,0.7468866693909935,0.014895056702306338
Application_1791210166,0.005629141046752239,0.7496769682635324,0.016038629144118605
Application_1792123382,0.04722913279772426,0.20147933005524782,0.26517753760853413
Application_1792327676,0.02789264091515651,0.1140044619958746,0.24621637340544067
Application_1793173151,0.8801919228721352,0.17094776136613787,0.18179886696638806
Application_1795986679,0.0332256576589601,0.25291683077720933,0.2034848720430238
Application_179601498,0.4126954632701696,0.42523708592993215,0.27336400345847
Application_1796290207,0.6732842084968893,0.3827511415809837,0.2554244376183074
Application_179713283,0.05048344419184046,0.09092508154718548,0.23974667631282773
Application_1799331916,0.006416699140284165,0.7386853779481226,0.013342313878022684
Application_1799654594,0.04756812620994967,0.23262590590981858,0.334581899584704
Application_1801593563,0.03808122172207448,0.2773757544713608,0.2554258530559419
Application_1801822059,0.84333087070279,0.40202942548432485,0.27853294704129644
Application_1802283850,0.6785750511699168,0.3802349621081173,0.2855234409993792
Application_1803710713,0.7656688557825183,0.11976961916045992,0.16104948885903408
Application_1806449930,0.07100798983234373,0.17238948615023286,0.32309175209986296
Application_1808705800,0.6898911354807292,0.38534550343485446,0.3421054293084913
Application_1811471028,0.007687388559424823,0.738482183725653,0.013596373263760357
Application_1813502823,0.3034964571582782,0.5676997339993148,0.13841471532782781
Application_1817080595,0.016082892385912505,0.20159836299146416,0.15898432003647278
Application_1818700890,0.8289161550432121,0.1744646772945838,0.2236876379719478
Application_1819007640,0.031792811946193086,0.2799464925626976,0.25436629071625544
Application_1819504615,0.006792995803858581,0.7338495619355799,0.019649309288178415
Application_1819818177,0.47667435897912713,0.3954694396749589,0.324925435144481
Application_1820504290,0.04191510220310632,0.09809139214943952,0.2986765458645968
Application_182066441,0.06744312356784196,0.22049922232224234,0.30168758506854954
Application_1820733336,0.05466800680823028,0.19475105782860394,0.3163075014453095
Application_1820883466,0.017575198859454248,0.714730757319343,0.03665007712777211
Application_1824209977,0.8720822797608216,0.165498769417899,0.15594040319755964
Application_1824747835,0.8344725811554384,0.1321633071242869,0.11341352586248803
Application_1825309879,0.4178796013033425,0.22326406845670518,0.1459473666548786
Application_182597722,0.04883400955401876,0.17583682751201107,0.2501768455965107
Application_1826347954,0.008304044323717613,0.756014357299775,0.01896705597760279
Application_1826390013,0.012118172274860787,0.7555027352177998,0.018115849044645856
Application_1826620975,0.8594468622639505,0.24318845960102534,0.23520723594804296
Application_182712917,0.8949326094521335,0.16530446646495475,0.19236887197437202
Application_1828404203,0.515340266791471,0.3792296983766614,0.35134508592094843
Application_1828802183,0.011218989386262535,0.7281862723375321,0.03314545674554864
Application_1829392718,0.8312426330107444,0.437848396295284,0.28095772553558085
Application_1829492040,0.7287411060216936,0.39832976158586597,0.25080095318385304
Application_1833582857,0.015448699504583786,0.16396494529410557,0.16863414099048515
Application_183481406,0.043582842629546904,0.10666440015767903,0.2967608936732677
Application_1835611863,0.06668369969237857,0.03793001886083658,0.08091397110122021
Application_1835983478,0.009357258496518521,0.7313760509890544,0.017351737084657707
Application_1836482704,0.8941360571726424,0.12468186903123782,0.12772566982002564
Application_1837286038,0.09041242431753685,0.2637419661699807,0.33699902539337456
Application_1838182698,0.9052587424350113,0.08336582743688711,0.20071255600232296
Application_1838195672,0.7225967069262457,0.37896509964395,0.26132067675326803
Application_1840472630,0.798590750158922,0.2907055415679363,0.24785040169145772
Application_184143337,0.043889247373690744,0.1361509208546658,0.2751622628210217
Application_1842271625,0.055506897052435014,0.1693984480733804,0.32439965982518193
Application_1842370876,0.7724651364176438,0.4070674167133187,0.2493202611794078
Application_1846291324,0.20067598672880776,0.5763507636600405,0.12734975010299596
Application_1846693519,0.010132928963561839,0.7392901320229955,0.016119491652613723
Application_1850153393,0.040512247731909014,0.7153257583719037,0.03962249259904284
Application_1850714835,0.7194681976896874,0.43708403115871697,0.38622441802246193
Application_1851360212,0.06528897058586113,0.07855384356781783,0.12281621974435619
Application_1852538604,0.039766192825370396,0.18825417985314236,0.28167012881940123
Application_1856006798,0.7784915905450603,0.42658147026200394,0.30722350488906236
Application_1856344011,0.0481397405020021,0.5780498057453733,0.18469897953485231
Application_1857366417,0.030812316759555834,0.27406242725861013,0.2039118576062718
Application_1857513367,0.02689446529513183,0.3079762632661882,0.19843089742125508
Application_1858211642,0.10085109052669056,0.24842034387395395,0.20975740509247143
Application_1859387169,0.7205087226497914,0.37162943253808034,0.27808391415655603
Application_1859431929,0.04080309070120309,0.18772093883227925,0.23485797053684168
Application_1859537046,0.00987108124435697,0.700422198790031,0.03216235664255837
Application_1859784683,0.024179519806927518,0.6933150435993738,0.05037184685390457
Application_185981374,0.7939561232711025,0.16108724234618124,0.1985652459567039
Application_186021788,0.6988894989454966,0.4285920210320945,0.3069493620643573
Application_1862468287,0.11939093915456053,0.25873211824101067,0.28382473295429894
Application_1863192115,0.12013049607577558,0.062188442596766313,0.09055450459023703
Application_186381818,0.03373056586661962,0.10155096832252897,0.18909207702063865
Application_1864868732,0.0268810501751014,0.22973546337549672,0.20360342114553592
Application_1865080562,0.6886620612780492,0.3875952731163715,0.25465492798244443
Application_1865256281,0.006134939825775169,0.7353233432956081,0.014557101898216265
Application_1866125313,0.8003789499306248,0.13087969181745288,0.12707529148905725
Application_1867093856,0.9116274894573724,0.17108026512689786,0.20792278930861074
Application_1867138516,0.28880879580552204,0.5646242713875137,0.1329883124206768
Application_1870118526,0.11231799206480021,0.1552439867180301,0.3219430213764401
Application_1871723330,0.8113179171376632,0.39038623720120036,0.27921105661987405
Application_1872244741,0.7952763670948366,0.40157651589491306,0.24707400329140353
Application_1872345916,0.0359345332693431,0.18011774667275327,0.16456145367056474
Application_1874674743,0.009680607169949276,0.6700224524995884,0.038443113301092895
Application_1875782782,0.18885730723411912,0.05839637491151278,0.22847234910955808
Application_187611464,0.005962194525105932,0.6871247971682741,0.015746888164500244
Application_1876138473,0.059454426764206945,0.2106457692147497,0.20070932250534276
Application_1876836940,0.8664354149936516,0.15409044652763734,0.17075298713119813
Application_1877362067,0.7490966414315072,0.3704244675935895,0.3211850848407987
Application_187778549,0.7710031541521056,0.40672114977772084,0.2498985650155444
Application_1877814469,0.027868793133894718,0.19636997440494394,0.38731799216465435
Application_1879232225,0.6400841819056055,0.4237708517690107,0.31883133420470294
Application_1880895995,0.008464161321220997,0.702197810885329,0.04154242455764898
Application_1885130117,0.8281468200225889,0.3587952780745745,0.245232170454835
Application_188726425,0.012691432902927714,0.7152149453148013,0.03623602080176489
Application_1891680505,0.8276825161434405,0.3910633245716779,0.30178963292833894
Application_1895159318,0.06140740467495165,0.172204257837443,0.2637563031264776
Application_189631764,0.8647610731610073,0.3446619874900107,0.2935676365938414
Application_1896375934,0.08738332430088977,0.12876942939449926,0.27898010464966133
Application_1897975199,0.818008935334191,0.1818850336800998,0.2698029421530651
Application_1898457792,0.03311456065683197,0.14380154704011533,0.2317230628824314
Application_1901752708,0.007331233621902913,0.08350257175960069,0.17080898858768556
Application_1903689163,0.71938836939429,0.16721208518274297,0.14802103448778467
Application_1903879559,0.8527071418663938,0.19442660463562894,0.2516998450951661
Application_1905372994,0.008976214187762753,0.7367980070492224,0.014897366957614802
Application_1905967471,0.04981126477280544,0.2816370011050311,0.212937230716635
Application_1906109703,0.035302011847214904,0.20657342866706258,0.20955198451591675
Application_190734181,0.7673838529501538,0.3831280482687792,0.3086209275946743
Application_1909723515,0.008351599405356241,0.7112896277682255,0.02191758334092756
Application_1910023757,0.7653106754649772,0.4513449565705643,0.29049726613675336
Application_1910885918,0.7357403336533785,0.42440757979289573,0.30578058281401216
Application_1911285022,0.8346381670194783,0.3680373451493539,0.3211032291635799
Application_1914483239,0.7007078598530975,0.28793914953669186,0.2636740925774862
Application_1917257899,0.02716222689365832,0.6359062529607562,0.23326710747437643
Application_1917346060,0.3800827865924668,0.2830306331851305,0.191800588888475
Application_1918491897,0.7362582237738196,0.3684399831824846,0.2524602137143181
Application_1918741535,0.014539090684309822,0.13263544146497647,0.20067848154980392
Application_1919362220,0.8229289847685616,0.41565647310966214,0.27488255038105186
Application_1919805494,0.009599765675691194,0.739229732028758,0.020074053312262637
Application_1920062674,0.03607126602849092,0.12158031571334069,0.24157589880454522
Application_1920137077,0.8522647247356342,0.42034909010375354,0.2806510056586045
Application_1920432865,0.7552511758522653,0.38819205841939397,0.2548273418421062
Application_1920569696,0.04921522035385516,0.19500088376900016,0.2815871095479677
Application_1920623384,0.009266868284777758,0.7447610509268927,0.017214203002842352
Application_1921489029,0.8826481893675558,0.2192865566496021,0.2583772055804653
Application_192191311,0.7907276660245773,0.24404274427424025,0.26064613368572653
Application_1924151739,0.8330072573880829,0.4003099711632049,0.29890001619289486
Application_1925108895,0.062129433463447375,0.2836752352492131,0.26122945648267226
Application_1925475950,0.008568201911968089,0.7087551235126284,0.02256198921150228
Application_1925894693,0.8444005280879118,0.4441847889847013,0.27332301500509903
Application_1926626369,0.045683587634704995,0.273849419433831,0.2943675318668189
Application_19269284,0.02976594063499014,0.6955637245006463,0.040402155808931625
Application_192716320,0.013297523722943141,0.1456796968905523,0.1955415261025429
Application_1928577170,0.04270907337505945,0.12127648209984526,0.1381174674094339
Application_1930612093,0.9254196505688075,0.12945253813238608,0.17095435798472708
Application_1931050520,0.9171122664940663,0.07573363553962947,0.08480173325469398
Application_1931739679,0.006733871908904124,0.7393244077745581,0.020546542564636675
Application_1936633108,0.05783446333375648,0.08628572699106166,0.2202114768247635
Application_19378013,0.5541486360333757,0.3344752804301374,0.31150777367383986
Application_1938909971,0.4878392812796456,0.3915702696496212,0.30200192079958904
Application_1940707964,0.616074481646305,0.3977932542106544,0.29571169300144695
Application_1941614665,0.044206020229576565,0.14171004100593887,0.17519514190800653
Application_1943498805,0.01910724765991032,0.3106389035176948,0.25832684918531873
Application_1943739799,0.01429904788315865,0.13797092323087556,0.17457365570697064
Application_1944447595,0.7486949513962585,0.37907319925940675,0.26588799242958616
Application_1944896918,0.011655045412270413,0.7132445446856697,0.03383740780987048
Application_1945451645,0.3456005501995769,0.2639508339451622,0.23950957892743324
Application_194564472,0.6989128652062383,0.35858861006000525,0.28490591643140384
Application_1946538188,0.8164277283187197,0.3702322889694834,0.23791560195585698
Application_1947622904,0.14328743289070406,0.11420879838627127,0.28151725412655115
Application_1951442644,0.11011207686498978,0.09808626927241737,0.28439940250193024
Application_1952474346,0.8087077488594576,0.3214426973180984,0.2474825412037851
Application_1953215776,0.719163394647314,0.37286887510081423,0.2661917992653379
Application_1953871052,0.03064516211586464,0.11597655255444014,0.3097436818672573
Application_1954655928,0.035750673492615216,0.1861648263119085,0.2562482288018279
Application_1956063682,0.8662223460551776,0.3516174448732218,0.2934065975223768
Application_1956665823,0.8549888890059251,0.10682326856280125,0.12368030542037403
Application_1957651168,0.053717857880304434,0.24723879991815534,0.3321242499021167
Application_1958611901,0.05894992495549089,0.16608113887919665,0.2114886993517546
Application_1959536677,0.7290651695720481,0.10786836973353092,0.14141462781948053
Application_1959538261,0.08262848883292284,0.01845165773475027,0.0666470827625978
Application_1959777138,0.03688532626494083,0.10957036455182548,0.23698514560975595
Application_1959968858,0.02799739715161526,0.12198726106721766,0.1816682673943336
Application_1960245250,,,
Application_1963302945,0.8215914614046926,0.41406448947333213,0.28429972971919215
Application_1964644191,0.008140672006009769,0.7313122021349042,0.01732698224031164
Application_1965608734,0.023950649187775227,0.25877646977850227,0.20829173304127285
Application_1966193141,0.0555123757739543,0.08430927084095927,0.2938106848296331
Application_1968934644,0.044805285691407536,0.1573959114245304,0.2411001909554346
Application_1969335807,0.03743699144864026,0.15269802023173337,0.2545798664782105
Application_196951548,0.22969276771158656,0.05627231034841923,0.24657930649593524
Application_1970086923,0.6726688539933058,0.5239149557210105,0.35841945795755403
Application_1970302335,0.018354460368237648,0.2087987202159884,0.19562646039563528
Application_1970703703,0.8470521333641261,0.5101407493649126,0.33990720152671433
Application_1971226606,0.22095880975920093,0.5112588590838493,0.13825988549503124
Application_197126464,0.005698126112499685,0.7470286296641364,0.016924611725460687
Application_1971362714,0.0858616735696667,0.24823506915119609,0.21763686774288146
Application_1971989358,0.8029557268944929,0.4557800656975409,0.30183914285626834
Application_1972046847,0.7510389994377943,0.2930231278124057,0.34492900803548315
Application_1972637504,0.042517441848575165,0.16018617080561548,0.23547449997502112
Application_1973871032,0.8342251783094109,0.3983893595857098,0.29778277529669633
Application_1975160417,0.009123706031110288,0.7422928008390963,0.02411288798744697
Application_1975504088,0.3024644618948892,0.5052903854139201,0.3570675422521492
Application_1975819852,0.9067286250755491,0.21195593236475702,0.20638726799533527
Application_1976004129,0.047519091692939025,0.27458819346865704,0.31766609653811334
Application_1976127206,0.6920661617695426,0.361432553316645,0.24404539264467381
Application_1977502639,0.044686970482229305,0.6939194385245595,0.04030250316275586
Application_1978331738,0.25164559900798605,0.5163235242600461,0.12839528248560045
Application_1980887074,0.930592693821541,0.14365894263510248,0.17142473373686112
Application_1981121598,0.660616957085759,0.38426529978476465,0.24517341969696657
Application_198284297,0.05188135610396211,0.22202530653753527,0.19023090482920038
Application_1986394502,0.06858678716623896,0.2554879442587535,0.3245508040345634
Application_1986459524,0.5734874712396013,0.4644478446060309,0.30176985123338007
Application_1987831323,0.6257566476714043,0.36573396329251484,0.25350826591136055
Application_1988195018,0.009331560628629313,0.7082464596825793,0.039758629761239846
Application_1989234441,0.15201468384755532,0.14084004070429124,0.19826088069577813
Application_1991464898,0.8328701826022319,0.3539461513050448,0.27529667176525824
Application_1992619767,0.056670131638568606,0.12180354180458328,0.26718179203651193
Application_1992867148,0.02082791989899009,0.6655010028285387,0.03600575243460271
Application_199304010,0.019872644297434454,0.14439281822769634,0.1806030644880264
Application_1993192295,0.04342233324927506,0.22558249125637234,0.19273146917898856
Application_1995644843,0.8154727671197685,0.4291657129682338,0.27961681738164995
Application_199635820,0.8193791656282726,0.2626462352208995,0.2147294742033955
Application_1996843325,0.6965369534837922,0.3430355951523074,0.22723144325856812
Application_1998307400,0.05134113547647366,0.12492504478221464,0.29556717499777985
Application_2003767759,0.8892246186853989,0.1737031950221975,0.2569260737413245
Application_2004089393,0.22679123847527768,0.5340880435643525,0.13466368550425462
Application_200417599,0.13586195913518523,0.20568833054547742,0.10624224394715669
Application_2004968371,0.005064033842580485,0.7360236909757569,0.018573033510836088
Application_2004973545,0.7624616835769891,0.4065222132193509,0.2989709787872107
Application_2006713022,0.037976866852343236,0.09753511247181823,0.2825251722087607
Application_2007562055,0.032783196817398004,0.1997707472854701,0.17472479817758763
Application_2008203162,0.03982964388919056,0.20706434826139924,0.2026480888516818
Application_200942443,0.039325591628112284,0.2499301820034482,0.23816224661951932
Application_200956558,0.06875172004976485,0.14193717854932011,0.2567669679455353
Application_2010104450,0.5192159086991406,0.38989690866058885,0.2580794874226756
Application_201115305,0.08864133325080238,0.18043990106341298,0.25721329878719396
Application_2013830829,0.05672099109297536,0.20562631556847186,0.2538910844720439
Application_2014671768,0.7610753654673273,0.3892211959457189,0.24171587739381495
Application_2015161420,0.048360684708574485,0.14100522668113855,0.3413943537634124
Application_2015423706,0.02205320257533245,0.16119869807080303,0.19248447568581475
Application_2016510614,0.8406913944805892,0.14038084856548116,0.12790496118875813
Application_2018809027,0.007173432585737302,0.7468980820302138,0.01696014037688736
Application_201975224,0.06210320828946811,0.13553004901535534,0.26477549269801975
Application_2020541045,0.6852269835884215,0.37669942136982615,0.24144358034617291
Application_2020581879,0.06792036749871466,0.1973244515365749,0.2551905806850123
Application_2021390880,0.16363725958652903,0.032576037116108014,0.09290012120737995
Application_2022118906,0.8825498748884093,0.16296660917164135,0.19348880172884952
Application_2022507317,0.11864207089697933,0.12276006631557998,0.3473891195659825
Application_2022755119,0.9458402412833972,0.14615134024431553,0.15986334473098515
Application_2023468525,0.03803244585721391,0.15665710868551613,0.22891871897643296
Application_2024244758,0.18344113652613833,0.11294717278261299,0.2785924034531433
Application_2024477286,0.058015913662051694,0.10537833671137159,0.259928934305723
Application_2025018320,0.7629819337609853,0.4077280672429931,0.2973680316344805
Application_2025703180,0.6569459592198285,0.16877858083137115,0.16032782264828457
Application_202572480,0.023745370409754527,0.7049451222688916,0.02974585827204244
Application_2026841022,0.02538182061125738,0.053273400957533246,0.11170173352210144
Application_2026952165,0.739218933193219,0.3535876927902313,0.3053419083242771
Application_2028180559,0.7882752877310809,0.4842695653717587,0.32550830076140885
Application_2028590322,,,
Application_2029271670,0.03935722073507859,0.15933831861498754,0.26520939077042577
Application_2031841757,0.05238967271045533,0.17445368222141017,0.27789664442954076
Application_2033120546,0.03090024875894547,0.2508821155162216,0.24283573528297822
Application_2034295537,0.8844376257598874,0.15625182320458234,0.15913864791695745
Application_203590810,0.3199890879059836,0.24343558177298233,0.12023488687849909
Application_2036474370,0.05114785473703204,0.24149670688380465,0.273302972171413
Application_203678331,0.03799317034468562,0.10725949130558718,0.21885531031251632
Application_2037954458,0.0882570177049741,0.2555009657134403,0.39397140607958436
Application_2038146278,0.1968279285814928,0.1593562825803525,0.19061143664519112
Application_2039657007,0.027733472453653527,0.12527379551181453,0.11264303565341262
Application_2041306952,0.028659294041683908,0.20450704948347154,0.1789872770566857
Application_2042834818,0.4688709920311155,0.2970484765385094,0.20830690641320912
Application_2042847086,0.019629424697325253,0.18404528208002743,0.20144686324843866
Application_2043967522,0.9171886839163526,0.1779756493964757,0.2210301068475352
Application_2043974733,0.8024663014357849,0.42570931398692224,0.29454449514113085
Application_204408152,0.03156543482274179,0.14285152020407724,0.26087107113081714
Application_2045954559,0.008183038858683158,0.6952528019566693,0.017162945889323364
Application_2046501407,0.05489339404537858,0.09493717891429454,0.2947059145605373
Application_2046683533,0.6433847527639168,0.16607141489649127,0.14072479336702606
Application_2047886665,0.3880822557493275,0.24815206829977826,0.13698624303210524
Application_2048027930,0.026514720153352954,0.14233786836155077,0.28816140908521154
Application_2048171626,0.02512568331433519,0.6978373017761842,0.03789129392544145
Application_2048278308,0.02273606856111469,0.19099458494753063,0.1838761514130935
Application_2048323360,0.7769871401625562,0.36302079035932605,0.24576422962515257
Application_2048381730,0.7907851735375564,0.4377002369471656,0.2961597265760301
Application_2049849151,0.02524855113195101,0.12722543492469338,0.28093169942581486
Application_2051550880,0.8733276918082852,0.30347474063628044,0.19986266128600896
Application_2051799809,0.07543315854747135,0.18241864296605512,0.173524810573358
Application_2051951033,0.028175998939649623,0.2217821092412151,0.18564713397402696
Application_2051974818,0.03650538530306298,0.17778458319148494,0.23626603297796736
Application_2053272389,0.012742773220786244,0.7399832356159741,0.015634707606460893
Application_2053888323,0.41864677702552616,0.36327209649054376,0.23675202159788244
Application_2055100599,0.017995534295618038,0.13421635409099672,0.17050321652488254
Application_2055157815,0.031792023613494716,0.1564020678268591,0.1780537474624563
Application_2055185181,0.5766187579679823,0.3921289658908264,0.26686753895257603
Application_2056174200,0.04004452608534023,0.24359865156129348,0.1982137407714436
Application_2059632280,0.008056081401239241,0.7138921726747378,0.029135887828214826
Application_2060708769,0.029089139135499754,0.026401373615283108,0.07246422478736732
Application_2061020149,0.046394210122774664,0.12754302883654822,0.2766199440180362
Application_2061502784,0.8363450939273116,0.3865790147429495,0.3199583935921892
Application_2061784142,0.018934957789548797,0.2211738832721073,0.18096121665729387
Application_206222910,0.027602025403229993,0.29951716942105167,0.2781845890258338
Application_2063179478,0.057742501257239294,0.11634954689228771,0.13579084624871118
Application_2063828851,0.7303942020205012,0.36538746915008113,0.28842418256524827
Application_2064798594,0.8741816117990323,0.2326636576851685,0.25824279547119977
Application_2065559138,0.06702217603563264,0.21664875260078248,0.26828299566297825
Application_2066939992,0.20825492723271904,0.5416078134416497,0.1372554579412348
Application_2067187791,0.0175862953366689,0.29179744766343063,0.24123906106397847
Application_2068853058,0.817053394363703,0.37870843542326305,0.2551055271840495
Application_2069481439,0.03798695228472323,0.28420748527469075,0.26662696129620933
Application_2069545303,0.9043778642512706,0.19974878197913198,0.23240881277036798
Application_207185826,0.7555775642381546,0.4294155053859831,0.30277601383944885
Application_2071863649,0.8294858021361965,0.3897953003025146,0.25690266717885807
Application_2073034588,0.1506048059592488,0.1298623648556841,0.23658334125610017
Application_207339253,0.28114393444310465,0.4980167314693593,0.1773805962377662
Application_20738828,0.013696971797568557,0.7224202674939872,0.029465955012614883
Application_2075014351,0.0076371003513273,0.6999807845327883,0.043878348494290384
Application_2076314524,0.7669857155770545,0.3351175884889887,0.31760486752750017
Application_2081068908,0.06774267192245856,0.21299692922532348,0.2822018668392913
Application_2081457336,0.8275877466466667,0.3894990943533651,0.2636408058731641
Application_2083683673,0.07757568031950623,0.2512223302217829,0.22758795598904563
Application_2084259712,0.8367629433952675,0.36630438304176005,0.2851818949393081
Application_2084774321,0.030068873461557094,0.2901580376660683,0.16920507667051285
Application_2084907175,0.05088242856308855,0.05506868149058747,0.104810590303981
Application_2086545012,0.046483378590092064,0.26248875431174146,0.17923941655943346
Application_2086686091,0.07062493186939019,0.22062358422820952,0.26370410905214153
Application_2086754710,0.01286438790690005,0.7536948567538815,0.02243260058966945
Application_2087006463,0.805550600896486,0.472328377264409,0.3111677231110547
Application_2087713022,0.8326581178713217,0.12022525258200373,0.13892998083661587
Application_2088099791,0.27180539447783286,0.3197691042389974,0.2436655193178422
Application_2088969676,0.006733871908904124,0.7369240268791784,0.020585762953839595
Application_2089315207,0.7856749975126621,0.30983840418000536,0.28078693594308746
Application_2089979544,,,
Application_2090544740,0.05851359321152818,0.17408401380044355,0.18602469720644962
Application_2090776603,0.5205337645357035,0.17811318021631922,0.16197701989187702
Application_2091145908,0.027496521350968826,0.11936800933423461,0.24959637640540513
Application_2091517201,0.8848274853819758,0.3331482903715449,0.2111837181105726
Application_2092228035,0.025861349920612512,0.24114214910698373,0.17357813145290363
Application_2094441836,0.6156440752369897,0.4670405797410158,0.310406142537401
Application_2095793548,0.07180794762650246,0.19229521435421115,0.2573585626138682
Application_2097115739,0.031815558872682434,0.2538748989226779,0.22668167490443342
Application_2097420356,0.49809507547057114,0.3808947255462631,0.26161442594717926
Application_2099334395,0.08555822598569199,0.2111034488447515,0.25444030943926743
Application_2099511368,0.7996847323513756,0.36788799920293763,0.311206892764184
Application_2100311621,0.0834462287552666,0.19614934385991872,0.22166452757885993
Application_2106173395,0.046284262781537966,0.09511285154705032,0.2733939355031828
Application_2111973389,0.06144515686477306,0.11133567851778783,0.3107562914591491
Application_2112573494,0.8254509998581846,0.387015471070389,0.3059087353643813
Application_2113040289,0.778504118253241,0.475269507957871,0.3108645439060504
Application_2114671174,0.04393768288370662,0.2518062279682214,0.19007214281862927
Application_2115042059,0.006900496236484111,0.7377363223379539,0.017864076307066868
Application_2116062822,0.02683163214433971,0.1532219349254048,0.21639654789516016
Application_2116148116,0.363943202176166,0.2872950022240641,0.19178441464247506
Application_2116821761,0.8312171700068782,0.40768035995567503,0.3125114477852579
Application_2116960252,0.025312643012006104,0.13844452153664344,0.16309651656204052
Application_2118057291,0.5538972283092402,0.35859822871865576,0.29665620805127124
Application_2118887844,0.36011237950809294,0.4311249866496918,0.19497301449149582
Application_212002191,0.05997746109009561,0.20357258702996162,0.3299205471286462
Application_2120715071,0.08343163357937555,0.1590647145127051,0.2224672980050798
Application_2121891434,0.7997861674545785,0.36630438304176005,0.2851818949393081
Application_2122792904,0.006242893457975385,0.7363332856148799,0.014560766611445912
Application_2122822719,0.019656530344911178,0.14260855241093054,0.17301666466004237
Application_2122873300,0.059822003454975535,0.17661572218314214,0.30267661099418863
Application_2123204513,0.07082910652192928,0.1759872369793399,0.3163084059283828
Application_2124127933,0.597444417733468,0.10483932678016453,0.06357636171732677
Application_2125694475,0.010572917538860574,0.7303553904426006,0.014652636197077483
Application_2128172349,0.5761522756924541,0.25898455559987954,0.2883469038750484
Application_2128191185,0.811574255951345,0.4257077907179775,0.3172152455039598
Application_2130486641,0.006636605070771657,0.7267782698525799,0.14128903572156135
Application_213211686,0.02276018428737212,0.13963780526246566,0.18440229605407907
Application_2133089583,0.08775143242833465,0.1897702611616297,0.26029213090667624
Application_2133818678,0.22665445863873462,0.14815546674352364,0.2904812976170943
Application_2137992191,0.7184970404899602,0.11051220935448436,0.14067194631983218
Application_2139692519,0.03955604742791297,0.07984713635939547,0.10096190097193902
Application_2140045431,0.049478078973666226,0.18754298009977127,0.16535144477435335
Application_2140770767,0.7908540710269973,0.32687002634743423,0.31462587808999004
Application_214156122,0.03122722113118798,0.10225599113239575,0.17970027748059603
Application_2141999798,0.8661960436779502,0.1949789895173782,0.20893110681079405
Application_2142719268,0.03227260709399723,0.18305253712597477,0.17800484809460176
Application_2143988715,0.08669583420021047,0.09846346110289086,0.3084302362644855
Application_214453134,0.49667769851546495,0.3729823550919127,0.30875463271404957
Application_214453442,0.06306566381887857,0.16490054556348507,0.26313203206395497
Application_2144842406,0.5966020558076544,0.4317858007144624,0.3545744751279223
Application_2146296643,0.18986342683185944,0.11014650893384312,0.25660674609402584
Application_2147170228,0.025487212978773814,0.20922609865357247,0.2376296134655777
Application_216211515,0.02947700210171823,0.2698823866000061,0.17238864597062173
Application_21634890,0.8243982206205046,0.4665477885795667,0.28128907295657907
Application_216444008,0.8981133159645573,0.08176868324985442,0.10600302162665912
Application_218547280,0.6535239629093907,0.4040678437872458,0.25962609411089366
Application_218707596,0.8729000459509718,0.3809053087507706,0.3339534368039584
Application_219576331,0.03229046584746162,0.17900221411076878,0.23836336488679077
Application_22019692,0.04244810585316831,0.06198976516886845,0.28715975933582605
Application_222629422,0.02639154146614869,0.17309926822397512,0.17462812730319108
Application_222827091,0.04271537754416546,0.21181722484318288,0.2279285960499655
Application_225586063,0.041012915319009385,0.1477548612756032,0.29308920635182506
Application_226209957,0.09449881752628528,0.17384108031825882,0.17194385268186002
Application_2264928,0.017176938957796855,0.0905582008106712,0.3352504033529418
Application_227170121,0.8144931698750363,0.4175934120586289,0.27348922878419446
Application_227670423,0.4849919514959376,0.36541605231480884,0.3098057661988479
Application_228373770,0.00857150957229524,0.7385792028424154,0.015343795851461471
Application_228928958,0.406882136236908,0.13994675393465514,0.10507830632640934
Application_229012140,0.023484469545068627,0.12012378252364886,0.16069913480700623
Application_229606305,0.053002085187189046,0.21068329093673704,0.20957375763921873
Application_231527175,0.5869079389579156,0.42146503632901483,0.29782350770792454
Application_231751553,0.014066668306504606,0.11287074684470907,0.24706290972832717
Application_232254008,0.0413322418759365,0.1845019565865576,0.2572883024039765
Application_233064512,0.0063040226308527115,0.7520672230997336,0.021359429291706356
Application_233989937,0.8211622032794686,0.3512520603217368,0.22336048228385305
Application_235535721,0.03803617643775659,0.15503095699256159,0.2103836217793078
Application_236717130,0.03516333212793785,0.13926529260449017,0.3089593014118098
Application_237775087,0.008310202321115567,0.7394493221998003,0.01539677048022179
Application_238546830,0.025436171616831763,0.0656728004704557,0.0874063096542023
Application_240111953,0.03155180750230992,0.13734026672635144,0.23693943553710653
Application_241318555,0.08544713446989197,0.17931662785139912,0.2478017406271501
Application_242709495,0.2461974618470973,0.3836848286248638,0.3000307507086397
Application_242826105,0.849012589111811,0.43141341902881614,0.2895001401931334
Application_243887576,0.015395311045930291,0.6812894622557331,0.03798247848961881
Application_244396187,,,
Application_245123210,0.49667769851546495,0.382812126024243,0.308077767023333
Application_246097895,0.8087995609831485,0.36389349403379223,0.27529992770008366
Application_247317164,0.8429263531639157,0.3366095567711057,0.22516089147426643
Application_25063668,0.01039198681773827,0.7397789022845198,0.017382102719744608
Application_251097614,0.05171139675828202,0.16639969059042614,0.1878282993297552
Application_251304842,0.744370270541481,0.4238124061405222,0.3007869279598679
Application_251670774,0.019005396298560007,0.7321141272408025,0.017621994152979454
Application_252272828,0.026327926149080506,0.16026081135064016,0.17590389786228058
Application_253227112,0.0855366998846328,0.11579559356224348,0.2574216837545821
Application_254824641,0.7810979831590629,0.35833449658457267,0.2558645018484872
Application_254836121,0.5569465853647986,0.3747894262405993,0.2809433851245327
Application_255370233,0.09519203811148534,0.06804073128068594,0.11708657367280736
Application_255496047,0.03473241004270295,0.03517661474275102,0.06595884212330577
Application_257082685,0.02744225080417238,0.18974840423775197,0.17787481936526717
Application_257928635,0.12661907921636403,0.39948536383835465,0.1621729345839144
Application_2595810,0.7468847777821068,0.33902877734251663,0.299523123134249
Application_260257809,0.0071855813169873425,0.7202759024130996,0.02363510560599484
Application_260635392,0.8659328758967845,0.17205312372629283,0.16294902581356835
Application_260702936,0.7582159535067425,0.37968903199480014,0.3179937480648756
Application_267475970,0.015522312994156602,0.7107992539537837,0.02107552859713284
Application_268406883,0.04623830528268731,0.17363701062283568,0.23760997837750245
Application_268523137,0.6858545444976679,0.4181385834085228,0.27904046119396225
Application_269341222,0.02154076736560299,0.6363526634722663,0.2182517224933475
Application_2694097,0.15827011038709843,0.12283028330981421,0.23162388186198007
Application_26954699,0.010996921154515291,0.7167601992257486,0.03900738872032812
Application_269862060,0.03657671465623429,0.1716979339788374,0.24594992120602038
Application_270485252,0.8641942101165314,0.39119771166722034,0.26596777337446154
Application_270506031,0.057165109053397646,0.15969928003063688,0.2548168510692791
Application_270571049,,,
Application_272933056,0.11084927408182572,0.17327098815261208,0.26451373182507937
Application_274240684,0.01175601846548484,0.6506570468969158,0.16942928868018844
Application_276603327,0.8874529720132176,0.10182945625181575,0.12207887722365443
Application_276618599,0.8197177993530135,0.22738788734134618,0.26911147259156964
Application_277127069,0.5565676710682346,0.427382433485638,0.3119799323998982
Application_277674975,0.043292885896665204,0.31082409519968257,0.22544892457781882
Application_281838380,0.8442411308660248,0.42847265051599304,0.30277778164066166
Application_282114630,0.020959484145065013,0.13696377084753208,0.1750568153832901
Application_282254984,0.7592094126782145,0.42658147026200394,0.30722350488906236
Application_286137335,0.07344898486178765,0.17505476415159102,0.31670862124473154
Application_288925921,0.8090437375286395,0.48175205075612715,0.30360735102521974
Application_28930757,0.042300343819443476,0.2977716730813673,0.2975000686586015
Application_291332257,0.04941854889496845,0.1567937884144216,0.26416423553467705
Application_292094395,0.7352264122627007,0.37830043458620566,0.30799281493645364
Application_292866700,0.010231534810497453,0.7296099891063127,0.017406996025722935
Application_293379010,0.027631630811620952,0.28649771839544647,0.24891170936359708
Application_294013307,0.03359073814245508,0.16002428872447055,0.2010373755625404
Application_294586112,0.023895977454720777,0.2468312909347065,0.2237623180364735
Application_295284443,0.6186070993613412,0.3904484427318435,0.3290632607978756
Application_296888635,0.6048919817274527,0.3359264144998614,0.2437587101468628
Application_298129713,0.005487478275738672,0.774145253631519,0.02366612171294688
Application_298744583,0.01855244744713254,0.755732204418138,0.02212307002219164
Application_299068395,0.8070455399522237,0.5400599037523413,0.34030897483090533
Application_299209464,0.22899029402286109,0.40243217533113124,0.15302893413821453
Application_299698075,0.8349641748221536,0.18404695845352562,0.25103505127921766
Application_301727231,0.06519562098866623,0.20765609321177378,0.2152304891171291
Application_303703837,0.8153226822084721,0.43026489560902825,0.2786770570413911
Application_303866233,0.014516106884919867,0.7424125965652513,0.01748449573316397
Application_304004510,0.02010239362075016,0.1362090142482801,0.17059319772379927
Application_306086229,0.0068886618133374355,0.7410028956897883,0.017845427419627198
Application_306812685,0.03794174719209854,0.15933831861498754,0.26520939077042577
Application_307801348,0.02706165054565824,0.119038146083397,0.16764173470291968
Application_308066254,0.10656532038972613,0.10222695913059965,0.25214439471257544
Application_308748254,0.012417935301981965,0.7161937283853362,0.023919596005366753
Application_309815171,0.8003265243304593,0.3909403789521777,0.25205315765928604
Application_310417357,0.05016246237652649,0.2588424718185452,0.20353936066229517
Application_312166095,0.7223776370020285,0.37839340519588066,0.23488784451245426
Application_312224974,0.758215552704905,0.43526682075115036,0.2644182903563146
Application_313152544,0.6271488345398178,0.3844098071709104,0.28728689361911497
Application_313527996,0.055506897052435014,0.1693984480733804,0.32439965982518193
Application_314854055,0.7492563968935264,0.370479081409836,0.2521054453106289
Application_31519304,0.3329346109954366,0.4026563407660768,0.17692249672600413
Application_315782607,0.012833326824196236,0.7545992306509021,0.018923313448666795
Application_31697623,0.8747339929397293,0.10933820695004287,0.1442451516878437
Application_317789291,0.09279281368319607,0.02146753293642706,0.06696332992466765
Application_319284701,0.8820438466332899,0.3882476725051854,0.22793826265008135
Application_319847090,0.032479423558534205,0.21083668731348668,0.23926001293222907
Application_320538845,0.6443166429255519,0.4021930521966963,0.3433149513656628
Application_321053191,0.85004698546734,0.39555028700289263,0.2687647704668679
Application_322297326,0.010655479017206652,0.7501558524759838,0.016944547787698806
Application_323040575,0.0752640573307851,0.25985304804556286,0.3243442404060916
Application_324026343,0.008021145829059073,0.7481390139685016,0.021499408242543303
Application_326473270,0.7610194494200436,0.3881617627932059,0.30146665448243665
Application_327072822,0.8322367922768107,0.36903251746928756,0.3089636457940119
Application_327149374,0.03559265762731824,0.1284617692439026,0.2585386044718608
Application_328046969,0.4708397422921319,0.37921916557235413,0.24857769417681524
Application_328120747,0.03157029635958251,0.03656810499959684,0.09632215857541995
Application_329140480,0.6309797130086716,0.42276592692026205,0.24478339142790112
Application_330251746,0.016075562501116636,0.6657077962082689,0.1642164182731558
Application_332704649,0.8801324569741964,0.2321910287318606,0.25931068984829014
Application_332811786,0.06594596812981109,0.15977223320459424,0.2963285217409815
Application_335537557,0.028482006580912045,0.11341573552238851,0.18798340599496272
Application_33745946,0.700892594518562,0.09247132555896079,0.10079036872147393
Application_339123229,0.2545691047311407,0.12090314827600665,0.3074334356932416
Application_339123431,0.012191446669842001,0.23096371586827497,0.18570972739171973
Application_339327672,0.053657842799609605,0.2790958983105924,0.2576876478872527
Application_339730120,0.03448600767145433,0.2303396430851924,0.22134945355651173
Application_340094554,0.02365423252917807,0.15258399534603664,0.18947152128273256
Application_340321174,0.9517046104191149,0.1541275770058448,0.24601864062567294
Application_341875321,0.0422423714304407,0.14492787318056194,0.26810114860777845
Application_343088948,0.03081701387029676,0.18782256141538597,0.21677987427726075
Application_343744148,0.02437612826461632,0.7281715147307817,0.024428372369243306
Application_345264629,0.5831746418959034,0.40082123886608384,0.3920514903579631
Application_346568508,0.018182356252256164,0.13465559760671159,0.16151919849773808
Application_346829278,0.7364875829815862,0.314817509503658,0.25782151165037115
Application_346848867,0.05987716728524059,0.19982692491728818,0.38627061347998504
Application_346988751,0.871168488402124,0.09127685144821679,0.10407861277087228
Application_347922674,0.020524119963825825,0.7052416047872199,0.021720634872201012
Application_348990686,0.8096308229969045,0.429107968156306,0.2926761395679639
Application_349515920,0.027694071135488402,0.3031105932328917,0.2262589866568397
Application_349709198,0.5495365276117304,0.3651585585937655,0.3195882978029446
Application_350793850,0.05582572937963661,0.19334874297983926,0.25112445755733825
Application_352165642,0.2341536571915276,0.5418180723406116,0.14792157763844352
Application_354855594,0.7727468874527078,0.37463690606054,0.24331125534650552
Application_354865116,0.09063150410395814,0.21241893981504922,0.3257492034816083
Application_354974392,0.9025294890092492,0.28299117953636627,0.31229883524894214
Application_355701690,0.049971847725671564,0.13983821852933984,0.23120443119768358
Application_356808628,0.04943145514793478,0.1191375722000772,0.26211633213808666
Application_35738339,0.11815263192256627,0.15542077216058137,0.15373599625880954
Application_35745002,0.16586835198228805,0.16071863700615624,0.26649297334708566
Application_357880380,0.13147843627248865,0.2395206242613813,0.2587773605686778
Application_359276048,0.15755657887542313,0.13388647365752493,0.2664209615952223
Application_360217923,0.0164591687381492,0.18315136942866614,0.1563562722148065
Application_361573979,0.7481032636741056,0.41141942733002224,0.31272931509936597
Application_362543186,0.006310266378520839,0.7316023516814214,0.01764354213432077
Application_365332446,0.7132244610114973,0.4421334323457803,0.29487775550190276
Application_365485542,0.06312829993425334,0.15206459392035077,0.33541785661632306
Application_366121400,0.8164861119752135,0.38987621587032656,0.26013004298426895
Application_367455904,0.010102879313547896,0.7368308319887384,0.016344462889054945
Application_368167256,0.6196990108779813,0.3904484427318435,0.3290632607978756
Application_36831628,0.6464768463521535,0.3738251310267155,0.2478865370971533
Application_368529383,0.019449147288161866,0.14093441211130506,0.19435657805755746
Application_368638647,0.4205951106816015,0.4521823210553336,0.1970844677212058
Application_370126110,0.5053025140966838,0.3102662862710822,0.21666571168493445
Application_372912766,0.698939988596948,0.2728147548100403,0.31267169306691994
Application_373875255,0.2204261527829634,0.5112588590838493,0.13825988549503124
Application_376118809,0.260322771357556,0.25489294256310335,0.12264333189488634
Application_377692746,0.7676756907288043,0.4260552635603525,0.31295176322262175
Application_37787490,0.00860531931858027,0.7485858116135675,0.017713822499283736
Application_380097845,0.05737429775322016,0.06755639432904142,0.10984319738337926
Application_380770908,0.03961321914058724,0.08465347217835456,0.09989756000207778
Application_38081486,0.8475459244219201,0.3914231325680269,0.2912054118888001
Application_380969432,0.07546661808008485,0.18343266725954302,0.3260547044760884
Application_381087716,0.041012448372427714,0.13087845554588448,0.23748044980264005
Application_384814296,0.9103824265236165,0.16853090189991718,0.18390524281596884
Application_384835333,,,
Application_385045680,0.020397999176819837,0.23734306519052967,0.17536859840933083
Application_38536393,0.12101275836255326,0.22968159527681004,0.24477107726322328
Application_386657742,0.032262833632594086,0.13865714470922122,0.23048111341156063
Application_387778376,0.8877136552898677,0.15093780937458862,0.16330758704360102
Application_389831964,0.8322344928051357,0.3226818656825038,0.24229460197583577
Application_389962709,0.06783297289921858,0.12414654542722176,0.15323338568764394
Application_391099640,0.03919539318737335,0.13464818193942174,0.2704335553846875
Application_392275405,0.033490227223755345,0.11619165946200888,0.2597255288767884
Application_394037983,0.05531412861160163,0.25348995236578886,0.22272144924178014
Application_394946724,0.8050199144830733,0.34460431236441713,0.23236657964415935
Application_396027178,0.9193587686674057,0.19692679970713262,0.2823353850188219
Application_397038537,0.6452514759058792,0.36120133564171303,0.22751905712545387
Application_398065440,0.007663379309283627,0.731793223324944,0.019132923416826552
Application_398250446,0.7674306183371012,0.09542301478925885,0.11363877414785523
Application_398311287,0.010396859167940685,0.7381353359741004,0.014521709536954754
Application_399001926,0.03009669637654105,0.03474882141215385,0.0508314537300616
Application_399934391,0.021233989292687456,0.1839948445511783,0.1872168330412265
Application_402938046,0.7967945230838613,0.36641816873184374,0.33905352582355364
Application_403304705,0.08589065402666511,0.042838045547689274,0.07580466670129625
Application_40403797,0.9092765784840429,0.15063863953056963,0.19397796449434632
Application_407461155,0.023363297725942714,0.03715070456470421,0.08303593226422477
Application_408864407,0.051600490363342,0.12029448733389406,0.2530929588810793
Application_409154003,0.7479114350964283,0.3990179761868547,0.29586397059006764
Application_410056038,0.015368749609805442,0.23411243619526872,0.18605583774762177
Application_412434860,0.4678694828432804,0.1162021404374699,0.0988467596567832
Application_413047262,0.8566108953899583,0.2016437350005495,0.2324711981764813
Application_413991815,0.03477458261747072,0.0844240494058722,0.08714050668256294
Application_414227837,0.09552003311694743,0.040586168854880145,0.09090010675723281
Application_416188880,0.8180899299279029,0.3566873340135491,0.2429940499079858
Application_416694962,0.1234021893198944,0.13297471289327248,0.27181909939053617
Application_418738843,0.8901228112612932,0.12781537062331194,0.15634479742464477
Application_419933910,0.6104082218041605,0.43475240421624856,0.28661396935844896
Application_420380783,0.0959026958782787,0.0775035546482033,0.12775935871341815
Application_420599570,0.8690696483363235,0.4340441058647724,0.28576906011584613
Application_421465179,0.009114695837438904,0.10792689094488639,0.34602203562816225
Application_422637212,0.73683486536568,0.08629797737910411,0.11153042104216693
Application_42337394,0.6250994300492745,0.4460339318904143,0.2983055446978424
Application_424064154,0.05671695968874453,0.26970855376187275,0.17975926191106867
Application_424977058,0.022800278344790495,0.1782106623847507,0.15731091693475988
Application_427316676,0.04765138546573702,0.1841414905487598,0.23209814598309697
Application_427975818,0.8411605577442401,0.3220768207276198,0.2757772224536821
Application_428745471,0.7958134388359296,0.3525020132712648,0.23911460969399972
Application_428955021,0.060250054931789275,0.20912346690448727,0.2462410313119826
Application_432430277,0.7888668655347468,0.39951599019236467,0.2941827334723381
Application_434354946,0.03535916274789122,0.22516494581506852,0.197706541837578
Application_434840997,0.010492065844470828,0.7248790439800267,0.026147335402264497
Application_438711887,,,
Application_440695787,0.005031047715495743,0.7394032863553504,0.017778334318740034
Application_440813334,0.004733905614288647,0.7109709232988384,0.01603254452804122
Application_441853106,0.06704315236972558,0.06597166746730015,0.1493193501262138
Application_441988653,0.04722596267133835,0.1882352399789712,0.2677190889308784
Application_444595223,0.01859227203566513,0.13774127846774822,0.1707089718923935
Application_445609887,0.03452187655147647,0.1443732601842832,0.2884536989655012
Application_447126113,0.044206020229576565,0.14171004100593887,0.17519514190800653
Application_447138954,0.08817666523131915,0.1621790728716266,0.3146945199418171
Application_448145454,0.006541922662457717,0.7487768784079872,0.021686277001582148
Application_44859446,0.15631029614336958,0.14001779009980006,0.27735454722619307
Application_44899860,0.5036866481025706,0.5873246229630757,0.19115528607072252
Application_449256078,0.020431606777776813,0.11952077233396916,0.29007562998496217
Application_450127919,0.8055755928838537,0.45044890591803854,0.27962513783610676
Application_450250534,0.08901056507505839,0.16214741992767806,0.2995544969871331
Application_450974072,0.021361324451751734,0.6844817928504221,0.157173376421369
Application_451838490,0.01660411576567853,0.15147448447163941,0.1912619678564616
Application_452728375,0.07637711920053905,0.3479804447223777,0.3274964612427005
Application_453833865,0.5210309833502256,0.45109632482713724,0.2902368068480057
Application_453847467,0.7653106754649772,0.4731708466992379,0.2920368370392727
Application_454064051,0.8486299003760077,0.32244852147730424,0.30403227863175014
Application_455616073,0.8879203368429085,0.22537421585288642,0.23400898180706142
Application_455972560,0.0732513518466531,0.21947171670594096,0.2659837018565037
Application_456023338,0.015064793462314407,0.6757133029446346,0.14703226534190839
Application_457947056,0.04995223423554414,0.2816370011050311,0.212937230716635
Application_458227713,0.0068687104273299935,0.7183825037713372,0.015306734141090135
Application_460231462,0.7912704524069171,0.3216197351543566,0.2369111048889057
Application_460974455,0.837030328505813,0.3914231325680269,0.2912054118888001
Application_461107030,0.6924246399174722,0.09667733213758356,0.11641487216703693
Application_461173805,0.39163200483074434,0.3215806519605389,0.22907476797439646
Application_462216549,0.03962848336223946,0.23248680118324874,0.24861222542300043
Application_462882090,0.039866001450869236,0.17935208480829276,0.3079017445448178
Application_465680144,0.09624690159088568,0.18022236375157202,0.32520814079999033
Application_465715339,0.7608083815431841,0.3791618813715665,0.28315934275397675
Application_466068830,0.10596212119220666,0.5333419941945995,0.15171297989919258
Application_467957342,0.029295323384615827,0.2910709252079881,0.1623778881356084
Application_470096249,0.006558808304337852,0.713137379438241,0.023886775758979174
Application_472820667,0.2487683872489369,0.4946961729987481,0.13777395514437668
Application_474380883,0.8548744623223483,0.07353793192919855,0.09849437039484986
Application_474487263,0.032304915172271784,0.25401236352081824,0.19097698353202486
Application_475062324,0.7473895438624241,0.3941624423867373,0.27752583836990014
Application_479645384,0.06819400797698456,0.208194455662172,0.2675381293893178
Application_480070910,0.7518056162737933,0.1721536226529299,0.20894441398124924
Application_481277636,0.021043155966589552,0.2722567663462678,0.20433285091491096
Application_483074478,0.7740283303845721,0.38940211213166065,0.24112119915304775
Application_483126363,0.3086397343814342,0.4881941892568352,0.3108481329173756
Application_483931042,0.5905160021660627,0.4183723693388179,0.2698025838659049
Application_485368165,0.05732689818291405,0.16199873409051466,0.23338269703447714
Application_485567867,0.05578634439164119,0.11074941623214618,0.13612514276015705
Application_48606429,0.9301149623409642,0.19629611477146278,0.2761279102779098
Application_489972645,0.05951770071156175,0.17957426142017838,0.24909170074903328
Application_491192717,0.6668779909740064,0.6311337174720273,0.3880418126260807
Application_492258182,0.03643124422999996,0.1754940132976467,0.2759387898832559
Application_492292182,0.8392379448263205,0.2790231407870298,0.24840739826958438
Application_494960481,0.6124942455178263,0.3757746755610265,0.28131966989182
Application_495428388,0.03026521159646086,0.2527513885805015,0.2337007561598962
Application_496111899,0.8887258863334453,0.1571734602961964,0.19338101682760062
Application_496532501,0.8243171477193885,0.05354542780643001,0.08415339603663978
Application_49717724,0.06166202123720855,0.18743556719237664,0.3209586736955741
Application_497474417,0.10766449961483356,0.12755818912557956,0.18297198983094223
Application_498556066,0.5106633772271936,0.36547525238227585,0.2979116167148977
Application_5006458,0.013520894552606313,0.7177271335861286,0.032312535713372566
Application_505138130,0.03898348363692641,0.14215853918348106,0.2907922429059179
Application_507755204,0.020525631573931353,0.7455659692514767,0.020077339827433864
Application_508938604,0.7951033229849973,0.35617819563571557,0.24228194648500684
Application_509693034,0.18909204327831763,0.5112588590838493,0.13825988549503124
Application_510096383,0.5857123661262911,0.45082115769612874,0.35291539808879163
Application_511259546,0.040112962878584554,0.13979574876987746,0.2815687679960046
Application_51182407,0.784365302153971,0.32640165431193424,0.3048386970974496
Application_512079496,0.009594854230180194,0.6978225278861785,0.03101014810098923
Application_512884075,0.007060680288911685,0.7327558779415331,0.018159731448645414
Application_514052232,0.847355482929626,0.3496766354903648,0.2957559493905915
Application_51430642,0.8682185219654456,0.32518740548278185,0.2173778071690539
Application_516500707,0.7227287871923089,0.413356366278989,0.31114415624481384
Application_518047810,0.022463866330206094,0.16732179349759033,0.1593043287130557
Application_518595534,0.8877343575064742,0.16909433948589164,0.1839030350395245
Application_518624776,0.13285480396641172,0.10285195910901912,0.25265049051062416
Application_518752038,0.0048673707035657,0.7787680342014871,0.023501236788813835
Application_5188726,0.04034860876121499,0.14195919169875726,0.3171768617167074
Application_519214643,0.7624616835769891,0.4065222132193509,0.2989709787872107
Application_519801050,0.661121773642317,0.35873119972807543,0.23626571042418948
Application_520506247,0.709553352177921,0.3861086746775367,0.28689101794894883
Application_521305631,0.006271246214210226,0.7499427884162048,0.01555258994585638
Application_522420767,0.0283719240088304,0.1703356054718584,0.16642259239784243
Application_525459142,0.5973297205045277,0.4344899860211801,0.3467802690358006
Application_526257863,0.019861939149404238,0.7238642694650517,0.024377923693008854
Application_527482957,0.003218586299729164,0.7006406421731801,0.02704666047068836
Application_528406867,0.06260451184635246,0.19162198166793135,0.26088802681373974
Application_528558455,0.8867244666236976,0.12269277400050452,0.16508027923778495
Application_532956567,0.07387355203142969,0.21192541585230423,0.18311603603085133
Application_533079487,0.7941820555270895,0.371959172820994,0.20854794652540273
Application_53352885,0.050469245472433935,0.15898453032581783,0.22450789617438255
Application_536009009,0.43497225231106096,0.1172542167453901,0.0714457209027755
Application_536051300,0.8103647263194823,0.19701833239424996,0.18945806848456398
Application_536638211,0.8787729189258048,0.10570762516575702,0.09806713208143493
Application_537005538,0.0549478011231623,0.1544335338586682,0.27085590819565536
Application_538311021,0.10079146411812204,0.05868547696934301,0.0872149042273513
Application_538869641,0.05745990510822608,0.11704846611324524,0.31835186891739
Application_539120928,0.8989071208519946,0.11129497876488798,0.15028341236173487
Application_539162249,0.03370420976420344,0.09212832695625883,0.2972006705302046
Application_540373333,0.9057039498337285,0.16677981320913182,0.1842118540083392
Application_541146763,0.8671224020384691,0.24480622763648802,0.14865508851342885
Application_541694777,0.03711702212008771,0.07461733086156708,0.08919071192613079
Application_542632548,0.6124942455178263,0.3757746755610265,0.28131966989182
Application_542782205,0.2369471460059668,0.48523112837126714,0.34747612373869946
Application_543098684,0.03233855040910719,0.12259644567157638,0.2598327103930066
Application_543513898,0.13206781031945056,0.12963445495125966,0.20135623027811383
Application_545474396,0.08168792488617846,0.19163704514038715,0.2572692675913841
Application_547720957,0.035262214417981254,0.11218665401637395,0.25486178180442226
Application_547842527,0.09201878938469403,0.04797162888636719,0.11407774366826567
Application_548136507,0.8931531798654345,0.3312609378642691,0.22477746821270175
Application_548377578,0.04097181937238363,0.23878897120926607,0.3253483890558285
Application_54902350,0.02858385602683387,0.04787441929832709,0.054984710985441804
Application_549264279,0.00357208639969874,0.7439776385696449,0.02408925438473972
Application_549547786,0.008358722700523335,0.7515626525121575,0.0143931782795722
Application_549826152,0.045084866286169104,0.16922245232057218,0.2827425634644532
Application_554480592,0.7373388743581754,0.4557883909732373,0.30985402808831886
Application_558507947,0.7041733591302322,0.35133695524032243,0.30471899869813307
Application_559239075,0.78754779202733,0.370203253001911,0.288317985780883
Application_559246751,0.3779206928283178,0.37136913105858094,0.22879740101372367
Application_559380460,0.09539755600564001,0.06678802622250118,0.09013983233549541
Application_560070722,0.07481106868537263,0.1925077880920534,0.26989927706026917
Application_56106793,0.02022001645874766,0.19185762294794229,0.1700338335036175
Application_561835971,0.00615290975730946,0.7340061915876324,0.017239071584232348
Application_563590726,0.4606049622084079,0.4032953566144159,0.32031684617216954
Application_563891423,0.6277211874868674,0.43631733352718277,0.319170649020852
Application_564834372,0.037935337350963924,0.23537168547677723,0.16800212771365777
Application_565667109,0.31077711951524595,0.5138506987660837,0.14231432778364486
Application_565689430,0.6771726914481391,0.41311459352785684,0.33594964880618755
Application_565743734,0.5831263545440691,0.38067188967169785,0.29426571116076516
Application_566347979,0.018141200827169673,0.1029196908193287,0.15277014224916208
Application_566670119,0.009948916339853207,0.7438984936110487,0.0165321486557412
Application_56691092,0.5389692217819171,0.4086421405555924,0.24421288215175
Application_568127104,0.0438752753592766,0.17595707346106393,0.24472527672829097
Application_570165308,0.0508935059023068,0.03753321040868879,0.09315984849910032
Application_574500271,0.7521350910983606,0.18590345850772194,0.1992408179565493
Application_575764720,0.010043902026757133,0.7252190351504906,0.021320664435662273
Application_576386053,0.8700729965385154,0.18518888324756957,0.20666686977848162
Application_577888910,0.04123529383756638,0.31781743492561626,0.3139181542849791
Application_578344284,0.5360503717133668,0.36634399745102275,0.3092050078404072
Application_579153284,0.00651139979519782,0.734295625157716,0.014936049832451023
Application_579275809,0.046419971083324026,0.18780395085594673,0.3572215936059472
Application_579349612,0.014397688472505445,0.7431907457346839,0.016938076039806568
Application_583747115,0.027202394777392495,0.28514104258006817,0.28260519783489163
Application_58375214,0.013686751378936289,0.8673288077630968,0.02977889195486077
Application_584583269,0.060648662120800736,0.14957864523340766,0.30357775816604654
Application_584717195,0.043000174268997306,0.1737840743790299,0.25265963081506687
Application_585298607,0.01852373973584699,0.13211200898782277,0.28048366025977073
Application_586839753,0.7870814783956201,0.10072028390055138,0.13285975718959403
Application_586877291,0.011019798175477881,0.7469237046082748,0.024035734657323376
Application_586969154,0.058721122660371994,0.07493680715171491,0.3140602037403119
Application_587119833,0.8143548740278941,0.36625317063862517,0.29382836884901176
Application_588758280,0.011700590892274801,0.7545992306509021,0.018923313448666795
Application_589041415,0.01887025841525,0.5923891446013498,0.13634354827893527
Application_589186855,0.5911152421242754,0.40251214744873554,0.3248061761266515
Application_589719704,0.020449288103349447,0.13075651107965122,0.17059785843781075
Application_590010761,0.8605564699171218,0.1798497250418022,0.19774015077235363
Application_590215732,0.16401326153783655,0.19177900539646722,0.12315930410226215
Application_5904996,0.8945634777264638,0.48837211914184353,0.3104831572966299
Application_591439695,0.8561269590793086,0.12665643459157333,0.1520764828509776
Application_591454326,0.033639415715041046,0.10536608006710874,0.24283100678123748
Application_592481165,0.055506897052435014,0.1693984480733804,0.32439965982518193
Application_592605828,0.27929474567781265,0.5155695709666923,0.33180212062407416
Application_592613102,0.9020363844442062,0.14730920350556465,0.22174458756915383
Application_594581112,0.043989236186540624,0.2861235328367058,0.17999740784233825
Application_596049851,0.851013974346972,0.40648811587683764,0.27531886584473697
Application_596574084,0.008386073827389512,0.7321284564734194,0.01867617533164075
Application_597065437,0.5060746060467582,0.4243842659370943,0.2857284261652166
Application_597372127,0.04391350797626402,0.606889716476794,0.17949023014831106
Application_597486380,0.5280886152691276,0.36479651825022186,0.29189716794604803
Application_597721884,0.17224132943046214,0.11233427756747663,0.27200673760009164
Application_598141849,0.24866630164497014,0.4975847493219223,0.14443301421088225
Application_59876773,0.011476751003057116,0.7262644274248533,0.027257159130540855
Application_601584106,0.03475040906446578,0.04803152834645186,0.10139295665524949
Application_604537136,0.046868100314976485,0.20300567111837875,0.3239450178358125
Application_604648984,0.8964986621098721,0.1663500246847155,0.17003435894585933
Application_604870238,0.033609155038578024,0.23667412690821826,0.20007064776349837
Application_606749031,0.7965613778827677,0.4025656304060048,0.2595615174042679
Application_608775916,0.04052431826119703,0.14455731226588758,0.27108713930628087
Application_608845327,0.06702060433075839,0.13800405612514074,0.1741620092389851
Application_609139308,0.04509827079111584,0.17823882047116832,0.1786995457914547
Application_609719509,0.07457879769948088,0.1982072305029708,0.31867678671986677
Application_610454003,0.03203563407282256,0.18405968950931823,0.1775135517997368
Application_614334599,0.017073792551636005,0.6745889012255881,0.17402341224656245
Application_614810920,0.03327280229869413,0.20467979631699693,0.2539261027741892
Application_616416650,0.8167658274987302,0.3894990943533651,0.2636408058731641
Application_616910723,0.4755444431003625,0.37293305789952835,0.2385790800904609
Application_617035933,0.8778123154894764,0.23229077479990354,0.2425407807940914
Application_617376389,0.02290493434798113,0.20620047052449225,0.21166355205836054
Application_617431825,0.6868750593413644,0.41100428210716283,0.25237547549087486
Application_617539010,0.9488954379290936,0.17084210159548702,0.23416834031336725
Application_620336293,0.023565764473082704,0.08410995650598482,0.10086668261748018
Application_622068312,0.009210022392808662,0.753707132714009,0.01712186114639028
Application_622214446,0.041807823901919144,0.15396176554662885,0.19151449768706919
Application_622417263,0.8469588715643602,0.4062392412232684,0.25099468027732413
Application_622543878,0.86434418089143,0.3281837572637847,0.1939957992180612
Application_625101684,0.010751142977601196,0.7152536992193552,0.022354210730489002
Application_625857025,0.6618867562830643,0.2679340813113678,0.2786732963482791
Application_626884278,0.02823961901666349,0.30965246904897936,0.20872121088289386
Application_629693731,0.0337116519185577,0.1896336912417596,0.2686380797575532
Application_631716992,0.8459463345323615,0.37195912543203585,0.23104325969323306
Application_631740354,0.009312032133153587,0.7413119522227657,0.013215869815019656
Application_631788418,0.6058150844272578,0.5598702900318854,0.34026598742140723
Application_632866158,0.006186076430930421,0.731130737789695,0.01849687604320177
Application_632913675,0.022791153808582917,0.13873551196595868,0.1948917755184888
Application_633371797,0.005630894850931459,0.7348351290387496,0.015171417814028561
Application_633655173,0.026695136125699858,0.16802458358292457,0.271711015623675
Application_634353469,0.902003975404121,0.18202783045774062,0.24864888983282557
Application_634898760,0.040529127200763904,0.17186904958695923,0.1683880826435172
Application_635576510,0.023439811901054694,0.6037343549856888,0.18323634763696942
Application_637222323,0.798683447563526,0.28889983600973734,0.30060590659664466
Application_637297513,0.27635923940168816,0.37800898490230694,0.31723888650553633
Application_637712751,0.43444028372116755,0.35228839331613937,0.30110248133372974
Application_637748400,0.009787866707969573,0.7422296690168063,0.020628215896135255
Application_638041030,0.03135242558281771,0.14831283718227234,0.178301157859319
Application_639747826,0.8042906697606053,0.3458115928128188,0.31281445479619896
Application_63986078,0.8109931581081525,0.3358185546842606,0.22809666352176175
Application_640176586,0.8213640119970068,0.37096604173595726,0.2741031239603551
Application_641457453,0.06422362904320834,0.20991041570564034,0.23471458022027866
Application_642553020,0.6703320841235615,0.16715084958361429,0.15211849419595772
Application_642608905,0.03988328065562654,0.09023133473246225,0.24646174651929725
Application_643047755,0.00855170171581014,0.7155712202137784,0.020209202328791066
Application_644340095,0.03909306565264478,0.1187547818636425,0.2553025115640272
Application_644684670,0.04394706558991416,0.01649906045901517,0.08484947042298391
Application_645328035,0.7324204466794532,0.29979280865590263,0.28074157934110794
Application_646977549,,,
Application_653567105,0.533999115404691,0.4594772011196076,0.28436607745186393
Application_656903784,0.8586788864287135,0.2845658563058816,0.17785187491335325
Application_659941685,0.7990966109583039,0.33777773862667365,0.2574044428302283
Application_661370338,0.009444039227103658,0.7016568617644182,0.040694005968441305
Application_661982228,0.48970883561154555,0.4166095698900012,0.37675170024884563
Application_663134091,0.7923939307266541,0.17575696583481182,0.17839570324421905
Application_664337168,0.5065995240690228,0.31078028929406315,0.20601125432265072
Application_66451278,0.03439062389622533,0.09641261475512472,0.2914346726081784
Application_665637236,0.8692314955052346,0.4785849027650338,0.3046529386169851
Application_666250035,0.06954380011584403,0.18142236484543459,0.3268322234046747
Application_668072382,0.7829129544638321,0.39217055786471744,0.27195652862905034
Application_668326847,0.8050613536094435,0.3807438549049428,0.2960726334484911
Application_670470325,0.7724084549195274,0.36650669973166544,0.2956896932992396
Application_671264692,0.8038037269750639,0.4318448334077453,0.3056719335457315
Application_671639584,0.06631008484847661,0.15397454222118745,0.21819610208194257
Application_671953999,0.8659275032375242,0.43641625681623375,0.30137999245705976
Application_673160372,0.619485342138547,0.44920741573553796,0.3199938084156713
Application_673399253,0.09364109099868033,0.1549498376320103,0.11146889172304782
Application_676717540,0.6509561530669673,0.38358780343949195,0.2852353964693781
Application_676903448,0.05268479558248565,0.15665710868551613,0.22891871897643296
Application_677442195,0.006524678412463629,0.7270212678874908,0.021112226442076484
Application_679465044,0.9179000182023977,0.10375425830755353,0.14474035472220054
Application_680044383,0.13174329401007986,0.3979333496052635,0.1629914813399349
Application_680448181,0.795094271755243,0.3676082659598694,0.23486741144038611
Application_681649352,0.1657197369179668,0.14036705855813572,0.24007076933359964
Application_681711857,0.02390185841952725,0.22636900204215848,0.17904410214825547
Application_681746663,0.1109968683404188,0.11115943097388495,0.19176586815494123
Application_684221857,0.01140119065582391,0.7220427576212881,0.01694979220110223
Application_684289625,0.7651202602758878,0.40033055797769856,0.2789172895622357
Application_685130299,0.7726555256957587,0.37407759809205454,0.24042460741751973
Application_685452919,0.03866519507696408,0.1088857824747157,0.31302550700741233
Application_686829487,0.0476624838664946,0.10242512631000095,0.11661412383321251
Application_690024942,0.8610542446890962,0.3652852267985638,0.24066196280184168
Application_693050930,0.8805148703363612,0.11946440956207319,0.16747261336021757
Application_69370459,0.040488585417803966,0.24911062360412023,0.24530071000933013
Application_693955071,0.06911774403790259,0.12068198856740248,0.38115030131770705
Application_695381096,0.8027352015632919,0.3274741132142273,0.2877640696687105
Application_695960596,0.07859391651314197,0.20064322573193644,0.269935993061147
Application_697031349,0.8906741869153468,0.3312609378642691,0.22477746821270175
Application_697297022,0.04663126591285553,0.13740242431239208,0.2503098743655645
Application_697324457,0.03394353754098182,0.25682013789296937,0.1777895742548502
Application_69735407,0.029849684159134582,0.15677546372936624,0.2763238418892013
Application_699052493,0.2455654385334643,0.16549386247925965,0.2811237397382509
Application_704597830,0.08423826556722035,0.1633140226838864,0.31066134978743914
Application_70563300,0.03407418882734549,0.19761544900187814,0.22166718856874296
Application_70606235,0.068084852596201,0.1295529996922794,0.28584081297665537
Application_706198046,0.05603678662102573,0.16269604950586486,0.27326451556188436
Application_706504723,0.043994598428120334,0.15898453032581783,0.22450789617438255
Application_706607240,0.040616447677771984,0.1730060505500547,0.2573627329229103
Application_707770540,0.8877128958823346,0.16217939431293335,0.17882546391414172
Application_710720262,0.7750482565394654,0.32799053666619904,0.24742271098119417
Application_711124829,0.7341615719572236,0.39148013513577457,0.2615119396240184
Application_713675823,0.8318155094649632,0.11339120738716393,0.1579595604525532
Application_714768274,0.006684668015007964,0.728690128303467,0.016289047591416268
Application_717400110,0.7980451804476267,0.3698639699515086,0.28141981176436026
Application_717693758,0.030737174272468373,0.1285974747065493,0.2103368635520348
Application_718602557,0.289628829343348,0.3907311388239158,0.25987940117950287
Application_721895690,0.027610342715614085,0.10542782687959129,0.24391907982408886
Application_722212350,0.7726289777792161,0.39479628608929607,0.2475415759969217
Application_724415088,0.6353857889838749,0.3698132715544111,0.25239018991623713
Application_724859129,0.07306231538841942,0.25362425516599957,0.3289066627105653
Application_725542335,0.9177888644646567,0.2827449839051962,0.2700040252498321
Application_727229570,0.13842145662286215,0.18436595713848786,0.29560059702902725
Application_72874899,0.053826849825922445,0.09599145663591849,0.13274952640968474
Application_728981441,0.08331598257117477,0.22855557147369182,0.15533884159456912
Application_734009956,0.8944805596877837,0.2138931980687323,0.2375668406249044
Application_734030906,0.7232946456283185,0.376410488970063,0.240544921286861
Application_735837174,0.7129068483101363,0.37415655350421173,0.2284911972503112
Application_737324367,0.5170196227948173,0.3947857597067092,0.32511134841374956
Application_738077974,0.7417734519900288,0.4225503945422592,0.2880669341889091
Application_738276182,0.8643326092615252,0.45918635216593706,0.2971259975045627
Application_738335164,0.018264439546928312,0.15286976770544086,0.24499673255345525
Application_739325744,0.5902462729327556,0.21955180314269007,0.21081682106272062
Application_739670840,0.1543122850212232,0.11760356198167657,0.2610286456124798
Application_739726794,0.02848625313279075,0.6854806333536372,0.03157387415903624
Application_741297598,0.05585867663004161,0.18213026946374483,0.31136904266139726
Application_742173495,0.019538271688979886,0.11213619642435424,0.2547740106434347
Application_743200153,0.06500540389811316,0.23317006258341838,0.3351247925317022
Application_743474553,0.010749783767081878,0.1389054763561981,0.21612798780681325
Application_743594726,0.019207913941452586,0.12576556288489016,0.26656355238744156
Application_745883138,0.4864235454318634,0.38732275034710645,0.2822875924592461
Application_746403636,0.13189778876466612,0.1383963384245477,0.23061973012017659
Application_747812656,0.03799653011812039,0.1282355889442287,0.2671113785983488
Application_74864529,0.8578441754536581,0.11739318546440206,0.12916754249297527
Application_749027963,0.004976335902536915,0.7284944815736811,0.017957521094610723
Application_749860099,0.09976278635604194,0.26632075043606757,0.4290957792514584
Application_749923491,0.05073501358545217,0.1485245684761427,0.2384063669790949
Application_752373732,0.06087380183218865,0.10459825769267397,0.26889826352789986
Application_752995473,0.759099156521055,0.15800726537402235,0.1911604907279035
Application_753117730,0.0823772565010373,0.13660977579551012,0.30643856105226563
Application_755180147,0.5518072935554582,0.28410049352273775,0.254602529950916
Application_755318436,0.049556036289226446,0.15313478112411635,0.2886687051924756
Application_757113787,0.03986457626451702,0.7077503090549115,0.049481040113750936
Application_757682522,0.037177786265531344,0.1971369423730964,0.18007917208978172
Application_75877971,0.7116889930245691,0.3983490444810315,0.26642239798335654
Application_760288041,0.037243156960262605,0.0866877418927402,0.08269917334347256
Application_760306173,0.02367149356984317,0.040706955441295545,0.08150518852546741
Application_76083190,0.8980529944490434,0.21501096717917237,0.21381163602229158
Application_760841149,0.7430112311584325,0.2969208973599918,0.24775076068283525
Application_761083149,0.09049433622349924,0.1293684888153434,0.2685049741333565
Application_761503872,0.820931468135149,0.3728242976496182,0.2550862133057136
Application_762323305,0.8431924467835618,0.4156326215062882,0.2444156365610776
Application_763847627,0.7924793180795691,0.39822754008710404,0.29593776465226124
Application_763928658,0.7685286120483963,0.42898509120730144,0.31325754206439604
Application_764226645,0.5498237032704919,0.45943816729968684,0.19481566825603158
Application_765506387,0.03681468958580049,0.12080476948685931,0.2431252225427305
Application_765925420,0.00746075936137375,0.7398302803439945,0.016273050449531222
Application_767764149,0.12667628133825845,0.24080341282569112,0.19339278719328132
Application_768687683,0.03186959319924163,0.19354186174999155,0.2960876982362597
Application_768742802,0.6885512336010392,0.376410488970063,0.240544921286861
Application_770018911,0.5495365276117304,0.3651585585937655,0.3195882978029446
Application_771960759,0.06083071609056473,0.128345603336291,0.22775089587259345
Application_772130537,0.3896334952399014,0.3801592461135108,0.2582718192236077
Application_773698744,0.07429996829918051,0.11627182295568306,0.31453103577315683
Application_775396942,0.5107211467958916,0.3967935397660381,0.24455094043770925
Application_775422920,0.009417039965090008,0.7301371912616167,0.017947956590122757
Application_776250710,0.19240347989865586,0.39539787918344843,0.16103503653364054
Application_776477117,0.8864700307951893,0.18981165278676965,0.19494375028076769
Application_777232558,0.8623983701741591,0.4597242408841204,0.29423494689556445
Application_778555928,0.03426679209580495,0.13926529260449017,0.3089593014118098
Application_78032372,0.03152667697436254,0.27668644076506166,0.28024406088829723
Application_780791841,0.8093154529826952,0.14416816971251206,0.1960052539505445
Application_78080859,0.6124942455178263,0.3757746755610265,0.28131966989182
Application_781442980,0.09720990449036095,0.04593381786518863,0.2380214370190206
Application_781529602,0.05042528178684761,0.30817701349751486,0.2694462526849767
Application_782253363,0.030794265571653153,0.24584548657158234,0.27317829999955817
Application_782627639,0.43444028372116755,0.3719971057714854,0.3083416517619379
Application_784244379,0.0031901450279857597,0.7104843512381069,0.02159105489697061
Application_786731748,0.04283917057388598,0.061704267050718964,0.11404156518655421
Application_788699480,0.14828117120984602,0.12440267176539149,0.23062004995276508
Application_788925867,0.03512768653053728,0.19186724754979603,0.24981878812023198
Application_789108617,0.02697809143184151,0.2947088709379397,0.2570187959027445
Application_789334077,0.8164447419708217,0.16117603379742837,0.10749577783732739
Application_791089089,0.024023521858011963,0.1752651084341736,0.16794227789343324
Application_793038001,0.8801048724994824,0.3331482903715449,0.2111837181105726
Application_793873060,0.6207834863514314,0.16266350938402152,0.14618504870849963
Application_793997351,0.026246566878545815,0.5883701653033172,0.17915284420541058
Application_794504760,0.00814795191562942,0.746452114675831,0.015604437981685391
Application_795733035,0.7519408809542336,0.3540825670493495,0.23398335619030483
Application_795804396,0.8955739814235586,0.41631502734916853,0.27949126998475166
Application_79681847,0.04537839284248887,0.2592067669470506,0.20714558794076063
Application_797190984,0.04099448598287869,0.15933831861498754,0.26520939077042577
Application_797995929,0.03920117793039124,0.1898244837437864,0.23543777129877594
Application_798496213,0.5211273471888025,0.3455594688146388,0.34614778628110326
Application_798879962,0.019701050872827756,0.19322290635409062,0.2007405389656959
Application_802752710,0.6195256471078286,0.2951160003398735,0.2544535706529716
Application_80286962,0.0319890431850019,0.7215076358030865,0.03350782427294274
Application_80298426,0.8882558846240456,0.2487390569069128,0.2497010836527881
Application_804273159,0.04391561404969902,0.1565413540105509,0.2466669977219725
Application_804644820,0.049369647482874646,0.7172061948493064,0.02164986024562645
Application_805828914,0.04125865362951695,0.17346844256683025,0.24165237116687432
Application_808224273,0.7634625327460987,0.4070674167133187,0.2493202611794078
Application_80850284,0.39658402194738307,0.2650759619202359,0.11353929750266002
Application_810658733,0.0423271170614127,0.261181901267438,0.2914665869061188
Application_810901066,0.8362823400030109,0.3971532370380967,0.24981563860326733
Application_811679621,0.09235151502606923,0.2260326505309767,0.30493822487636224
Application_811825935,0.03341854116421009,0.05203259984553671,0.12550427203712222
Application_81196974,0.042801709579241246,0.1415833633169013,0.2909564348439481
Application_812842800,0.015998851228675896,0.035837951539755886,0.09957397433531202
Application_815196626,0.8944322299843954,0.16761322768307801,0.15964974937558335
Application_815439845,0.777663314347404,0.1619495452009337,0.18231845784427272
Application_817528841,0.021009840373623082,0.08997177757693131,0.10704640622890549
Application_818535320,0.009286231273109655,0.7101938199035062,0.018669590715026958
Application_820509737,0.6826932401218226,0.3868391049056163,0.2806972372159547
Application_821026605,0.033069132825505776,0.05543464322618269,0.08056051473901515
Application_82106546,0.7768576419727778,0.3908405231880886,0.2452046606201926
Application_821402088,0.31613889670117135,0.4885493100939845,0.1811002314844389
Application_822332970,0.6977629570659053,0.3794139682804538,0.23492073369231845
Application_823313933,0.6965136152283011,0.35254287491308284,0.2397590700263094
Application_823561619,0.049887993308825894,0.2139949982827158,0.16935493062719348
Application_823830081,0.7448523145694885,0.4467891692851776,0.2892043383034922
Application_824575725,0.008191205284239696,0.7345943514942568,0.02364789877167299
Application_825284974,0.01421111314027224,0.7285048029146908,0.03925219779017176
Application_8255496,0.04313454623982024,0.1473470289451146,0.2812794429525164
Application_828330778,0.7696823342066419,0.1505209696630339,0.17701446676873223
Application_828739470,0.009438852636333001,0.751410977405029,0.018429724080809857
Application_830101215,0.3976916689900235,0.3067018473915821,0.2108854662946211
Application_831992514,0.8585235328246301,0.3372168363399717,0.28928471747652795
Application_832770467,0.7237198817202858,0.16301945337889925,0.14854187278908565
Application_833399908,0.050764022730964954,0.13744934489304908,0.18434738822807104
Application_835024653,0.034405713817528966,0.18289146612644683,0.29150758030508733
Application_835755263,0.050627830570983606,0.12034498151762427,0.2791897389128917
Application_836841943,0.10761341854788146,0.22975639234576428,0.29313730200272536
Application_836856058,0.02280859341765664,0.15526617978218715,0.17219827036791177
Application_838884307,0.9072405159815359,0.11299371200243605,0.11793586044149203
Application_839952915,0.9199217297080637,0.15915941024478994,0.2276869763350124
Application_8404955,0.16005077860011072,0.009124573021430327,0.055324955836240884
Application_841240578,0.1379073458038671,0.39607036106639615,0.1660380997865016
Application_84195997,0.009066896545566304,0.729643716906005,0.017157554458091334
Application_842022801,0.8367097187019018,0.3668617037776042,0.2377000067592524
Application_844514474,0.03835220082392233,0.7285964493810855,0.028915427895129898
Application_844831749,0.005840799054615352,0.7364678285412707,0.0201948016236769
Application_84533120,0.03646959149075108,0.16393731118608718,0.22918865140652517
Application_846209494,0.7548172306206545,0.1313383966034332,0.13968274214121335
Application_8497910,0.026587532830496363,0.7209979140688634,0.03361256082888077
Application_851895556,0.41343355217750083,0.25987142615495606,0.20187657268967235
Application_852183469,0.7997861674545785,0.36630438304176005,0.2851818949393081
Application_852716835,0.5645210319242993,0.5043774176105106,0.3421700128886596
Application_854280555,0.2614957749437567,0.3578864584924969,0.1815500175477997
Application_85502316,0.05662882899107034,0.15546266155659555,0.3467818541176608
Application_855239950,0.04129007514115336,0.1728056914668523,0.2524026759932809
Application_855901489,0.0062497016248299845,0.7407381027261084,0.025801836189607547
Application_856935152,0.05093149064336415,0.12473941371559233,0.19720437192392326
Application_858239432,0.458845386537076,0.39058502032919395,0.30159797207274697
Application_858754330,0.7473421256526549,0.3667089293746395,0.2590780681841988
Application_858789639,0.040175828777700484,0.5752561066683841,0.17048544308535987
Application_858881040,0.05607182397045855,0.10478674635280166,0.25420486313715496
Application_859428294,0.0625779592851268,0.1901789043368567,0.25047368330770986
Application_861069239,0.7417356488027139,0.35255030282988137,0.23382466957748363
Application_864148389,0.039588167814725635,0.14281889060989394,0.3728473527155353
Application_866486447,0.8487901109104217,0.14240463735395892,0.15571941286751814
Application_866670658,0.05408214068545581,0.1559973991499991,0.29760269393171823
Application_867400149,0.8003199624998318,0.45531717700490537,0.3055608360072902
Application_867435788,0.8567346030975747,0.32664420337279415,0.21648099607613855
Application_86905976,0.003660612529110173,0.6893639409897365,0.028800990389147595
Application_869335382,0.9399002412388345,0.202995951148092,0.25206185421436217
Application_872415486,0.05429993573118123,0.1633012953246936,0.30481478665131945
Application_874039168,0.01090428081695777,0.764692029301752,0.029592829294122908
Application_875614911,0.8307488581396271,0.39778327399874913,0.2540459193074299
Application_876077850,0.46420447180944446,0.281087918391017,0.2608064111221148
Application_87659628,0.053036022242007805,0.2342760013168369,0.2550021566038717
Application_876712087,0.02189357889999789,0.1690443958234735,0.18480749603741292
Application_877522071,0.9104101706670253,0.10731507698045617,0.11786901760444633
Application_877772414,0.21131143474710498,0.10273725479223605,0.2671924564901626
Application_879553786,0.025997387568433988,0.7418955125102672,0.10805898647120973
Application_884271564,0.039511506832023244,0.11218234352265269,0.11947221370414103
Application_884403770,0.03372726097757404,0.1443732601842832,0.2884536989655012
Application_885012170,0.08543630179345862,0.1615483605068339,0.31124095628947646
Application_885372391,0.131444098154814,0.5479897253953198,0.13141915574599553
Application_88952849,0.9010294514280985,0.32040938525341683,0.22391244400538882
Application_890075702,0.0718595208487204,0.09700924068805733,0.29785921662934595
Application_89083515,0.7472522185198283,0.3757116438887478,0.2581918404381286
Application_890963278,0.81705773744689,0.35269233613186945,0.21746142875244093
Application_892427793,0.03734707038792435,0.19490567334305592,0.23678466502862636
Application_894204901,0.023672466566103903,0.0595178370296609,0.09418013271641665
Application_894382241,0.04758676915365572,0.11037576688108658,0.1259958328011557
Application_897350750,0.6889956136511406,0.3895755323506047,0.2786162688811956
Application_900844990,0.01762603797060988,0.1527212231797027,0.17070032601015941
Application_903799216,0.035513941334524506,0.13357686183162396,0.3012535550105237
Application_904093739,0.04525194265804301,0.08965534806699782,0.27999201312886735
Application_905082437,0.012244528894419187,0.7376853756117114,0.013733527248908165
Application_905858527,0.05124161424218924,0.1646047153745593,0.29304846441139043
Application_90621717,0.8171004957152802,0.3308712383469424,0.29881534589369885
Application_906296960,0.6346082230761569,0.5085723508558964,0.3398194958463223
Application_907136885,0.01732250311444546,0.113942408413303,0.2559698123072836
Application_907309048,0.07961798034499792,0.21422019476759602,0.2062635073760505
Application_907359229,0.03648607281118423,0.16782868534434442,0.2508364686929343
Application_908012089,0.04890117355848789,0.2836747508800276,0.194967152386816
Application_910003252,0.7300311882121578,0.3972107150615366,0.2940448339357581
Application_910353899,0.7949602123451228,0.35890298028819834,0.24725167807940143
Application_913122133,0.06475267681763495,0.09750311242650858,0.29979718527105903
Application_914673270,0.05247821793552559,0.18797977089684642,0.16655120047367053
Application_917308364,0.43308282723491276,0.33887694302106364,0.28522067147898383
Application_918572133,0.712478914442698,0.3375315092225743,0.27641256982664697
Application_918963277,0.8143494442177477,0.2900648554704871,0.21778442077974566
Application_918979468,0.12705468427846253,0.396886039100268,0.15698516916447136
Application_919959748,0.8622778276724065,0.13494996610631554,0.20885961382959187
Application_92009906,0.0226847480979924,0.13163891027149754,0.17055107076506767
Application_92081663,0.8632106097198865,0.15121285095824194,0.18805942769131118
Application_920967125,0.9388686085172909,0.2889290129141956,0.2860580782137038
Application_922011706,0.7810661426215836,0.34887216201320037,0.1911858101383066
Application_923730558,0.07741420073629801,0.17661572218314214,0.30267661099418863
Application_926052296,0.06900595196147143,0.1638104337025271,0.3057106835850286
Application_926094669,0.07169146409751075,0.09506413933082081,0.1402461988573411
Application_92624898,0.08732399633393985,0.08240480030246897,0.14717335132297882
Application_929015547,0.03068248576073673,0.1588612274728995,0.17282039380048636
Application_92984842,0.011858595653999876,0.7210294691447909,0.017875013911852238
Application_929931999,0.8238929922573416,0.41712844869050336,0.2632327067071246
Application_932158358,0.04419230085349966,0.036680679447817,0.08912458071900568
Application_933464832,0.05512319984736303,0.20306438770047125,0.24137087186627165
Application_933548333,0.02297748771893342,0.20818102663774338,0.21690782473602865
Application_936141381,0.03144803502849064,0.12812254321312416,0.19363846818556973
Application_936279128,0.827612219775409,0.349941660213637,0.28258539982507624
Application_938318297,,,
Application_940496739,0.8167111551516342,0.34919773132361,0.28710455113862543
Application_940705047,0.006976476705771231,0.7450637972675704,0.01496685131666926
Application_94127270,0.007472897141540843,0.7165260743849547,0.02952997363655972
Application_942057035,0.01589404856328456,0.7335186336152398,0.021180333342953033
Application_94215,0.8332210614316189,0.2855327151058629,0.2230477088719964
Application_943827704,0.04125791077600967,0.17141174540849544,0.2735085762330692
Application_943868855,0.8994910462320269,0.15344234493390374,0.16446388090249717
Application_944654361,0.04373356513230003,0.12237874401835577,0.3062728855506046
Application_945696184,0.03521909697512002,0.12934976127457912,0.27752984951092124
Application_946739824,0.778875020108931,0.3930890881195217,0.2500020895234432
Application_946802204,0.05807068541018088,0.17057598324236278,0.24782153988717887
Application_946845929,0.054166444934679384,0.20975604251887653,0.1833108893425767
Application_946851059,0.0574510818646715,0.15889521031153192,0.25645092332625163
Application_948141705,0.05918929134455399,0.03990828671075014,0.08061440848415043
Application_949156991,0.8196350349098789,0.176181222449592,0.14720938265344716
Application_951361217,0.7542566808219342,0.41401632185169446,0.28395081422833696
Application_951427056,0.037763303634193585,0.16531392341631299,0.16582934547751024
Application_952114406,0.7373114278767415,0.3825312502287068,0.2578475794610234
Application_95311556,0.7307032108801832,0.3885310239561164,0.2722699885536355
Application_953179282,0.08378781223549026,0.2172091783847514,0.2727590839172413
Application_95477936,0.899985554257627,0.16794511378910942,0.17370228321045153
Application_955811445,0.870009183379382,0.16995928177365607,0.16466719730769294
Application_956764835,0.8690117902218264,0.15609077270430902,0.22543089804459437
Application_957614949,0.8776728045337248,0.21581506660217226,0.24483843481869966
Application_957947349,0.08054618681974796,0.17651699562784845,0.3271073452567786
Application_957957984,0.07517769493574027,0.21057874610952523,0.26347904501266606
Application_958218647,0.020200421741059165,0.1611449586083346,0.20039167588541432
Application_962920598,0.07507543728428277,0.1455964690508219,0.33486465839670415
Application_963564266,0.0770145552506515,0.165871841859252,0.2933064771956759
Application_964208437,0.872697637093024,0.1145341994584749,0.20458771869708547
Application_964309178,0.04009250773669615,0.2409828811693835,0.27868721744195574
Application_9650923,0.017705621715721008,0.730008014085672,0.02107541632977736
Application_965842748,0.05895532732058687,0.23074551000282842,0.3386723846646182
Application_966891264,0.03901199275308753,0.14509767715691485,0.27148369419212987
Application_96732613,0.7774852652576199,0.42160652016523037,0.23942169498149216
Application_970357595,0.07238612682057134,0.21794355186552306,0.2670244945571614
Application_971594478,0.7919184347244471,0.35549702153777035,0.23668231679709031
Application_972388617,0.007760939219006832,0.7305519400345215,0.015315746621480619
Application_972407424,0.13659636518979157,0.12249232454005321,0.34921114654494245
Application_972486124,0.8328063603468464,0.32731799138331197,0.20779538452281698
Application_973075457,0.028010442470807514,0.14634257452689872,0.1996141297484204
Application_973398039,0.7030980760213795,0.30919136552464227,0.32209274570224183
Application_974380976,0.7624616835769891,0.38681350076400484,0.2919518107437062
Application_974485148,0.008857923963605586,0.7419174772334666,0.017050702671078843
Application_97480244,0.07612581599583647,0.1455964690508219,0.33486465839670415
Application_976227600,0.03278404412496517,0.1419195663240721,0.3004107995396041
Application_976453500,0.06742807659246015,0.10529295578831835,0.31523507861483013
Application_977273044,0.05585521951176134,0.1790286986888066,0.25166229968794224
Application_978274104,0.038238620161016326,0.6949475574218107,0.02726261981341878
Application_978279321,0.5177924197003426,0.1099611473504497,0.1417590131428314
Application_978787861,0.3148891586079202,0.5985134414066922,0.16144637912357568
Application_981954059,0.8294392003578356,0.3520410878474617,0.2617262873340372
Application_983083464,0.8126663562088093,0.06414289176799975,0.11607293256922631
Application_983620351,0.03330284426198115,0.17585185425495586,0.24163149047989116
Application_989692273,0.08652988770553946,0.1736749511374827,0.264452545897996
Application_99096400,0.44087078800338614,0.3546095917167725,0.2756545022787261
Application_991116281,0.778489244467767,0.30457001057190486,0.2614764130742551
Application_993130220,0.021748228155592058,0.07438535436250182,0.22309807952479593
Application_993701683,0.043202090183433205,0.1633082211062821,0.26202412834873007
Application_994101872,0.09371501594874602,0.14514611227649551,0.1935945002030011
Application_995124359,0.019458043375322292,0.3273791900426488,0.22268732262672486
Application_995537269,0.005041926584856478,0.7231078984507533,0.020093783942773103
Application_99697167,0.008361231770391596,0.7296352466699919,0.016676486888373743
Application_997205131,0.081789581327161,0.1809725886267426,0.1954181867726338
Application_997240244,0.8004576690503021,0.3978913477840223,0.2513636087874701
Application_997592088,0.02297038244213452,0.2493505411756026,0.18407711645104527
Application_998522150,0.1573858968880643,0.07672025711734648,0.22047421182498206
Application_998666405,0.6346483313691514,0.46892690628832967,0.3124923334167445
Application_998908852,0.1525002726347268,0.13555861486093362,0.2756381868938596
