case:concept:name,pred_outcome,pred_sigmoid_mm_time,pred_uncertainty,prob_outcome_better,prob_time_better,status
Application_1003444518,,,,,,ok
Application_1004385970,0.8135581048187066,0.40940255641796275,0.25705865511401704,1.0,1.0,ok
Application_1006138809,,,,,,ok
Application_1008663678,,,,,,ok
Application_1012600292,0.8893638785103187,0.43239849143371434,0.25235153110782244,1.0,1.0,ok
Application_101285063,0.5737097759632,0.425686002695249,0.2562779546468918,1.0,1.0,ok
Application_1013192848,,,,,,ok
Application_1016792765,0.8236235691119549,0.4274111124259206,0.25015201073417836,1.0,1.0,ok
Application_1018266027,0.8985874192163567,0.4132894924801057,0.25404282396535827,1.0,1.0,ok
Application_1018276550,0.9627346005225181,0.42303900489066465,0.24050411361279148,1.0,1.0,ok
Application_101973919,,,,,,no_confident_recommendation
Application_1020696982,0.8847668515795013,0.4161215751418199,0.2561151043332909,1.0,1.0,ok
Application_1020792873,0.7340497824773069,0.4516950602065628,0.24405828959114056,1.0,1.0,ok
Application_1020819842,,,,,,ok
Application_1022084723,0.8905662754791898,0.42640456639881047,0.24015256264287982,1.0,1.0,ok
Application_1023037940,0.7924536235868065,0.41063552489075306,0.2460257112239237,1.0,1.0,ok
Application_102597720,0.9185503702032607,0.177818758468339,0.213852522029115,1.0,0.5,ok
Application_1026777184,0.7839386878722163,0.41812044592555636,0.26008888288598053,1.0,1.0,ok
Application_1027449105,0.7936800055856404,0.3856874099663502,0.24799444549122152,1.0,1.0,ok
Application_1027859705,0.9164329505650781,0.3240101831933567,0.2802522417514351,1.0,1.0,ok
Application_1028665365,,,,,,ok
Application_1029674102,0.9077177694579576,0.4159320286224964,0.24942721978118526,1.0,1.0,ok
Application_102977791,,,,,,ok
Application_1031465496,0.8614071016715227,0.4686131807411372,0.24737741409350086,1.0,1.0,ok
Application_1032862024,,,,,,ok
Application_1033036371,,,,,,ok
Application_1033306842,0.8863136948445753,0.4502562116337779,0.25344598840647925,1.0,1.0,ok
Application_1033574302,0.6851779172360063,0.4549796566514666,0.2540156896744092,1.0,1.0,ok
Application_1034775753,0.5081409746219019,0.4138342210668421,0.25555930976645935,1.0,1.0,ok
Application_1035618893,0.8249798906266531,0.4624329126673176,0.2563148470018071,1.0,1.0,ok
Application_1037771791,0.8183768388560037,0.4650196579997151,0.26464991157373613,1.0,1.0,ok
Application_1038302868,0.8501588372410201,0.41570150650781545,0.2571880103970694,1.0,1.0,ok
Application_1038660996,0.7212368138229068,0.46943272816592624,0.2662850797539009,1.0,1.0,ok
Application_1039200421,,,,,,ok
Application_104061665,0.8324148112127169,0.4364234428325101,0.24565359417758387,1.0,1.0,ok
Application_1041438098,,,,,,no_confident_recommendation
Application_104406636,0.8724206221085004,0.39816075491991754,0.2459110594154728,1.0,1.0,ok
Application_1046222107,0.8026851216175401,0.41554433457143325,0.2539715340932804,1.0,1.0,ok
Application_1046524820,,,,,,ok
Application_1048834285,0.8554321090686906,0.3804048468998028,0.25568658616232903,1.0,1.0,ok
Application_104922918,0.8705470474110022,0.41764207014513444,0.25406718900142206,1.0,1.0,ok
Application_1050938301,,,,,,ok
Application_105434976,0.7282511197492837,0.43381873169441326,0.2623371093215044,1.0,1.0,ok
Application_1054777483,,,,,,ok
Application_1056831748,,,,,,no_confident_recommendation
Application_1057881509,0.893060796153682,0.42906407384957185,0.23721548295053432,1.0,1.0,ok
Application_105906022,,,,,,ok
Application_1064102675,,,,,,ok
Application_1065401414,0.8279826559830693,0.46777472478245663,0.25697677531794383,1.0,1.0,ok
Application_1069486579,0.8915567956472903,0.48112753269467345,0.28102349751017675,1.0,1.0,ok
Application_1069511528,0.7435545251493021,0.43104426378983557,0.2546725618191117,1.0,1.0,ok
Application_107048111,0.8868695691324637,0.45435833928502267,0.26170558364272,1.0,1.0,ok
Application_1070499420,0.9089565556813395,0.42924887698521996,0.2365472208970852,1.0,1.0,ok
Application_1071392906,0.9083354431916063,0.4347516025460929,0.26400390570289484,1.0,1.0,ok
Application_1072302976,0.8596270375521191,0.43104426378983557,0.2546725618191117,1.0,1.0,ok
Application_1072740747,,,,,,ok
Application_1073143855,,,,,,ok
Application_1076592180,,,,,,ok
Application_1077139293,0.7475793287576682,0.45556950364930016,0.2679605299178215,1.0,1.0,ok
Application_1079472664,0.46695462067924554,0.41063640724103967,0.2543401266084756,1.0,1.0,ok
Application_1079589,0.8181667390885163,0.42278788708550064,0.24083292280243845,1.0,1.0,ok
Application_1081153991,0.7321349178735232,0.4452626651199041,0.25772144494024335,1.0,1.0,ok
Application_1082188204,0.8933173503731973,0.12997867169002375,0.17378301775291594,0.6,1.0,ok
Application_1083885618,0.8447506906691589,0.43865845319200947,0.2578670886687196,1.0,1.0,ok
Application_1084197155,0.7522058213052428,0.4509650784382977,0.26778739445111815,1.0,1.0,ok
Application_1084809711,0.841953115688035,0.4122265080617857,0.25510607293929866,1.0,1.0,ok
Application_1084951999,0.6452534389883372,0.43263330459030236,0.23741927107943364,1.0,1.0,ok
Application_1085916302,0.8920988999302594,0.41645535569591124,0.2430670356566254,1.0,1.0,ok
Application_1086189813,0.865320633377764,0.42291721826345585,0.2413612431389939,1.0,1.0,ok
Application_1086358390,0.9101896137829288,0.4124550375016983,0.23377286446103943,1.0,1.0,ok
Application_1087895834,0.8181569052727906,0.43742153190435024,0.26266410443069443,1.0,1.0,ok
Application_1088555315,,,,,,ok
Application_1089290640,0.8841561284724193,0.4336825379068016,0.2537088094771244,1.0,1.0,ok
Application_1090974006,0.8517854538825185,0.18727634546919467,0.21571350209970605,1.0,0.5,ok
Application_1091454310,,,,,,ok
Application_1092109071,,,,,,ok
Application_1092918410,0.9050427357914954,0.4131303721850818,0.25554548681811134,1.0,1.0,ok
Application_1095263419,0.865607950976844,0.39816075491991754,0.2459110594154728,1.0,1.0,ok
Application_1096081779,0.96524114659299,0.4217858664749154,0.2395239797298128,1.0,1.0,ok
Application_109628015,,,,,,ok
Application_1096460123,0.7874778774232286,0.47536357883077507,0.2536799031532274,1.0,1.0,ok
Application_1096932592,,,,,,ok
Application_109718783,0.8365245865816902,0.448015969189102,0.2416466492700234,1.0,1.0,ok
Application_109912668,0.8255057354457385,0.4218550282563013,0.24049945275035944,1.0,1.0,ok
Application_1099430757,,,,,,ok
Application_1099493178,0.7262364108470232,0.40907024794807817,0.2536885152460276,1.0,1.0,ok
Application_1099663893,0.779722243792961,0.5111725781005798,0.2892063203472603,1.0,1.0,ok
Application_1100253381,0.8943081626364644,0.42924887698521996,0.2365472208970852,1.0,1.0,ok
Application_1101636672,0.911814136371969,0.4281500511556506,0.2519711357387185,1.0,1.0,ok
Application_1102148836,0.8393592738559851,0.41644961694705485,0.2589034481525823,1.0,1.0,ok
Application_1102289179,0.8392576391081252,0.4465088047165512,0.2529735921878194,1.0,1.0,ok
Application_110355063,0.7721723521853221,0.4111508499726657,0.2563000889595892,1.0,1.0,ok
Application_1103698005,,,,,,no_confident_recommendation
Application_1104110439,0.4838063735156364,0.4169996445068132,0.2582611301998459,1.0,1.0,ok
Application_1104349279,0.8751100504495739,0.44446468469505296,0.25873189952196834,1.0,1.0,ok
Application_1104697616,0.9437688224830763,0.4357559313137208,0.24802072881585488,1.0,1.0,ok
Application_1104784494,0.9176049938771905,0.4542247603003278,0.25525444779721235,1.0,1.0,ok
Application_1104839673,,,,,,ok
Application_1106610804,0.933159000465088,0.39740272539635185,0.241178637930988,1.0,1.0,ok
Application_1107513596,0.8723684059001322,0.4239769102558422,0.2435720450804166,1.0,1.0,ok
Application_1107974200,,,,,,ok
Application_1108410496,0.7125115125265145,0.4138519160095823,0.2595522418467875,1.0,1.0,ok
Application_1108553853,0.7829201665448867,0.42422636256764357,0.24382855090238728,1.0,1.0,ok
Application_1109500523,0.7924549584952464,0.41652854078196133,0.2587920318874583,1.0,1.0,ok
Application_1109722425,0.8375063540324774,0.4103323266792211,0.25872227445250495,1.0,1.0,ok
Application_1110003824,,,,,,ok
Application_1110334222,0.6801976048215452,0.4043749025640935,0.25404961568386114,1.0,1.0,ok
Application_1110847631,0.8566708048084465,0.4354689853465398,0.2491957506642054,1.0,1.0,ok
Application_1112791540,,,,,,ok
Application_1114627184,,,,,,ok
Application_1115275695,,,,,,ok
Application_111536511,0.8312475206440902,0.4512184177410613,0.2599960499870955,1.0,1.0,ok
Application_1116596448,,,,,,ok
Application_1116878017,0.8664801423506355,0.452143094241234,0.2530314237004045,1.0,1.0,ok
Application_1118317851,0.7896838170218025,0.44326975504905414,0.24968181189509875,1.0,1.0,ok
Application_1118691851,0.9020252135775301,0.4117749193276401,0.2508701370377698,1.0,1.0,ok
Application_1118794258,0.9296371010765361,0.41631966952237437,0.23059197884426105,1.0,1.0,ok
Application_1119128567,0.7404221732880629,0.40741357391917044,0.25830788808233757,1.0,1.0,ok
Application_1119346613,0.8733832415590677,0.42617396672617874,0.24088102692207922,1.0,1.0,ok
Application_1119704576,,,,,,ok
Application_1120624192,0.7956682999865884,0.4229080831558266,0.24804936289565535,1.0,1.0,ok
Application_1121095468,0.931910778432448,0.4003419635683785,0.24785988692098185,1.0,1.0,ok
Application_112299550,0.4256972430785623,0.42629780578875937,0.25480779213585264,1.0,1.0,ok
Application_1123320394,0.9314187267067693,0.4217858664749154,0.2395239797298128,1.0,1.0,ok
Application_1123432099,0.8256339597142851,0.4146638399276692,0.24124164356913408,1.0,1.0,ok
Application_1123655418,0.877518557988357,0.3388113435291081,0.2756769169884961,1.0,1.0,ok
Application_1124789802,0.8825807982167313,0.4296443565633952,0.2606485523245406,1.0,1.0,ok
Application_1125229039,,,,,,no_confident_recommendation
Application_1125299308,,,,,,ok
Application_1131812437,,,,,,no_confident_recommendation
Application_1131974200,0.80108584842654,0.4752196780135165,0.2832552377711112,1.0,1.0,ok
Application_1132898010,0.8562646877028899,0.43077564421504555,0.2494178917799051,1.0,1.0,ok
Application_1133826059,,,,,,ok
Application_113474586,0.8935173371525336,0.4649279390908463,0.2645199940743867,1.0,1.0,ok
Application_1136138244,0.8540156536154817,0.4779285208364664,0.28677087095237225,1.0,1.0,ok
Application_1136188668,0.8404095363090375,0.43546797333887877,0.2539203758392119,1.0,1.0,ok
Application_1136782466,,,,,,no_confident_recommendation
Application_1136942310,,,,,,ok
Application_1138343850,0.907911095404337,0.41192548904046633,0.25256705737995777,1.0,1.0,ok
Application_1138441532,,,,,,ok
Application_1138682900,,,,,,ok
Application_1139095492,,,,,,ok
Application_1140000103,0.7982622336692226,0.41417232065795506,0.24273532143937818,1.0,1.0,ok
Application_1140214785,0.8819013967011264,0.41329463366155955,0.232992858776436,1.0,1.0,ok
Application_1140934167,0.6380868460999414,0.46705050704753087,0.24767113002147786,1.0,1.0,ok
Application_1141437569,,,,,,ok
Application_1141800606,,,,,,ok
Application_1142291922,0.9053728873337187,0.4230568741997768,0.23267594512770604,1.0,1.0,ok
Application_1143452352,,,,,,ok
Application_1143725882,0.8794310358703731,0.43444070663413925,0.24196741771372346,1.0,1.0,ok
Application_1143749034,0.7290547816747875,0.5240475922583213,0.3016782527630462,1.0,1.0,ok
Application_1144806380,,,,,,ok
Application_1145195394,0.7099108952974814,0.40092520505946067,0.25146172648525844,1.0,1.0,ok
Application_11454632,0.8967308243933338,0.41233084100211226,0.24883601802105446,1.0,1.0,ok
Application_114551747,,,,,,ok
Application_1145960664,0.7679058269855743,0.409197571470653,0.25184615759392737,1.0,1.0,ok
Application_1146017257,0.9396643980150888,0.4488513217589558,0.2520436401645469,1.0,1.0,ok
Application_1146390793,,,,,,no_confident_recommendation
Application_114677449,0.8759908821736675,0.44341735742625,0.2597219557497781,1.0,1.0,ok
Application_1147242139,0.7895591658353451,0.42538604497154975,0.24500580088486879,1.0,1.0,ok
Application_1147800670,0.8848141125766508,0.1644784214906599,0.18821926044674506,0.6,1.0,ok
Application_1148505526,0.5768782613942463,0.4107871928574167,0.25517315261688445,1.0,1.0,ok
Application_1149826505,0.8689157892980984,0.4094648360970625,0.25362108626696706,1.0,1.0,ok
Application_1149882287,,,,,,ok
Application_1151306652,0.6691167993994726,0.41798951619683644,0.2565529266467189,1.0,1.0,ok
Application_1151718196,0.8556935778435477,0.1712324777675619,0.20453991999236376,1.0,0.5,ok
Application_1152706558,0.8501192808508101,0.4151830365906104,0.24075058489974277,1.0,1.0,ok
Application_1153327019,,,,,,ok
Application_1153332543,0.9202544573371381,0.3814859938062335,0.23728350489069702,1.0,1.0,ok
Application_115387399,0.8092589427316539,0.4546078209342368,0.2572431207975673,1.0,1.0,ok
Application_1154947942,,,,,,ok
Application_1155624509,0.9790756087099092,0.15244137743752822,0.18802859957217283,1.0,1.0,ok
Application_1156380786,0.8736326522903299,0.46176939329723365,0.25384111834776124,1.0,1.0,ok
Application_1157095713,0.9265018511840768,0.3289291554746747,0.2694981878584942,1.0,1.0,ok
Application_1157455039,,,,,,ok
Application_1160716330,0.8297821913212061,0.4444200473537404,0.24567209601740628,1.0,1.0,ok
Application_1164107164,,,,,,ok
Application_116887817,0.9800722721183204,0.4099067117216233,0.23142855534387827,1.0,1.0,ok
Application_1171197563,,,,,,ok
Application_1172008352,,,,,,ok
Application_1173149180,0.3903724214539389,0.4120206157867803,0.2328182447482374,1.0,1.0,ok
Application_1173289988,0.6296886171934472,0.4150892983138551,0.255175679259069,1.0,1.0,ok
Application_1173481848,,,,,,ok
Application_1174114825,0.9135886052540858,0.4151602389162684,0.23635969267550505,1.0,1.0,ok
Application_1175285346,,,,,,ok
Application_1175418215,,,,,,ok
Application_117660615,0.8547980331109144,0.4280649660886765,0.24484070638502115,1.0,1.0,ok
Application_11773925,,,,,,no_confident_recommendation
Application_118076535,0.7854201767712551,0.4162988306348353,0.26021417505149647,1.0,1.0,ok
Application_1180779910,0.8637981973259792,0.41648412254127365,0.2597877771241815,1.0,1.0,ok
Application_1182794641,,,,,,ok
Application_1183136852,0.8947190707800672,0.4243968190197232,0.24415623939987688,1.0,1.0,ok
Application_1183476189,0.8414449650701493,0.4071086212164703,0.25266045060311443,1.0,1.0,ok
Application_1183534481,0.9313153923801176,0.4209461095198394,0.23995959838622985,1.0,1.0,ok
Application_1183954314,0.8828640855768286,0.42883177183878257,0.24645037760696256,1.0,1.0,ok
Application_1184253258,0.6725567086243904,0.4491014542512118,0.2689289801697583,1.0,1.0,ok
Application_1185560776,,,,,,ok
Application_1186011075,,,,,,ok
Application_1187770735,,,,,,ok
Application_1189444299,0.8981486330360146,0.43309470807978057,0.25236833151489646,1.0,1.0,ok
Application_1189871359,0.9268165533564623,0.4281500511556506,0.2519711357387185,1.0,1.0,ok
Application_1192817854,0.4753182626768817,0.4162988306348353,0.26021417505149647,1.0,1.0,ok
Application_1193407725,0.7276660153721666,0.4395359116809428,0.23213030249469357,1.0,1.0,ok
Application_1194573334,0.895318044829257,0.15682021696764742,0.1887986172400241,0.8,1.0,ok
Application_1196211316,0.9453424351869247,0.4039823604563728,0.19395475482119567,1.0,1.0,ok
Application_1200105859,0.975416682864498,0.4414599904111924,0.25707588410317445,1.0,1.0,ok
Application_1201250492,0.8527678511157964,0.4200076060952326,0.2536872269227824,1.0,1.0,ok
Application_1201267547,0.659789982358018,0.42492677303264326,0.24465401566837433,1.0,1.0,ok
Application_1202440901,0.5935155091468646,0.4395357858931762,0.22883432306279122,1.0,1.0,ok
Application_1203000059,,,,,,ok
Application_120400056,0.9191786703264979,0.10713488815036062,0.13906150481741975,1.0,1.0,ok
Application_1205027125,0.8876102280422055,0.40967230076910266,0.2562658945982203,1.0,1.0,ok
Application_1205291296,0.9465583443642229,0.4496054967980891,0.2686806475358356,1.0,1.0,ok
Application_1207519267,0.7724964372852625,0.4118356364776593,0.2542928825303704,1.0,1.0,ok
Application_1208202898,,,,,,ok
Application_1208543050,0.9247454211512054,0.43139318318262665,0.2423426491605589,1.0,1.0,ok
Application_1209476276,0.9297958059403565,0.4388918646065231,0.2594291554502606,1.0,1.0,ok
Application_1210322027,0.8480408525979451,0.4417978312570683,0.25445756786874907,1.0,1.0,ok
Application_1213205773,0.806304236223611,0.4629265667355525,0.24784158367709597,1.0,1.0,ok
Application_121670659,0.9028580733108703,0.42608075520956235,0.2427540321955727,1.0,1.0,ok
Application_1216723425,,,,,,ok
Application_1218203113,0.7520559749409261,0.41528473715324415,0.2520476827005251,1.0,1.0,ok
Application_1218332981,,,,,,ok
Application_1219055263,,,,,,ok
Application_1219949717,0.8619406474640656,0.4409548976040777,0.254173781221369,1.0,1.0,ok
Application_1220541878,0.7909533976183131,0.1215687437863815,0.16224954322350385,1.0,1.0,ok
Application_1221269355,0.857625051164248,0.11803247343809273,0.1576998260721871,1.0,1.0,ok
Application_1222039007,,,,,,no_confident_recommendation
Application_1224187740,,,,,,ok
Application_1225769256,,,,,,ok
Application_1226442731,0.8131194429849357,0.4064683889003957,0.24365483450053177,1.0,1.0,ok
Application_1228403719,0.8895427038190301,0.40888338617034253,0.2534722371972757,1.0,1.0,ok
Application_1234321250,0.8291992885263454,0.4317277797833968,0.2568038963369047,1.0,1.0,ok
Application_1234365113,,,,,,ok
Application_1235896381,0.8375299427999803,0.4156797827365525,0.25858694721048986,1.0,1.0,ok
Application_1237086325,0.5534493333679084,0.3971278832183337,0.24922375761084145,1.0,1.0,ok
Application_123834627,0.8157801408117297,0.40312843960446954,0.24359170568658858,1.0,1.0,ok
Application_1239060176,,,,,,ok
Application_1239627323,0.745261152764178,0.4488398099881401,0.2642524950561833,1.0,1.0,ok
Application_1240814574,0.9564760757536579,0.3846243661049449,0.24544571964153378,1.0,1.0,ok
Application_1241865852,0.8414662339982492,0.448400640379234,0.27097604869495256,1.0,1.0,ok
Application_1241999769,0.7459970060592422,0.4321957580064094,0.25004690552829506,1.0,1.0,ok
Application_1242315969,0.3793587316841169,0.40542334618433606,0.2531713247107121,1.0,1.0,ok
Application_1242352417,,,,,,ok
Application_1242477998,0.779291820294927,0.41476121227739143,0.25779260245198266,1.0,1.0,ok
Application_1246865304,0.854706769368323,0.410279157731709,0.25121285169028,1.0,1.0,ok
Application_1246985104,0.8220580538177356,0.3361721269911636,0.28364774561194,1.0,1.0,ok
Application_1248242433,0.9949672430736112,0.386651533031548,0.245268430050561,1.0,1.0,ok
Application_1248474304,,,,,,ok
Application_1248532589,0.862078162483382,0.44333337251594795,0.2581118205370525,1.0,1.0,ok
Application_1248970009,0.5604364374842283,0.40749033691722125,0.26257067327117284,1.0,1.0,ok
Application_1250500817,0.5068115796537679,0.41722544225036273,0.23640616113561644,1.0,1.0,ok
Application_125111453,0.7710164175901025,0.4183442694792848,0.23897863257862603,1.0,1.0,ok
Application_1251689244,0.8267404106319134,0.4138507552734808,0.2513172657093318,1.0,1.0,ok
Application_1252781397,0.9406047605689686,0.45594322814399446,0.25962251672067066,1.0,1.0,ok
Application_1254474288,0.8751881269976414,0.43115874593069065,0.25276921555160153,1.0,1.0,ok
Application_125498955,0.9217861395182255,0.4242900625606595,0.2514523614376451,1.0,1.0,ok
Application_1255919690,,,,,,ok
Application_1256531358,0.8244092307658297,0.4402410650623209,0.26395323405439813,1.0,1.0,ok
Application_1256882757,,,,,,ok
Application_125735546,0.8334353603100993,0.4298035842874361,0.23903407753025557,1.0,1.0,ok
Application_1258084186,0.42375017043731716,0.4124034996176246,0.2570457652175769,1.0,1.0,ok
Application_125846800,0.8977099702876158,0.41335659382559176,0.23405030948058866,1.0,1.0,ok
Application_1258641337,,,,,,no_confident_recommendation
Application_1260313275,0.7289760699340304,0.42817713406097824,0.25167804249313463,1.0,1.0,ok
Application_1260511828,0.8623237518967858,0.43974397544184807,0.25527444895549073,1.0,1.0,ok
Application_126161718,0.8699293148740815,0.41090277764845995,0.25394083089430075,1.0,1.0,ok
Application_1263939811,,,,,,ok
Application_1263997961,,,,,,no_confident_recommendation
Application_1264408299,,,,,,ok
Application_1264902566,0.9562178295139502,0.4298502020411005,0.2375911646061671,1.0,1.0,ok
Application_1265044597,0.7619903239248502,0.41289483556958817,0.2549563369101653,1.0,1.0,ok
Application_1268164546,,,,,,ok
Application_1269305141,,,,,,no_confident_recommendation
Application_1269620603,0.8789452154819695,0.41475311687212735,0.2551473039967813,1.0,1.0,ok
Application_1271570199,0.5155698787233627,0.3993173102656443,0.24660194305766406,1.0,1.0,ok
Application_1272345729,0.8442814167965523,0.43405660346314745,0.2546390065675926,1.0,1.0,ok
Application_1273109806,,,,,,ok
Application_1273243804,0.7343973831707394,0.40708841964465153,0.2532569335930857,1.0,1.0,ok
Application_1273835556,,,,,,ok
Application_1273931422,0.9418482210272134,0.39098554974645283,0.2325561514609234,1.0,1.0,ok
Application_1274166676,0.694741556138146,0.41237177010909487,0.2582499306485077,1.0,1.0,ok
Application_127457405,0.883631262052147,0.4534385944485339,0.2525475352665242,1.0,1.0,ok
Application_1274866621,0.8650007788833787,0.4161415692796039,0.24644938677943423,1.0,1.0,ok
Application_1275065414,0.8492298078161555,0.4095923632569914,0.25376688991655844,1.0,1.0,ok
Application_1275483894,,,,,,ok
Application_1275708382,,,,,,ok
Application_1276203911,0.9668492735433338,0.1311611216678432,0.17837361625493742,1.0,0.5,ok
Application_1277202210,0.9147545399342181,0.46540140356383564,0.28144576167766927,1.0,1.0,ok
Application_1278754356,0.6185231974687724,0.425422296976829,0.25022430526573186,1.0,1.0,ok
Application_1279149491,0.8507278314834524,0.4207364864302492,0.24043841547690326,1.0,1.0,ok
Application_1281070255,,,,,,ok
Application_1281219916,0.8219972489673962,0.4459941139041277,0.2418335384208196,1.0,1.0,ok
Application_1281227660,0.8621780229266344,0.4171499228997731,0.25969588199775867,1.0,1.0,ok
Application_1282231634,0.736665356390633,0.4058128441154908,0.2543699178089598,1.0,1.0,ok
Application_1282418399,0.7445192264805294,0.41171366850546676,0.2584330149792938,1.0,1.0,ok
Application_128251318,0.8844079209921598,0.42738157083179107,0.23416723636105624,1.0,1.0,ok
Application_1282746821,0.8594866210869034,0.4298081548773596,0.24353475850914721,1.0,1.0,ok
Application_1283341810,0.42384020145181134,0.4220777102674377,0.23704150524851963,1.0,1.0,ok
Application_1283651073,0.8817479756186061,0.43172037613208064,0.25216628553029835,1.0,1.0,ok
Application_1283751278,0.8903959386885612,0.41804411297990407,0.23882188785316696,1.0,1.0,ok
Application_1284230014,0.9379293802171725,0.4116767805791815,0.2585220689306813,1.0,1.0,ok
Application_1286083897,,,,,,ok
Application_1286125502,,,,,,ok
Application_1286165737,,,,,,no_confident_recommendation
Application_1288084480,,,,,,ok
Application_1288647467,0.8871552581486415,0.16108007613811934,0.18690044191697294,0.9,1.0,ok
Application_1288727835,0.9094820536142738,0.43208165151207173,0.24481218855159648,1.0,1.0,ok
Application_1289012778,,,,,,ok
Application_1291280868,0.7559801197338906,0.41380839536631814,0.25798705373092506,1.0,1.0,ok
Application_1291464093,0.7003979182990417,0.43052520761362895,0.26693002769002333,1.0,1.0,ok
Application_1291843877,0.783361828998626,0.43292678778997357,0.255213695764696,1.0,1.0,ok
Application_1291971664,0.6649312066429581,0.47424569735382605,0.258090281178505,1.0,1.0,ok
Application_1292771933,0.8103376599118383,0.4196317001535603,0.24464676049352826,1.0,1.0,ok
Application_1293008903,0.7293520915976919,0.41544502418739954,0.25354418381785765,1.0,1.0,ok
Application_1293120092,0.8156456208544186,0.43282786563597275,0.2519239183319779,1.0,1.0,ok
Application_1294558199,0.8376517038839573,0.43629887898261527,0.23933931177879958,1.0,1.0,ok
Application_1294597796,0.972882028963119,0.38554618820477227,0.2331019315139621,1.0,1.0,ok
Application_1295538492,0.8466192601644713,0.3132723917119658,0.2518611426722296,1.0,1.0,ok
Application_129565630,,,,,,ok
Application_129573767,0.9559385267691424,0.42640456639881047,0.24015256264287982,1.0,1.0,ok
Application_1295911338,0.839049629265421,0.4007889417291789,0.24299970536531246,1.0,1.0,ok
Application_1296197799,0.8664870161595263,0.41973150684310284,0.23937537185202487,1.0,1.0,ok
Application_1297559824,0.8400701931025893,0.44523114215774146,0.24237154739239522,1.0,1.0,ok
Application_1299856399,0.989000649271337,0.4412729414740205,0.25157729277482904,1.0,1.0,ok
Application_1300309831,0.30146536877221264,0.41799226838552633,0.24399005763492343,1.0,1.0,ok
Application_1300870804,,,,,,no_confident_recommendation
Application_1302829474,,,,,,no_confident_recommendation
Application_1303460272,0.874244272823003,0.4145683137364792,0.2558681426609407,1.0,1.0,ok
Application_130463013,0.9595900529193804,0.4543565708530887,0.25532618354499564,1.0,1.0,ok
Application_1304842887,0.7697546556848919,0.5033976710190815,0.260015039853421,1.0,1.0,ok
Application_130658775,0.9109807633507969,0.46202079241966343,0.24833246871406495,1.0,1.0,ok
Application_1307447876,0.8758211809395873,0.45371375527961594,0.24814790250467683,1.0,1.0,ok
Application_1307546210,0.9568755393788124,0.4230294664180848,0.24380145615775098,1.0,1.0,ok
Application_1307592624,0.9526179714437762,0.4407716089042963,0.26304578110402144,1.0,1.0,ok
Application_130761111,0.9877558851260974,0.14927608300184014,0.1597390446253353,1.0,0.6,ok
Application_1307722721,0.8812581397895334,0.43776136802933935,0.2637972820099577,1.0,1.0,ok
Application_1308025514,,,,,,ok
Application_1309710626,0.8336038732697909,0.4215031431852673,0.24433249355776734,1.0,1.0,ok
Application_131097851,0.7905313579415334,0.40214708601619253,0.2430821518349002,1.0,1.0,ok
Application_1311228454,,,,,,ok
Application_1312933469,,,,,,no_confident_recommendation
Application_1314374663,0.8748763154322736,0.41888386993498006,0.2383883347685867,1.0,1.0,ok
Application_1314823602,,,,,,ok
Application_1315782276,,,,,,ok
Application_1316274797,0.8920116969825552,0.43676165303003495,0.23027984752948644,1.0,1.0,ok
Application_1316346128,0.8211050170931101,0.4296191725397813,0.2502158828898581,1.0,1.0,ok
Application_1316469526,,,,,,ok
Application_1316556140,0.7797111455143172,0.41843551665752987,0.20110384287580083,1.0,1.0,ok
Application_1316779443,,,,,,no_confident_recommendation
Application_1317388562,,,,,,ok
Application_1318517683,0.3925713800885656,0.43337999922174797,0.25376578053508314,1.0,1.0,ok
Application_132038140,0.8606294821305966,0.4142896769424557,0.24574339360370567,1.0,1.0,ok
Application_1321952381,0.8638635616757502,0.16978472054368635,0.1927656404447399,1.0,1.0,ok
Application_132220187,0.8790800474036932,0.4301257629286561,0.24540847091217644,1.0,1.0,ok
Application_1322307011,,,,,,no_confident_recommendation
Application_1323283519,0.31125322972475444,0.44935951708157773,0.2547230130138219,1.0,1.0,ok
Application_1323290543,0.9119283859459973,0.42160106333926733,0.24020065687159683,1.0,1.0,ok
Application_1324210895,0.869882602898091,0.3993173102656443,0.24660194305766406,1.0,1.0,ok
Application_1324391484,0.930803601558305,0.423729597990797,0.24898641972999194,1.0,1.0,ok
Application_1324680297,,,,,,ok
Application_1325360487,0.9618907245628208,0.39930425037779615,0.2367402645780255,1.0,1.0,ok
Application_1327686952,0.7791976150889565,0.4582028039569259,0.2520778211675837,1.0,1.0,ok
Application_1328770574,,,,,,ok
Application_1331144446,,,,,,no_confident_recommendation
Application_1331295233,0.9332293906095723,0.42028801774563923,0.24823701497559755,1.0,1.0,ok
Application_1331492368,,,,,,ok
Application_1331678337,0.7727871157544777,0.4133199773494455,0.25585891586313597,1.0,1.0,ok
Application_1331809820,,,,,,ok
Application_1332066828,,,,,,ok
Application_1335180651,0.8863424618298387,0.43274501107867047,0.24518546649766249,1.0,1.0,ok
Application_1335455949,0.8932801404031699,0.42071553488351,0.2412185481340931,1.0,1.0,ok
Application_1336423282,0.7502814186445481,0.4133807059030442,0.25836184550076613,1.0,1.0,ok
Application_1338322049,0.9043080108347866,0.4357147118988721,0.2526717792226213,1.0,1.0,ok
Application_1339399261,0.8814260548004291,0.4320578954671438,0.23719648920377387,1.0,1.0,ok
Application_1339681597,0.6811246679307468,0.41531409104428174,0.25987453499131,1.0,1.0,ok
Application_1339781817,0.8859734112281759,0.44558427757348473,0.26959548487166834,1.0,1.0,ok
Application_1340459622,0.7653229450331013,0.4135760408266556,0.25835132165230723,1.0,1.0,ok
Application_1341133743,0.8748763154322736,0.41804411297990407,0.23882188785316696,1.0,1.0,ok
Application_134173506,0.5549032435177211,0.40068002548025144,0.24475021336588504,1.0,1.0,ok
Application_1343184,0.41520044525322963,0.43904923098068344,0.24356700629626837,1.0,1.0,ok
Application_1343349327,0.6953251391363093,0.4240403748085508,0.24849188954056886,1.0,1.0,ok
Application_1343884694,0.959045451324027,0.38273179827628045,0.24658525990263025,1.0,1.0,ok
Application_1345076352,0.8751409654319262,0.41323675630235546,0.25315681381340865,1.0,1.0,ok
Application_1345333868,0.885653655311656,0.4402358147722449,0.2438163099512011,1.0,1.0,ok
Application_1347122551,0.7979232952041198,0.41392046238887586,0.2521230484831837,1.0,1.0,ok
Application_1347988922,,,,,,ok
Application_1349926412,0.8808698194710005,0.42038646066253077,0.23961585209512995,1.0,1.0,ok
Application_1350728321,0.7003388155520903,0.42974451792935764,0.2452527816758708,1.0,1.0,ok
Application_1352726942,0.8880582067027454,0.4467993087468279,0.24564707520434956,1.0,1.0,ok
Application_1353447445,0.8730363665029944,0.4317992438642622,0.23292968582059378,1.0,1.0,ok
Application_1353848792,,,,,,ok
Application_1357377502,0.5533047246808541,0.43688778919519367,0.25439028516262824,1.0,1.0,ok
Application_1358946869,0.6197917541302737,0.416157760477396,0.25624601950245235,1.0,1.0,ok
Application_1359737168,0.8698225527851837,0.41394400527861486,0.24273127345208723,1.0,1.0,ok
Application_1359775338,0.78720242696888,0.510324198878189,0.2746515449472579,1.0,1.0,ok
Application_1361444752,0.8544536729059092,0.4129427868760275,0.2541412320270622,1.0,1.0,ok
Application_1361883922,0.8672810883541413,0.12883606483155075,0.1689276629017274,0.5,1.0,ok
Application_1365116675,,,,,,ok
Application_1365152370,,,,,,no_confident_recommendation
Application_1365437313,0.8479974843345224,0.41508794064293086,0.23935664318327038,1.0,1.0,ok
Application_1366143473,0.902410951873178,0.4232238080263128,0.239826557123956,1.0,1.0,ok
Application_1366769739,,,,,,ok
Application_1366950042,,,,,,ok
Application_1371434911,0.4750194899133949,0.41795527132548377,0.24228934262640678,1.0,1.0,ok
Application_137438189,,,,,,ok
Application_1375169811,,,,,,ok
Application_1375435938,0.8601384316627434,0.41476082831905375,0.2583558399046408,1.0,1.0,ok
Application_137951178,0.8842496128026854,0.41446655181043707,0.2553349958183119,1.0,1.0,ok
Application_1379975984,0.8875854757511523,0.33288746829926547,0.28725481487274135,1.0,1.0,ok
Application_1380707551,0.8460540411158267,0.4163126961597878,0.2375605513019003,1.0,1.0,ok
Application_138110394,,,,,,ok
Application_1381169658,0.8500922603631733,0.4265612236917436,0.2449499781726842,1.0,1.0,ok
Application_1382009065,0.861964891244998,0.4525177877648943,0.24560715798018481,1.0,1.0,ok
Application_1382204301,0.8070585538072595,0.4005923208026011,0.24978616018300037,1.0,1.0,ok
Application_1382937184,0.8875398389913145,0.42057126379817883,0.23894079809725302,1.0,1.0,ok
Application_1384106962,,,,,,ok
Application_1384343806,0.8849449894378831,0.4395082995729611,0.2670062359403961,1.0,1.0,ok
Application_1385747357,,,,,,ok
Application_1388031954,0.9181813867019084,0.4244463285583232,0.25937187923451305,1.0,1.0,ok
Application_1389044798,0.7049093598601567,0.4462686391654008,0.2605562533726378,1.0,1.0,ok
Application_1389412266,,,,,,ok
Application_139141595,,,,,,ok
Application_139153216,0.7186494909988502,0.41753621293910814,0.2558264761440732,1.0,1.0,ok
Application_1392867246,0.8361236330314405,0.4090248852382229,0.24985950097627735,1.0,1.0,ok
Application_1392931200,0.8208177349277852,0.419187697537343,0.24983783976729537,1.0,1.0,ok
Application_13944300,0.9041942634033996,0.4076483059690851,0.2300093688973688,1.0,1.0,ok
Application_1394483322,0.7083991761750877,0.43208165151207173,0.24481218855159648,1.0,1.0,ok
Application_1395388115,0.7998779916006,0.43392807860201843,0.23870444087522893,1.0,1.0,ok
Application_1395429395,0.8592031910964452,0.44756677821013324,0.2543132742418485,1.0,1.0,ok
Application_139724030,0.9327810627678387,0.4078469150809509,0.24598749933108263,1.0,1.0,ok
Application_1397321296,0.5626249164542345,0.506622323570819,0.2890463696612119,1.0,1.0,ok
Application_1398266061,,,,,,no_confident_recommendation
Application_1398309462,0.43877413054146275,0.41559852468211717,0.25942015967998916,1.0,1.0,ok
Application_1400741815,,,,,,ok
Application_1401776769,0.7485378087812138,0.4596070969428657,0.25123615646961556,1.0,1.0,ok
Application_1401798992,,,,,,ok
Application_1403984783,0.881311735205605,0.4145683137364792,0.2558681426609407,1.0,1.0,ok
Application_140463362,0.8701873642721312,0.4036204636208457,0.25314702930601235,1.0,1.0,ok
Application_140466456,0.8821043385697025,0.4556783781402164,0.2606934517156793,1.0,1.0,ok
Application_1406835873,,,,,,ok
Application_1408009203,0.9283926231101328,0.38133134306953714,0.23902441096899557,1.0,1.0,ok
Application_1408362802,,,,,,no_confident_recommendation
Application_1411314331,0.47743584947656775,0.41918548499576297,0.2382465314084778,1.0,1.0,ok
Application_1411809915,0.86622423390542,0.41687857004713125,0.26163810302637885,1.0,1.0,ok
Application_1413720992,0.8739053758431125,0.42766073552020895,0.2470204720182523,1.0,1.0,ok
Application_1413836638,,,,,,no_possible_actions
Application_1415930985,0.6776430115890061,0.4140954119188919,0.25788382415276634,1.0,1.0,ok
Application_1417653464,0.7839518916928153,0.4681359294320882,0.2673563181466586,1.0,1.0,ok
Application_1417750933,,,,,,no_confident_recommendation
Application_1422930581,0.8888954405575588,0.46020965462058394,0.25659782178159307,1.0,1.0,ok
Application_1424659757,0.7854317061955001,0.4479621708919638,0.26616517480917967,1.0,1.0,ok
Application_1425329540,,,,,,ok
Application_1425800430,0.8473253900364355,0.4893998281757293,0.28292922318981595,1.0,1.0,ok
Application_1425820279,,,,,,no_possible_actions
Application_1427261936,0.532826157581117,0.41199139106681193,0.2483996266998031,1.0,1.0,ok
Application_1427438242,,,,,,ok
Application_1427573691,0.8834737556541471,0.36960991062736503,0.31592997019940844,1.0,1.0,ok
Application_1431000094,0.8623147967821015,0.4318183670179397,0.24955119909121457,1.0,1.0,ok
Application_1432791901,0.8846458082918911,0.43228780413952805,0.2541776232016136,1.0,1.0,ok
Application_1434518975,,,,,,no_confident_recommendation
Application_1435594188,,,,,,ok
Application_1437497198,0.8693954266003731,0.49757365204104814,0.2962273113939582,1.0,1.0,ok
Application_1437966300,0.8688088345511266,0.4390550315794181,0.23837879855429364,1.0,1.0,ok
Application_1440477840,0.7529665080617906,0.40942052816487273,0.25687242834237883,1.0,1.0,ok
Application_144137365,,,,,,no_confident_recommendation
Application_1444191625,0.8042679899710878,0.43115798846635417,0.2547512720488119,1.0,1.0,ok
Application_1446757334,0.9236506437120992,0.37952233832285326,0.23952142185737962,1.0,1.0,ok
Application_1446807165,,,,,,ok
Application_1447107656,0.8564819753766773,0.4008130718615755,0.24623504325659656,1.0,1.0,ok
Application_1447384497,,,,,,ok
Application_1448754624,0.8931299935833866,0.40040478552096426,0.2502575294654251,1.0,1.0,ok
Application_1449066412,0.7466475663435408,0.4215685770086358,0.2536805907223624,1.0,1.0,ok
Application_144911431,0.8391761413427794,0.4173035895381069,0.23696668024981069,1.0,1.0,ok
Application_1449370855,0.8745784620398327,0.11823431548058565,0.14654058000978,1.0,1.0,ok
Application_1450319805,0.8688844139772433,0.4083622778016044,0.25282334441345905,1.0,1.0,ok
Application_1450396663,0.9446594203444363,0.44246685163033134,0.24570359876349118,1.0,1.0,ok
Application_1450689239,0.9576733212217515,0.1560546449598063,0.18349018495603012,1.0,1.0,ok
Application_1452533285,,,,,,ok
Application_1452854959,,,,,,no_confident_recommendation
Application_1453589065,0.2893651143101513,0.4122972289310402,0.25221802856561926,1.0,1.0,ok
Application_1453812922,0.9585168840392391,0.37019239229272294,0.23947144782158522,1.0,1.0,ok
Application_1454220575,,,,,,ok
Application_1458277433,0.8884176700119152,0.42000865415467786,0.24462352465650572,1.0,1.0,ok
Application_146114459,0.8560169315400193,0.4122556737711641,0.2374101191593069,1.0,1.0,ok
Application_1464086854,0.880019490848594,0.4122265080617857,0.25510607293929866,1.0,1.0,ok
Application_146419660,0.8486962534759063,0.41127849350254236,0.253108407759281,1.0,1.0,ok
Application_1464780823,0.7028969206307253,0.47354230560176924,0.2750658988920546,1.0,1.0,ok
Application_1465025013,0.8879874854865024,0.4307514677127706,0.23776623112360093,1.0,1.0,ok
Application_1468750557,0.923648960741223,0.42072582201966807,0.2424585038383325,1.0,1.0,ok
Application_1469334320,0.8436465747971935,0.4415223379092712,0.2674970549666296,1.0,1.0,ok
Application_1471430106,,,,,,ok
Application_1472969785,,,,,,ok
Application_1473464035,,,,,,ok
Application_1473625375,0.7762115072182063,0.4583449033051236,0.24983466731897513,1.0,1.0,ok
Application_1473894342,0.8374653440493977,0.44837382101414996,0.2542541596048578,1.0,1.0,ok
Application_1474055956,0.905034595978991,0.41355266760715115,0.256856301450619,1.0,1.0,ok
Application_1475968760,0.8627109390046696,0.4185471536874431,0.2361788701332689,1.0,1.0,ok
Application_1479752026,,,,,,ok
Application_1480117653,,,,,,ok
Application_1481242369,,,,,,ok
Application_1481928502,0.9728178378509524,0.38939087540737743,0.24350607187129006,1.0,1.0,ok
Application_1483046130,0.8780182801038241,0.42004256095014253,0.24441811702018112,1.0,1.0,ok
Application_1484189145,0.8849351066785144,0.4280529094704984,0.23412219105751592,1.0,1.0,ok
Application_1485367187,,,,,,ok
Application_1485546748,,,,,,ok
Application_1486220145,0.8313812168146747,0.11939964875231521,0.15955451359639797,1.0,1.0,ok
Application_1487829407,,,,,,ok
Application_1489341726,,,,,,no_confident_recommendation
Application_1489510821,0.5228253494380863,0.4122265080617857,0.25510607293929866,1.0,1.0,ok
Application_1489786126,0.726956568261665,0.4191105688037621,0.23015414755764008,1.0,1.0,ok
Application_1491300788,,,,,,ok
Application_1492609631,0.9308637717507483,0.4344331529303811,0.2356425878861651,1.0,1.0,ok
Application_1493979926,,,,,,no_confident_recommendation
Application_1494178086,0.917549237209914,0.3971975903337288,0.2500228225336746,1.0,1.0,ok
Application_1494414449,,,,,,no_confident_recommendation
Application_1495079062,,,,,,ok
Application_1495262961,,,,,,ok
Application_149591383,0.9372640754821779,0.3856127719649459,0.24146648422210293,1.0,1.0,ok
Application_1496349825,0.8350784605402751,0.46137922529651576,0.25427484258522465,1.0,1.0,ok
Application_1496645833,0.5039619920286519,0.32507129674651913,0.2661349884936535,1.0,1.0,ok
Application_1498001149,0.837878533397221,0.4176226754787737,0.2508593091112708,1.0,1.0,ok
Application_1498610522,,,,,,no_confident_recommendation
Application_1499935603,,,,,,no_confident_recommendation
Application_1501636291,0.8966323658096933,0.4095345432124577,0.25443421791432563,1.0,1.0,ok
Application_150329185,,,,,,ok
Application_1503602511,0.8543440970463794,0.4552508891220114,0.25623821682512987,1.0,1.0,ok
Application_1504307845,,,,,,ok
Application_1504346428,,,,,,ok
Application_150503991,0.9555794192211067,0.4530519998202025,0.24885041365784763,1.0,1.0,ok
Application_1505059688,,,,,,ok
Application_1508285623,0.8076556035618495,0.46485749949464805,0.2638366598035724,1.0,1.0,ok
Application_1508659021,0.8750240459175798,0.41323675630235546,0.25315681381340865,1.0,1.0,ok
Application_1509292111,0.8389707296882495,0.4088255661258088,0.25413881695976204,1.0,1.0,ok
Application_1510765360,0.7729889345011387,0.4414155844577873,0.2633164935868571,1.0,1.0,ok
Application_1511779865,0.9497227740280451,0.39466335495826205,0.226005605379554,1.0,1.0,ok
Application_151245494,0.5834852157351962,0.4156735313003034,0.259427268795022,1.0,1.0,ok
Application_151280488,0.9694385321797538,0.3717267859908525,0.23464185625841635,1.0,1.0,ok
Application_1512972539,0.7824011119493091,0.5117620494599955,0.280020091496701,1.0,1.0,ok
Application_1513197861,0.9197889999775429,0.4241052594250113,0.25216257537876574,1.0,1.0,ok
Application_1515604872,0.8804058251287251,0.4591854811958072,0.2576902277188586,1.0,1.0,ok
Application_1518013035,,,,,,ok
Application_1518048032,,,,,,ok
Application_1519909793,0.8282778626454488,0.4408767421738288,0.24360985483472453,1.0,1.0,ok
Application_1522004111,,,,,,ok
Application_1523406683,0.9419581462343011,0.44559865091693707,0.2524131056894313,1.0,1.0,ok
Application_1523673583,,,,,,ok
Application_1523736860,,,,,,ok
Application_1524859554,0.5064294222645624,0.4547834071622754,0.2641179843908005,1.0,1.0,ok
Application_1527338408,0.9261941874698039,0.3979431902956684,0.251073530542549,1.0,1.0,ok
Application_1527571617,0.89570053468968,0.4209024299051015,0.2396251125062568,1.0,1.0,ok
Application_1528161643,,,,,,ok
Application_1529154801,,,,,,no_confident_recommendation
Application_1529928107,,,,,,ok
Application_1530321110,,,,,,no_confident_recommendation
Application_1530932646,0.8591729240359259,0.43675404701095966,0.23874984393990098,1.0,1.0,ok
Application_1531707627,,,,,,ok
Application_1531851576,,,,,,no_confident_recommendation
Application_1533785960,,,,,,ok
Application_1534847619,,,,,,ok
Application_1536534288,0.4699860226358097,0.41688067951437535,0.23974240112074985,1.0,1.0,ok
Application_1537507196,0.955284408633885,0.3713836232650055,0.24668495680635302,1.0,1.0,ok
Application_1538042026,0.7520534804256233,0.32642707447627023,0.28277054516571276,1.0,1.0,ok
Application_1541647337,0.9015199472596157,0.4342225068173743,0.2559818488274024,1.0,1.0,ok
Application_154179391,,,,,,no_confident_recommendation
Application_1542614392,0.9025295047217754,0.4362009251211532,0.24170301320200366,1.0,1.0,ok
Application_1544217945,,,,,,ok
Application_1544460375,0.8014702209012438,0.40912811984952546,0.25126986437746135,1.0,1.0,ok
Application_1545481822,,,,,,ok
Application_1546052937,0.88187178690066,0.45371375527961594,0.24814790250467683,1.0,1.0,ok
Application_154623800,0.8121649518999697,0.41366546336704246,0.2517297582206711,1.0,1.0,ok
Application_1546747591,0.7938845042774301,0.414078139717458,0.257191055449122,1.0,1.0,ok
Application_1546890088,0.9439071823033209,0.3938209837720855,0.22522233508012138,1.0,1.0,ok
Application_1549000634,0.9007501010512633,0.4887435641090499,0.2804821439107998,1.0,1.0,ok
Application_1550643436,0.6578591075275678,0.45127486220878454,0.2599809262275062,1.0,1.0,ok
Application_1555489073,0.7743756024499594,0.41416058313071985,0.25909149419281025,1.0,1.0,ok
Application_1555975178,0.8415085080589574,0.44776101547117675,0.25533601364806857,1.0,1.0,ok
Application_1557296300,,,,,,no_confident_recommendation
Application_1558264214,0.8519423807475422,0.415439327579025,0.2579819815060977,1.0,1.0,ok
Application_1559533192,0.6958667415419683,0.41365216671214683,0.24392131277944917,1.0,1.0,ok
Application_1559916934,,,,,,ok
Application_1562686459,0.8221138347311774,0.41233084100211226,0.24883601802105446,1.0,1.0,ok
Application_1563418612,0.7928732772882491,0.4133907489202174,0.25877534838980354,1.0,1.0,ok
Application_1564442059,,,,,,no_confident_recommendation
Application_1565590572,0.9073323740753799,0.42437404747096147,0.2530338191485659,1.0,1.0,ok
Application_1565653243,,,,,,ok
Application_156618714,,,,,,ok
Application_156768160,0.4332840286441657,0.4391333880351331,0.2638152605860694,1.0,1.0,ok
Application_1567826735,0.8765793338348155,0.40888338617034253,0.2534722371972757,1.0,1.0,ok
Application_1569475999,,,,,,ok
Application_1569683122,0.9205859450579507,0.44229926757520766,0.2603497440692483,1.0,1.0,ok
Application_1570331344,,,,,,ok
Application_1571539418,,,,,,ok
Application_157155173,0.9710157828237362,0.13660895763574696,0.17349790565999804,1.0,1.0,ok
Application_1573876833,,,,,,ok
Application_1575096564,0.5222578501966327,0.39992653389104094,0.24538758066162122,1.0,1.0,ok
Application_1575815132,0.8007773609069079,0.4137739593421136,0.2518803247057907,1.0,1.0,ok
Application_1575897956,0.8820646810212381,0.41391335991705136,0.25561135215362857,1.0,1.0,ok
Application_1576631308,0.8411509072125986,0.43811087718373154,0.25702379043073686,1.0,1.0,ok
Application_1577555565,,,,,,ok
Application_1577667494,,,,,,no_confident_recommendation
Application_1578090032,,,,,,ok
Application_1579516377,0.7998629743888913,0.4391806917099772,0.2591601668752853,1.0,1.0,ok
Application_1579588184,0.946331146093145,0.12293582318965617,0.16391636521043165,1.0,1.0,ok
Application_1580298940,,,,,,ok
Application_1580674851,0.8673879755426149,0.41214580458994143,0.2494711843828395,1.0,1.0,ok
Application_158230798,0.6279922984706717,0.41552899642433294,0.2598960676828876,1.0,1.0,ok
Application_1583297793,0.8998386245269201,0.44623912954056627,0.2533213328514804,1.0,1.0,ok
Application_1583662374,0.8880309515943602,0.45629062410869087,0.2503129002464772,1.0,1.0,ok
Application_1584063031,,,,,,ok
Application_1585601222,0.8245233523456158,0.4529955553524793,0.24886588526323822,1.0,1.0,ok
Application_1589247607,,,,,,ok
Application_1591765651,0.7827639988686257,0.4176985146128577,0.25405004100218787,1.0,1.0,ok
Application_1591900552,,,,,,ok
Application_159263293,0.9100242236932758,0.42460377866718596,0.24042072009014692,1.0,1.0,ok
Application_1594305363,0.9643579761137545,0.382033931660836,0.2544273186749041,1.0,1.0,ok
Application_159448414,0.8757432448950855,0.43107476102038855,0.25119885769354405,1.0,1.0,ok
Application_1595937456,,,,,,ok
Application_1597614471,0.8987609684652632,0.43733365035375915,0.24605216911031572,1.0,1.0,ok
Application_1597735097,,,,,,ok
Application_1598726895,0.695181570266084,0.43063821637718336,0.2575270695243351,1.0,1.0,ok
Application_1599405351,0.857107086226852,0.4464513254547562,0.2488433838013419,1.0,1.0,ok
Application_1600155880,0.8257363992551316,0.4065465962936893,0.2566505317172358,1.0,1.0,ok
Application_1600471037,0.9583561327700182,0.15012040834817056,0.19985769913323562,0.8,0.5,ok
Application_1600982783,0.9190468145970248,0.42800824620081473,0.2510618352063,1.0,1.0,ok
Application_1601194488,0.7375082976216327,0.4348193565809392,0.23930742333206118,1.0,1.0,ok
Application_1601395766,0.8548651981051933,0.405998136021929,0.25395310169491225,1.0,1.0,ok
Application_160157720,,,,,,no_confident_recommendation
Application_1602891050,0.41975891141607335,0.41459832219624193,0.25207896282319764,1.0,1.0,ok
Application_1603793312,0.8756642675286069,0.445175503060137,0.25587409972255526,1.0,1.0,ok
Application_1604619511,0.8685353196135396,0.410397694926262,0.25397076618654685,1.0,1.0,ok
Application_1604779942,,,,,,no_confident_recommendation
Application_1605473699,,,,,,ok
Application_1606123452,,,,,,no_confident_recommendation
Application_1607880476,,,,,,ok
Application_1609027595,0.9770078449205388,0.40517951067563385,0.251471739209407,1.0,1.0,ok
Application_1609568328,,,,,,ok
Application_1610638954,0.8239920157707744,0.4302116093065843,0.2516541780791538,1.0,1.0,ok
Application_1612452340,0.7910550558917627,0.44539898566704644,0.2700378952935491,1.0,1.0,ok
Application_1612709587,0.8963892024245207,0.42096792602607397,0.24753588890932715,1.0,1.0,ok
Application_1613754741,0.9294793320784931,0.38298299447410333,0.2379972334539684,1.0,1.0,ok
Application_1614113082,0.5592947914186011,0.40766870471998506,0.23837742979119636,1.0,1.0,ok
Application_1615509090,0.9353465720977169,0.4410644428374836,0.2464831549703411,1.0,1.0,ok
Application_1616117711,,,,,,ok
Application_1617657859,,,,,,ok
Application_1618215402,,,,,,ok
Application_1619897367,0.7620538628171265,0.40826634951414026,0.25894776263217895,1.0,1.0,ok
Application_1620539143,0.6834119947591784,0.4118727244955981,0.2513247130651442,1.0,1.0,ok
Application_1620675668,,,,,,ok
Application_1622160130,,,,,,no_confident_recommendation
Application_1623687781,0.8015501215382999,0.4258087600092514,0.2545023367943029,1.0,1.0,ok
Application_1623704275,0.519117911453038,0.43441988264025533,0.27335182462499447,1.0,1.0,ok
Application_1623875695,0.7989229307615092,0.40542334618433606,0.2531713247107121,1.0,1.0,ok
Application_1624152176,,,,,,ok
Application_1625456407,,,,,,ok
Application_1626417881,0.9431694789143698,0.3916791014099257,0.23085117114164247,1.0,1.0,ok
Application_162990347,0.8353599866053846,0.41568926183344307,0.24927255189866032,1.0,1.0,ok
Application_1630913903,,,,,,no_confident_recommendation
Application_1630991786,0.9835001596319973,0.43729666683256097,0.24950402847461492,1.0,1.0,ok
Application_1632505002,0.7976300859960567,0.4136825616240084,0.24838397836642329,1.0,1.0,ok
Application_163281313,0.8630479689536169,0.4429165634954598,0.24738013506275752,1.0,1.0,ok
Application_1634751250,,,,,,ok
Application_1636152294,,,,,,no_confident_recommendation
Application_163804730,0.9365553233981101,0.14390870304313028,0.18409201656309418,0.5,1.0,ok
Application_1639814791,0.8687690336861997,0.448117731115144,0.24215121094678357,1.0,1.0,ok
Application_1639947439,0.8793168733736865,0.39654349971640745,0.25461674040367865,1.0,1.0,ok
Application_1641565943,0.82427641922064,0.4199415830918013,0.24252226565050192,1.0,1.0,ok
Application_1641722976,0.8832234136207647,0.47396170527515336,0.25678091982460505,1.0,1.0,ok
Application_1641885593,0.850446569778482,0.40094028822921235,0.24623913704037825,1.0,1.0,ok
Application_164319398,,,,,,ok
Application_1643995941,0.8486908718079272,0.42145414201766834,0.239413218125801,1.0,1.0,ok
Application_1644851848,0.8198674345716528,0.479525504517183,0.2852073683562835,1.0,1.0,ok
Application_1646642236,,,,,,ok
Application_1647108674,,,,,,ok
Application_164769477,0.7511340844285727,0.41992466924437577,0.24307322864237194,1.0,1.0,ok
Application_164778672,,,,,,ok
Application_1649699850,0.6767118380914291,0.40455689489397295,0.2500438864428401,1.0,1.0,ok
Application_1650299745,0.9065313236948354,0.424178662593404,0.24303298848115168,1.0,1.0,ok
Application_1651085521,0.9366312830357443,0.12917812570508816,0.16944488114231873,0.6,1.0,ok
Application_1651737074,0.7733105056985868,0.4093492513060194,0.25485180710640604,1.0,1.0,ok
Application_1654318352,0.8212140129907347,0.45555364396164577,0.26861737157507054,1.0,1.0,ok
Application_1654636815,,,,,,ok
Application_1655641907,0.8215485318248532,0.4151770128361097,0.2524118697701532,1.0,1.0,ok
Application_165594970,,,,,,ok
Application_1656791018,0.7620047541092663,0.45826151858191844,0.24833568462099712,1.0,1.0,ok
Application_1659913497,0.7829047506852997,0.4134124726914804,0.25737484946042694,1.0,1.0,ok
Application_1660705348,0.8634160363265909,0.42809174234032665,0.2523355223294765,1.0,1.0,ok
Application_1662440609,0.7583592022342854,0.4138519160095823,0.2595522418467875,1.0,1.0,ok
Application_1662487403,0.870235708942678,0.43602380769751586,0.26188879088364736,1.0,1.0,ok
Application_1663925804,0.750431890262978,0.43589721637501844,0.2528891342072426,1.0,1.0,ok
Application_1664236078,0.8584447061578655,0.4444004999064637,0.24447167187452873,1.0,1.0,ok
Application_1664858516,,,,,,ok
Application_1665515241,0.8268293339779091,0.4276503528166541,0.25489813368300374,1.0,1.0,ok
Application_1665584404,0.7751100979962111,0.42173321271611675,0.2412964794453835,1.0,1.0,ok
Application_166588001,0.8588322566802522,0.43767441299578225,0.2374862380597054,1.0,1.0,ok
Application_1666465764,0.8819789905378845,0.443518175651596,0.2573846877878193,1.0,1.0,ok
Application_1667989141,,,,,,no_confident_recommendation
Application_1669392427,0.7587901481396386,0.4171101565575266,0.25916319797492265,1.0,1.0,ok
Application_1669477442,0.7938479822519322,0.41478088598509355,0.25817405836105844,1.0,1.0,ok
Application_1670585897,0.7504867777202789,0.43616792333064647,0.2512382852772804,1.0,1.0,ok
Application_1671150390,,,,,,ok
Application_1672037226,,,,,,no_confident_recommendation
Application_1675241784,0.6990013122053564,0.43786209249077945,0.26510301393840374,1.0,1.0,ok
Application_1676999623,0.9357136274831502,0.4160274777821935,0.2621602727045664,1.0,1.0,ok
Application_1677049820,0.817504245830211,0.41252081888889613,0.25670580964290335,1.0,1.0,ok
Application_1679927360,0.9393252806920187,0.4329952113789838,0.2353392014715595,1.0,1.0,ok
Application_1680183215,0.8389850046257653,0.46782560817568514,0.2537242961008248,1.0,1.0,ok
Application_1680533625,0.7920601567733883,0.40509698412045836,0.24971985100890243,1.0,1.0,ok
Application_1681361801,0.8335849633452161,0.4441244841518972,0.2687315733977243,1.0,1.0,ok
Application_1682480934,,,,,,no_confident_recommendation
Application_1684306378,0.9519061401446856,0.3818209483247402,0.24478078035359493,1.0,1.0,ok
Application_1684479121,0.829708646634851,0.4088764065315549,0.2505261635607655,1.0,1.0,ok
Application_1684641986,0.7491640370876663,0.45556950364930016,0.2679605299178215,1.0,1.0,ok
Application_1685478310,0.7914348603489697,0.4111575211760258,0.25410621165831304,1.0,1.0,ok
Application_1685691745,0.8672742587327789,0.17667744493706222,0.2019080214535327,0.9,1.0,ok
Application_1686395823,,,,,,ok
Application_1687448539,0.863042941928467,0.4250117683238024,0.24180263259382576,1.0,1.0,ok
Application_1687637096,0.911262871965759,0.4252612206356038,0.24205727517117867,1.0,1.0,ok
Application_1688232773,,,,,,ok
Application_1689074281,,,,,,no_confident_recommendation
Application_1689701428,0.8696702618286277,0.46146587220151164,0.25498728815238064,1.0,1.0,ok
Application_1690391662,0.9524863871174863,0.3810819944920018,0.24422852294378214,1.0,1.0,ok
Application_1690998892,0.7121425735231731,0.4133083055069554,0.25687665324078546,1.0,1.0,ok
Application_1691065242,0.3541405516116163,0.4150914091802531,0.24737816844669336,1.0,1.0,ok
Application_1693078902,0.979604203920502,0.4603539959022328,0.2653552212600922,1.0,1.0,ok
Application_1695492315,0.7600937753164094,0.42166208787276,0.23852124188263785,1.0,1.0,ok
Application_1698334648,0.8921299482334705,0.4248655379190417,0.23488114656829043,1.0,1.0,ok
Application_1698620256,,,,,,no_confident_recommendation
Application_17002468,0.8992848813281096,0.4535289521439679,0.24884895568931975,1.0,1.0,ok
Application_170273491,,,,,,ok
Application_1705844076,0.8463997310030753,0.4268085559375529,0.24736618269323646,1.0,1.0,ok
Application_1706866981,0.9428322256492404,0.40238741078316653,0.22864525270858868,1.0,1.0,ok
Application_1707866152,0.4766262760212021,0.5140921774180967,0.2927058320145354,1.0,1.0,ok
Application_1709823125,0.8779018920465343,0.42041708670490385,0.24019547590498083,1.0,1.0,ok
Application_1711303027,0.8976119407025593,0.4094648360970625,0.25362108626696706,1.0,1.0,ok
Application_1711861534,0.8428263408781491,0.4531803584881275,0.24816479297047211,1.0,1.0,ok
Application_1712201753,0.8865567154988806,0.18144032885442435,0.2052282692329174,0.9,1.0,ok
Application_1712515047,,,,,,no_confident_recommendation
Application_1713151358,,,,,,ok
Application_1713552898,0.9433271885153764,0.3995546093468917,0.2430477836185665,1.0,1.0,ok
Application_1714501335,0.8591749691441067,0.4292684611166592,0.25116472682589985,1.0,1.0,ok
Application_1714608768,0.7452323469270046,0.4617552418242762,0.2552760132069121,1.0,1.0,ok
Application_1715427761,0.9008572062475699,0.4230244398528032,0.2187186905739458,1.0,1.0,ok
Application_1717915911,0.7287457847698855,0.464626324385397,0.255673385577837,1.0,1.0,ok
Application_1717953510,0.8215328686449077,0.40567067966507286,0.25235267935113087,1.0,1.0,ok
Application_1719088576,,,,,,no_confident_recommendation
Application_1720955378,0.8492529362619458,0.4252919389386457,0.25030222578305955,1.0,1.0,ok
Application_1721325720,0.9699186931254035,0.4145683137364792,0.2558681426609407,1.0,1.0,ok
Application_1721495711,0.762834065314451,0.42991765702268553,0.27018987765484564,1.0,1.0,ok
Application_1722936368,0.8387845263137478,0.5096551420746633,0.2995446369802509,1.0,1.0,ok
Application_1725718103,,,,,,ok
Application_1726057618,0.98915931288717,0.407141063529871,0.23458932891032697,1.0,1.0,ok
Application_1726750534,0.8797894144001625,0.4617725001235259,0.2564116397136248,1.0,1.0,ok
Application_1726806352,,,,,,no_confident_recommendation
Application_172695266,,,,,,no_confident_recommendation
Application_1728000220,0.896653432494587,0.41881374030642216,0.25026594782846084,1.0,1.0,ok
Application_1728090308,,,,,,ok
Application_1730778542,,,,,,ok
Application_173122257,0.7562405347731256,0.46735640028627373,0.25158851633099993,1.0,1.0,ok
Application_1731267696,0.9501117124996378,0.3915725822325643,0.24879880166750845,1.0,1.0,ok
Application_1731879894,0.973107657098268,0.3938380964881419,0.23150899473746928,1.0,1.0,ok
Application_1732543782,,,,,,ok
Application_173259774,0.39553500593626356,0.4118727244955981,0.2513247130651442,1.0,1.0,ok
Application_1733106091,,,,,,ok
Application_1733732825,0.8954201545842408,0.33575964248668433,0.28507610614822204,1.0,1.0,ok
Application_1733949639,0.9040455825027871,0.46551714275803746,0.2663677804970318,1.0,1.0,ok
Application_1734771669,,,,,,ok
Application_173483337,0.7546820042291815,0.4169407197480548,0.25721691635032023,1.0,1.0,ok
Application_1734947142,0.764472806594913,0.4122972289310402,0.25221802856561926,1.0,1.0,ok
Application_1735095439,0.8525485043424095,0.430127887511435,0.24380227921710756,1.0,1.0,ok
Application_1735566698,,,,,,ok
Application_1736444832,0.90184515124472,0.43828581505918374,0.24053919710366584,1.0,1.0,ok
Application_173679501,0.7498943522269426,0.4298224530161819,0.2391056679891718,1.0,1.0,ok
Application_1736978527,,,,,,ok
Application_1737095579,0.9332458347811984,0.45371375527961594,0.24814790250467683,1.0,1.0,ok
Application_1738270116,0.8371691057737083,0.4342385638214356,0.272628910634039,1.0,1.0,ok
Application_1742866950,,,,,,no_confident_recommendation
Application_1743002787,,,,,,no_confident_recommendation
Application_1744217682,0.9649872440813927,0.4433391748546539,0.2517172773795544,1.0,1.0,ok
Application_1744764747,0.6868910078746928,0.4092795441906243,0.2540373407609842,1.0,1.0,ok
Application_1747759228,,,,,,ok
Application_174900979,,,,,,ok
Application_1750066014,0.7786742413830645,0.41020013694488056,0.2516757441731777,1.0,1.0,ok
Application_1750611156,0.4473447185480651,0.42472291475427715,0.24677796863442342,1.0,1.0,ok
Application_1750932659,,,,,,ok
Application_1751483231,,,,,,ok
Application_1751490782,0.8879633561195974,0.4292880347326323,0.2510281829581988,1.0,1.0,ok
Application_1751546737,0.18714660538378597,0.4307722420473176,0.25870382303068346,1.0,1.0,ok
Application_1751763296,0.8824087686553147,0.4414319817837097,0.24330511069886182,1.0,1.0,ok
Application_1751900898,,,,,,ok
Application_1752144011,0.9040626609081188,0.4006036498227406,0.2433985420269382,1.0,1.0,ok
Application_175406399,,,,,,ok
Application_1754660645,0.8400476785352553,0.4358294565448479,0.25432396732099644,1.0,1.0,ok
Application_1754878754,0.8015451116096876,0.42902534916568713,0.25223857402835453,1.0,1.0,ok
Application_175544437,,,,,,ok
Application_1756143119,0.45982334443673,0.4162988306348353,0.26021417505149647,1.0,1.0,ok
Application_1756698619,0.3764968462519844,0.4130514643959171,0.2535723185669105,1.0,1.0,ok
Application_1757112551,0.879026289239868,0.4292750717012324,0.2611579255333372,1.0,1.0,ok
Application_1757332206,,,,,,ok
Application_1757787329,0.8947922679049134,0.41584281319460914,0.25232258362705406,1.0,1.0,ok
Application_1758466018,0.8015672522480332,0.40925553985451646,0.2532729178755101,1.0,1.0,ok
Application_1758628504,0.6536799595081492,0.5072579506830126,0.2793155119438466,1.0,1.0,ok
Application_175918237,0.6444177934133669,0.4182113726753925,0.2496049152292249,1.0,1.0,ok
Application_1759206616,0.9073301870946885,0.42043601219938614,0.24587707628140512,1.0,1.0,ok
Application_1760810906,0.9054966490087099,0.4209024299051015,0.2396251125062568,1.0,1.0,ok
Application_1762899868,0.8472128033600066,0.4200534858094458,0.2498523983599843,1.0,1.0,ok
Application_1764494728,0.888724382271138,0.42256635597015835,0.24447940318031158,1.0,1.0,ok
Application_1765577987,0.8782700585930108,0.42115272916172214,0.2468385543326367,1.0,1.0,ok
Application_1766681398,0.8423440283063521,0.43512945134602055,0.23795292748065053,1.0,1.0,ok
Application_1767608602,0.9361025554620209,0.17041755504507183,0.19807531692807256,1.0,1.0,ok
Application_1768409536,0.8262926268390214,0.41233886321128976,0.24203969211298115,1.0,1.0,ok
Application_1768718354,0.8917425994627365,0.41141342727574326,0.25406926332122287,1.0,1.0,ok
Application_1769060911,0.7650873347754229,0.4296214906714508,0.2457258280178788,1.0,1.0,ok
Application_1769939835,0.9211067827385212,0.41045488047244644,0.25183986710963907,1.0,1.0,ok
Application_1770364291,0.7175738328052529,0.3263388159904405,0.28284721585467587,1.0,1.0,ok
Application_1771092914,0.832139192391039,0.43387242075651455,0.2611962331142739,1.0,1.0,ok
Application_1771690507,0.7661163152002841,0.41233084100211226,0.24883601802105446,1.0,1.0,ok
Application_1775620157,0.7731859482164694,0.4252457060624096,0.23914129994125316,1.0,1.0,ok
Application_177572366,0.8413985569965313,0.44182627801558516,0.2613318591693447,1.0,1.0,ok
Application_1775767690,0.6276857730817782,0.41544083964554135,0.255367152987895,1.0,1.0,ok
Application_1777192556,0.8270161120805861,0.4162783267632286,0.2588379455415365,1.0,1.0,ok
Application_1777715425,0.8497587752715725,0.4041166822911687,0.25116942136179166,1.0,1.0,ok
Application_1778205577,0.34117850015886503,0.4144491827217288,0.25154543631680554,1.0,1.0,ok
Application_1778799137,0.8445009227891257,0.44364474207806703,0.2505630566387365,1.0,1.0,ok
Application_177897578,0.9632245944637613,0.40888338617034253,0.2534722371972757,1.0,1.0,ok
Application_1780196758,0.8027862920702341,0.4097196504022735,0.25031245621059406,1.0,1.0,ok
Application_1780269777,0.8477175266652972,0.42721916694533313,0.24340573020018955,1.0,1.0,ok
Application_1781081103,0.8831961858423251,0.4160494692236605,0.24063821741816285,1.0,1.0,ok
Application_1781374917,,,,,,ok
Application_1781623698,0.8975648017365648,0.4186990667993321,0.23906180331248783,1.0,1.0,ok
Application_1781633903,,,,,,ok
Application_1782952770,,,,,,no_confident_recommendation
Application_1784815865,,,,,,ok
Application_1785468553,0.9806883726566145,0.4192684408911903,0.25682915225063363,1.0,1.0,ok
Application_1785650204,,,,,,ok
Application_1785860221,,,,,,ok
Application_1787983531,0.7688244784030381,0.41861816907559407,0.23673340925791625,1.0,1.0,ok
Application_1789934601,,,,,,ok
Application_1790721805,0.8067883566433821,0.421301226035684,0.24324691221141073,1.0,1.0,ok
Application_1791109196,0.8151208527943017,0.4493522393368381,0.2539072120296766,1.0,1.0,ok
Application_1791210166,0.7901539960682411,0.44029536716655276,0.2666112348117116,1.0,1.0,ok
Application_1792123382,0.8446061663324075,0.4209024299051015,0.2396251125062568,1.0,1.0,ok
Application_1792327676,0.8381732573425666,0.41155488667672235,0.23390376914263614,1.0,1.0,ok
Application_1793173151,,,,,,ok
Application_1795986679,0.931490221275053,0.41772143591724176,0.24770611328566705,1.0,1.0,ok
Application_179601498,0.409895967557699,0.4425682307405584,0.2515235758387088,1.0,1.0,ok
Application_1796290207,0.6330402074940836,0.43398660832554165,0.25313764752756923,1.0,1.0,ok
Application_179713283,0.8348342628654914,0.41517448568680654,0.2524704764939047,1.0,1.0,ok
Application_1799331916,0.44119184463495964,0.4103885977640186,0.2493654690895736,1.0,1.0,ok
Application_1799654594,0.8537917144562632,0.4573339844433015,0.2600026796772507,1.0,1.0,ok
Application_1801593563,,,,,,ok
Application_1801822059,0.8429364806954042,0.42422636256764357,0.24382855090238728,1.0,1.0,ok
Application_1802283850,,,,,,ok
Application_1803710713,,,,,,ok
Application_1806449930,0.8560825766598095,0.4757369860142123,0.2773540918486918,1.0,1.0,ok
Application_1808705800,,,,,,no_confident_recommendation
Application_1811471028,0.3355438921319426,0.4167588639741909,0.24053691887592607,1.0,1.0,ok
Application_1813502823,0.8437046373578666,0.4412602310811926,0.26166368781298593,1.0,1.0,ok
Application_1817080595,0.7613485345747425,0.4166670808937468,0.24892615606469537,1.0,1.0,ok
Application_1818700890,,,,,,ok
Application_1819007640,0.8836468678452429,0.4556783781402164,0.2606934517156793,1.0,1.0,ok
Application_1819504615,0.8088014211767802,0.5018020456347831,0.2688637671602368,1.0,1.0,ok
Application_1819818177,0.7751707580761248,0.4174104554233734,0.24097517975169186,1.0,1.0,ok
Application_1820504290,0.8549826940690413,0.40161840353084594,0.24641978993267133,1.0,1.0,ok
Application_182066441,0.8680471471036958,0.4591913369077381,0.26113291702222646,1.0,1.0,ok
Application_1820733336,0.8905060589235849,0.4232070867972692,0.24394967697444223,1.0,1.0,ok
Application_1820883466,0.9078448801916539,0.43038871010651886,0.25045585920820534,1.0,1.0,ok
Application_1824209977,,,,,,ok
Application_1824747835,0.9699562830460307,0.16368834348887418,0.20000279546195757,1.0,0.5,ok
Application_1825309879,,,,,,ok
Application_182597722,0.8631912897487465,0.4303875145321935,0.25160489552316645,1.0,1.0,ok
Application_1826347954,0.7531754525961647,0.4257179651095858,0.2500375539609305,1.0,1.0,ok
Application_1826390013,0.87912646104537,0.4175272988365243,0.23813988678509865,1.0,1.0,ok
Application_1826620975,,,,,,ok
Application_182712917,,,,,,ok
Application_1828404203,0.7797109747270978,0.44784158458511475,0.2497770733509469,1.0,1.0,ok
Application_1828802183,0.8089823672654499,0.4384338535158604,0.23310772838638202,1.0,1.0,ok
Application_1829392718,0.7926110678192113,0.42893926728248954,0.24095282141536764,1.0,1.0,ok
Application_1829492040,0.8076527291562209,0.4576439730109378,0.2691865396840073,1.0,1.0,ok
Application_1833582857,0.7435000267533887,0.4045100652489042,0.2523891423146246,1.0,1.0,ok
Application_183481406,0.7403061883736768,0.41266755724964926,0.25116174589500745,1.0,1.0,ok
Application_1835611863,,,,,,ok
Application_1835983478,0.8232762142075266,0.44301761372086634,0.2433644962303245,1.0,1.0,ok
Application_1836482704,,,,,,ok
Application_1837286038,0.8574314385921522,0.4553718689409032,0.25864311581828997,1.0,1.0,ok
Application_1838182698,,,,,,ok
Application_1838195672,0.7940682966627272,0.41561938891058264,0.2559026083536352,1.0,1.0,ok
Application_1840472630,,,,,,ok
Application_184143337,0.842492746491677,0.4188487687482259,0.23602858444291214,1.0,1.0,ok
Application_1842271625,0.8717379628162416,0.41391335991705136,0.25561135215362857,1.0,1.0,ok
Application_1842370876,0.8563446604957139,0.43995889323109205,0.25004575175172855,1.0,1.0,ok
Application_1846291324,0.8275844913395461,0.4632069167945872,0.2629282443832499,1.0,1.0,ok
Application_1846693519,0.8641368958568936,0.43808546140648075,0.25438761713563396,1.0,1.0,ok
Application_1850153393,0.9774460952021867,0.40537532666654175,0.21514066840698917,1.0,1.0,ok
Application_1850714835,0.9394946776187425,0.44880359599101993,0.274218977315377,1.0,1.0,ok
Application_1851360212,0.9698125492387392,0.18450220680315782,0.20707010550432564,1.0,1.0,ok
Application_1852538604,0.9644444523186937,0.4173778992588306,0.24617423491872376,1.0,1.0,ok
Application_1856006798,,,,,,no_confident_recommendation
Application_1856344011,,,,,,ok
Application_1857366417,0.7371879668841544,0.45415724177603056,0.2518513139006719,1.0,1.0,ok
Application_1857513367,0.7919453253948716,0.47984677884273275,0.27136661346696467,1.0,1.0,ok
Application_1858211642,0.9156580576230359,0.4289374559505255,0.2387513196894475,1.0,1.0,ok
Application_1859387169,0.7443762569540722,0.4263354987371281,0.24291219319103724,1.0,1.0,ok
Application_1859431929,0.898740251408485,0.3352024788290372,0.29258844359683783,1.0,1.0,ok
Application_1859537046,0.8847035407692576,0.43187260783127135,0.24784291820022752,1.0,1.0,ok
Application_1859784683,0.9572166576016068,0.4023709635554594,0.22520002866096642,1.0,1.0,ok
Application_185981374,,,,,,ok
Application_186021788,0.7848950201328503,0.45190246789673527,0.2668258460632887,1.0,1.0,ok
Application_1862468287,0.74822493243547,0.4512283926534126,0.24483974228521974,1.0,1.0,ok
Application_1863192115,,,,,,ok
Application_186381818,0.7441696070155983,0.4073871358036212,0.2535191863019087,1.0,1.0,ok
Application_1864868732,0.8446059748750254,0.44333047508287454,0.2489218662130795,1.0,1.0,ok
Application_1865080562,0.7753308175745494,0.4342744043740175,0.25620238782393207,1.0,1.0,ok
Application_1865256281,0.7153299171060172,0.41433677787491474,0.2539765366662287,1.0,1.0,ok
Application_1866125313,0.7750203084632686,0.16378362878663272,0.19158291220892987,0.9,1.0,ok
Application_1867093856,,,,,,ok
Application_1867138516,0.8625862091027766,0.4365666776570132,0.2527444592015425,1.0,1.0,ok
Application_1870118526,,,,,,ok
Application_1871723330,0.8379614293037163,0.4224058675774713,0.24784913989579052,1.0,1.0,ok
Application_1872244741,0.8949903192268763,0.4566273952623324,0.2633265435023903,1.0,1.0,ok
Application_1872345916,0.6909882719899934,0.40358047809126407,0.2515258948945731,1.0,1.0,ok
Application_1874674743,0.9259865118467715,0.4189293395360646,0.24432163803065685,1.0,1.0,ok
Application_1875782782,0.9784536216251771,0.37991192564902554,0.24028867795489228,1.0,1.0,ok
Application_187611464,0.7244346491779902,0.4101651427796629,0.2471300824774997,1.0,1.0,ok
Application_1876138473,0.8409383410394287,0.39050456828074886,0.228370873985768,1.0,1.0,ok
Application_1876836940,,,,,,ok
Application_1877362067,0.7848520190962508,0.44417609644351197,0.2662615750982186,1.0,1.0,ok
Application_187778549,0.9265943057894221,0.47327086141981034,0.25865014895514893,1.0,1.0,ok
Application_1877814469,0.7148713509274754,0.44211401159443653,0.2587935926822911,1.0,1.0,ok
Application_1879232225,0.7663880042707584,0.44702221912488216,0.26995116553007226,1.0,1.0,ok
Application_1880895995,,,,,,ok
Application_1885130117,0.874244272823003,0.41391335991705136,0.25561135215362857,1.0,1.0,ok
Application_188726425,0.9082805433983812,0.4329842714199241,0.23984374964187846,1.0,1.0,ok
Application_1891680505,0.85645389192593,0.4253752616035042,0.25081729873163505,1.0,1.0,ok
Application_1895159318,0.7675654616219706,0.4097390685052237,0.2515373293777425,1.0,1.0,ok
Application_189631764,,,,,,ok
Application_1896375934,0.8827207959980816,0.40968202395681497,0.2503025222716884,1.0,1.0,ok
Application_1897975199,,,,,,no_confident_recommendation
Application_1898457792,0.4680603871864667,0.3107794962551505,0.27234203110629507,1.0,1.0,ok
Application_1901752708,0.2971922289219622,0.1743509387080254,0.19015612888775776,1.0,1.0,ok
Application_1903689163,,,,,,ok
Application_1903879559,,,,,,ok
Application_1905372994,0.7809530580549803,0.42346369678685597,0.24267941461728973,1.0,1.0,ok
Application_1905967471,0.9089878470953602,0.43281040824333566,0.23600406615565364,1.0,1.0,ok
Application_1906109703,0.71366533835698,0.4470447668451379,0.24108284039890157,1.0,1.0,ok
Application_190734181,0.9703848793388908,0.43076937056092435,0.24512611963959133,1.0,1.0,ok
Application_1909723515,0.8431445734099295,0.4242340757194535,0.24723562919184072,1.0,1.0,ok
Application_1910023757,,,,,,no_confident_recommendation
Application_1910885918,0.8388160108749052,0.4381914994610162,0.2674692911910119,1.0,1.0,ok
Application_1911285022,0.8512304132825088,0.35281399879651637,0.3102450929018954,1.0,1.0,ok
Application_1914483239,,,,,,ok
Application_1917257899,,,,,,ok
Application_1917346060,,,,,,ok
Application_1918491897,0.8720694313183206,0.41501398237805304,0.25867844964177183,1.0,1.0,ok
Application_1918741535,0.7777944683902009,0.4132393245791186,0.25595762721047066,1.0,1.0,ok
Application_1919362220,0.8638794618623004,0.43240861836368705,0.246049966068159,1.0,1.0,ok
Application_1919805494,0.8840550888805502,0.43026942935111795,0.25099410692907137,1.0,1.0,ok
Application_1920062674,0.7481055043284408,0.431794255476422,0.2493194858083246,1.0,1.0,ok
Application_1920137077,0.8749200428477405,0.42679824806260874,0.24074681957534805,1.0,1.0,ok
Application_1920432865,0.8228787839113355,0.43359603374125194,0.2534258076771789,1.0,1.0,ok
Application_1920569696,0.8344880971897368,0.4223592240956685,0.24090956741182207,1.0,1.0,ok
Application_1920623384,0.957766237040958,0.4242256696714817,0.24477944032046625,1.0,1.0,ok
Application_1921489029,,,,,,ok
Application_192191311,0.9163491112799721,0.3487591319620538,0.23462811367949846,1.0,1.0,ok
Application_1924151739,0.8559820726791254,0.4130502329983057,0.2566506967992306,1.0,1.0,ok
Application_1925108895,0.8854259667791308,0.4490128537699052,0.25416812402540584,1.0,1.0,ok
Application_1925475950,0.9006442930369551,0.40845487484109944,0.24524999898556366,1.0,1.0,ok
Application_1925894693,0.9279873688680024,0.44838217333574837,0.27138174009981186,1.0,1.0,ok
Application_1926626369,0.7557294325904835,0.4875117951379506,0.2797305324220129,1.0,1.0,ok
Application_19269284,0.979467761488831,0.39634824418945336,0.23039407079286456,1.0,1.0,ok
Application_192716320,0.7576801857248108,0.4345494268583428,0.2552443226422711,1.0,1.0,ok
Application_1928577170,0.862977234715973,0.17808463629558907,0.2117186603666734,0.8,0.5,ok
Application_1930612093,,,,,,ok
Application_1931050520,,,,,,no_confident_recommendation
Application_1931739679,0.7938661269561502,0.45933958611285064,0.2494656864896388,1.0,1.0,ok
Application_1936633108,0.8564198352763337,0.4097195796246284,0.2537843360628024,1.0,1.0,ok
Application_19378013,0.8860844708724482,0.4090039313346193,0.2556801608814958,1.0,1.0,ok
Application_1938909971,,,,,,no_confident_recommendation
Application_1940707964,,,,,,no_confident_recommendation
Application_1941614665,0.8833989654884707,0.41296037800068286,0.25473676111245375,1.0,1.0,ok
Application_1943498805,0.798269934928049,0.5055261113046358,0.26759224950502497,1.0,1.0,ok
Application_1943739799,0.532454494449531,0.411110126209961,0.2559784599854568,1.0,1.0,ok
Application_1944447595,0.8034032166448238,0.46610017400186765,0.26785453039650053,1.0,1.0,ok
Application_1944896918,0.9122453062599614,0.4864621826446961,0.28311134057561527,1.0,1.0,ok
Application_1945451645,,,,,,ok
Application_194564472,0.8085615465095751,0.4296583454816962,0.24885630323026575,1.0,1.0,ok
Application_1946538188,0.8929001626035641,0.424121302571149,0.24193732040719992,1.0,1.0,ok
Application_1947622904,0.9694008306926241,0.3930476961996548,0.23100532902376275,1.0,1.0,ok
Application_1951442644,0.9312585703505345,0.3883607576073047,0.24264567087043007,1.0,1.0,ok
Application_1952474346,,,,,,ok
Application_1953215776,,,,,,ok
Application_1953871052,0.5696378989962543,0.4168580976374746,0.25563867910481786,1.0,1.0,ok
Application_1954655928,0.8103856088349346,0.4385499720625707,0.2619602161892502,1.0,1.0,ok
Application_1956063682,0.9200291363058268,0.335988977251921,0.2776728438252542,1.0,1.0,ok
Application_1956665823,,,,,,ok
Application_1957651168,0.8550975776014093,0.46567808414576406,0.26289193467068134,1.0,1.0,ok
Application_1958611901,0.7242387071283515,0.42631727397871827,0.24849808321564357,1.0,1.0,ok
Application_1959536677,0.9501191913524147,0.13059839614921237,0.17194613641163267,0.6,1.0,ok
Application_1959538261,,,,,,ok
Application_1959777138,0.7767989621056972,0.4193958887422481,0.2519122276328938,1.0,1.0,ok
Application_1959968858,,,,,,ok
Application_1960245250,,,,,,ok
Application_1963302945,0.8395218627600993,0.4491562953718723,0.2515498647817214,1.0,1.0,ok
Application_1964644191,0.8378302617891872,0.4253243692076005,0.25300063855814664,1.0,1.0,ok
Application_1965608734,0.6718262566882385,0.43714941316952666,0.25706336088071785,1.0,1.0,ok
Application_1966193141,0.7799623514404899,0.4094648360970625,0.25362108626696706,1.0,1.0,ok
Application_1968934644,0.8629655035177266,0.42004256095014253,0.24441811702018112,1.0,1.0,ok
Application_1969335807,,,,,,ok
Application_196951548,,,,,,ok
Application_1970086923,0.7173484721734087,0.43413419348875626,0.2523337841135192,1.0,1.0,ok
Application_1970302335,0.8671529512344737,0.4191529478633411,0.2538855120765385,1.0,1.0,ok
Application_1970703703,0.9054025625192045,0.48090151703379036,0.27300239867364606,1.0,1.0,ok
Application_1971226606,0.7157083868140658,0.4089247468705772,0.25394835594203413,1.0,1.0,ok
Application_197126464,0.7551572849151651,0.44792926299498825,0.26563825896368576,1.0,1.0,ok
Application_1971362714,0.8871912363794907,0.4544570030114426,0.26214436772056937,1.0,1.0,ok
Application_1971989358,0.8268159192411775,0.46391674307630176,0.26923872943056565,1.0,1.0,ok
Application_1972046847,0.8845924921993558,0.37790426312772774,0.2645119424080466,1.0,1.0,ok
Application_1972637504,0.8966089939865658,0.42429273679792273,0.25101617489291267,1.0,1.0,ok
Application_1973871032,0.8563794963333524,0.4157090719301649,0.25718599887935467,1.0,1.0,ok
Application_1975160417,0.8889320495547473,0.4999657787229544,0.2881989937537812,1.0,1.0,ok
Application_1975504088,,,,,,no_confident_recommendation
Application_1975819852,,,,,,no_confident_recommendation
Application_1976004129,,,,,,ok
Application_1976127206,0.7837697129082727,0.43452260661400466,0.25228638754680854,1.0,1.0,ok
Application_1977502639,0.9592297483103354,0.3864638642298836,0.24098569204811077,1.0,1.0,ok
Application_1978331738,0.8088806153470606,0.4141054988010466,0.25148115194972054,1.0,1.0,ok
Application_1980887074,,,,,,ok
Application_1981121598,0.7590544706561393,0.4731223448290545,0.26960214543852,1.0,1.0,ok
Application_198284297,0.8309793598098385,0.4372138652699363,0.25354699598774155,1.0,1.0,ok
Application_1986394502,0.8894666298883678,0.45325379131288585,0.2532610012948045,1.0,1.0,ok
Application_1986459524,0.15067158393350644,0.4613111152505522,0.2621369024002547,1.0,1.0,ok
Application_1987831323,0.5631662908904461,0.41408058003237536,0.2573862707090152,1.0,1.0,ok
Application_1988195018,,,,,,ok
Application_1989234441,0.9337453095122734,0.42119362704673513,0.22180991034081665,1.0,1.0,ok
Application_1991464898,0.9365760522171882,0.42146073876405515,0.2404621398497929,1.0,1.0,ok
Application_1992619767,0.8421594907916568,0.4182329482962981,0.2510188931915141,1.0,1.0,ok
Application_1992867148,0.7798380913431645,0.38517707476740337,0.2408731045107905,1.0,1.0,ok
Application_199304010,0.8188632098985763,0.43402067583715,0.2613213049802882,1.0,1.0,ok
Application_1993192295,0.8284184641561856,0.4192035615412659,0.24067749501207927,1.0,1.0,ok
Application_1995644843,0.8436429622411118,0.4174420184983524,0.2522761390937765,1.0,1.0,ok
Application_199635820,,,,,,ok
Application_1996843325,,,,,,ok
Application_1998307400,0.8195524062106787,0.41497978303878236,0.25378828013643134,1.0,1.0,ok
Application_2003767759,,,,,,ok
Application_2004089393,0.5954756373295869,0.447556786080846,0.24550813163803986,1.0,1.0,ok
Application_200417599,,,,,,ok
Application_2004968371,0.7339081369208794,0.41641806866277414,0.24773518244615086,1.0,1.0,ok
Application_2004973545,,,,,,no_confident_recommendation
Application_2006713022,0.7656013342218894,0.4226813674624729,0.24722176679255078,1.0,1.0,ok
Application_2007562055,0.7692708753894808,0.4098576056997766,0.2543004181179655,1.0,1.0,ok
Application_2008203162,0.8937309897369995,0.41957905612128893,0.24324246864972007,1.0,1.0,ok
Application_200942443,0.8233163512516307,0.43705896004298667,0.2588033615723832,1.0,1.0,ok
Application_200956558,0.7693359225461196,0.41661006669816397,0.25804773065524833,1.0,1.0,ok
Application_2010104450,0.8515158651794185,0.4322609279779277,0.24630434805791313,1.0,1.0,ok
Application_201115305,0.9149003115989354,0.4153239357307547,0.23758008020036836,1.0,1.0,ok
Application_2013830829,0.891415886874137,0.4383028082249886,0.2444080465500498,1.0,1.0,ok
Application_2014671768,0.826652259400986,0.4309110677707209,0.24768964722117007,1.0,1.0,ok
Application_2015161420,0.8268481170340158,0.4142899519266243,0.2551571448892745,1.0,1.0,ok
Application_2015423706,0.8673715443846879,0.4244434955827323,0.2498080324088505,1.0,1.0,ok
Application_2016510614,,,,,,ok
Application_2018809027,,,,,,ok
Application_201975224,0.8295108366810889,0.4075069028474256,0.25446867053985345,1.0,1.0,ok
Application_2020541045,0.8073988545222136,0.4177424086565523,0.24372753237657332,1.0,1.0,ok
Application_2020581879,0.8709309118208284,0.46234119375844884,0.2561888407366507,1.0,1.0,ok
Application_2021390880,,,,,,ok
Application_2022118906,,,,,,ok
Application_2022507317,,,,,,ok
Application_2022755119,,,,,,ok
Application_2023468525,0.8446565305948818,0.4221044805681027,0.24075272150893084,1.0,1.0,ok
Application_2024244758,0.9614372310122659,0.3857464030972041,0.23143536557269506,1.0,1.0,ok
Application_2024477286,0.8813049516553478,0.41012617682099595,0.2562937394095514,1.0,1.0,ok
Application_2025018320,0.7874989419134772,0.43068815024305857,0.2544717207059366,1.0,1.0,ok
Application_2025703180,,,,,,ok
Application_202572480,0.9587814044950508,0.391730847060582,0.23359001061563636,1.0,1.0,ok
Application_2026841022,0.8259653284954853,0.15664808367891225,0.18286854690446053,0.8,1.0,ok
Application_2026952165,,,,,,ok
Application_2028180559,0.8620868055064427,0.5276227129083055,0.2835691929967832,1.0,1.0,ok
Application_2028590322,,,,,,no_possible_actions
Application_2029271670,0.8819013967011264,0.41329463366155955,0.232992858776436,1.0,1.0,ok
Application_2031841757,0.9656174781543063,0.41938604078633535,0.22676137820131056,1.0,1.0,ok
Application_2033120546,0.785141228805214,0.4535613993370478,0.2639448107176611,1.0,1.0,ok
Application_2034295537,,,,,,ok
Application_203590810,0.8556935778435477,0.1712324777675619,0.20453991999236376,1.0,0.5,ok
Application_2036474370,0.861964891244998,0.45377645285043566,0.24443028196056354,1.0,1.0,ok
Application_203678331,0.8437737917267685,0.4020092751149722,0.24722135781236365,1.0,1.0,ok
Application_2037954458,,,,,,ok
Application_2038146278,0.9304467285291947,0.39246105625331945,0.23434720515784063,1.0,1.0,ok
Application_2039657007,,,,,,ok
Application_2041306952,0.8720238985896407,0.42765043673158,0.2401555361280285,1.0,1.0,ok
Application_2042834818,,,,,,ok
Application_2042847086,0.6878855613059128,0.4263693862096593,0.24958450916655917,1.0,1.0,ok
Application_2043967522,,,,,,ok
Application_2043974733,0.8728242327239527,0.4299637385418012,0.24173998048687592,1.0,1.0,ok
Application_204408152,0.8330855104053977,0.41774907328235383,0.2533971985511719,1.0,1.0,ok
Application_2045954559,0.8444677203791076,0.4015844949528352,0.2519782105647998,1.0,1.0,ok
Application_2046501407,0.8418972449290267,0.4099034115164987,0.24871709759239552,1.0,1.0,ok
Application_2046683533,,,,,,ok
Application_2047886665,,,,,,ok
Application_2048027930,0.43179261383774487,0.41559852468211717,0.25942015967998916,1.0,1.0,ok
Application_2048171626,0.9316901513899455,0.4000649072385186,0.22767790996313028,1.0,1.0,ok
Application_2048278308,0.8694680689221806,0.412588791524063,0.2566245605552785,1.0,1.0,ok
Application_2048323360,0.8783232881078372,0.4145683137364792,0.2558681426609407,1.0,1.0,ok
Application_2048381730,0.8236070927015211,0.45044939548297974,0.2515805087683523,1.0,1.0,ok
Application_2049849151,0.7155778399203088,0.41097222926958743,0.25452328432472854,1.0,1.0,ok
Application_2051550880,0.9368237607457791,0.38101936087902516,0.2207475184715813,1.0,1.0,ok
Application_2051799809,0.9556852590188327,0.38476267632263955,0.24532503326145244,1.0,1.0,ok
Application_2051951033,0.9062921956794661,0.4193748950890389,0.24620808605348712,1.0,1.0,ok
Application_2051974818,0.8262926268390214,0.4176618723643214,0.2464313392148046,1.0,1.0,ok
Application_2053272389,0.8762926628072971,0.42868994596003757,0.2434927127048566,1.0,1.0,ok
Application_2053888323,0.4104390866836424,0.4107871928574167,0.25517315261688445,1.0,1.0,ok
Application_2055100599,0.7067089497506099,0.4093492513060194,0.25485180710640604,1.0,1.0,ok
Application_2055157815,0.7550433867444027,0.41237177010909487,0.2582499306485077,1.0,1.0,ok
Application_2055185181,0.8005843378171242,0.4118356364776593,0.2542928825303704,1.0,1.0,ok
Application_2056174200,0.6929941592100243,0.4426003837569322,0.23856691853674603,1.0,1.0,ok
Application_2059632280,0.7833459181445083,0.4116641791367776,0.2581366979232882,1.0,1.0,ok
Application_2060708769,0.8819399496582591,0.12221695160840511,0.15979473085057744,1.0,1.0,ok
Application_2061020149,,,,,,ok
Application_2061502784,,,,,,ok
Application_2061784142,,,,,,ok
Application_206222910,,,,,,ok
Application_2063179478,,,,,,ok
Application_2063828851,,,,,,no_confident_recommendation
Application_2064798594,,,,,,ok
Application_2065559138,0.86685682822928,0.4344331529303811,0.2356425878861651,1.0,1.0,ok
Application_2066939992,0.8272225505682201,0.4163971517033366,0.25865528503847884,1.0,1.0,ok
Application_2067187791,0.6317939499423701,0.45459832513111653,0.2566478656054522,1.0,1.0,ok
Application_2068853058,0.8501761548934073,0.4280922311111168,0.25263376105745033,1.0,1.0,ok
Application_2069481439,,,,,,ok
Application_2069545303,,,,,,ok
Application_207185826,0.7526781371456128,0.430130237253653,0.2513532289859939,1.0,1.0,ok
Application_2071863649,0.8878642143401805,0.41572106062108,0.24792348077927068,1.0,1.0,ok
Application_2073034588,0.9599801579120861,0.3883869897919669,0.2210193713209858,1.0,1.0,ok
Application_207339253,0.7387578123980441,0.40254843851729627,0.25136609190695464,1.0,1.0,ok
Application_20738828,0.9171860982308037,0.427437277291689,0.2523802200559998,1.0,1.0,ok
Application_2075014351,0.7880163688028048,0.4177795648151304,0.26251464908451594,1.0,1.0,ok
Application_2076314524,0.8789452154819695,0.41391335991705136,0.25561135215362857,1.0,1.0,ok
Application_2081068908,0.903527818235772,0.4320656844192629,0.24111513759101547,1.0,1.0,ok
Application_2081457336,0.8816677685723295,0.4356272156981366,0.2492281028704568,1.0,1.0,ok
Application_2083683673,0.9350087685984652,0.4570021085535421,0.2618896402034573,1.0,1.0,ok
Application_2084259712,0.8777946273810934,0.4177465567640179,0.25718356580671786,1.0,1.0,ok
Application_2084774321,0.8565513971831586,0.4611896737668354,0.26168126955618753,1.0,1.0,ok
Application_2084907175,,,,,,ok
Application_2086545012,0.8967491879518337,0.4313335410728324,0.24319013356764693,1.0,1.0,ok
Application_2086686091,0.8905301363385985,0.4486897660868526,0.24645113644744918,1.0,1.0,ok
Application_2086754710,0.9553362340632601,0.45257551619631275,0.2737208654156896,1.0,1.0,ok
Application_2087006463,0.801364446092185,0.48723503056007605,0.27999043518328526,1.0,1.0,ok
Application_2087713022,,,,,,ok
Application_2088099791,,,,,,ok
Application_2088969676,0.7938661269561502,0.4491223531660372,0.24169029648859844,1.0,1.0,ok
Application_2089315207,,,,,,ok
Application_2089979544,,,,,,ok
Application_2090544740,,,,,,ok
Application_2090776603,,,,,,ok
Application_2091145908,0.6694390054109005,0.41527216261823946,0.2558834139228345,1.0,1.0,ok
Application_2091517201,0.9577084362246674,0.399955641356487,0.2268355760651761,1.0,1.0,ok
Application_2092228035,,,,,,ok
Application_2094441836,,,,,,no_confident_recommendation
Application_2095793548,0.8515677471675205,0.42933148784335023,0.2519161299953237,1.0,1.0,ok
Application_2097115739,,,,,,ok
Application_2097420356,0.41844440592617066,0.4203928268745285,0.23924943474150412,1.0,1.0,ok
Application_2099334395,0.8844909745221241,0.4535289521439679,0.24884895568931975,1.0,1.0,ok
Application_2099511368,,,,,,ok
Application_2100311621,0.9553335789314592,0.375460698428573,0.24776898784611331,1.0,1.0,ok
Application_2106173395,0.8038676470060184,0.39965946197340163,0.24944040497429,1.0,1.0,ok
Application_2111973389,0.668468284892926,0.40653059528873053,0.2518936859468418,1.0,1.0,ok
Application_2112573494,,,,,,ok
Application_2113040289,,,,,,no_confident_recommendation
Application_2114671174,0.872913890975329,0.442690646869251,0.2421392559481984,1.0,1.0,ok
Application_2115042059,0.2954228228763489,0.4178341275654211,0.24384652538569032,1.0,1.0,ok
Application_2116062822,0.8875008887384181,0.41566324057654624,0.24857547571357907,1.0,1.0,ok
Application_2116148116,,,,,,ok
Application_2116821761,0.8793127364822828,0.4358236290256329,0.24742472090495016,1.0,1.0,ok
Application_2116960252,0.848028322567246,0.43029559421688635,0.25322930155828816,1.0,1.0,ok
Application_2118057291,,,,,,no_confident_recommendation
Application_2118887844,0.9705582921675695,0.3886189723578191,0.24449361688157475,1.0,1.0,ok
Application_212002191,0.8935154778699244,0.43936290021319424,0.24964268396618156,1.0,1.0,ok
Application_2120715071,0.9582608782937414,0.38528391933624817,0.244553765501746,1.0,1.0,ok
Application_2121891434,0.9096120323836956,0.41709160294459,0.2569254551013146,1.0,1.0,ok
Application_2122792904,0.7767339972332742,0.42463119584540837,0.24665763792880868,1.0,1.0,ok
Application_2122822719,0.8292765102038278,0.4133369019633024,0.2583362346576563,1.0,1.0,ok
Application_2122873300,0.8266387886790068,0.42038646066253077,0.23961585209512995,1.0,1.0,ok
Application_2123204513,0.7959250001471123,0.4011591164254484,0.24751201635739545,1.0,1.0,ok
Application_2124127933,,,,,,ok
Application_2125694475,0.6576051980703984,0.4254878068975918,0.2455173856681011,1.0,1.0,ok
Application_2128172349,,,,,,ok
Application_2128191185,0.8208868953208251,0.44770033442651574,0.2701494215731566,1.0,1.0,ok
Application_2130486641,,,,,,ok
Application_213211686,0.7455111672963799,0.41366546336704246,0.2517297582206711,1.0,1.0,ok
Application_2133089583,0.8638306770827097,0.4279069392046786,0.25304840746192675,1.0,1.0,ok
Application_2133818678,,,,,,ok
Application_2137992191,,,,,,ok
Application_2139692519,,,,,,ok
Application_2140045431,,,,,,ok
Application_2140770767,,,,,,ok
Application_214156122,,,,,,ok
Application_2141999798,,,,,,ok
Application_2142719268,0.717490404218612,0.4127343573898468,0.25718592055890116,1.0,1.0,ok
Application_2143988715,0.8611046836479235,0.40744544461894516,0.2531531013510395,1.0,1.0,ok
Application_214453134,,,,,,no_confident_recommendation
Application_214453442,0.86987530066492,0.42054763258505445,0.23954229216792505,1.0,1.0,ok
Application_2144842406,,,,,,ok
Application_2146296643,,,,,,ok
Application_2147170228,0.687677238970624,0.4745274384676084,0.2590163099477862,1.0,1.0,ok
Application_216211515,0.8960275782109346,0.4458574352775842,0.250391976740414,1.0,1.0,ok
Application_21634890,0.8267591095281601,0.5054041094198701,0.30041297915263054,1.0,1.0,ok
Application_216444008,,,,,,ok
Application_218547280,0.6958791528347537,0.45802643997017406,0.2653660202593162,1.0,1.0,ok
Application_218707596,,,,,,ok
Application_219576331,0.7177598518002387,0.42442813681823355,0.2369025857708166,1.0,1.0,ok
Application_22019692,0.8241567892485273,0.4012940244513768,0.2429716072964413,1.0,1.0,ok
Application_222629422,0.8479384121431742,0.39903841406264096,0.24364892326812262,1.0,1.0,ok
Application_222827091,0.7951696219761086,0.4453635558562493,0.25281865106931195,1.0,1.0,ok
Application_225586063,0.8269842823133124,0.4084986571746301,0.25281540048232803,1.0,1.0,ok
Application_226209957,,,,,,ok
Application_2264928,0.5595701190822634,0.4021955807752701,0.2432716738816101,1.0,1.0,ok
Application_227170121,0.8634223227976165,0.4306639547970234,0.24658405346373444,1.0,1.0,ok
Application_227670423,0.8389038504434,0.4214099581988203,0.24214624429323978,1.0,1.0,ok
Application_228373770,0.7655324314328914,0.4134124726914804,0.25737484946042694,1.0,1.0,ok
Application_228928958,,,,,,ok
Application_229012140,0.8404178920823974,0.42278788708550064,0.24083292280243845,1.0,1.0,ok
Application_229606305,0.8751572804617751,0.42778440521083805,0.24454919307893005,1.0,1.0,ok
Application_231527175,,,,,,no_confident_recommendation
Application_231751553,0.6098171128173134,0.41653156094743365,0.2558590002056317,1.0,1.0,ok
Application_232254008,0.4625117273085393,0.41722808870497785,0.25408485416203525,1.0,1.0,ok
Application_233064512,0.7785741679847145,0.4380960423859627,0.25609324448776616,1.0,1.0,ok
Application_233989937,0.8801649886399756,0.4100002615287058,0.24823146064127272,1.0,1.0,ok
Application_235535721,,,,,,ok
Application_236717130,0.707151250281019,0.4094870088626643,0.2566864983241403,1.0,1.0,ok
Application_237775087,0.824844424045745,0.4135977645979187,0.25695311388999076,1.0,1.0,ok
Application_238546830,,,,,,ok
Application_240111953,0.7308160593600566,0.4389041460937399,0.25345889636407226,1.0,1.0,ok
Application_241318555,0.9157285451737496,0.4216575078069906,0.24018430320428474,1.0,1.0,ok
Application_242709495,0.10038695608664439,0.459142680908361,0.2641032457599454,1.0,1.0,ok
Application_242826105,0.8769522781673846,0.42517487610996374,0.24264072119793717,1.0,1.0,ok
Application_243887576,0.6959490614381598,0.4292499728500996,0.25964212586661545,1.0,1.0,ok
Application_244396187,,,,,,ok
Application_245123210,,,,,,no_confident_recommendation
Application_246097895,0.8932239447781026,0.43630914719694547,0.24669396091068885,1.0,1.0,ok
Application_247317164,0.9284117516138005,0.3846819789712176,0.23988392323778723,1.0,1.0,ok
Application_25063668,0.4910136336458507,0.4177421999404193,0.2560681864995303,1.0,1.0,ok
Application_251097614,,,,,,ok
Application_251304842,0.746236899001745,0.43714093763974515,0.2545439481019645,1.0,1.0,ok
Application_251670774,0.853257876595754,0.45775421408605715,0.2611592369299804,1.0,1.0,ok
Application_252272828,0.777236417652824,0.4177652966861795,0.2511330274158135,1.0,1.0,ok
Application_253227112,0.8844336421470772,0.4076302477545933,0.2524399427798142,1.0,1.0,ok
Application_254824641,0.8991437335274505,0.41433356009402394,0.25838563874523335,1.0,1.0,ok
Application_254836121,,,,,,no_confident_recommendation
Application_255370233,,,,,,ok
Application_255496047,,,,,,ok
Application_257082685,0.7493321547270515,0.41744233062392266,0.25989795732894627,1.0,1.0,ok
Application_257928635,,,,,,ok
Application_2595810,,,,,,no_confident_recommendation
Application_260257809,0.7454739573939047,0.40864027421937044,0.2545559379000179,1.0,1.0,ok
Application_260635392,,,,,,ok
Application_260702936,,,,,,no_confident_recommendation
Application_267475970,0.7130827476121142,0.44632211899107477,0.26893036005012005,1.0,1.0,ok
Application_268406883,0.8575740196023731,0.4295757025147061,0.24328520197327455,1.0,1.0,ok
Application_268523137,0.6798207761450535,0.4424276024484154,0.2732854491610842,1.0,1.0,ok
Application_269341222,,,,,,ok
Application_2694097,0.9567709119588289,0.38791377620096024,0.2242119216426336,1.0,1.0,ok
Application_26954699,0.8815501601791712,0.4547338543734809,0.2608536507514728,1.0,1.0,ok
Application_269862060,0.8352998966973048,0.42056552277663634,0.26762370725730333,1.0,1.0,ok
Application_270485252,0.8910232805460668,0.4220874815356982,0.2393811311523715,1.0,1.0,ok
Application_270506031,0.9884256097527949,0.4108664561088089,0.23639107890901348,1.0,1.0,ok
Application_270571049,,,,,,no_confident_recommendation
Application_272933056,0.8632649789326852,0.413283452876614,0.25131129115717593,1.0,1.0,ok
Application_274240684,,,,,,ok
Application_276603327,0.9200425235626195,0.15624689836886987,0.18434085384579255,1.0,1.0,ok
Application_276618599,,,,,,ok
Application_277127069,,,,,,no_confident_recommendation
Application_277674975,0.8747253629488251,0.45853349953062833,0.2649881776304033,1.0,1.0,ok
Application_281838380,0.8921548327730219,0.4295327212355248,0.2434354690290613,1.0,1.0,ok
Application_282114630,0.5986850022480423,0.4100680158350122,0.2550621194977586,1.0,1.0,ok
Application_282254984,,,,,,no_confident_recommendation
Application_286137335,0.8335053507802401,0.4177073967323671,0.23660842052746073,1.0,1.0,ok
Application_288925921,0.6975805296720573,0.5102560476975346,0.28417202497894306,1.0,1.0,ok
Application_28930757,0.7746404947399472,0.504412733439727,0.2836851335133962,1.0,1.0,ok
Application_291332257,0.9188374667643823,0.41454191757338377,0.23558418426334338,1.0,1.0,ok
Application_292094395,0.7684274293190555,0.44535147458588975,0.2669840304162762,1.0,1.0,ok
Application_292866700,0.8510749765889958,0.43240861836368705,0.246049966068159,1.0,1.0,ok
Application_293379010,0.8866589957594692,0.4641482651480864,0.28029417768790493,1.0,1.0,ok
Application_294013307,,,,,,ok
Application_294586112,0.8119088052314599,0.41957083671374595,0.24938212501202792,1.0,1.0,ok
Application_295284443,,,,,,no_confident_recommendation
Application_296888635,,,,,,ok
Application_298129713,0.7010599682362576,0.4721727357043135,0.2581309352425997,1.0,1.0,ok
Application_298744583,0.9489506714761853,0.45262449281848155,0.26328036092879314,1.0,1.0,ok
Application_299068395,0.9541374881846119,0.4870813517970878,0.29668070059237306,1.0,1.0,ok
Application_299209464,,,,,,ok
Application_299698075,,,,,,ok
Application_301727231,0.8335959592797486,0.4202858988991309,0.24902148600184343,1.0,1.0,ok
Application_303703837,0.9766966401204532,0.46527333770189816,0.2737930323206642,1.0,1.0,ok
Application_303866233,0.9109785267460304,0.39839745829507034,0.25190268671216454,1.0,1.0,ok
Application_304004510,0.8093682493125731,0.4095345432124577,0.25443421791432563,1.0,1.0,ok
Application_306086229,0.8176953081682229,0.4105738896704569,0.24895684829574724,1.0,1.0,ok
Application_306812685,0.87359595499797,0.41753209030316907,0.23798590791446467,1.0,1.0,ok
Application_307801348,,,,,,ok
Application_308066254,,,,,,ok
Application_308748254,0.920139363678696,0.4094416751979083,0.24611122473330735,1.0,1.0,ok
Application_309815171,0.9448959401652848,0.4459658475079326,0.24991663453024032,1.0,1.0,ok
Application_310417357,0.922743641033183,0.46459109102954627,0.2641927080321494,1.0,1.0,ok
Application_312166095,0.7817871205395216,0.4280035625834112,0.24780642494241084,1.0,1.0,ok
Application_312224974,0.8158932326414781,0.4711583600802157,0.261063045193198,1.0,1.0,ok
Application_313152544,0.6741022492601687,0.41724140575759705,0.25485305930968305,1.0,1.0,ok
Application_313527996,0.7735526101098462,0.41391335991705136,0.25561135215362857,1.0,1.0,ok
Application_314854055,,,,,,ok
Application_31519304,0.8728698163545662,0.314035220062698,0.25320381846880236,1.0,1.0,ok
Application_315782607,0.8895852128437592,0.4238044264450368,0.2407666581259407,1.0,1.0,ok
Application_31697623,,,,,,ok
Application_317789291,,,,,,ok
Application_319284701,0.9755220486341293,0.4532780663136503,0.2481314925021926,1.0,1.0,ok
Application_319847090,0.8058666019831507,0.4548565497058859,0.24994568784940918,1.0,1.0,ok
Application_320538845,,,,,,ok
Application_321053191,0.8814108847429419,0.4279712221862204,0.23373018610674268,1.0,1.0,ok
Application_322297326,0.8712429773186998,0.42477225232008003,0.24278696726205803,1.0,1.0,ok
Application_323040575,0.8520211907775852,0.4556783781402164,0.2606934517156793,1.0,1.0,ok
Application_324026343,0.827148449845444,0.4158738055862221,0.24343125059386192,1.0,1.0,ok
Application_326473270,0.8230120432943225,0.44592006260672745,0.25425525926940795,1.0,1.0,ok
Application_327072822,,,,,,no_confident_recommendation
Application_327149374,0.7946724675832508,0.4315584566414047,0.2593851306908177,1.0,1.0,ok
Application_328046969,0.5473993465828789,0.43922847338630316,0.2659669840445267,1.0,1.0,ok
Application_328120747,,,,,,ok
Application_329140480,0.5957526637346018,0.44929640140329097,0.26583009374422717,1.0,1.0,ok
Application_330251746,,,,,,ok
Application_332704649,,,,,,ok
Application_332811786,0.9282520934933965,0.4238044264450368,0.2407666581259407,1.0,1.0,ok
Application_335537557,0.8147281211147201,0.4095345432124577,0.25443421791432563,1.0,1.0,ok
Application_33745946,,,,,,ok
Application_339123229,,,,,,ok
Application_339123431,0.5444827230609026,0.44407985154471585,0.2600651335491402,1.0,1.0,ok
Application_339327672,,,,,,ok
Application_339730120,0.840185039246117,0.4405146092935686,0.2590303737973898,1.0,1.0,ok
Application_340094554,0.8741154879614711,0.39525925338191115,0.2586679801792537,1.0,1.0,ok
Application_340321174,,,,,,ok
Application_341875321,0.6142516192683236,0.4105548730995093,0.2538638120933903,1.0,1.0,ok
Application_343088948,0.9220102834695165,0.4300427018827332,0.24071719578974846,1.0,1.0,ok
Application_343744148,0.9157143982066434,0.38666211642593606,0.24359253969129305,1.0,1.0,ok
Application_345264629,,,,,,no_confident_recommendation
Application_346568508,0.7927061073069572,0.4105738896704569,0.24895684829574724,1.0,1.0,ok
Application_346829278,,,,,,ok
Application_346848867,0.9046080599294295,0.459124275955323,0.27837529021811475,1.0,1.0,ok
Application_346988751,0.934337510880282,0.12707941584654675,0.15656956229550525,1.0,1.0,ok
Application_347922674,0.9272261914091743,0.3818812302739906,0.23561959996192644,1.0,1.0,ok
Application_348990686,0.8167029048619945,0.4456674618606292,0.24813469394140736,1.0,1.0,ok
Application_349515920,0.946089609295044,0.48599950801535446,0.2712042556524112,1.0,1.0,ok
Application_349709198,,,,,,no_confident_recommendation
Application_350793850,0.8510023147738618,0.44752531620170766,0.25349185702495813,1.0,1.0,ok
Application_352165642,0.784430202776591,0.4264313351203584,0.24962083842799362,1.0,1.0,ok
Application_354855594,0.8474330026975567,0.42197450973147144,0.24232109206798177,1.0,1.0,ok
Application_354865116,0.9084906977110093,0.45371375527961594,0.24814790250467683,1.0,1.0,ok
Application_354974392,,,,,,ok
Application_355701690,0.836333139831433,0.430811490456407,0.24897771233089278,1.0,1.0,ok
Application_356808628,0.7898540039510376,0.42856435563878004,0.271812057539379,1.0,1.0,ok
Application_35738339,0.9548133189796931,0.3859664268131685,0.24392486365384433,1.0,1.0,ok
Application_35745002,0.9574768509417225,0.37765908101398843,0.23313275626667304,1.0,1.0,ok
Application_357880380,0.9163448008417879,0.42957459979432233,0.25084365553654253,1.0,1.0,ok
Application_359276048,0.9800492337245681,0.405431771134265,0.2151254231499856,1.0,1.0,ok
Application_360217923,0.8160512563522537,0.4312281353349814,0.2596423447884821,1.0,1.0,ok
Application_361573979,,,,,,no_confident_recommendation
Application_362543186,0.8457901790024384,0.4669413508498028,0.2630828620858263,1.0,1.0,ok
Application_365332446,,,,,,no_confident_recommendation
Application_365485542,0.9477245105037145,0.42300039322030847,0.252530132455234,1.0,1.0,ok
Application_366121400,0.8844020211581922,0.4345946676107246,0.25919184024290437,1.0,1.0,ok
Application_367455904,0.8392438177352343,0.4238621800819754,0.2567716984044803,1.0,1.0,ok
Application_368167256,,,,,,no_confident_recommendation
Application_36831628,,,,,,ok
Application_368529383,0.7771904744809299,0.4227155863476166,0.24107147077520236,1.0,1.0,ok
Application_368638647,0.9384354820793924,0.3920879746733379,0.23654788734611912,1.0,1.0,ok
Application_370126110,,,,,,ok
Application_372912766,0.8312758896966601,0.32356689181674747,0.2806469011483908,1.0,1.0,ok
Application_373875255,0.7183681941184198,0.39896225745132957,0.24624642412989,1.0,1.0,ok
Application_376118809,0.8037026431682653,0.17058242610382296,0.20893004340003957,1.0,0.5,ok
Application_377692746,0.8072686928412354,0.44577521212544535,0.2675379194732377,1.0,1.0,ok
Application_37787490,0.8619532686819122,0.46133414959496905,0.2613979963790331,1.0,1.0,ok
Application_380097845,,,,,,ok
Application_380770908,,,,,,ok
Application_38081486,0.868194615884664,0.4052321468052692,0.2480894216460621,1.0,1.0,ok
Application_380969432,0.8853431534268871,0.43339314940069923,0.24875199667685252,1.0,1.0,ok
Application_381087716,0.799630505644151,0.4095345432124577,0.25443421791432563,1.0,1.0,ok
Application_384814296,,,,,,ok
Application_384835333,,,,,,ok
Application_385045680,0.8079654772276419,0.43316284358198487,0.24950767874733665,1.0,1.0,ok
Application_38536393,0.923648960741223,0.42072582201966807,0.2424585038383325,1.0,1.0,ok
Application_386657742,,,,,,ok
Application_387778376,,,,,,ok
Application_389831964,,,,,,ok
Application_389962709,,,,,,ok
Application_391099640,0.8601852307002555,0.41470300827452,0.2590352688493813,1.0,1.0,ok
Application_392275405,0.810447684274886,0.41137009005184383,0.2578995976873501,1.0,1.0,ok
Application_394037983,0.8621720408252411,0.42236353562223455,0.24521130980695524,1.0,1.0,ok
Application_394946724,0.930588309457064,0.4100671823289022,0.249538613270032,1.0,1.0,ok
Application_396027178,,,,,,ok
Application_397038537,0.729427810226782,0.4103885977640186,0.2493654690895736,1.0,1.0,ok
Application_398065440,0.7987967029906559,0.4114610537307712,0.254733936334855,1.0,1.0,ok
Application_398250446,0.8376171665746894,0.12526124932358684,0.16166904774216803,1.0,1.0,ok
Application_398311287,0.9287459304033576,0.4250184919415121,0.24477336774098896,1.0,1.0,ok
Application_399001926,,,,,,ok
Application_399934391,0.8461629115351267,0.44981211446318853,0.2626482256655423,1.0,1.0,ok
Application_402938046,0.8733928799537987,0.43706997780947143,0.2637353389452199,1.0,1.0,ok
Application_403304705,,,,,,ok
Application_40403797,,,,,,ok
Application_407461155,0.8232854884906731,0.12592056185370773,0.16609743801715773,1.0,1.0,ok
Application_408864407,,,,,,ok
Application_409154003,0.7285061172017717,0.4052826970559293,0.25936768842005337,1.0,1.0,ok
Application_410056038,0.7891183280801439,0.44708409571700125,0.2557108653926681,1.0,1.0,ok
Application_412434860,0.9532877283225722,0.1452897428862999,0.18100167112462773,1.0,1.0,ok
Application_413047262,,,,,,ok
Application_413991815,,,,,,ok
Application_414227837,0.9468175365190883,0.11977622827698028,0.16208697229763352,0.5,1.0,ok
Application_416188880,,,,,,ok
Application_416694962,0.9149635342429258,0.41009386582527074,0.2516251556927435,1.0,1.0,ok
Application_418738843,,,,,,ok
Application_419933910,,,,,,no_confident_recommendation
Application_420380783,,,,,,no_confident_recommendation
Application_420599570,0.9863456523372178,0.4733713549602611,0.25328885418803526,1.0,1.0,ok
Application_421465179,0.22021454598527232,0.417117920060292,0.2557054361153255,1.0,1.0,ok
Application_422637212,,,,,,ok
Application_42337394,,,,,,no_confident_recommendation
Application_424064154,0.7609832109159073,0.43172037613208064,0.25216628553029835,1.0,1.0,ok
Application_424977058,0.8827444353631296,0.4145683137364792,0.2558681426609407,1.0,1.0,ok
Application_427316676,,,,,,ok
Application_427975818,,,,,,ok
Application_428745471,0.831518053155337,0.4240685294158764,0.24684202361301638,1.0,1.0,ok
Application_428955021,0.9197247397179331,0.40780122612310876,0.25465231078058825,1.0,1.0,ok
Application_432430277,0.8202448339882265,0.42387093107541124,0.2560121048163892,1.0,1.0,ok
Application_434354946,0.8404995657471507,0.39378658887363926,0.24971341067853065,1.0,1.0,ok
Application_434840997,0.8548152975342246,0.42687843052764096,0.2516284507290342,1.0,1.0,ok
Application_438711887,,,,,,no_possible_actions
Application_440695787,0.7302603024361752,0.4138519160095823,0.2595522418467875,1.0,1.0,ok
Application_440813334,0.6766923978597165,0.4139202068946083,0.2518939167956019,1.0,1.0,ok
Application_441853106,,,,,,ok
Application_441988653,0.8619705356094992,0.41060181223508285,0.23084552976712222,1.0,1.0,ok
Application_444595223,0.7503800920785121,0.4093492513060194,0.25485180710640604,1.0,1.0,ok
Application_445609887,0.6013817588011974,0.4138519160095823,0.2595522418467875,1.0,1.0,ok
Application_447126113,0.8882551493687295,0.4118740404731752,0.252847506088237,1.0,1.0,ok
Application_447138954,0.9226508352194734,0.4209461095198394,0.23995959838622985,1.0,1.0,ok
Application_448145454,0.8162098569885596,0.4071669719469083,0.2570275685391144,1.0,1.0,ok
Application_44859446,0.9586351494745698,0.3798424958605279,0.2365979827013008,1.0,1.0,ok
Application_44899860,0.9613076704157003,0.45031124465781236,0.27544979864248953,1.0,1.0,ok
Application_449256078,0.3581164788847554,0.41461215676179847,0.2554691917597694,1.0,1.0,ok
Application_450127919,0.84582228608867,0.45435146698368795,0.24997028329940707,1.0,1.0,ok
Application_450250534,,,,,,ok
Application_450974072,,,,,,ok
Application_451838490,0.7225234468949575,0.43039269301581917,0.19625654274085158,1.0,1.0,ok
Application_452728375,,,,,,ok
Application_453833865,,,,,,ok
Application_453847467,,,,,,no_confident_recommendation
Application_454064051,0.8955797457981572,0.4179313598996659,0.2564590212037772,1.0,1.0,ok
Application_455616073,,,,,,ok
Application_455972560,0.8959829211071492,0.4328476720646533,0.2342244286341779,1.0,1.0,ok
Application_456023338,,,,,,ok
Application_457947056,0.9089878470953602,0.4329952113789838,0.2353392014715595,1.0,1.0,ok
Application_458227713,0.7587413980114553,0.42054004182395516,0.23709264133169647,1.0,1.0,ok
Application_460231462,,,,,,ok
Application_460974455,0.8550435934399025,0.41467469785375277,0.25347787896780005,1.0,1.0,ok
Application_461107030,,,,,,ok
Application_461173805,,,,,,ok
Application_462216549,0.9335366204742834,0.42191455524251015,0.24659448078137614,1.0,1.0,ok
Application_462882090,0.7238075700207567,0.4138519160095823,0.2595522418467875,1.0,1.0,ok
Application_465680144,0.906148978746699,0.4334771343110013,0.25030848459652943,1.0,1.0,ok
Application_465715339,0.8805343731772596,0.4124812515893515,0.25527222722557097,1.0,1.0,ok
Application_466068830,0.6167746909965353,0.3989805940181073,0.24428871650998354,1.0,1.0,ok
Application_467957342,0.8768485657420301,0.46087287505900604,0.25830445638795585,1.0,1.0,ok
Application_470096249,0.8016488940401562,0.4955371323186773,0.2924850791592017,1.0,1.0,ok
Application_472820667,0.7865136359373681,0.40900054083268306,0.2528779338702249,1.0,1.0,ok
Application_474380883,0.8923008297047997,0.1125501954653095,0.1444570883227544,1.0,1.0,ok
Application_474487263,0.8454475662695963,0.43074951610743717,0.2332981721950446,1.0,1.0,ok
Application_475062324,0.8779651077766614,0.41648412254127365,0.2597877771241815,1.0,1.0,ok
Application_479645384,0.85576229334282,0.4409744596104407,0.23564063487207468,1.0,1.0,ok
Application_480070910,,,,,,ok
Application_481277636,0.6110398700729192,0.4518743663503847,0.27464901661228863,1.0,1.0,ok
Application_483074478,0.8346705709702703,0.4471160538662322,0.2593174936246196,1.0,1.0,ok
Application_483126363,,,,,,no_confident_recommendation
Application_483931042,0.742797117473561,0.43209385669622496,0.2485322276549962,1.0,1.0,ok
Application_485368165,,,,,,ok
Application_485567867,,,,,,ok
Application_48606429,,,,,,ok
Application_489972645,0.8339236918542275,0.4088255661258088,0.25413881695976204,1.0,1.0,ok
Application_491192717,0.93435932045055,0.5103692450436922,0.28960108724111244,1.0,1.0,ok
Application_492258182,0.7678606403694945,0.42600818879629276,0.24555901074970027,1.0,1.0,ok
Application_492292182,,,,,,ok
Application_494960481,,,,,,no_confident_recommendation
Application_495428388,0.8556564501713422,0.4405146092935686,0.2590303737973898,1.0,1.0,ok
Application_496111899,,,,,,ok
Application_496532501,0.9110583153640387,0.11279582116603468,0.14823761204477243,1.0,1.0,ok
Application_49717724,,,,,,ok
Application_497474417,0.8950821617189139,0.4210653119812398,0.23106259859634104,1.0,1.0,ok
Application_498556066,0.8273719806068297,0.41525223329229694,0.2473372854265132,1.0,1.0,ok
Application_5006458,0.8378774334998929,0.41032075810107793,0.2450375818921392,1.0,1.0,ok
Application_505138130,0.8701738677357783,0.42965058985622784,0.24958001245255984,1.0,1.0,ok
Application_507755204,0.7772388147327685,0.4586870729152565,0.26152480999782,1.0,1.0,ok
Application_508938604,0.8141941061555721,0.4054977917191277,0.24813306633518264,1.0,1.0,ok
Application_509693034,0.709855752816803,0.4118727244955981,0.2513247130651442,1.0,1.0,ok
Application_510096383,0.8730791313714955,0.4234934130502258,0.2641165441166293,1.0,1.0,ok
Application_511259546,0.7378881502217319,0.4059978805276615,0.2537220852086988,1.0,1.0,ok
Application_51182407,0.7867273217539363,0.40092520505946067,0.25146172648525844,1.0,1.0,ok
Application_512079496,0.8487396339381374,0.42680766172804674,0.24360162079756545,1.0,1.0,ok
Application_512884075,0.8717514103459999,0.4047531771998762,0.25131466643286865,1.0,1.0,ok
Application_514052232,,,,,,ok
Application_51430642,0.9385202463394512,0.386651533031548,0.245268430050561,1.0,1.0,ok
Application_516500707,,,,,,no_confident_recommendation
Application_518047810,0.8421033798445079,0.41160723979836067,0.23245169158027826,1.0,1.0,ok
Application_518595534,,,,,,ok
Application_518624776,0.9430141052766413,0.39281728008991,0.22919424234410368,1.0,1.0,ok
Application_518752038,0.6992493324372946,0.5095370736987579,0.2908282744042494,1.0,1.0,ok
Application_5188726,0.8569995902640025,0.40900393369148375,0.2506701946572606,1.0,1.0,ok
Application_519214643,,,,,,no_confident_recommendation
Application_519801050,0.8044754988835361,0.40899445398597234,0.2547625694385521,1.0,1.0,ok
Application_520506247,0.7975465097970276,0.41740497389277237,0.25581947672629013,1.0,1.0,ok
Application_521305631,0.8379305452862166,0.42972029697162295,0.2503802301444788,1.0,1.0,ok
Application_522420767,0.8492543027811886,0.42038646066253077,0.23961585209512995,1.0,1.0,ok
Application_525459142,,,,,,no_confident_recommendation
Application_526257863,0.9450827519564677,0.3908082150393656,0.24682681914198354,1.0,1.0,ok
Application_527482957,0.3758075744955279,0.42274024210218925,0.25226571799337266,1.0,1.0,ok
Application_528406867,0.8262085966792481,0.42724852556972726,0.2505083838153964,1.0,1.0,ok
Application_528558455,,,,,,ok
Application_532956567,0.8952325637958618,0.41012461358742425,0.24584712889963392,1.0,1.0,ok
Application_533079487,0.8774844961833045,0.44601304161040956,0.25176303436784336,1.0,1.0,ok
Application_53352885,0.863749074614931,0.4209024299051015,0.2396251125062568,1.0,1.0,ok
Application_536009009,,,,,,ok
Application_536051300,,,,,,ok
Application_536638211,,,,,,ok
Application_537005538,0.7413938822526525,0.40168683526896665,0.24217747123565464,1.0,1.0,ok
Application_538311021,0.9468644837032729,0.13025605391920902,0.1328362636638251,1.0,1.0,ok
Application_538869641,0.9714313390246958,0.4145683137364792,0.2558681426609407,1.0,1.0,ok
Application_539120928,,,,,,ok
Application_539162249,0.6806943905067837,0.41161963047970085,0.24534412461968913,1.0,1.0,ok
Application_540373333,0.9238782588054449,0.13692429742025045,0.17452756242931147,1.0,0.5,ok
Application_541146763,,,,,,ok
Application_541694777,0.8747854327981852,0.15294116930419696,0.16760704253438932,1.0,1.0,ok
Application_542632548,,,,,,no_confident_recommendation
Application_542782205,,,,,,no_confident_recommendation
Application_543098684,0.7424154184020991,0.41385653250291377,0.2610925771144494,1.0,1.0,ok
Application_543513898,0.966668681631158,0.3890151161705203,0.2255460037377672,1.0,1.0,ok
Application_545474396,0.7284773576665162,0.4280077574300245,0.2507654457923546,1.0,1.0,ok
Application_547720957,0.8599225921880752,0.41493923771966246,0.2568716028721689,1.0,1.0,ok
Application_547842527,,,,,,no_confident_recommendation
Application_548136507,0.9375372974949356,0.3914080313262244,0.22429273321886703,1.0,1.0,ok
Application_548377578,0.7744024706920428,0.4373246266919438,0.272315917516027,1.0,1.0,ok
Application_54902350,,,,,,ok
Application_549264279,0.34004005325172193,0.4365280709637279,0.27529384004306534,1.0,1.0,ok
Application_549547786,0.6660780973926266,0.44667033885230367,0.2674366057781718,1.0,1.0,ok
Application_549826152,0.8157654934523565,0.4411517431609802,0.2675558534101843,1.0,1.0,ok
Application_554480592,0.715921739401953,0.4829959285747042,0.26763220594675585,1.0,1.0,ok
Application_558507947,0.706354080762555,0.4207033366845902,0.24722909283452674,1.0,1.0,ok
Application_559239075,,,,,,no_confident_recommendation
Application_559246751,0.4004572071679899,0.40033060437092044,0.24680970024885543,1.0,1.0,ok
Application_559380460,,,,,,ok
Application_560070722,0.8797901021534702,0.41116549328904994,0.25524203316527155,1.0,1.0,ok
Application_56106793,0.8223536260795647,0.41806299065537617,0.24032764019404598,1.0,1.0,ok
Application_561835971,0.7540593675403223,0.4221044805681027,0.24075272150893084,1.0,1.0,ok
Application_563590726,,,,,,no_confident_recommendation
Application_563891423,,,,,,no_confident_recommendation
Application_564834372,0.9033225675476692,0.4234732603381143,0.2400791164745602,1.0,1.0,ok
Application_565667109,0.8083477988940847,0.4195116903794121,0.25909224694178146,1.0,1.0,ok
Application_565689430,,,,,,ok
Application_565743734,,,,,,no_confident_recommendation
Application_566347979,,,,,,ok
Application_566670119,0.9744000094251734,0.4188985865161309,0.2464041851260696,1.0,1.0,ok
Application_56691092,0.9404693831257298,0.4809094601225218,0.2649822639508241,1.0,1.0,ok
Application_568127104,0.8815728407513402,0.4251675534492632,0.25006025297362905,1.0,1.0,ok
Application_570165308,,,,,,ok
Application_574500271,,,,,,ok
Application_575764720,0.829598174601087,0.41186158371482956,0.25779375561522205,1.0,1.0,ok
Application_576386053,,,,,,ok
Application_577888910,0.80108584842654,0.4752196780135165,0.2832552377711112,1.0,1.0,ok
Application_578344284,0.9078761738272952,0.42134899660281677,0.24312005437273404,1.0,1.0,ok
Application_579153284,0.7507080962363044,0.41305403267268026,0.25637773720251433,1.0,1.0,ok
Application_579275809,0.7753498877716608,0.44076143798871037,0.26811255980272003,1.0,1.0,ok
Application_579349612,0.6478300357887213,0.467334801629503,0.2555715165791784,1.0,1.0,ok
Application_583747115,0.7325313649282914,0.4578817412459859,0.26130937464870213,1.0,1.0,ok
Application_58375214,0.9500106972996823,0.5596434241535116,0.30804532480618946,1.0,1.0,ok
Application_584583269,0.6200593727552126,0.4275986341606871,0.2448953698001749,1.0,1.0,ok
Application_584717195,0.8937014923013136,0.43740734610484716,0.2542008768490718,1.0,1.0,ok
Application_585298607,0.47374329796631803,0.41552899642433294,0.2598960676828876,1.0,1.0,ok
Application_586839753,0.8333451703003912,0.10854437623611687,0.16306458854053904,1.0,1.0,ok
Application_586877291,0.8325905661593475,0.4006406268848216,0.2545519065508011,1.0,1.0,ok
Application_586969154,,,,,,ok
Application_587119833,0.8674595570670025,0.42099514821405626,0.24044540795104344,1.0,1.0,ok
Application_588758280,0.89088885338202,0.4175272988365243,0.23813988678509865,1.0,1.0,ok
Application_589041415,,,,,,ok
Application_589186855,0.8733189456206917,0.44460785035078815,0.2502686850499636,1.0,1.0,ok
Application_589719704,0.874244272823003,0.41475311687212735,0.2551473039967813,1.0,1.0,ok
Application_590010761,,,,,,ok
Application_590215732,0.9112245810975639,0.12555941746573265,0.1662242246894171,1.0,1.0,ok
Application_5904996,0.934276836974242,0.4693590168709676,0.2852113192660963,1.0,1.0,ok
Application_591439695,,,,,,ok
Application_591454326,0.6385597484443927,0.4115092744137816,0.2508260376775731,1.0,1.0,ok
Application_592481165,0.8820646810212381,0.41391335991705136,0.25561135215362857,1.0,1.0,ok
Application_592605828,,,,,,no_confident_recommendation
Application_592613102,,,,,,ok
Application_594581112,0.9490843473201335,0.45739042891102477,0.2599866148350014,1.0,1.0,ok
Application_596049851,0.904567230543045,0.42457024724489534,0.24524654839491822,1.0,1.0,ok
Application_596574084,0.851906565852235,0.4115092744137816,0.2508260376775731,1.0,1.0,ok
Application_597065437,,,,,,no_confident_recommendation
Application_597372127,,,,,,ok
Application_597486380,,,,,,no_confident_recommendation
Application_597721884,0.9498264946055257,0.39016956150652465,0.23163932157833642,1.0,1.0,ok
Application_598141849,0.8803641312083229,0.4091978269649207,0.25207548977381833,1.0,1.0,ok
Application_59876773,0.9194574121435862,0.44730134577267044,0.2588927008564796,1.0,1.0,ok
Application_601584106,,,,,,ok
Application_604537136,0.8573306226209658,0.43555772960560013,0.24203812335915917,1.0,1.0,ok
Application_604648984,,,,,,ok
Application_604870238,0.8682993173477963,0.4155175528246825,0.24167763469121326,1.0,1.0,ok
Application_606749031,0.8602896193919266,0.43717317082872287,0.24241599956340545,1.0,1.0,ok
Application_608775916,0.8035157473768723,0.4246014256669005,0.24514164218876236,1.0,1.0,ok
Application_608845327,0.9149996356232872,0.38843315579285376,0.2433121597204192,1.0,1.0,ok
Application_609139308,,,,,,ok
Application_609719509,0.8903029153936319,0.43424834979473304,0.23630830065968422,1.0,1.0,ok
Application_610454003,0.740213495105016,0.41348246782908615,0.2589013051023499,1.0,1.0,ok
Application_614334599,,,,,,ok
Application_614810920,,,,,,ok
Application_616416650,0.8568856186226023,0.43578665615527423,0.2515597926749949,1.0,1.0,ok
Application_616910723,0.4736571408678605,0.41363772237556906,0.24974326611567788,1.0,1.0,ok
Application_617035933,,,,,,ok
Application_617376389,0.9131479561464745,0.4151518709436074,0.2331552296063467,1.0,1.0,ok
Application_617431825,0.9572172082647804,0.42350256985887524,0.23901389252633426,1.0,1.0,ok
Application_617539010,0.9572125214227782,0.14353706401050628,0.17230928555433264,0.9,1.0,ok
Application_620336293,,,,,,ok
Application_622068312,0.7652697826186138,0.4141046600201861,0.2555759329882883,1.0,1.0,ok
Application_622214446,0.8442526928668911,0.4275169338658535,0.24979088770904348,1.0,1.0,ok
Application_622417263,0.9738513780547935,0.4178295996303709,0.24543959707549562,1.0,1.0,ok
Application_622543878,0.9316652705287205,0.42348574235033576,0.22150143271524309,1.0,1.0,ok
Application_625101684,0.7465992658655884,0.42819304933646285,0.2503545314611225,1.0,1.0,ok
Application_625857025,0.8781377121896669,0.31899069090890064,0.24485063334936377,1.0,1.0,ok
Application_626884278,0.8365580062326036,0.4765224568801031,0.2854780069338663,1.0,1.0,ok
Application_629693731,0.8993170069878603,0.4171255583968435,0.24995938759928,1.0,1.0,ok
Application_631716992,0.8945627963613476,0.42868800363872406,0.23850016106386468,1.0,1.0,ok
Application_631740354,0.6571413019105458,0.42099514821405626,0.24044540795104344,1.0,1.0,ok
Application_631788418,,,,,,no_confident_recommendation
Application_632866158,0.31925270915122445,0.41780595729024805,0.2550370824069495,1.0,1.0,ok
Application_632913675,0.821271476832464,0.41950306402480964,0.2426187071552932,1.0,1.0,ok
Application_633371797,0.7506779022102468,0.4353045053878078,0.26308554084249786,1.0,1.0,ok
Application_633655173,0.556473721431163,0.4212496722181137,0.24332843362431855,1.0,1.0,ok
Application_634353469,,,,,,ok
Application_634898760,0.8079122243651967,0.4095345432124577,0.25443421791432563,1.0,1.0,ok
Application_635576510,,,,,,ok
Application_637222323,,,,,,ok
Application_637297513,0.52852567875363,0.44355680888153454,0.2497931657446637,1.0,1.0,ok
Application_637712751,,,,,,no_confident_recommendation
Application_637748400,0.8265056641191518,0.41861953007862135,0.24787834011049045,1.0,1.0,ok
Application_638041030,0.9105372834620424,0.4149378032742275,0.25894755210981835,1.0,1.0,ok
Application_639747826,,,,,,ok
Application_63986078,0.9555071730163726,0.4114878711289915,0.2354586154017997,1.0,1.0,ok
Application_640176586,0.8906244280715823,0.4109033143602594,0.25602990180547086,1.0,1.0,ok
Application_641457453,,,,,,ok
Application_642553020,0.8860576159512072,0.15455991617952655,0.17267444046748068,1.0,1.0,ok
Application_642608905,,,,,,ok
Application_643047755,0.9003840806826412,0.40910982866052725,0.24549638007455513,1.0,1.0,ok
Application_644340095,0.8154602054729302,0.4163478550210128,0.25836397184333026,1.0,1.0,ok
Application_644684670,,,,,,ok
Application_645328035,0.9534418601392506,0.38647142965223297,0.24098380787830162,1.0,1.0,ok
Application_646977549,,,,,,no_confident_recommendation
Application_653567105,,,,,,ok
Application_656903784,0.9413241963759699,0.4054390133344589,0.2334772717586497,1.0,1.0,ok
Application_659941685,,,,,,ok
Application_661370338,0.8972251563587283,0.4342285346903213,0.2483913210262358,1.0,1.0,ok
Application_661982228,0.9428293919889367,0.43899822186735893,0.26970359932081345,1.0,1.0,ok
Application_663134091,,,,,,no_confident_recommendation
Application_664337168,,,,,,ok
Application_66451278,0.7990042349102143,0.40912811984952546,0.25126986437746135,1.0,1.0,ok
Application_665637236,,,,,,no_confident_recommendation
Application_666250035,0.9046451837235938,0.4227680132029139,0.2431050023691581,1.0,1.0,ok
Application_668072382,0.8385691766897888,0.4287703567181236,0.24643066827871649,1.0,1.0,ok
Application_668326847,0.9609100359230293,0.431289912771765,0.26279774973645953,1.0,1.0,ok
Application_670470325,,,,,,no_confident_recommendation
Application_671264692,0.8257456028999612,0.4624313963640196,0.2677955228979908,1.0,1.0,ok
Application_671639584,0.8688663776817334,0.32087432636055835,0.2801561397584458,1.0,1.0,ok
Application_671953999,0.943679172530394,0.4238347980873554,0.24400072851705676,1.0,1.0,ok
Application_673160372,,,,,,no_confident_recommendation
Application_673399253,,,,,,ok
Application_676717540,,,,,,no_confident_recommendation
Application_676903448,,,,,,ok
Application_677442195,0.7449588837528726,0.40703233848357423,0.25343036230784144,1.0,1.0,ok
Application_679465044,,,,,,ok
Application_680044383,,,,,,ok
Application_680448181,0.8685937657805867,0.42057126379817883,0.23894079809725302,1.0,1.0,ok
Application_681649352,0.9764708365729741,0.3913338373775418,0.2338437000868779,1.0,1.0,ok
Application_681711857,0.8016467016427565,0.417048160973731,0.25915475448480474,1.0,1.0,ok
Application_681746663,0.9115814707988149,0.4098793090753602,0.23427695647920221,1.0,1.0,ok
Application_684221857,0.8568896901231197,0.446305890962166,0.2451822824293389,1.0,1.0,ok
Application_684289625,0.7897432289030478,0.4214099581988203,0.24214624429323978,1.0,1.0,ok
Application_685130299,,,,,,ok
Application_685452919,0.8492161513018961,0.4105738896704569,0.24895684829574724,1.0,1.0,ok
Application_686829487,,,,,,ok
Application_690024942,,,,,,ok
Application_693050930,0.9625451447620407,0.1440576041275813,0.19448958974900762,1.0,1.0,ok
Application_69370459,0.9046504957109642,0.42917539829383305,0.24975502255489218,1.0,1.0,ok
Application_693955071,,,,,,ok
Application_695381096,,,,,,ok
Application_695960596,0.9045458235778189,0.4368924804300187,0.23875971961355577,1.0,1.0,ok
Application_697031349,0.9472095475411815,0.39062257983168963,0.22216322913047892,1.0,1.0,ok
Application_697297022,0.9063606348145831,0.38545199405939695,0.2693548427249632,1.0,1.0,ok
Application_697324457,0.9200339022939731,0.4254918203082356,0.24132524704572364,1.0,1.0,ok
Application_69735407,0.6473247298091975,0.42041708670490385,0.24019547590498083,1.0,1.0,ok
Application_699052493,0.9729750010115888,0.399226414404802,0.24209286321035103,1.0,1.0,ok
Application_704597830,0.8977043321271697,0.42160106333926733,0.24020065687159683,1.0,1.0,ok
Application_70563300,0.8405526338832876,0.4413689437897049,0.23921791799095476,1.0,1.0,ok
Application_70606235,0.8549012859548984,0.414345875037158,0.2586669455716953,1.0,1.0,ok
Application_706198046,0.8914296988246776,0.42648271368655466,0.2407219863304847,1.0,1.0,ok
Application_706504723,0.8446061663324075,0.4209024299051015,0.2396251125062568,1.0,1.0,ok
Application_706607240,0.76843655123742,0.46121471370284983,0.257047255940146,1.0,1.0,ok
Application_707770540,,,,,,ok
Application_710720262,,,,,,ok
Application_711124829,0.7708922111857338,0.44539898566704644,0.2700378952935491,1.0,1.0,ok
Application_713675823,0.8488397385327702,0.12183968211384932,0.1647505380222557,0.7,1.0,ok
Application_714768274,0.7363049461602765,0.4156125264047292,0.2589295367911737,1.0,1.0,ok
Application_717400110,0.8173210141095928,0.40901036926145684,0.25342285260997177,1.0,1.0,ok
Application_717693758,0.9096416263882445,0.4140446838778649,0.23608525297319086,1.0,1.0,ok
Application_718602557,0.343978654613621,0.42121184395068356,0.24117906028964942,1.0,1.0,ok
Application_721895690,0.6396186882822066,0.4156125264047292,0.2589295367911737,1.0,1.0,ok
Application_722212350,0.8562591170874517,0.42641747596246055,0.24321467586133805,1.0,1.0,ok
Application_724415088,0.7398741300858289,0.41519729316096815,0.25322321251453683,1.0,1.0,ok
Application_724859129,0.8688568346602524,0.48087499593683763,0.28764711538647175,1.0,1.0,ok
Application_725542335,0.9500880925752151,0.332710216441495,0.2391939762121956,1.0,1.0,ok
Application_727229570,,,,,,no_confident_recommendation
Application_72874899,,,,,,ok
Application_728981441,,,,,,ok
Application_734009956,,,,,,ok
Application_734030906,0.8334173362162681,0.422513669125836,0.24368574749818636,1.0,1.0,ok
Application_735837174,0.8247018096317563,0.4167588639741909,0.24053691887592607,1.0,1.0,ok
Application_737324367,0.8090363741412053,0.41790509675260196,0.2477100466173232,1.0,1.0,ok
Application_738077974,0.8647431340191845,0.44419271827216,0.24948872062259309,1.0,1.0,ok
Application_738276182,0.8367315290230344,0.47188516029798294,0.25164267959908276,1.0,1.0,ok
Application_738335164,0.8885676979146524,0.4606725819083584,0.2648003372220998,1.0,1.0,ok
Application_739325744,,,,,,ok
Application_739670840,,,,,,ok
Application_739726794,0.9434172432580277,0.3978051634723555,0.22775443285362731,1.0,1.0,ok
Application_741297598,0.887803658818304,0.42782295429437645,0.2514739104673029,1.0,1.0,ok
Application_742173495,0.4909726905514331,0.4120539280719888,0.2551104213791586,1.0,1.0,ok
Application_743200153,0.8099625010219301,0.4315547554304052,0.2533223107696283,1.0,1.0,ok
Application_743474553,0.6718174132650928,0.4167663787286058,0.2555137089834301,1.0,1.0,ok
Application_743594726,0.3496946981045201,0.41145130184032663,0.24872284313023812,1.0,1.0,ok
Application_745883138,,,,,,no_confident_recommendation
Application_746403636,0.9625796302138732,0.4120561591452786,0.20328529842014048,1.0,1.0,ok
Application_747812656,0.7838300642547474,0.4118356364776593,0.2542928825303704,1.0,1.0,ok
Application_74864529,0.8935216610378686,0.15879562474944026,0.18510054515710211,0.9,1.0,ok
Application_749027963,0.6784312054434194,0.41656329045596346,0.25466597686963754,1.0,1.0,ok
Application_749860099,0.9640042153310089,0.4870813517970878,0.29668070059237306,1.0,1.0,ok
Application_749923491,,,,,,ok
Application_752373732,0.7782049909240741,0.41505890089576336,0.2536956707864712,1.0,1.0,ok
Application_752995473,,,,,,ok
Application_753117730,0.8305864368110869,0.41563031609383794,0.25312871542142173,1.0,1.0,ok
Application_755180147,,,,,,ok
Application_755318436,0.8649090693030472,0.4095923632569914,0.25376688991655844,1.0,1.0,ok
Application_757113787,0.9192439850756646,0.40746035650989426,0.23357406734014688,1.0,1.0,ok
Application_757682522,,,,,,ok
Application_75877971,0.7688263711511895,0.41936444564850894,0.24423869655874833,1.0,1.0,ok
Application_760288041,,,,,,ok
Application_760306173,,,,,,ok
Application_76083190,,,,,,ok
Application_760841149,0.9538331078245855,0.40486038864002805,0.21689751038895477,1.0,1.0,ok
Application_761083149,0.870378636866649,0.40962420391228116,0.2509607429841951,1.0,1.0,ok
Application_761503872,0.8426964030023977,0.4225688892143106,0.24221584509275287,1.0,1.0,ok
Application_762323305,0.9508051329634926,0.40195791129866326,0.22271835250065544,1.0,1.0,ok
Application_763847627,0.7757493118827613,0.40855372724609473,0.2565927362168647,1.0,1.0,ok
Application_763928658,0.8378152683586924,0.4492671295530143,0.2709532958015113,1.0,1.0,ok
Application_764226645,0.9615037035411778,0.40479481901797676,0.23721602661452698,1.0,1.0,ok
Application_765506387,0.7942024598117637,0.4431469927155164,0.25970271304937936,1.0,1.0,ok
Application_765925420,0.8201391551430285,0.42430242432529963,0.2607509943901898,1.0,1.0,ok
Application_767764149,0.9646043437892367,0.41795984935343844,0.22376839439054835,1.0,1.0,ok
Application_768687683,0.7725913823568991,0.45285068828132735,0.2571325220825523,1.0,1.0,ok
Application_768742802,0.7312493023597799,0.422884739823576,0.24323491294481497,1.0,1.0,ok
Application_770018911,,,,,,no_confident_recommendation
Application_771960759,0.8877317236778244,0.4227560417361952,0.2588743995800261,1.0,1.0,ok
Application_772130537,0.46862049155446484,0.4358964974474226,0.26387005068818925,1.0,1.0,ok
Application_773698744,0.8207270113835411,0.4138507552734808,0.2513172657093318,1.0,1.0,ok
Application_775396942,0.5607702331027958,0.4419115694107439,0.2677124629517323,1.0,1.0,ok
Application_775422920,0.8240277971061302,0.4532470323881121,0.26593436984051755,1.0,1.0,ok
Application_776250710,,,,,,ok
Application_776477117,,,,,,ok
Application_777232558,0.8539275052503101,0.4699244822546874,0.24852932928151011,1.0,1.0,ok
Application_778555928,0.7664151140219573,0.4045126601207384,0.25587851597312394,1.0,1.0,ok
Application_78032372,,,,,,ok
Application_780791841,0.8628721504372726,0.16796651041366706,0.20248335701081815,1.0,0.5,ok
Application_78080859,,,,,,no_confident_recommendation
Application_781442980,0.9294646734101245,0.38555812488870195,0.2390633304001134,1.0,1.0,ok
Application_781529602,,,,,,ok
Application_782253363,0.8547473540676548,0.45576236305051854,0.2623197492021351,1.0,1.0,ok
Application_782627639,,,,,,no_confident_recommendation
Application_784244379,0.134989536702353,0.40689837575367216,0.2505335874730769,1.0,1.0,ok
Application_786731748,0.9055340192224458,0.16142223968415353,0.19235102026004175,0.8,1.0,ok
Application_788699480,0.9382116666294105,0.4026871451783666,0.21787062962566592,1.0,1.0,ok
Application_788925867,0.7559053796983803,0.4159724685709577,0.256666604189047,1.0,1.0,ok
Application_789108617,0.8870566742314612,0.48723503056007605,0.27999043518328526,1.0,1.0,ok
Application_789334077,,,,,,no_confident_recommendation
Application_791089089,0.3188546435778776,0.4167588639741909,0.24053691887592607,1.0,1.0,ok
Application_793038001,0.9564752687264124,0.39920619557447423,0.2262975053475666,1.0,1.0,ok
Application_793873060,,,,,,ok
Application_793997351,,,,,,ok
Application_794504760,0.8016771935893193,0.4118727244955981,0.2513247130651442,1.0,1.0,ok
Application_795733035,0.7565882253471646,0.4064967193634391,0.2523717312026631,1.0,1.0,ok
Application_795804396,0.9288461905048345,0.42656609840975984,0.24217757483088484,1.0,1.0,ok
Application_79681847,0.4851021918098444,0.4182023765400821,0.2541168418123837,1.0,1.0,ok
Application_797190984,,,,,,ok
Application_797995929,0.7997023953181269,0.446251605937925,0.25190052211448494,1.0,1.0,ok
Application_798496213,0.889784720340401,0.41621013492993264,0.2538816963104274,1.0,1.0,ok
Application_798879962,0.8839120279476546,0.44902802840698186,0.26276878235238554,1.0,1.0,ok
Application_802752710,0.8902847319244298,0.40186855290058787,0.23325430177905437,1.0,1.0,ok
Application_80286962,0.9469730242441771,0.42063283784527516,0.23740027131168165,1.0,1.0,ok
Application_80298426,,,,,,no_confident_recommendation
Application_804273159,0.8436535421469286,0.42145414201766834,0.239413218125801,1.0,1.0,ok
Application_804644820,0.9385459518932583,0.3777374732267996,0.2407760273434828,1.0,1.0,ok
Application_805828914,0.930823214700627,0.4419996085423981,0.24926569983835012,1.0,1.0,ok
Application_808224273,0.856418324669685,0.43207311054550546,0.24971528320755298,1.0,1.0,ok
Application_80850284,0.8374692654383129,0.19600787997442437,0.22974760951574047,1.0,0.5,ok
Application_810658733,0.805541536412836,0.47931957433927447,0.26630595953753095,1.0,1.0,ok
Application_810901066,0.891610774365593,0.43035341426142004,0.25256511070050597,1.0,1.0,ok
Application_811679621,0.8063069071086677,0.42155955593898237,0.24612953968813192,1.0,1.0,ok
Application_811825935,,,,,,ok
Application_81196974,0.9297085826953942,0.42556984661183994,0.2422366539652374,1.0,1.0,ok
Application_812842800,,,,,,ok
Application_815196626,0.903228029019448,0.13432343386349074,0.14150335953926094,1.0,1.0,ok
Application_815439845,0.7936839208169836,0.16020026396401738,0.18547719754086597,1.0,1.0,ok
Application_817528841,0.9257867639554701,0.1605183012808753,0.18604506586027966,0.9,1.0,ok
Application_818535320,0.5173283239599135,0.4269981117414776,0.2555876897702703,1.0,1.0,ok
Application_820509737,0.7060947457400736,0.417219681986334,0.2562393615837731,1.0,1.0,ok
Application_821026605,,,,,,ok
Application_82106546,0.8027275711281192,0.4578182431061887,0.2642111216405443,1.0,1.0,ok
Application_821402088,0.9133096999285122,0.4127722080220919,0.25637399989446247,1.0,1.0,ok
Application_822332970,,,,,,ok
Application_823313933,0.7870578121648973,0.41227092672113247,0.250525651355592,1.0,1.0,ok
Application_823561619,0.9848521844228472,0.4074952432964728,0.23477975453024594,1.0,1.0,ok
Application_823830081,0.7626121193897714,0.477137513710724,0.2650926742653105,1.0,1.0,ok
Application_824575725,0.799559777801187,0.46864442052351507,0.26237176256354006,1.0,1.0,ok
Application_825284974,0.8036773572117275,0.4424840707108557,0.25961628783437685,1.0,1.0,ok
Application_8255496,,,,,,ok
Application_828330778,0.863312463328007,0.15383465338097763,0.17784796608914724,1.0,1.0,ok
Application_828739470,0.8872661701013432,0.42529508060919197,0.2502040171141954,1.0,1.0,ok
Application_830101215,,,,,,ok
Application_831992514,,,,,,ok
Application_832770467,,,,,,ok
Application_833399908,,,,,,ok
Application_835024653,0.6402169903170551,0.4307722420473176,0.25870382303068346,1.0,1.0,ok
Application_835755263,0.8523127104880306,0.3985904750876417,0.24846267867230099,1.0,1.0,ok
Application_836841943,0.9111748144814807,0.4390325411546513,0.25045390012136587,1.0,1.0,ok
Application_836856058,0.8728378195296255,0.4121206210456069,0.2552000625771737,1.0,1.0,ok
Application_838884307,,,,,,ok
Application_839952915,,,,,,ok
Application_8404955,,,,,,ok
Application_841240578,,,,,,ok
Application_84195997,0.8099831874984581,0.42563986961760414,0.2557366214758662,1.0,1.0,ok
Application_842022801,0.892024561338141,0.417689315659857,0.23873879186656033,1.0,1.0,ok
Application_844514474,0.8607487029298078,0.3838751903805876,0.24462142328210287,1.0,1.0,ok
Application_844831749,0.7183227105782805,0.4499453291477561,0.2633703475652625,1.0,1.0,ok
Application_84533120,0.8369455589470617,0.43504886008358695,0.25376083109809483,1.0,1.0,ok
Application_846209494,,,,,,ok
Application_8497910,0.9373445017009935,0.3873183717111367,0.23600469331827445,1.0,1.0,ok
Application_851895556,,,,,,ok
Application_852183469,0.9096120323836956,0.41709160294459,0.2569254551013146,1.0,1.0,ok
Application_852716835,,,,,,no_confident_recommendation
Application_854280555,,,,,,ok
Application_85502316,0.8302509154452097,0.4450957511584739,0.2555438606001531,1.0,1.0,ok
Application_855239950,0.873884723340796,0.4231308429266548,0.24541664025615978,1.0,1.0,ok
Application_855901489,,,,,,ok
Application_856935152,,,,,,ok
Application_858239432,,,,,,no_confident_recommendation
Application_858754330,0.8857180286063474,0.4158890466297193,0.26167793888208907,1.0,1.0,ok
Application_858789639,0.9634017636581766,0.3001381963952813,0.26725576371371734,1.0,1.0,ok
Application_858881040,0.7292053207618974,0.41039592117213586,0.2555033405902069,1.0,1.0,ok
Application_859428294,0.8782819417385506,0.4182044099277011,0.24084250164142468,1.0,1.0,ok
Application_861069239,0.7895590279126133,0.4045601944705317,0.25363334107410385,1.0,1.0,ok
Application_864148389,0.8066802812276848,0.4354172882180696,0.26450487857101573,1.0,1.0,ok
Application_866486447,0.9740848980967132,0.15782712186646422,0.18682493133883102,0.5,1.0,ok
Application_866670658,0.9241782059498419,0.41974155287093595,0.25774489438409964,1.0,1.0,ok
Application_867400149,0.8395801237967621,0.4773049837740674,0.2694371895941587,1.0,1.0,ok
Application_867435788,0.9527537036590014,0.38839317276551444,0.24177277294617922,1.0,1.0,ok
Application_86905976,0.2447177877448344,0.41499172092967135,0.2528261618826271,1.0,1.0,ok
Application_869335382,,,,,,ok
Application_872415486,0.8491874095693178,0.4301419021911891,0.25084988880958975,1.0,1.0,ok
Application_874039168,0.8499855470908873,0.41313041858419935,0.26618887800938307,1.0,1.0,ok
Application_875614911,0.8912557436320341,0.44727763793743136,0.2656673717406473,1.0,1.0,ok
Application_876077850,,,,,,ok
Application_87659628,0.8597623587481005,0.4588783000966122,0.24981717719486213,1.0,1.0,ok
Application_876712087,0.40029327568455847,0.4191606807880673,0.2402263162359835,1.0,1.0,ok
Application_877522071,,,,,,ok
Application_877772414,0.9542379329602629,0.3875420805005767,0.24225513648250666,1.0,1.0,ok
Application_879553786,,,,,,ok
Application_884271564,,,,,,ok
Application_884403770,0.7295720805796513,0.41552899642433294,0.2598960676828876,1.0,1.0,ok
Application_885012170,0.9224219001636966,0.4210037236914996,0.24337616953129562,1.0,1.0,ok
Application_885372391,0.7076210005099423,0.4179530882318641,0.244742104254219,1.0,1.0,ok
Application_88952849,0.9436785096380655,0.38200624023117846,0.24437982044729364,1.0,1.0,ok
Application_890075702,,,,,,ok
Application_89083515,0.8198395687695614,0.4580089576136229,0.26133284503062165,1.0,1.0,ok
Application_890963278,0.8785715376576454,0.43573831683281555,0.24783486725735757,1.0,1.0,ok
Application_892427793,0.8347216380788421,0.41190543130898083,0.24526472831710985,1.0,1.0,ok
Application_894204901,,,,,,ok
Application_894382241,,,,,,ok
Application_897350750,0.7661078215514633,0.413103805570343,0.2578325106631555,1.0,1.0,ok
Application_900844990,0.7775537746627198,0.41416058313071985,0.25909149419281025,1.0,1.0,ok
Application_903799216,0.5353391404036072,0.4095345432124577,0.25443421791432563,1.0,1.0,ok
Application_904093739,0.8568435191537498,0.40826240756042953,0.2523599346076908,1.0,1.0,ok
Application_905082437,0.861541958387497,0.401353416300492,0.24652359514741015,1.0,1.0,ok
Application_905858527,0.8146574617229931,0.44634888957422325,0.25659518341078713,1.0,1.0,ok
Application_90621717,,,,,,ok
Application_906296960,,,,,,no_confident_recommendation
Application_907136885,0.345502810561871,0.41222752181564515,0.25141196969919954,1.0,1.0,ok
Application_907309048,0.940014732491366,0.4094799042504114,0.22947574903694457,1.0,1.0,ok
Application_907359229,0.8615826388025892,0.44244126034527476,0.2436936254907307,1.0,1.0,ok
Application_908012089,0.925442629296214,0.4284237138270613,0.24518819586654433,1.0,1.0,ok
Application_910003252,0.7761737948538823,0.4140881454547247,0.2573842576470443,1.0,1.0,ok
Application_910353899,0.810181154038899,0.4102786689609189,0.2509162977687264,1.0,1.0,ok
Application_913122133,0.8343792642824104,0.4075724277100595,0.2531037809281233,1.0,1.0,ok
Application_914673270,0.893719459305922,0.4177073967323671,0.23660842052746073,1.0,1.0,ok
Application_917308364,0.7204633818221939,0.34311092050770264,0.29092479554799483,1.0,1.0,ok
Application_918572133,,,,,,no_confident_recommendation
Application_918963277,,,,,,ok
Application_918979468,0.75747831639981,0.3316798194851665,0.2850011908365001,1.0,1.0,ok
Application_919959748,,,,,,no_confident_recommendation
Application_92009906,0.914264860911985,0.4127722080220919,0.25637399989446247,1.0,1.0,ok
Application_92081663,,,,,,ok
Application_920967125,,,,,,ok
Application_922011706,0.9063688425420066,0.4076483059690851,0.2300093688973688,1.0,1.0,ok
Application_923730558,0.8897369475185171,0.41973150684310284,0.23937537185202487,1.0,1.0,ok
Application_926052296,0.9580068209156851,0.41826919271992613,0.24895021918702642,1.0,1.0,ok
Application_926094669,,,,,,ok
Application_92624898,,,,,,ok
Application_929015547,,,,,,ok
Application_92984842,0.8493950558165031,0.426547237492629,0.25003639136970573,1.0,1.0,ok
Application_929931999,0.8604424308947062,0.4550718137317206,0.25559617417736025,1.0,1.0,ok
Application_932158358,,,,,,ok
Application_933464832,0.8503907170379745,0.4710233643709308,0.271526999680039,1.0,1.0,ok
Application_933548333,0.8492220284884145,0.4623090905721033,0.2548469862543958,1.0,1.0,ok
Application_936141381,0.8812148502727076,0.41475311687212735,0.2551473039967813,1.0,1.0,ok
Application_936279128,,,,,,ok
Application_938318297,,,,,,ok
Application_940496739,0.8672696040286941,0.4130408296964322,0.2526840581952783,1.0,1.0,ok
Application_940705047,0.8021606484855353,0.42075622107743904,0.24534814961211396,1.0,1.0,ok
Application_94127270,0.8168597782352818,0.4206237570338548,0.2421809579890971,1.0,1.0,ok
Application_942057035,0.8375869574834897,0.41009386582527074,0.2516251556927435,1.0,1.0,ok
Application_94215,,,,,,ok
Application_943827704,0.7474760017199724,0.4183634255480283,0.23659027029261373,1.0,1.0,ok
Application_943868855,,,,,,ok
Application_944654361,0.9328518107126825,0.41838730520404593,0.255316921330886,1.0,1.0,ok
Application_945696184,0.7523706790554653,0.409197571470653,0.25184615759392737,1.0,1.0,ok
Application_946739824,0.8980766649186743,0.425686002695249,0.2562779546468918,1.0,1.0,ok
Application_946802204,0.970868443168201,0.41663033233606966,0.245429409814532,1.0,1.0,ok
Application_946845929,0.884529244987741,0.4071087283714081,0.25080619953798927,1.0,1.0,ok
Application_946851059,0.9189699002134459,0.43110462086532664,0.26322898552467594,1.0,1.0,ok
Application_948141705,,,,,,ok
Application_949156991,,,,,,ok
Application_951361217,0.7083991761750877,0.43208165151207173,0.24481218855159648,1.0,1.0,ok
Application_951427056,0.7986378450692158,0.41713542304194123,0.23989858311218606,1.0,1.0,ok
Application_952114406,0.771831799552079,0.42453051594591856,0.24320165606872668,1.0,1.0,ok
Application_95311556,0.7889138639671485,0.4194545493972929,0.25678536357764636,1.0,1.0,ok
Application_953179282,0.9118415452946589,0.40122771829798837,0.2391420625456694,1.0,1.0,ok
Application_95477936,,,,,,ok
Application_955811445,0.8608410946433979,0.1668342229824874,0.18051948440189455,0.9,1.0,ok
Application_956764835,,,,,,ok
Application_957614949,,,,,,ok
Application_957947349,0.9067896890060313,0.4282508693809965,0.249697870151121,1.0,1.0,ok
Application_957957984,0.8949823956963823,0.4329018370657381,0.24749276315827162,1.0,1.0,ok
Application_958218647,0.8045311267348796,0.4475842985558701,0.24946280761567782,1.0,1.0,ok
Application_962920598,0.8988277175365648,0.41331517532073,0.2548255837364534,1.0,1.0,ok
Application_963564266,0.874766983257826,0.42640456639881047,0.24015256264287982,1.0,1.0,ok
Application_964208437,,,,,,ok
Application_964309178,0.783801697661462,0.47638940327148466,0.26333634776245635,1.0,1.0,ok
Application_9650923,,,,,,ok
Application_965842748,0.9386370302405241,0.44552193232805715,0.27388699246422304,1.0,1.0,ok
Application_966891264,,,,,,ok
Application_96732613,0.818597922571502,0.4592661634400871,0.2565275068809207,1.0,1.0,ok
Application_970357595,0.8639086538937232,0.4471160538662322,0.2593174936246196,1.0,1.0,ok
Application_971594478,0.9178454231229556,0.41252899429260304,0.25310151992941693,1.0,1.0,ok
Application_972388617,0.5635358603871036,0.41071748574202155,0.25435762686733177,1.0,1.0,ok
Application_972407424,,,,,,ok
Application_972486124,0.9089308905843242,0.4051710422026632,0.235295003180435,1.0,1.0,ok
Application_973075457,0.856877098571821,0.43104426378983557,0.2546725618191117,1.0,1.0,ok
Application_973398039,0.9547615646197453,0.38020167778275543,0.24262829015533352,1.0,1.0,ok
Application_974380976,,,,,,no_confident_recommendation
Application_974485148,0.8557546412255477,0.410397694926262,0.25397076618654685,1.0,1.0,ok
Application_97480244,0.8994822175210431,0.41331517532073,0.2548255837364534,1.0,1.0,ok
Application_976227600,0.7848511859914954,0.42548491435335356,0.26148685940684346,1.0,1.0,ok
Application_976453500,0.8862874203400674,0.4083622778016044,0.25282334441345905,1.0,1.0,ok
Application_977273044,0.8788857570226187,0.40904970886170255,0.25262988143241355,1.0,1.0,ok
Application_978274104,0.9305723971511496,0.3715174777583069,0.23604492801261368,1.0,1.0,ok
Application_978279321,,,,,,ok
Application_978787861,0.8698392005381692,0.4503169224949019,0.26395075307682375,1.0,1.0,ok
Application_981954059,0.890048743400583,0.4067737072397025,0.2508213780977106,1.0,1.0,ok
Application_983083464,0.9253758082915953,0.10400936575926796,0.15205478960638247,1.0,1.0,ok
Application_983620351,0.8149619106446943,0.41880199972517396,0.24632968088893636,1.0,1.0,ok
Application_989692273,0.8672125306798891,0.40797925818294967,0.2556738246060963,1.0,1.0,ok
Application_99096400,,,,,,ok
Application_991116281,,,,,,ok
Application_993130220,0.6850513223600725,0.41676527376954525,0.24972841932456707,1.0,1.0,ok
Application_993701683,0.7893046294461301,0.43405267854940793,0.25692813085833144,1.0,1.0,ok
Application_994101872,,,,,,ok
Application_995124359,0.7892881836666515,0.4315634889038041,0.27516012564491465,1.0,1.0,ok
Application_995537269,0.6346773995632853,0.43535448319623277,0.268679323874208,1.0,1.0,ok
Application_99697167,0.8731956677294708,0.41476082831905375,0.2583558399046408,1.0,1.0,ok
Application_997205131,,,,,,ok
Application_997240244,0.8798050856917967,0.4538304881044328,0.2536344414373536,1.0,1.0,ok
Application_997592088,0.813925805348879,0.43967408219360155,0.266864602804188,1.0,1.0,ok
Application_998522150,0.9637126394369654,0.38196425504596443,0.2408163689800667,1.0,1.0,ok
Application_998666405,0.7156097520460792,0.45539543756788053,0.268074178966341,1.0,1.0,ok
Application_998908852,,,,,,ok
