case:concept:name,pred_outcome,pred_sigmoid_mm_time,pred_uncertainty
Application_1003444518,0.02776915240792378,0.09750272095370455,0.10712631937752663
Application_1004385970,0.034761439062575256,0.22271303671630627,0.20516820369740102
Application_1006138809,0.14870038309650183,0.10881348163389862,0.31973125438504935
Application_1008663678,0.8692429379144692,0.17455461997548755,0.19506749853290412
Application_1012600292,0.8234807923599071,0.40057580366090156,0.25121132128593837
Application_101285063,0.41260184588382953,0.36198638031792046,0.3151700130562917
Application_1013192848,0.012124334697346596,0.09211155631155668,0.1029409810788943
Application_1016792765,0.42934010329553557,0.5065883022708167,0.1789697500957548
Application_1018266027,0.025583435720478935,0.7140621152929636,0.025846709573949148
Application_1018276550,0.8927461627872927,0.38025640483880685,0.2722084775053024
Application_101973919,0.621055252924861,0.45300169484155883,0.37994110684294513
Application_1020696982,0.005981554871752077,0.7092388885030169,0.02484220379165109
Application_1020792873,0.778184000498637,0.4075278026250355,0.25904267523264785
Application_1020819842,0.8848522878087036,0.18679801753076425,0.1553954969022216
Application_1022084723,0.04679469045870329,0.1565111525411931,0.29315527565749083
Application_1023037940,0.0261710238956414,0.14560186983934187,0.16230564018392724
Application_102597720,0.6733571838197946,0.16255206105608497,0.1445011479775943
Application_1026777184,0.03458050741948381,0.11067906482116369,0.22060018499344555
Application_1027449105,0.02503168946281601,0.12390319195084792,0.26034248808730676
Application_1027859705,0.8625408366705299,0.33503628238162947,0.3025609095424467
Application_1028665365,0.5317186230691718,0.509942721430267,0.2802164165067045
Application_1029674102,0.0754056361379433,0.16997102751106527,0.3254876772676574
Application_102977791,0.7052174342123922,0.36912497102824154,0.25280856410832986
Application_1031465496,0.7556634772938993,0.427044842524568,0.23905436728263538
Application_1032862024,0.7910252492587448,0.17468864585576818,0.2672918419542296
Application_1033036371,0.6918289255368543,0.36033914410844775,0.24911354342513653
Application_1033306842,0.8685468792370429,0.4334525869665071,0.321853875360074
Application_1033574302,0.517594071496483,0.41839383361552585,0.31731550804455405
Application_1034775753,0.00909162141781767,0.7378162126253965,0.012804381311990532
Application_1035618893,0.04325191337931602,0.2293481513450868,0.2884559884942502
Application_1037771791,0.7091424319755163,0.41730058865441044,0.2527589604916229
Application_1038302868,0.039900535464546485,0.11378221152560591,0.2528287338858924
Application_1038660996,0.011689836960697947,0.2996715592352821,0.21474449325442208
Application_1039200421,0.02869706120080392,0.6307778363699375,0.15125241580495097
Application_104061665,0.8239044622742787,0.4064326935354431,0.24487719495263274
Application_1041438098,0.6239630052237927,0.4001691840137061,0.30288726659779036
Application_104406636,0.02064473518863446,0.15977724407592053,0.17553919803565926
Application_1046222107,0.7336385490807956,0.37040227922155483,0.2924897937150432
Application_1046524820,0.8483277370839976,0.3652852267985638,0.24066196280184168
Application_1048834285,0.07120189171104321,0.1849472657047611,0.18535026158737913
Application_104922918,0.03331773151720449,0.2375864164835169,0.2096363236028235
Application_1050938301,0.9310944110935975,0.1363695910511883,0.1773529385712825
Application_105434976,0.03850488245610552,0.20631663417145688,0.24326786062229525
Application_1054777483,0.01989304664794315,0.08062725024326445,0.0893621438193581
Application_1056831748,0.02829920271844156,0.13691727589405192,0.10162013726153686
Application_1057881509,0.1283177217368318,0.20669110914481442,0.30011305389088594
Application_105906022,0.8474241780241704,0.1829105436248136,0.17513646391327323
Application_1064102675,0.7971954468384003,0.18447117303784114,0.14984507257490606
Application_1065401414,0.03718640835365809,0.23342890860391044,0.336702950106915
Application_1069486579,0.009838906379966244,0.765936624700986,0.029424370168010083
Application_1069511528,0.006612127809014598,0.7196976399062992,0.02266825287857253
Application_107048111,0.7075761994924004,0.4216372473953052,0.2454499388812793
Application_1070499420,0.08248257640778424,0.1857961645978811,0.2589316241809737
Application_1071392906,0.8698783454462075,0.3972765760425369,0.3061341939046464
Application_1072302976,0.06478682807382874,0.20254209001658807,0.311608831065616
Application_1072740747,0.06498989462553927,0.11356826166013423,0.16302087797382706
Application_1073143855,0.6785445174437134,0.13837081921185274,0.1949182426084029
Application_1076592180,0.9449478885514685,0.2036633792721677,0.26886885021736723
Application_1077139293,0.03838165419541964,0.11719881184535236,0.2590086821651123
Application_1079472664,0.022873494040555623,0.18547980398919203,0.3356487805231169
Application_1079589,0.7779086801800139,0.3465927164234602,0.23247077766672516
Application_1081153991,0.07790620181518942,0.2107278276371433,0.24441470432010226
Application_1082188204,0.8892449048132907,0.149903346786331,0.23169842371431562
Application_1083885618,0.7127050754113303,0.4395682047628839,0.2647366453957198
Application_1084197155,0.038904661048134226,0.2715367917679694,0.2526558543142273
Application_1084809711,0.8204862036937034,0.3925456733679254,0.29035663278548957
Application_1084951999,0.5681626422313063,0.382025042813598,0.2466704742633167
Application_1085916302,0.04047308646155038,0.12150266585739777,0.283087890602726
Application_1086189813,0.02392085922754787,0.13362984789111026,0.18299427913783814
Application_1086358390,0.04938522462082728,0.15977223320459424,0.2963285217409815
Application_1087895834,0.7395425242059855,0.4206170643493534,0.24509519856580175
Application_1088555315,0.7510081431329534,0.1447552932714652,0.1799313778174298
Application_1089290640,0.8196793716042619,0.3906227433804495,0.2451347678390094
Application_1090974006,0.02463964570963895,0.1008988006597713,0.11158782720565905
Application_1091454310,0.8202530200708076,0.31009982131180264,0.256118635797195
Application_1092109071,0.8300972588286195,0.1267079945139528,0.14977644117284386
Application_1092918410,0.09702899388865069,0.13545844362816897,0.2746054212124832
Application_1095263419,0.7583566724429155,0.3310397759946182,0.2256634391457902
Application_1096081779,0.01734519115353676,0.7167578798173285,0.03209171283212035
Application_109628015,0.2831013026913373,0.1535477165103758,0.11279102969280329
Application_1096460123,0.03407687028684558,0.3051033403121314,0.23307541574013294
Application_1096932592,0.15908647618044047,0.11890462093496826,0.28825641858773354
Application_109718783,0.831202591711897,0.4326216601730689,0.27929164868305356
Application_109912668,0.022529107180084672,0.13577499705370366,0.17609376528122547
Application_1099430757,0.8564338354072392,0.3517222024267008,0.3215043855489838
Application_1099493178,0.04554889211417071,0.1348514763149126,0.27701154104170567
Application_1099663893,0.031676885459199555,0.30224397496364,0.3140488395190693
Application_1100253381,0.8463499157890755,0.3674182286695675,0.23056867485954527
Application_1101636672,0.8646368931095872,0.41195064900716205,0.29726288014751395
Application_1102148836,0.0095716742797847,0.735954652624556,0.01975181198010957
Application_1102289179,0.06017460588541414,0.21627481114539204,0.26164237220140135
Application_110355063,0.00827495024650133,0.75025730291369,0.01719167346929417
Application_1103698005,0.6040466156515863,0.3855247423884587,0.283789598482063
Application_1104110439,0.011198731845931833,0.7373498604684529,0.013050890801584263
Application_1104349279,0.2831663236260758,0.5800354345073362,0.1390328978131067
Application_1104697616,0.10155569750602154,0.21917423261391597,0.17882714129041102
Application_1104784494,0.8334653978089948,0.4059863353121303,0.25307924971002815
Application_1104839673,0.04418018683146883,0.06783136892345742,0.1356362799416983
Application_1106610804,0.11593222141581419,0.20794726522170554,0.23632143731246766
Application_1107513596,0.008260489891512927,0.7501866899977554,0.01598865286331469
Application_1107974200,0.02631433355957068,0.5959587627549261,0.1658138494255208
Application_1108410496,0.013418023631975744,0.17109839662024484,0.17743825562818505
Application_1108553853,0.6954596231629729,0.3660172461905415,0.2444719904914141
Application_1109500523,0.010466220427957912,0.7168554928291067,0.035572730337781154
Application_1109722425,0.03226528840123499,0.17304969736739922,0.17804359529658245
Application_1110003824,0.6066088805990233,0.09536292559840767,0.12629410238393132
Application_1110334222,0.7417259186617725,0.3796911370483366,0.2822093838244385
Application_1110847631,0.03992362658135825,0.1963828684953234,0.2941135458511861
Application_1112791540,0.8465700303421178,0.366179003942791,0.31016238190313383
Application_1114627184,0.06798129444492912,0.28813261263437634,0.2697667327980447
Application_1115275695,0.02602431129058735,0.12583493339302365,0.18470655035024303
Application_111536511,0.7842292099819662,0.3946867976827304,0.29983427645051886
Application_1116596448,0.6931719321015918,0.1090589432394479,0.11888054998869177
Application_1116878017,0.009559128987800689,0.73127487134594,0.015516482608471296
Application_1118317851,0.007789383143741612,0.7405445420973468,0.014000812797050816
Application_1118691851,0.09338193886366453,0.10449678436117171,0.33962424067056846
Application_1118794258,0.04058171904375608,0.7204922260811712,0.046316713389051224
Application_1119128567,0.00713250246830243,0.6974418230463174,0.034727046737066454
Application_1119346613,0.03203774364599804,0.22058751449733133,0.1792085385033016
Application_1119704576,0.08690682033495398,0.09468372229357269,0.1403650914288793
Application_1120624192,0.02167398653943496,0.18635542306461328,0.21661805262411368
Application_1121095468,0.023536963355250098,0.199415452565616,0.14748697023977497
Application_112299550,0.022504612928440484,0.1756049100121779,0.18540902828065808
Application_1123320394,0.09218704577318045,0.1615483605068339,0.31124095628947646
Application_1123432099,0.008025652639142096,0.7405661022476103,0.01981816253395797
Application_1123655418,0.09881461835055025,0.17998637884712482,0.2401820026056512
Application_1124789802,0.0517491661367657,0.137380059120197,0.3217188624641062
Application_1125229039,0.6631904786245858,0.4149032481013737,0.3678143604950726
Application_1125299308,0.061947334858309916,0.2074008010657959,0.23421968588491957
Application_1131812437,0.5980066240697941,0.48375736515317813,0.3104556668622383
Application_1131974200,0.027241926344975544,0.3142580130411991,0.20743535304415237
Application_1132898010,0.05366863426586258,0.17942249462396606,0.24461904082618735
Application_1133826059,0.8343172762132062,0.3210868659522325,0.25428631076137803
Application_113474586,0.058882496514641905,0.21039864648902562,0.2588821149475276
Application_1136138244,0.0368731450683733,0.18146392648127505,0.331292859228472
Application_1136188668,0.05338882049996787,0.17578553033423136,0.3016467974682322
Application_1136782466,0.4850614978822115,0.4032953566144159,0.32031684617216954
Application_1136942310,0.6193531979831642,0.29493358828742844,0.23787097395137077
Application_1138343850,0.06708880708422982,0.17930346451450993,0.2559188064553113
Application_1138441532,0.026467934203955573,0.06117777187253276,0.11761572797134716
Application_1138682900,0.873087682605604,0.08608630349920426,0.16170715442533465
Application_1139095492,0.8214931489720013,0.04248441980920098,0.06965859462451707
Application_1140000103,0.042770200855800446,0.1160215146572443,0.2824089729676674
Application_1140214785,0.023381451682854375,0.20271068924787627,0.14817200264208646
Application_1140934167,0.7075254526280106,0.4652616075888012,0.2956204540668515
Application_1141437569,0.9064801146349517,0.07438745545224884,0.1051226418542498
Application_1141800606,0.6719020557838381,0.17838396225516923,0.17172082515662906
Application_1142291922,0.8463852454141266,0.3436138617882958,0.29919124955950066
Application_1143452352,0.7825710303571829,0.1699709614423475,0.17376349908319444
Application_1143725882,0.8451606439296954,0.42298943605195066,0.2792056650327158
Application_1143749034,0.7466897380262761,0.4745858367861967,0.28221748472811664
Application_1144806380,0.04876310042487475,0.1782458738467558,0.18281096538022534
Application_1145195394,0.025173595106331482,0.09731647991833323,0.18015910405298913
Application_11454632,0.005241949013378857,0.7144756008588982,0.019285102916936782
Application_114551747,0.7961486508777706,0.13077409482809027,0.14940317446634094
Application_1145960664,0.031047226057434967,0.14501901130789496,0.16984654024670157
Application_1146017257,0.06618792155023076,0.281260557325776,0.2841102786033884
Application_1146390793,0.7821493947310739,0.36821245535889324,0.2778926545507901
Application_114677449,0.07451895739127223,0.22092818612914725,0.3386787788881224
Application_1147242139,0.6842631110136368,0.40385548235445007,0.27925387400086804
Application_1147800670,0.8700872839339581,0.13995330649465948,0.1693978660077254
Application_1148505526,0.007215111989375651,0.7197997217020708,0.01900261170242322
Application_1149826505,0.8425721782912465,0.37449572535467057,0.2694166291177777
Application_1149882287,0.00883284927663513,0.7197725912898106,0.01937853003426798
Application_1151306652,0.006806695140535671,0.7367297648241173,0.01452141537443041
Application_1151718196,0.8301622750911682,0.2143310284946317,0.23338658300902418
Application_1152706558,0.019463558426035633,0.1933322208241067,0.18098633734110403
Application_1153327019,0.8535279210771959,0.1336213046173928,0.1221199326014381
Application_1153332543,0.0544004918867362,0.10099820332029841,0.1789699399584045
Application_115387399,0.06374192179007394,0.22698205467964283,0.16129888210093682
Application_1154947942,0.03650981288902351,0.18039774980503395,0.16908652900398868
Application_1155624509,0.8686187428049652,0.11711402131012053,0.18411983213742186
Application_1156380786,0.006608629084657384,0.734001728818433,0.02161585890566967
Application_1157095713,0.33965382211340256,0.32792275719407654,0.17438701852370211
Application_1157455039,0.06075356056809232,0.17077900550267425,0.2533871595132531
Application_1160716330,0.771512281728859,0.4236297624347348,0.2828545955061841
Application_1164107164,0.036232750070611684,0.04322134201656452,0.09921496147123085
Application_116887817,0.0407341015859289,0.28229134777995674,0.16998435216001334
Application_1171197563,0.009931108003071678,0.7357494343453028,0.015785565278670803
Application_1172008352,0.8975713286575335,0.17071725738443452,0.2099989825974028
Application_1173149180,0.38752045675202784,0.3732331501932622,0.2515247459534823
Application_1173289988,0.004521384624884404,0.7185037341327468,0.03680679566482032
Application_1173481848,0.8282944163812588,0.14318550177450964,0.15869549059558408
Application_1174114825,0.03845779060154821,0.17149840386979914,0.2508941529339634
Application_1175285346,0.06493780590915929,0.030175972822544417,0.0643435309398359
Application_1175418215,0.8328207178665193,0.20796497370110206,0.25832773430198835
Application_117660615,0.02451252042002535,0.15633028492928772,0.1640764066402871
Application_11773925,0.7386825937199962,0.42949553706467525,0.2945347944738645
Application_118076535,0.007338094014013323,0.728690128303467,0.016289047591416268
Application_1180779910,0.008423780891583797,0.7288137682133473,0.01688784817298741
Application_1182794641,0.766895239696185,0.18411316231884967,0.1876382645685127
Application_1183136852,0.8558659554878242,0.42081929007301566,0.2854096133838755
Application_1183476189,0.008702577356421784,0.7243199877212764,0.020820181793705934
Application_1183534481,0.09292110259626622,0.18107061342820568,0.2600673656496664
Application_1183954314,0.2878249667374069,0.5106114504481246,0.1339423368302654
Application_1184253258,0.5872346568670335,0.3883310154833155,0.2639744584676055
Application_1185560776,0.892774091719169,0.07050759554200503,0.11093329649144254
Application_1186011075,0.9238406627680181,0.11068456121117837,0.17345457617795307
Application_1187770735,0.03361462022259234,0.3075476539888222,0.2828567424450027
Application_1189444299,0.8018451304404925,0.3853128334545142,0.28179327492935186
Application_1189871359,0.04908500852895155,0.19675615858342602,0.2330477049560739
Application_1192817854,0.41457311828008914,0.36390455565772306,0.2570199939140649
Application_1193407725,0.7805220394093952,0.43032447182713024,0.27503675107162306
Application_1194573334,0.9214437011700404,0.13106142435792267,0.1562356050688877
Application_1196211316,0.045803654549605916,0.718032805891366,0.03870069421098817
Application_1200105859,0.05881621725902442,0.2677316805260074,0.28977174632679986
Application_1201250492,0.7598362694507991,0.38917293385267626,0.2524241760206604
Application_1201267547,0.4238686848766458,0.39266861705960876,0.2642880724677331
Application_1202440901,0.025103283704509368,0.19201846569685507,0.17511683394774957
Application_1203000059,0.7975348701657747,0.31480827052787436,0.23381200031935276
Application_120400056,0.873293569077677,0.04497485015353275,0.08528113332095795
Application_1205027125,0.04419409418058517,0.10229352772621364,0.24168340328670035
Application_1205291296,0.03650966002491673,0.2057850748936696,0.282493045093864
Application_1207519267,0.03782574975725553,0.1664244108745772,0.17490055760087886
Application_1208202898,0.3356373187589929,0.1370964574866659,0.10543234708540797
Application_1208543050,0.0316610355324556,0.206788282328548,0.1733490909365599
Application_1209476276,0.057283319770012664,0.15517419001767424,0.2582989108803921
Application_1210322027,0.8311223198260862,0.43166297954087984,0.296625003309167
Application_1213205773,0.7527449398138604,0.44108784526746253,0.3047286674238955
Application_121670659,0.6989974064899116,0.42262418672041185,0.25648532793242995
Application_1216723425,0.8780802972439683,0.1423378423377695,0.1928339182303298
Application_1218203113,0.009987050697821263,0.5521155599251206,0.07288520192471767
Application_1218332981,0.8930361604375999,0.20131196576466498,0.20511774535093927
Application_1219055263,0.47813475032039954,0.31060744136652507,0.21295841148382347
Application_1219949717,0.8193868095087834,0.4359109363776272,0.29417976513920346
Application_1220541878,0.7816644979780554,0.14160121256742794,0.15419712680788586
Application_1221269355,0.1057616870234093,0.1621456050193313,0.12178294184277441
Application_1222039007,0.6494231227993111,0.4213047356279662,0.2863595651389314
Application_1224187740,0.03060311520459354,0.09488667600532374,0.12120930763025793
Application_1225769256,0.020923853254604927,0.056957541981886683,0.08647630248495225
Application_1226442731,0.00738890016445293,0.7453011992478915,0.017378190327007218
Application_1228403719,0.08538221443838905,0.11904156619786241,0.31483442173618686
Application_1234321250,0.7674038140876696,0.353226034441388,0.29203543455100256
Application_1234365113,0.04057398391511298,0.1356019615747752,0.16589162566592913
Application_1235896381,0.0558150098261682,0.10882066657534784,0.25363818882613703
Application_1237086325,0.5794704106940488,0.3921599701586592,0.279639574650626
Application_123834627,0.7349075531951811,0.3719800631824708,0.2379022109771595
Application_1239060176,0.848054006814595,0.17316488937757604,0.22003811825235473
Application_1239627323,0.0043584903723970815,0.7256558953970548,0.020147922412244293
Application_1240814574,0.8916465746055898,0.2913089954001856,0.2743700856890743
Application_1241865852,0.8262048466118809,0.425198652340144,0.3162856340084108
Application_1241999769,0.037912495618039214,0.16802684649436903,0.3034836285007925
Application_1242315969,0.026603485436231356,0.1277679266229599,0.18241786472249305
Application_1242352417,0.038577657248775,0.23084751712193227,0.19902910308970373
Application_1242477998,0.04236521456200419,0.11213420497640225,0.2550661609164422
Application_1246865304,0.0416026381467377,0.127146223844118,0.19395864992408882
Application_1246985104,0.4791898913874164,0.29888424835655747,0.20261497141443557
Application_1248242433,0.19752463620968824,0.13556470167410126,0.21794968728233674
Application_1248474304,,,
Application_1248532589,0.05047387302089518,0.28360172119598287,0.2654852890319964
Application_1248970009,0.5928619143428359,0.41007726490920937,0.2503594355058434
Application_1250500817,0.011503513663132734,0.7491953417775364,0.014839472231199588
Application_125111453,0.5697341998516087,0.38909788461253153,0.24901675380283814
Application_1251689244,0.00794293922817988,0.7462469262335103,0.017255097859173722
Application_1252781397,0.018822620307258883,0.1487563661142565,0.1914642819551869
Application_1254474288,0.05512751519005092,0.1744277520372786,0.24365544340304374
Application_125498955,0.02100709306140729,0.7108041641568472,0.0298501760911024
Application_1255919690,0.023922312897515657,0.057933192948742385,0.11222777644870273
Application_1256531358,0.04822221729758034,0.13895499688366672,0.27987924866792213
Application_1256882757,0.03551245829010986,0.11238157811247734,0.2923636210398307
Application_125735546,0.024343639951318233,0.2611934631906599,0.18272348900518254
Application_1258084186,0.021238168604413937,0.14743732467124088,0.26518722622303426
Application_125846800,0.059417485304619516,0.15977223320459424,0.2963285217409815
Application_1258641337,0.5165006871084779,0.3954034248400745,0.30404863909195323
Application_1260313275,0.5063654038239271,0.38633099474684296,0.2458049584744419
Application_1260511828,0.8517134218464544,0.4238124061405222,0.3007869279598679
Application_126161718,0.03616970904407906,0.056806028376677586,0.28577209897582
Application_1263939811,0.13896978062783902,0.12793214375365095,0.35568743235433925
Application_1263997961,,,
Application_1264408299,0.022394930915125438,0.15472214056229494,0.18045383137159524
Application_1264902566,0.016137138881581272,0.7167218913408497,0.032075875622719525
Application_1265044597,0.04550910856170287,0.10964757954797127,0.2563507869909226
Application_1268164546,0.7721688986595184,0.30583600501096503,0.2466357617664955
Application_1269305141,0.4262132391693401,0.39058502032919395,0.30159797207274697
Application_1269620603,0.7854910377047968,0.3608306698973069,0.24548091605187036
Application_1271570199,0.4716464454522703,0.3509103802487431,0.286707220764635
Application_1272345729,0.052685632977149885,0.16665093044593618,0.18041058494613083
Application_1273109806,0.05340397438449796,0.1252196906509541,0.2391826929632201
Application_1273243804,0.03940371368470639,0.09812141345462619,0.2736526708603884
Application_1273835556,0.03729737675932535,0.15017061716396352,0.13944299095136134
Application_1273931422,0.1371029943697321,0.2067342515434965,0.21854479035455152
Application_1274166676,0.005062326267475874,0.7471738243890946,0.016586404663484624
Application_127457405,0.06190283339460633,0.2161652552599643,0.3234701380271119
Application_1274866621,0.037649841166834515,0.09983840271672575,0.2721999955058885
Application_1275065414,0.0578688148941801,0.13255800843551963,0.26059189337486693
Application_1275483894,0.8315515870187218,0.32348488275328446,0.3193750824460347
Application_1275708382,0.8186257749316211,0.3163555686838668,0.2322759380559326
Application_1276203911,0.8603119733424197,0.07835617592280966,0.085834481230689
Application_1277202210,0.028507761741003727,0.243910058469118,0.25864865815154514
Application_1278754356,0.04324772366825089,0.20371849279299867,0.29520583610862616
Application_1279149491,0.7964560492942622,0.38987770920094,0.2328506468791555
Application_1281070255,0.05086126846240815,0.08722681303591462,0.24929739011175056
Application_1281219916,0.7851018615687673,0.39471338167107933,0.24434088499308057
Application_1281227660,0.024644074560704297,0.2419716524738309,0.16925647578076589
Application_1282231634,0.6809442140071711,0.35992870246452524,0.24119825064293418
Application_1282418399,0.6612591874247382,0.35825248451093733,0.2536552621383907
Application_128251318,0.010232037505663526,0.7049069028732575,0.025413906159877018
Application_1282746821,0.8057627581843331,0.4011369982196269,0.27104861286509263
Application_1283341810,0.4152861736613262,0.36700215589469526,0.21356142518514606
Application_1283651073,0.5602091006573567,0.3699896229722056,0.26461837796602633
Application_1283751278,0.43069111504815316,0.5034264691116953,0.17211065337494222
Application_1284230014,0.767283458486684,0.3047605760657266,0.23332099761819694
Application_1286083897,0.8674609639597632,0.07616472082314513,0.09592604882094771
Application_1286125502,0.8530723323718431,0.18159018826956572,0.2004329396251292
Application_1286165737,0.6418829679161031,0.414487480915177,0.3379936362857934
Application_1288084480,0.8299234060582491,0.14924337961356599,0.12994956618980993
Application_1288647467,0.6598090265084129,0.14535010396633735,0.10055295042510086
Application_1288727835,0.3185182032496421,0.540085613452969,0.12354808580528871
Application_1289012778,0.03882762375895659,0.08397147317116455,0.10030989324418992
Application_1291280868,0.0149471649209608,0.14416138238494736,0.16920845404339288
Application_1291464093,0.02541618764212382,0.32721152875630266,0.24792062300724424
Application_1291843877,0.05984187617946086,0.1949123318041419,0.2877708699630097
Application_1291971664,0.030624326594919905,0.21158459409072647,0.3038774423335375
Application_1292771933,0.027966490393712486,0.26219493347067724,0.20092781246843316
Application_1293008903,0.0063307676846216234,0.7341741079632843,0.015235823091928941
Application_1293120092,0.8129580898320687,0.3947561213839147,0.25871722345794473
Application_1294558199,0.007890820760151167,0.7445295936818619,0.017333594218860944
Application_1294597796,0.17243967723827164,0.10167311904749873,0.2672637008009357
Application_1295538492,0.8194333704866079,0.3702591104730335,0.31943097601414694
Application_129565630,0.7107598276475597,0.2812453172623842,0.31457898329183587
Application_129573767,0.061810449041539525,0.17242801134096455,0.23791194739021088
Application_1295911338,0.8457348144699074,0.4220955736815245,0.30233138614576416
Application_1296197799,0.012286010916312913,0.7142566138258911,0.026123222395459816
Application_1297559824,0.03036428613601993,0.19278033237642195,0.1860873200580659
Application_1299856399,0.09102988486462883,0.2836752352492131,0.26122945648267226
Application_1300309831,0.029530594506093414,0.2311932616933169,0.1812677017840036
Application_1300870804,0.6755786667866581,0.4295727852001036,0.3582453090371653
Application_1302829474,0.700515643586234,0.5145119556512886,0.33923303542555516
Application_1303460272,0.024721808236600584,0.11347883591350233,0.1863050874709703
Application_130463013,0.00952084081977138,0.7503672790423046,0.017737433888234455
Application_1304842887,0.021897036828310814,0.29986932342150197,0.19796279420212998
Application_130658775,0.03727017940931816,0.23451147111893503,0.29366261307589747
Application_1307447876,0.06504496204061762,0.21241893981504922,0.3257492034816083
Application_1307546210,0.8621407289271792,0.43401387323938073,0.30013936315781536
Application_1307592624,0.18662214462481727,0.12840214714487178,0.30224786986608454
Application_130761111,0.9316691144660527,0.11042212588525607,0.21086279834110044
Application_1307722721,0.042984239698788416,0.2324292436199169,0.27799582994598454
Application_1308025514,0.05350076573613015,0.2939881685750032,0.30016177915867115
Application_1309710626,0.02890825918712673,0.16610660965195798,0.17409274109182754
Application_131097851,0.03401031111704073,0.13114241941052493,0.3172496441712514
Application_1311228454,0.031203505096322644,0.19961464467485565,0.23226253065042435
Application_1312933469,0.2651176602917065,0.41702997317123935,0.3389977040007333
Application_1314374663,0.04310004892453023,0.14337298743932134,0.17224596078762355
Application_1314823602,0.0616334457772024,0.08427585819556152,0.13625529399685857
Application_1315782276,0.5714158783221958,0.3123136740520709,0.2133699119614274
Application_1316274797,0.8114289844203166,0.39460923621022065,0.2251843044970948
Application_1316346128,0.06495787610156731,0.2069066156502256,0.27137944283587895
Application_1316469526,0.6761060495651204,0.10329019591325683,0.11977715055587819
Application_1316556140,0.03251123082366262,0.21488733232581664,0.15935364730575316
Application_1316779443,0.3102957305732858,0.5191320362967657,0.3754363945801923
Application_1317388562,0.46540142771075554,0.17077617240940904,0.1671384400108752
Application_1318517683,0.47612516699552554,0.4105375102186412,0.29074598232991017
Application_132038140,0.044004444286167135,0.24940384439136842,0.18928971175069914
Application_1321952381,0.8558385675441689,0.12884787567946687,0.12564759814678986
Application_132220187,0.8616767314280293,0.41729436569626416,0.2850656094382015
Application_1322307011,0.36726230295964246,0.5076534679184762,0.33376550505924585
Application_1323283519,0.5493272154266831,0.39351424004736973,0.3131043214668335
Application_1323290543,0.0826716227117596,0.1633140226838864,0.31066134978743914
Application_1324210895,0.751554100848047,0.35255030282988137,0.23382466957748363
Application_1324391484,0.8246076321453844,0.36148598881775,0.22594751881314779
Application_1324680297,0.8924707224283533,0.2607845725643099,0.22383763432386297
Application_1325360487,0.17533281814641719,0.06437433171038925,0.2698808957018621
Application_1327686952,0.737184230764935,0.4486455625607794,0.30874443260243517
Application_1328770574,0.8905910787195984,0.22925016953184157,0.26473591586125894
Application_1331144446,0.7194140378237677,0.4176337914627222,0.29952274297184817
Application_1331295233,0.04985814532895416,0.16848665127654752,0.25045331315924463
Application_1331492368,0.8850742454410578,0.12950683184810743,0.11743955423400661
Application_1331678337,0.05230264189938556,0.13934818754627962,0.2735295654120755
Application_1331809820,0.8075605562641196,0.22958603558013368,0.26814604713904217
Application_1332066828,0.012617507831969145,0.7067833969764514,0.03305000352455704
Application_1335180651,0.7789578420730835,0.3870210392322053,0.2445285782368893
Application_1335455949,0.8411985770541576,0.41871741092602155,0.2806465501678572
Application_1336423282,0.035669338049858446,0.15071335309842535,0.17769211649013067
Application_1338322049,0.6066850059749156,0.3852697645356491,0.311683340554775
Application_1339399261,0.8721967434497996,0.3834011908600816,0.27192283626716035
Application_1339681597,0.641515520799725,0.3667411156758583,0.25280857894725206
Application_1339781817,0.041841636097541705,0.18287110380784968,0.20946026958129227
Application_1340459622,0.7386556268816171,0.3614836162370318,0.25347763775237525
Application_1341133743,0.04451121379978354,0.18511798255113066,0.166937698168909
Application_134173506,0.044639803232932096,0.1627632041459133,0.18565635361844487
Application_1343184,0.01659376874258359,0.2074966161243838,0.1758637752802594
Application_1343349327,0.03345396446081001,0.20391649230118736,0.219152516174198
Application_1343884694,0.8932255246350063,0.29916969754022527,0.21741004840599623
Application_1345076352,0.8463484408966968,0.3835433681632065,0.2885944246005769
Application_1345333868,0.012376106711589226,0.7374620709173931,0.01597294933168233
Application_1347122551,0.06017162976077896,0.09505318432290422,0.27871575707514634
Application_1347988922,0.8958332789438996,0.15753842447481844,0.236848015552825
Application_1349926412,0.0636910484533027,0.16469195012824397,0.30073967237730087
Application_1350728321,0.019146957425271793,0.6978725035761941,0.03202541268032835
Application_1352726942,0.010479235900281075,0.7093265592487047,0.017745789438768717
Application_1353447445,0.05205740614829515,0.1946916327006075,0.24037628951564136
Application_1353848792,0.08690321032647007,0.034172391826097104,0.06544403419540055
Application_1357377502,0.39758478004576997,0.4042218105717187,0.27240619533411253
Application_1358946869,0.026926599391884874,0.19658183457827827,0.15843049002536508
Application_1359737168,0.7919841928692102,0.3840108992484114,0.22973942214850024
Application_1359775338,0.01651288988790227,0.2670011210742607,0.20773010061276395
Application_1361444752,0.7890707499825237,0.3648005640741722,0.2579721735893555
Application_1361883922,0.03268230908562501,0.08054961704177732,0.11007631864644894
Application_1365116675,0.12085057857127748,0.04038031074261156,0.12176095885596379
Application_1365152370,0.7218918515305222,0.37981007460251415,0.29594011561584754
Application_1365437313,0.009236299863537521,0.7429416775240427,0.015416695642918372
Application_1366143473,0.07264049175987458,0.18498079782588128,0.2577427268662753
Application_1366769739,0.02205181430982114,0.5914475487709124,0.19200556667664775
Application_1366950042,0.8694563803460551,0.17378611537612879,0.2356942289681263
Application_1371434911,0.4714495816684072,0.4013109521538841,0.27815337130876017
Application_137438189,0.7807652077291115,0.1867594243789572,0.18806495118199437
Application_1375169811,0.9394234396130432,0.18634259199049932,0.19685185740838604
Application_1375435938,0.006981053813352687,0.7403484047218754,0.01820119669364998
Application_137951178,0.7297705801433212,0.36308133701769485,0.25197731792155825
Application_1379975984,0.02145711770385398,0.6116593089969851,0.19828029093321525
Application_1380707551,0.0447403721902075,0.19244123295575646,0.25330130589428596
Application_138110394,0.04059761905019255,0.09875438211369186,0.15551831375583555
Application_1381169658,0.023297085626338344,0.15633028492928772,0.1640764066402871
Application_1382009065,0.6383520287593049,0.45064601153295125,0.25823523247746133
Application_1382204301,0.009157402309397288,0.7419174772334666,0.017050702671078843
Application_1382937184,0.06355523414906253,0.172715705454556,0.29841677549303786
Application_1384106962,0.024620238113334185,0.6645332519281913,0.15894343156191448
Application_1384343806,0.843599451773166,0.3479953528186842,0.34724781909343977
Application_1385747357,0.9107264808913021,0.15986902405003453,0.24619956341421267
Application_1388031954,0.007348804279464368,0.751550667012506,0.01584182133471766
Application_1389044798,0.03128448311082115,0.1879628148867521,0.22441731832624912
Application_1389412266,0.6980034973620219,0.18995492894176086,0.16988400527809214
Application_139141595,0.8767564869577187,0.17692341442799617,0.1631352962482528
Application_139153216,0.006761686058489992,0.7095444078450681,0.025143496393366212
Application_1392867246,0.791444156762589,0.41156660736773365,0.29147906184844397
Application_1392931200,0.7705110917692483,0.4005374777560976,0.28598128837818504
Application_13944300,0.7835644813210806,0.34887216201320037,0.1911858101383066
Application_1394483322,0.017933816745944086,0.7366249511650201,0.014405602503175022
Application_1395388115,0.04656065257640499,0.16449778437426965,0.295034423999587
Application_1395429395,0.36544864552938366,0.5293995350712821,0.13703892089889222
Application_139724030,0.06422577844187378,0.11947487222536227,0.31559655764725814
Application_1397321296,0.005063766845186514,0.7499196475541491,0.024669497267538282
Application_1398266061,0.6809400109988386,0.3915534998213696,0.27936484761734093
Application_1398309462,0.022249106918493616,0.16738097098261184,0.17574741246205766
Application_1400741815,0.03633486300405133,0.10463195520108637,0.10457446589307084
Application_1401776769,0.7780834773651908,0.41789952954035414,0.25441407800634824
Application_1401798992,0.3186548614290995,0.09475180403540664,0.2432258917321971
Application_1403984783,0.024887762357158078,0.13463112298470048,0.17703887329225307
Application_140463362,0.09169538986129447,0.08063498029042984,0.27934444299115624
Application_140466456,0.07558139259223601,0.2481142707140343,0.3283181801308316
Application_1406835873,0.9207120521331703,0.14071264861170252,0.14840305102313162
Application_1408009203,0.05858421271802391,0.15586319470999443,0.16245704577380884
Application_1408362802,0.6975061919303939,0.5431346895861054,0.3369517261799972
Application_1411314331,0.49382198658135057,0.3773698011695115,0.26129910231913434
Application_1411809915,0.025676375209773117,0.25329345027986516,0.23490567365483375
Application_1413720992,0.08118472057551715,0.18341328601578724,0.23494311411765445
Application_1413836638,,,
Application_1415930985,0.6331703976392492,0.39604058234529516,0.295298716701234
Application_1417653464,0.7108056956337435,0.4179711358912439,0.25278676833771824
Application_1417750933,0.8427603548272712,0.44046864722387,0.3064100358593214
Application_1422930581,0.07913813590273963,0.22868544046879996,0.3547284872629855
Application_1424659757,0.057380599608779184,0.20936740136264004,0.33646053760149885
Application_1425329540,0.6192098444013568,0.23996700492780243,0.21565966505190629
Application_1425800430,0.03812491508567905,0.1972650215880715,0.2789683534870199
Application_1425820279,,,
Application_1427261936,0.02027512773556301,0.19494576222970936,0.268481113907016
Application_1427438242,0.7594837780950094,0.34802737659074734,0.30466485023651096
Application_1427573691,0.03238206748677573,0.22158564605531886,0.23977200914469282
Application_1431000094,0.2771503422159847,0.5552487919380804,0.12742867702098024
Application_1432791901,0.8320951612423366,0.41331504232717164,0.2951045401763735
Application_1434518975,0.4262132391693401,0.39058502032919395,0.30159797207274697
Application_1435594188,0.050383869962117835,0.12440598141702872,0.26457161539786533
Application_1437497198,0.803455992552273,0.5014164798662256,0.33462165354099155
Application_1437966300,0.019397330507888753,0.7305389312366815,0.01564909660643448
Application_1440477840,0.02803681481054231,0.19077612237564412,0.17336189284808332
Application_144137365,0.21996627822305648,0.46707546503040775,0.32819919376480966
Application_1444191625,0.7587228778758283,0.3775050229892154,0.25849428456061635
Application_1446757334,0.04277722012517478,0.10922788896474894,0.16224356616647986
Application_1446807165,0.7092561320014468,0.16491649161264313,0.16924017140751776
Application_1447107656,0.007715863411425244,0.7423855538478532,0.017141317853817103
Application_1447384497,0.04256187980495631,0.10467388751062459,0.2265305374593989
Application_1448754624,0.03440907324794481,0.23120903673254967,0.1841192900876712
Application_1449066412,0.020710627869450007,0.2852395483597648,0.19913624463966145
Application_144911431,0.040381856474942836,0.20055809732248292,0.16201705449692977
Application_1449370855,0.051678422308410826,0.056937854346362726,0.0695066021698483
Application_1450319805,0.01394516300477711,0.7024761517107214,0.03298174973743784
Application_1450396663,0.011274084087960061,0.7374620709173931,0.01597294933168233
Application_1450689239,0.031116507764955614,0.055509906701174394,0.08342371490331521
Application_1452533285,0.8306639034223081,0.04875314953175336,0.1096391345385981
Application_1452854959,,,
Application_1453589065,0.011148879107574864,0.10566468044232383,0.1980491640481051
Application_1453812922,0.09541115765362322,0.19397844250421062,0.24804426680129163
Application_1454220575,0.08210122813690708,0.2150712328854048,0.22618763737492248
Application_1458277433,0.35634099734893104,0.5556563703971826,0.1279956470951838
Application_146114459,0.510664055617531,0.3495936600927447,0.25219020428170164
Application_1464086854,0.02086265151059886,0.17734887341679992,0.17398301633361457
Application_146419660,0.5197769492000891,0.37060922416326847,0.3273296996262719
Application_1464780823,0.04649900303983809,0.1476283086570149,0.33832839689749533
Application_1465025013,0.8419254357734196,0.37725177840014645,0.2617493129684506
Application_1468750557,0.8514623092545911,0.3652852267985638,0.24066196280184168
Application_1469334320,0.7566502388797874,0.3643131786028127,0.2539575341057879
Application_1471430106,0.9048246795932068,0.25124199961995847,0.24443659789750283
Application_1472969785,0.027369320439114848,0.17316207897964292,0.1776192294122496
Application_1473464035,0.8100863775526498,0.15068265532566397,0.17789726947741108
Application_1473625375,0.024202249988988664,0.2475024754889763,0.19424333016950485
Application_1473894342,0.030986860108173298,0.25693059783258737,0.19775306143115212
Application_1474055956,0.030472276416911803,0.14656009391694,0.16860060556591988
Application_1475968760,0.05934142159322995,0.19121354363309187,0.2593162942977428
Application_1479752026,0.835359877475411,0.1933775623389412,0.21843906742153438
Application_1480117653,0.06033884333915984,0.16841738072773252,0.27659104266090745
Application_1481242369,0.02355690788751345,0.07159643577307762,0.09364945281400208
Application_1481928502,0.07098657444779127,0.15849764277837264,0.17767403053423483
Application_1483046130,0.03202472994360227,0.20717944736642374,0.19693340995490113
Application_1484189145,0.8251106480606576,0.39636932225335714,0.2310978016377907
Application_1485367187,0.8069472201099579,0.1808941895924684,0.21376664513588398
Application_1485546748,0.887595353325903,0.1304862148637813,0.2117632190614922
Application_1486220145,0.10013055084627119,0.1627233955052171,0.11610964601608147
Application_1487829407,0.15504789151046622,0.15950239291137974,0.2735255273665686
Application_1489341726,0.7386825937199962,0.42949553706467525,0.2945347944738645
Application_1489510821,0.4647811124000025,0.3291282644199725,0.24071896688679958
Application_1489786126,0.02594325540853973,0.23831131818506338,0.15373655092175048
Application_1491300788,0.7260261930372959,0.08690227511255033,0.06852501203652495
Application_1492609631,0.08239506685497276,0.2160180402359898,0.26533876770967935
Application_1493979926,0.678606532217894,0.43699676692478395,0.2918607425359572
Application_1494178086,0.027021079967762214,0.13047901644446167,0.17051999894237796
Application_1494414449,0.5171736505634794,0.38122366660531015,0.3044576178307702
Application_1495079062,0.8950423365201883,0.28645712799842127,0.20070038122673545
Application_1495262961,0.8284663271394883,0.3084987174778014,0.2516320565940952
Application_149591383,0.7036386064973866,0.29883051679216016,0.2880294883207017
Application_1496349825,0.04191664974309993,0.2051789481203402,0.25873326184048184
Application_1496645833,,,
Application_1498001149,0.790366480498253,0.4090368565016535,0.26400164294723155
Application_1498610522,0.5060333538319514,0.39357675760536115,0.30458786667725585
Application_1499935603,0.4671894506028325,0.3719971057714854,0.3083416517619379
Application_1501636291,0.0066016930598349925,0.7433910501198797,0.01609760425737032
Application_150329185,0.7716110804327931,0.36297830383988666,0.23630107668753386
Application_1503602511,0.8223211246809321,0.42914834826935655,0.2968578202902902
Application_1504307845,0.9113375590226673,0.16188702435148514,0.18629911786880957
Application_1504346428,0.8499066854797592,0.378871207009756,0.2277822070190858
Application_150503991,0.058792503282561526,0.24576587703723926,0.31053466099056715
Application_1505059688,0.7628802475523597,0.37104899634122734,0.2391711576779369
Application_1508285623,0.016938713860802763,0.26436610596840426,0.20056299079925832
Application_1508659021,0.04849435683237113,0.21330178650867848,0.16414798049049167
Application_1509292111,0.054797853450661425,0.17738414095815924,0.24880455131348772
Application_1510765360,0.009185138759627587,0.6951198540308401,0.04756800322487804
Application_1511779865,0.07112175222665196,0.10078641702928443,0.14470582326091652
Application_151245494,0.5597256680424558,0.36440592042789954,0.25141697100301574
Application_151280488,0.04119612216532374,0.6972718904160152,0.026724980501494144
Application_1512972539,0.014686931784533898,0.27267499725961486,0.20529325988367156
Application_1513197861,0.8744081914690858,0.3835734214558606,0.2568320754716799
Application_1515604872,0.6248610428669191,0.4164568946665591,0.31893210754407275
Application_1518013035,0.2519148009868186,0.40629305924595593,0.2145847150986777
Application_1518048032,0.03457113841976706,0.04032225107125009,0.0793725467113382
Application_1519909793,0.8159030743342539,0.43251349935844813,0.2983689881729362
Application_1522004111,0.036010184300776224,0.2969785990308948,0.2888938927963361
Application_1523406683,0.8445965561175537,0.43089462153874175,0.2864065844875012
Application_1523673583,0.3094977094613671,0.34089247620159446,0.24927586225223855
Application_1523736860,0.8498576323575864,0.17558695337888353,0.19814570722741306
Application_1524859554,0.3300063083618755,0.4434088211189292,0.3458731305965787
Application_1527338408,0.06847842267466885,0.2040438320024235,0.1953715518133132
Application_1527571617,0.06176366571810203,0.19513533545045436,0.16546302870858234
Application_1528161643,0.008064176692376229,0.7372097629390826,0.017581427860014365
Application_1529154801,0.4982093163156867,0.3970955183536651,0.29589920493099797
Application_1529928107,0.15872100879059167,0.1797866476990965,0.09693750039775133
Application_1530321110,0.6167310442256267,0.42670194481702683,0.2912504347158204
Application_1530932646,0.04770063413469809,0.20774088463652388,0.32419595825472597
Application_1531707627,0.32229983819540897,0.31155445406034454,0.2202564858621249
Application_1531851576,0.4802142092198176,0.47869778495015536,0.3156416847065816
Application_1533785960,0.028676882868943578,0.1488835979939346,0.18235314765391447
Application_1534847619,0.01478576764515761,0.7421673453027144,0.015065965263776028
Application_1536534288,0.642314213963852,0.40771090873483756,0.27453774102119416
Application_1537507196,0.08303517155371289,0.1051233728387291,0.1596182224160979
Application_1538042026,0.5228047596424659,0.3035096894344609,0.19939285100389056
Application_1541647337,0.3501623970725584,0.5023607345504495,0.18007221462612977
Application_154179391,0.5110333297300259,0.3960758232808445,0.316332780660016
Application_1542614392,0.08033222865862683,0.2001840695998457,0.32434367117193214
Application_1544217945,0.9203387218769992,0.1396173771894227,0.15772948651528418
Application_1544460375,0.006394103624228421,0.741630317157902,0.01735195583528789
Application_1545481822,0.028971177612097984,0.16999660127307384,0.38375759712761304
Application_1546052937,0.8065254615394254,0.378061030068073,0.22878878773476502
Application_154623800,0.018964690290228275,0.09285355525691882,0.18418160883717194
Application_1546747591,0.00998028296834533,0.74102486067291,0.01798039926892235
Application_1546890088,0.8578920722693183,0.31981047480484653,0.19780749734927516
Application_1549000634,0.8884206214854006,0.4154591992945685,0.2511991463783403
Application_1550643436,0.02229231813276869,0.15340264818380842,0.19240070687030253
Application_1555489073,0.043338554575706824,0.13492911752228204,0.28065756367594386
Application_1555975178,0.011946318686432962,0.7216204806454188,0.03983755253250507
Application_1557296300,0.7386825937199962,0.42949553706467525,0.2945347944738645
Application_1558264214,0.021690864741972175,0.2547982835965354,0.23589455997132522
Application_1559533192,0.03224960110091351,0.08584881585526413,0.24041766080386437
Application_1559916934,0.9059557310103672,0.21314374320041088,0.23498380300873747
Application_1562686459,0.006471347519294712,0.7136786958923107,0.020460239138886803
Application_1563418612,0.008194391816732292,0.7376256142398774,0.014567100542674606
Application_1564442059,0.6432926554798669,0.4070992848568037,0.2762145901846437
Application_1565590572,0.07715047480902607,0.17549681258189662,0.3266345883134268
Application_1565653243,0.6281049724693691,0.10725663779343078,0.07056962416070948
Application_156618714,0.038812709797091,0.026910266665886973,0.10684378074719202
Application_156768160,0.6250508897422067,0.3956731813319189,0.24876025400137478
Application_1567826735,0.3807067660018168,0.5117542309920777,0.17801571486307446
Application_1569475999,0.8793205218594694,0.2038298501247326,0.21983869362456426
Application_1569683122,0.031969193673816315,0.2629033870804516,0.24342113981614238
Application_1570331344,0.007786720465353861,0.7413705371887727,0.015217943819817333
Application_1571539418,0.7987142948051159,0.11527048623469466,0.15108038121114253
Application_157155173,0.939169727215814,0.16671002722016454,0.21875604084211908
Application_1573876833,0.42682924173367315,0.13200242440702104,0.10241596907144407
Application_1575096564,0.025004681757409584,0.14375082812538817,0.19938341819805497
Application_1575815132,0.006967163861149663,0.7357271104960494,0.014888580836609178
Application_1575897956,0.05846421962005762,0.1887306655601231,0.31338777920705213
Application_1576631308,0.032303739557164694,0.2205316725541614,0.2555727781137725
Application_1577555565,0.03996514982230105,0.07311963191509208,0.10109343035255877
Application_1577667494,0.9061035981667624,0.09429250942345066,0.19455397038860123
Application_1578090032,0.05998585042352197,0.11689826930658131,0.3030023251115429
Application_1579516377,0.7957098729913498,0.44710677719165204,0.281118905982921
Application_1579588184,0.8945407519028863,0.0464988986627638,0.1224709137048328
Application_1580298940,0.7620156582537453,0.3619623314541699,0.23610026322866592
Application_1580674851,0.015231276732898027,0.11087621900710073,0.18617459059127053
Application_158230798,0.490464703258979,0.36361076300706596,0.2565304443113576
Application_1583297793,0.06546057254696327,0.24850879461586917,0.2708392818894998
Application_1583662374,0.0809157116562619,0.2343746586154843,0.263170979946869
Application_1584063031,0.8977495998771028,0.21632187191917734,0.23336882564522882
Application_1585601222,0.05449603689921147,0.21198628185135499,0.26557200563201605
Application_1589247607,0.8882262880580536,0.1944235934498689,0.22397904285649134
Application_1591765651,0.7716309220656354,0.4071125735705585,0.28826109232411273
Application_1591900552,0.8178904831455516,0.35150421506608165,0.319327975170109
Application_159263293,0.023161392836178837,0.740301557128503,0.015181640403746314
Application_1594305363,0.8502252872904428,0.3181280277825767,0.18236807408375924
Application_159448414,0.04268560303123557,0.1284745681332128,0.31061379290491875
Application_1595937456,0.18228443486333082,0.39363181730070673,0.1615478742714319
Application_1597614471,0.8368036957809739,0.3972827908412524,0.2659755615502342
Application_1597735097,0.8578994493538943,0.21251079898003084,0.23538812079394042
Application_1598726895,0.006011160722892017,0.7461626158315403,0.014455603903793461
Application_1599405351,0.009501290142145895,0.7376616462560961,0.0213933900579909
Application_1600155880,0.0629864909644478,0.13867564281861416,0.18286215519131005
Application_1600471037,0.877840592797275,0.09313878228915523,0.10082691340930482
Application_1600982783,0.050555817212108084,0.1606003083590635,0.2245259519403022
Application_1601194488,0.029413199893464366,0.17787849513519516,0.2785555796744279
Application_1601395766,0.005413242552157283,0.7396473916786923,0.017604469158752228
Application_160157720,0.41168187150134783,0.36650578589425237,0.32168394716444554
Application_1602891050,0.023794765462874175,0.14040972566341925,0.3150514322717898
Application_1603793312,0.08885267528708002,0.23869526320559808,0.30094385986547595
Application_1604619511,0.05742204299074266,0.12570662025264948,0.28046812798841625
Application_1604779942,0.5390701385636474,0.5126467278022948,0.334727834563673
Application_1605473699,0.8670663640755283,0.15186697984318712,0.2226541576945672
Application_1606123452,0.47092108362645096,0.3638112689297946,0.29150673503407043
Application_1607880476,0.8228360840565258,0.4003700757778146,0.2792698594512632
Application_1609027595,0.8331283454864836,0.34912617119887007,0.3050393966986508
Application_1609568328,0.05529387829797963,0.1719374798736369,0.2307071657706241
Application_1610638954,0.7776076989919125,0.35927629604392497,0.2508211298054354
Application_1612452340,0.7322598532191181,0.38130995152734015,0.2448474998484202
Application_1612709587,0.014921786183996269,0.7211366456205878,0.030333086273777506
Application_1613754741,0.12514318439971994,0.1073331385905939,0.2029848973647975
Application_1614113082,0.01897319894803621,0.1543198514032741,0.16515707391991288
Application_1615509090,0.8784584746939329,0.33849993540316,0.20552745550415266
Application_1616117711,0.02298544781204019,0.6375641380043979,0.13529843004324357
Application_1617657859,0.020097289197763095,0.6745257094803225,0.1463417503518221
Application_1618215402,0.008051012960647325,0.7365994077971157,0.01445251429214732
Application_1619897367,0.026881594191156672,0.22943710309174686,0.19708120271814789
Application_1620539143,0.015446099049686888,0.13420926921514836,0.18892925940420244
Application_1620675668,0.03037284260866804,0.2568372371174242,0.2892750771800402
Application_1622160130,0.8113650967250138,0.4443937806324466,0.3081465236274914
Application_1623687781,0.7261491747738833,0.35783728259042036,0.29367999618971563
Application_1623704275,0.01710356725858392,0.3387435219440961,0.26507275127879804
Application_1623875695,0.04268042228064171,0.09589963092187484,0.22248043537015905
Application_1624152176,0.06546112591989232,0.31380424853254657,0.265052391637601
Application_1625456407,0.6810516927135021,0.3814074689929315,0.29051712502141225
Application_1626417881,0.06295885473201394,0.20630286153218608,0.20315782232063376
Application_162990347,0.8363208323173238,0.42258992771204795,0.2773787500003774
Application_1630913903,0.5085934943750616,0.5003605941461331,0.36938335086015034
Application_1630991786,0.028390891999616304,0.2491068184677192,0.1607792139695874
Application_1632505002,0.006857222635543149,0.74276895757253,0.017788776667216667
Application_163281313,0.006472342828251573,0.7453152255152723,0.021135971109850406
Application_1634751250,,,
Application_1636152294,0.6781631324302914,0.4065109511741594,0.3514330812829125
Application_163804730,0.6998001619353574,0.11699846992569946,0.1359749654261192
Application_1639814791,0.8108272245117304,0.4020046592050382,0.24794532748301587
Application_1639947439,0.8188703999042439,0.38586168846004965,0.2989693476895247
Application_1641565943,0.7145423539441783,0.3683446678308432,0.23976148610390183
Application_1641722976,0.7994872655795221,0.42034908485347006,0.25456703833254246
Application_1641885593,0.8436391231785723,0.3925456733679254,0.29035663278548957
Application_164319398,0.8281595422980433,0.23013493178134037,0.2945443695630271
Application_1643995941,0.007831149530899103,0.7363316548922787,0.015184170531761187
Application_1644851848,0.007414801087456101,0.729097193238442,0.022487598904595212
Application_1646642236,0.9169407132446673,0.23321516073921722,0.21873774453529696
Application_1647108674,0.6544078010921388,0.15950985277655744,0.1212795975490878
Application_164769477,0.010313505131118738,0.7378393079322636,0.014266062448591233
Application_164778672,0.873975677909878,0.16571914099332685,0.15978642296945217
Application_1649699850,0.006481764210982183,0.7431725875479932,0.015177123965943324
Application_1650299745,0.04845571273318873,0.1906790807953778,0.2616923864405703
Application_1651085521,0.8846353750203169,0.10864308740172404,0.1867013092195177
Application_1651737074,0.749683435770879,0.3399322664587505,0.301622862284649
Application_1654318352,0.03606226587143937,0.26448456384882413,0.34067607862147853
Application_1654636815,0.6690106506260373,0.33037908582731823,0.30015475995594065
Application_1655641907,0.28587616603361815,0.4950404426464333,0.16691771898149999
Application_165594970,0.8686094156402002,0.5038593379263412,0.29842481172000734
Application_1656791018,0.05282509752680967,0.2809635830858418,0.18154072822125084
Application_1659913497,0.006603266003808551,0.7385792028424154,0.015343795851461471
Application_1660705348,0.09434575347562535,0.18758014069961057,0.25999206977159206
Application_1662440609,0.7359579907719334,0.3824316918716682,0.2847874978770142
Application_1662487403,0.84737624419666,0.36462366063082535,0.2433578323668111
Application_1663925804,0.06713082413881191,0.15453646697606072,0.24315911275306942
Application_1664236078,0.0418747286096486,0.2615437590762114,0.23527713891341304
Application_1664858516,0.9008439033431109,0.18603684096539025,0.20796060559705828
Application_1665515241,0.04025364689515836,0.1858758939121454,0.25529446646979476
Application_1665584404,0.04940654918971124,0.19311758937879667,0.30598012627241217
Application_166588001,0.04970500546939434,0.24678737572270149,0.19132673638176978
Application_1666465764,0.8171201480423782,0.3986707573311826,0.25009661025561697
Application_1667989141,0.9030008253487446,0.08770789095947981,0.12760716213230228
Application_1669392427,0.032996828619110886,0.11586320174124312,0.22369057690164906
Application_1669477442,0.7055617024063817,0.36390455565772306,0.2570199939140649
Application_1670585897,0.7074653899228202,0.42125739475594826,0.2967826579880253
Application_1671150390,0.6772566174405644,0.18815957436818836,0.1954891748891928
Application_1672037226,0.8644342876811645,0.17601722917965199,0.1865287849883719
Application_1675241784,0.021047274859889054,0.32147095147647486,0.23061128608265374
Application_1676999623,0.010250091822460594,0.7072815176631881,0.038729460107096
Application_1677049820,0.009481185863302535,0.7516659791957763,0.017709106793535996
Application_1679927360,0.0854318442919365,0.21210785583831415,0.26773191686913234
Application_1680183215,0.030694639460917675,0.251183548288637,0.19364046989024833
Application_1680533625,0.04088588682242177,0.09959292122908309,0.27586753453087975
Application_1681361801,0.8308847878774028,0.37503235137850927,0.3338266302203375
Application_1682480934,0.46269837704717975,0.42128225420785914,0.3275675109451566
Application_1684306378,0.1878744138568004,0.05920752961468717,0.2626845549801537
Application_1684479121,0.046544873303171114,0.1388372989507034,0.3001305838004642
Application_1684641986,0.7665358563053233,0.41172000086748767,0.29595642073404227
Application_1685478310,0.03648183916336001,0.056806028376677586,0.28577209897582
Application_1685691745,0.05034321346006482,0.10710018331540344,0.14856417384406545
Application_1686395823,0.6476802324141722,0.40777392725692646,0.23746077004293661
Application_1687448539,0.034683761935680145,0.21741957444659576,0.19523002364104766
Application_1687637096,0.08763880602056567,0.2001894306728993,0.2869870913560583
Application_1688232773,0.8831080028023528,0.22057945046063565,0.24191463371993388
Application_1689074281,0.9286234246983871,0.14296294134840892,0.21722826548743177
Application_1689701428,0.0250410900863505,0.2631962585166942,0.23223309366193104
Application_1690391662,0.9363786445632771,0.3080575676644719,0.21796755182768873
Application_1690998892,0.01645664612462587,0.1431336642470552,0.17361325896700586
Application_1691065242,0.4075921400208602,0.37292672900570456,0.2790229493732417
Application_1693078902,0.03877689788553853,0.2211558867727087,0.2392373469599438
Application_1695492315,0.6932050132325854,0.42331824794224726,0.2773591662906197
Application_1698334648,0.011784491566115243,0.7206833878231416,0.024711385949813904
Application_1698620256,0.7373250222310953,0.4214619506812728,0.3130333938396623
Application_17002468,0.03349295636916934,0.24534575231094252,0.24603116516847898
Application_170273491,0.7844125206953516,0.398093475787114,0.281407907570159
Application_1705844076,0.2759772410615735,0.5552487919380804,0.12742867702098024
Application_1706866981,0.10547440404492427,0.13924097677544633,0.24198740020592152
Application_1707866152,0.0037597894632110866,0.7425079137689234,0.02547885024103969
Application_1709823125,0.8224942682010573,0.37687854685247263,0.22766206086816682
Application_1711303027,0.03622240079251411,0.174647494516206,0.17418747423567507
Application_1711861534,0.01070108495061628,0.7052518700384216,0.04197103726734124
Application_1712201753,0.9082920142513004,0.18929428984463623,0.1793767097061512
Application_1712515047,0.5398597568918202,0.49180152691593204,0.31038609760609503
Application_1713151358,0.022219309177068082,0.14404496330095057,0.18136636167103587
Application_1713552898,0.07092866067138662,0.14424039681018969,0.22361810844926602
Application_1714501335,0.31102705626287785,0.5679571088327265,0.13760353195618144
Application_1714608768,0.772208101219956,0.4549538177056681,0.29474050198509777
Application_1715427761,0.11819096352995896,0.12412953268224255,0.23356769754076426
Application_1717915911,0.6865698584022163,0.4158697771845872,0.26415903570601296
Application_1717953510,0.7780724372699507,0.33115017150192166,0.2829405960835822
Application_1719088576,0.4678821102583584,0.4771051330928559,0.34634979757520806
Application_1720955378,0.06515896239337028,0.19232013347027704,0.26835867762356713
Application_1721325720,0.06297394302959983,0.13583132366272252,0.309189732523926
Application_1721495711,0.01936115170537492,0.25485636964953495,0.19297053749122767
Application_1722936368,0.007446816860504636,0.7296070092122688,0.029634701622925013
Application_1725718103,0.23538472488666054,0.5459577019474849,0.13798025293791366
Application_1726057618,0.016502431430856355,0.71792761954127,0.021999750837662663
Application_1726750534,0.029116094298493118,0.22161821780204305,0.214881906109956
Application_1726806352,0.4151148755440543,0.4712805071968639,0.3615139260424311
Application_172695266,0.5019049653825967,0.49769647497520647,0.3461320487111553
Application_1728000220,0.07400658684031347,0.20269830974704683,0.2947791853141331
Application_1728090308,0.5257002447547169,0.4572977321192728,0.28796201902853324
Application_1730778542,0.6153569985017902,0.41229985106084954,0.3348114701317833
Application_173122257,0.0376395062008534,0.2786966779796651,0.1728982151566833
Application_1731267696,0.18101186319506612,0.05878161138903365,0.2787394896896271
Application_1731879894,0.14328743289070406,0.14087619693596923,0.24077637377123864
Application_1732543782,0.9630168584551163,0.1107844211899068,0.19304998782011526
Application_173259774,0.02071545589364742,0.1589104929940931,0.19171133121100634
Application_1733106091,0.6901219908277485,0.20236651120751636,0.23810737769797222
Application_1733732825,0.540498702249403,0.3024771529207387,0.21689016953719484
Application_1733949639,0.009336578239709016,0.686233840547714,0.05427804220100372
Application_1734771669,0.8563171757754158,0.15893563393303184,0.22350292313843326
Application_173483337,0.0331006603106729,0.11819850218602121,0.241496652628544
Application_1734947142,0.24002154758992755,0.5302698325459344,0.1476761294589495
Application_1735095439,0.008774038760913832,0.7379301475317799,0.01605783684338671
Application_1735566698,0.7969834978601227,0.3278678719033967,0.2744473114335238
Application_1736444832,0.027654160976763358,0.24921927885255213,0.16949662225869233
Application_173679501,0.012467038809724808,0.7334606281207915,0.014245931704479343
Application_1736978527,0.07510179470386293,0.08162859694960808,0.08149525153399248
Application_1737095579,0.0481730510596407,0.2694402217507222,0.2173284067305249
Application_1738270116,0.005696454564927323,0.7658997371838858,0.030484735099073873
Application_1742866950,0.5962922839513819,0.43723554254246577,0.3139435520714163
Application_1743002787,0.6689993437421745,0.4482569039094035,0.36495169269047706
Application_1744217682,0.8690704803495867,0.38039406370147444,0.22698122972890128
Application_1744764747,0.019587888543280425,0.13774127846774822,0.1707089718923935
Application_1747759228,0.03486867437483063,0.05091980867921836,0.08126128238079267
Application_174900979,0.699783152883965,0.3657815520815925,0.2537671890888159
Application_1750066014,0.04347226369759489,0.11281746610135307,0.22266801768554434
Application_1750611156,0.4126358226099551,0.37237873058542825,0.2407563649373832
Application_1750932659,0.33421947146070213,0.12481439258599478,0.10048229675699766
Application_1751483231,0.06212440230016623,0.17723736409025537,0.14783111598188212
Application_1751490782,0.8172011355845473,0.3802751649190565,0.2478777989759616
Application_1751546737,0.00977922135351754,0.1387711888424225,0.34136180922855563
Application_1751763296,0.05815166523798041,0.2518062279682214,0.19007214281862927
Application_1751900898,0.03285820893296147,0.6173956442515607,0.1877096196834341
Application_1752144011,0.041490993632191324,0.1173917710409198,0.27371009505362465
Application_175406399,0.015236444411006824,0.6709537451426378,0.1465010532505964
Application_1754660645,0.021156809868545144,0.2024732212473791,0.20048428710417251
Application_1754878754,0.0426439038881952,0.1965546809301413,0.31443374210429015
Application_175544437,0.8408020114483038,0.15030051818927964,0.15429763991888937
Application_1756143119,0.4292790757185294,0.36390455565772306,0.2570199939140649
Application_1756698619,0.38367738100305876,0.3434571908355021,0.3019868467545258
Application_1757112551,0.3382916318630428,0.5754386106413314,0.13369144809673858
Application_1757332206,0.059217964226976214,0.11859474399307574,0.29429598355525777
Application_1757787329,0.8052179154931582,0.3970271387056521,0.2829218370429542
Application_1758466018,0.7345144703392781,0.3336728289716153,0.275302976222614
Application_1758628504,0.6943483805434804,0.4115093441062247,0.1983446426484192
Application_175918237,0.03846868676712452,0.23345886385088013,0.3088908774791571
Application_1759206616,0.8406316426757848,0.41729436569626416,0.2850656094382015
Application_1760810906,0.054333096181068574,0.18181671519129067,0.29936391184037514
Application_1762899868,0.020818657718207064,0.19612158664736573,0.2060325096945631
Application_1764494728,0.7966353457271219,0.3583502397408273,0.2992391592665115
Application_1765577987,0.0793495543540612,0.11460344000759565,0.3361056333188713
Application_1766681398,0.7626877484199144,0.39544751269576295,0.2285547362992147
Application_1767608602,0.9231366066147277,0.13591356439661584,0.1315106208416765
Application_1768409536,0.05274224095491852,0.26083192083766366,0.1909408150776836
Application_1768718354,0.07519199822947065,0.1582936165522932,0.32404405715413304
Application_1769060911,0.05115702430325182,0.2780251382334938,0.16808919435706385
Application_1769939835,0.02666638625642658,0.09831931435004915,0.31481007100102487
Application_1770364291,0.01714550116419509,0.6676990942121255,0.16127596777323874
Application_1771092914,0.006492097099865458,0.7445130185713726,0.01732461841130396
Application_1771690507,0.006888689033992692,0.745166053710248,0.016512034906845434
Application_1775620157,0.19735427098020186,0.46375332241783856,0.19237181661825004
Application_177572366,0.03460610553735024,0.2052850702781258,0.2685783301014497
Application_1775767690,0.6951718225461337,0.3968496185521679,0.2880844396894405
Application_1777192556,0.008092749328343614,0.7282366227713095,0.01698760781928996
Application_1777715425,0.06342174719302966,0.1327151485011828,0.25590841559301447
Application_1778205577,0.01975297972912146,0.11923183993420608,0.2889959612176342
Application_1778799137,0.037588245780937925,0.25876763819710275,0.19454931313427126
Application_177897578,0.04002832379769575,0.1410147958231124,0.21101046525076939
Application_1780196758,0.011967950476645317,0.7196304606818669,0.018447839718552524
Application_1780269777,0.8099286278629438,0.38464701615168284,0.25853638115780153
Application_1781081103,0.8448554361953394,0.4294155053859831,0.30277601383944885
Application_1781374917,0.6526163769418913,0.15369359936570587,0.15073716570760376
Application_1781623698,0.06872568438161336,0.1521143523017211,0.166798588676594
Application_1781633903,0.8848754348667669,0.20968672279193296,0.23475270858538644
Application_1782952770,0.66284889943918,0.4525201472189527,0.3106511464889771
Application_1784815865,0.051234101481836124,0.1424739318439919,0.24940662190615492
Application_1785468553,0.6968618196341482,0.38648749500405793,0.2813092925491454
Application_1785650204,0.7861658727162628,0.3307179632100097,0.33155494878787584
Application_1785860221,0.014194687333089066,0.7152606468582096,0.03488500119205005
Application_1787983531,0.0063350009262980065,0.7158923972785367,0.015676668791497678
Application_1789934601,0.8233450510152729,0.2136668419847119,0.2355108513018501
Application_1790721805,0.2104715855906709,0.5112506170217452,0.13841212887716958
Application_1791109196,0.7818360095283594,0.390412840520301,0.29124587994697837
Application_1791210166,0.7049258664117757,0.3895375384867058,0.25549632784720344
Application_1792123382,0.00948872331230451,0.7556474957332096,0.016835104205559823
Application_1792327676,0.6063341172850242,0.34199142133718047,0.2174859585997865
Application_1793173151,0.8064917764490473,0.1379817388057306,0.14438384984630678
Application_1795986679,0.8729440315850887,0.4263783986312545,0.2961561629862905
Application_179601498,0.25007834605134904,0.40650049840009256,0.2644119952717404
Application_1796290207,0.03866449786286845,0.16338707462956986,0.1910440584710604
Application_179713283,0.05048344419184046,0.07877844178864868,0.2994914186335058
Application_1799331916,0.2626883516238918,0.39282527236128634,0.2513451721190349
Application_1799654594,0.04756812620994967,0.23717407898545217,0.2645917242672935
Application_1801593563,0.4200742008522866,0.29818655349558815,0.25525526000828985
Application_1801822059,0.00943369719069019,0.7419056682468568,0.01773229021143168
Application_1802283850,0.030710425771967153,0.258077837238629,0.2612300527915199
Application_1803710713,0.30820547263434894,0.13249816682512738,0.11371045840889935
Application_1806449930,0.7708969460785715,0.3937914119094544,0.21958593422089828
Application_1808705800,0.7088322488658704,0.41638291778831216,0.33880950883923033
Application_1811471028,0.43068715070824126,0.3667623090164587,0.2946919750328866
Application_1813502823,0.00729008271777443,0.7459039318328633,0.017797352731874633
Application_1817080595,0.7086302619552318,0.3875284974832928,0.2509366504218906
Application_1818700890,0.8587798136578517,0.1994139015715683,0.2532289178219998
Application_1819007640,0.07093268858515771,0.2476051323362008,0.3273560310576921
Application_1819504615,0.731707049608129,0.4491420020225615,0.24580718710500316
Application_1819818177,0.041606430295066055,0.11540690384853425,0.3173139227942086
Application_1820504290,0.04191510220310632,0.10536608006710874,0.24283100678123748
Application_182066441,0.06650222745517284,0.29502323934727004,0.19745648268030994
Application_1820733336,0.05466800680823028,0.20689769758714077,0.2532081637274797
Application_1820883466,0.868213130552209,0.3885357130844924,0.25378439648300377
Application_1824209977,0.9109035175874501,0.21337758825906272,0.21047716393232527
Application_1824747835,0.2971326462034377,0.09140732889482214,0.2559792662354811
Application_1825309879,0.9001131880080688,0.2547036640028944,0.25020037450182536
Application_182597722,0.01223490951128729,0.7403766843464152,0.016064576264205144
Application_1826347954,0.07002850724768528,0.16443084410294928,0.3024069497850108
Application_1826390013,0.8305004942393058,0.387475325624087,0.23189211830361484
Application_1826620975,0.8594468622639505,0.23987355952958456,0.23862696643383471
Application_182712917,0.8957151530285681,0.20167551530322483,0.22364122388993438
Application_1828404203,0.7139500813236812,0.39068872788699643,0.26892678640246076
Application_1828802183,0.7565149107334701,0.41451525550514084,0.26477347733357304
Application_1829392718,0.05415770517962838,0.22751025200656055,0.2714782968272915
Application_1829492040,0.021685247538469607,0.17761657161043962,0.21519024878355195
Application_1833582857,0.044028694483119336,0.1275344975734171,0.2737889614367502
Application_183481406,0.018841436115893704,0.15244160648952335,0.18730037840779828
Application_1835611863,0.04331929133235649,0.030342732574053677,0.07848472813325084
Application_1835983478,0.025202069006809612,0.26470616014263215,0.1720859420093038
Application_1836482704,0.5841308610123278,0.09211935674920815,0.07526407586890528
Application_1837286038,0.010996796713037502,0.7137172169299875,0.04002538699160288
Application_1838182698,0.9247267380463393,0.08490667493421625,0.15458072134840253
Application_1838195672,0.771477358898854,0.40949433057358287,0.3015964324652413
Application_1840472630,0.8351648244921414,0.31772993690745804,0.30690625037105995
Application_184143337,0.2915054961256173,0.5017996022647614,0.13675454331752598
Application_1842271625,0.025180243080576144,0.17772618812355812,0.16386747792549408
Application_1842370876,0.7960456351406999,0.43590711843840024,0.3004967867805122
Application_1846291324,0.005231136770140279,0.7414748245370962,0.0183871336483383
Application_1846693519,0.026004177877130018,0.2100943287693427,0.19648013063947944
Application_1850153393,0.18167309231817905,0.15472702071423108,0.21799573666948072
Application_1850714835,0.06596468504841184,0.2790710492967135,0.1864463865105027
Application_1851360212,0.9083683705005086,0.12920213172619663,0.14043680833533564
Application_1852538604,0.007892219246367242,0.7361283113311601,0.016736052083712358
Application_1856006798,0.7374003511448806,0.39554405590854624,0.31021215843031363
Application_1856344011,0.6269955859520573,0.29661293102644887,0.20137868426088026
Application_1857366417,0.6305936042787351,0.43089430704668763,0.2875415779864686
Application_1857513367,0.2897535803722688,0.6150977382805212,0.16078374888422398
Application_1858211642,0.1099241783923414,0.1851654522330884,0.25609002132790143
Application_1859387169,0.057207329536050684,0.2240650608271128,0.1930547211938981
Application_1859431929,0.5723872376728089,0.3142118491880362,0.23844172849118098
Application_1859537046,0.8610864383842577,0.4196967492731172,0.2862439312136431
Application_1859784683,0.06085172706849485,0.21159381457060644,0.1887380552155498
Application_185981374,0.2440295630008782,0.1621547596422672,0.11489002726364812
Application_186021788,0.013702510622811265,0.7462900792259659,0.013106197729828635
Application_1862468287,0.09466922208610715,0.21799114200747158,0.23538021320140814
Application_1863192115,0.9392119792930613,0.18811354253258714,0.2170428491530487
Application_186381818,0.7430078763684841,0.34936762590737586,0.25618400037388245
Application_1864868732,0.04403668400955833,0.17583682751201107,0.2501768455965107
Application_1865080562,0.23540927385030477,0.5305441502242343,0.13482840746782326
Application_1865256281,0.014817582625825389,0.12524589057937036,0.18603419716972033
Application_1866125313,0.5039677050066703,0.16541792103051295,0.11234595775862262
Application_1867093856,0.9038780710574219,0.18263343109338145,0.18958432432954586
Application_1867138516,0.5570405424183451,0.39686192131884934,0.260283356903483
Application_1870118526,0.0415054801546852,0.12056187011387395,0.12940564847341315
Application_1871723330,0.07557429980284835,0.1394921952578074,0.2658967480322529
Application_1872244741,0.04034847279508012,0.21386007909780447,0.19443763680220422
Application_1872345916,0.19727052502579673,0.5112588590838493,0.13825988549503124
Application_1874674743,0.02308847071223012,0.30014496382391587,0.2368081712329127
Application_1875782782,0.8762184848510004,0.32935807026017694,0.20521673868155899
Application_187611464,0.03148657584046565,0.07297670029729786,0.27662571365660854
Application_1876138473,0.1050641207566195,0.09021483834961017,0.20817382042593638
Application_1876836940,0.05830926807450644,0.09143801651205904,0.09477525554341991
Application_1877362067,0.04505644656553963,0.18506238238631725,0.28065201915648996
Application_187778549,0.03844655288379778,0.295700022511058,0.22560563051486107
Application_1877814469,0.40813535978165794,0.46334561249766915,0.31697915884353806
Application_1879232225,0.03079857191062696,0.20699385301367587,0.20483185497312628
Application_1880895995,0.04331983227772019,0.1829225979212415,0.23926186218772155
Application_1885130117,0.05377169239232243,0.21945916382586214,0.16222941692682286
Application_188726425,0.07470134419169977,0.2208464269761255,0.267574614398711
Application_1891680505,0.031000743243717703,0.18813010077336323,0.18318720890461057
Application_1895159318,0.26234883573182927,0.4915161584669924,0.1845244435616816
Application_189631764,0.12940370075489643,0.2807387132993831,0.2711417885936372
Application_1896375934,0.8266742795228682,0.3673067661281654,0.2878490098513238
Application_1897975199,0.8341648488731623,0.21346413704189093,0.28132443052572725
Application_1898457792,0.030848264909786097,0.16032933767510799,0.1915252442073965
Application_1901752708,0.17196769842929127,0.16016545953517228,0.12289071516226563
Application_1903689163,0.9001248536915742,0.21406678834145138,0.2316130071767184
Application_1903879559,0.8432699226680288,0.14279305923969743,0.1739511668114151
Application_1905372994,0.8060639346269933,0.40045480827593655,0.2740722266158568
Application_1905967471,0.017856420532254905,0.7097746591120295,0.03525965777040827
Application_1906109703,0.6640314283335932,0.3929090456170927,0.23711420356181012
Application_190734181,0.7673838529501538,0.4163164070492077,0.2744351523729263
Application_1909723515,0.03854685014710824,0.1728372779653644,0.26827614609406486
Application_1910023757,0.621621569781091,0.3966388457464882,0.2770921699206025
Application_1910885918,0.033469517381206494,0.1756748398220934,0.2698602229452306
Application_1911285022,0.06899559606286798,0.28628076000414765,0.26976916751743335
Application_1914483239,0.7007078598530975,0.31787032192022563,0.22787518503318788
Application_1917257899,0.4990360242383955,0.36440772811801986,0.25556429773949324
Application_1917346060,0.8496692409615403,0.2766660072310445,0.21040916480473995
Application_1918491897,0.027570349336746954,0.19230230621770347,0.1841388673020936
Application_1918741535,0.006244976150637538,0.7362882853149995,0.01494393216862272
Application_1919362220,0.010392617791785824,0.7271779308255613,0.017061607428350493
Application_1919805494,0.5998382854741627,0.4045697650785131,0.32501456584575433
Application_1920062674,0.006513059528509029,0.7347498663006304,0.019206008262308748
Application_1920137077,0.07972736321487116,0.2006985690507328,0.2878305899867664
Application_1920432865,0.0624484906712853,0.19236780160357597,0.286636802912955
Application_1920569696,0.2674513523234013,0.5266804413864449,0.13180284088197144
Application_1920623384,0.04629849223077709,0.17095066279563964,0.27986272207614754
Application_1921489029,0.038065151338230525,0.10574931020860734,0.12000298197657655
Application_192191311,0.08107070424392092,0.10219250905149471,0.21959579259375436
Application_1924151739,0.044519118602456824,0.1992901112095784,0.20219999937243535
Application_1925108895,0.008481216003335602,0.752169329401525,0.017689855879799765
Application_1925475950,0.0227532080070631,0.1657435792550401,0.14965959490443878
Application_1925894693,0.6517276701328703,0.42716091636195186,0.3792414974022909
Application_1926626369,0.0183402735834701,0.2926815419402989,0.22805195521471544
Application_19269284,0.127597683690673,0.07285879880037877,0.19891346699755252
Application_192716320,0.006268381121113808,0.7398900779118349,0.014116364577164179
Application_1928577170,0.7916219979413934,0.14693362689694894,0.16779154246306477
Application_1930612093,0.8947651190098346,0.06592648920032451,0.09995976662125806
Application_1931050520,0.9401396460038414,0.055184063300613706,0.1256809417763703
Application_1931739679,0.030358515892042477,0.28227570711689237,0.1806615149635547
Application_1936633108,0.011046163630382761,0.7322424129568168,0.016370323559721622
Application_19378013,0.011905711891860227,0.729899244879789,0.02702162805604385
Application_1938909971,0.6298219387313913,0.3917274847029278,0.33013280407841944
Application_1940707964,0.6494231227993111,0.4213047356279662,0.2863595651389314
Application_1941614665,0.7990336767853979,0.35828613969674095,0.244513508133385
Application_1943498805,0.006750518793846376,0.7474036758855889,0.025603706936788245
Application_1943739799,0.028045980982022815,0.1704575245209759,0.24384276859888188
Application_1944447595,0.023536581364930663,0.28344595930510263,0.2373977726393543
Application_1944896918,0.8398358159448958,0.40879293421032914,0.26283620673874325
Application_1945451645,0.14547531224317536,0.3519571307595909,0.17561669713294986
Application_194564472,0.03040620415517215,0.17574407712248927,0.17795996770064776
Application_1946538188,0.009918447643341183,0.7369082924753702,0.018437714354388946
Application_1947622904,0.14328743289070406,0.14024548457117653,0.23813401275093096
Application_1951442644,0.017324258818070124,0.7002422209118725,0.03273193101134805
Application_1952474346,0.8535887658850752,0.3436077110119213,0.29558076570317565
Application_1953215776,0.5945373524070603,0.35534568990779725,0.3357871343717633
Application_1953871052,0.6995553433016685,0.4025300459735906,0.2904109388179939
Application_1954655928,0.7826430097057213,0.43579155174100426,0.2840691223802061
Application_1956063682,0.05252956107649726,0.17676959254982016,0.1996327438086302
Application_1956665823,0.08241576716447661,0.06014585508096265,0.11416022738697634
Application_1957651168,0.05292552919297733,0.23074937509976037,0.2737193103239568
Application_1958611901,0.013443517546456472,0.714086332675447,0.01762007477349338
Application_1959536677,0.8767259248267267,0.12841280780206282,0.22002969393552213
Application_1959538261,0.12546147340261368,0.04087881175545932,0.08010999286232999
Application_1959777138,0.7111156874739799,0.3707067230730945,0.23979628064348396
Application_1959968858,0.6381672944467316,0.36263604081391215,0.2614169343262164
Application_1960245250,0.8869748389522104,0.3913701682854938,0.30294633622528605
Application_1963302945,0.7695500360902617,0.38735857901704096,0.23754825479730549
Application_1964644191,0.020877144143764337,0.22813506392490018,0.17847572220067218
Application_1965608734,0.00792903103427944,0.7316348587414248,0.020646804626879255
Application_1966193141,0.0555123757739543,0.09645591059949613,0.2351991769062987
Application_1968934644,0.7890294377259268,0.40315636320376025,0.2756129690170311
Application_1969335807,0.746498494527077,0.42424088983421826,0.2915007589752845
Application_196951548,0.09649138965638618,0.07036494308576802,0.09592083039832686
Application_1970086923,0.030487143269413965,0.2555844831275461,0.4160840178657591
Application_1970302335,0.5305282743977272,0.3840966224972122,0.3110110065532164
Application_1970703703,0.00956556118124618,0.7668709722373535,0.021870707673295877
Application_1971226606,0.6936058888416748,0.362256124104827,0.23655082491686208
Application_197126464,0.018146166537653108,0.19967363804749885,0.2154372422412311
Application_1971362714,0.45976968674531493,0.5365039147148336,0.1951040811180537
Application_1971989358,0.041219032133886356,0.19878720411512654,0.31165289390260575
Application_1972046847,0.7510389994377943,0.32734865286115705,0.27544276670777423
Application_1972637504,0.042517441848575165,0.15291148288794634,0.28962821191567273
Application_1973871032,0.782733957185495,0.37348889640188876,0.2575202806541389
Application_1975160417,0.8193314479378709,0.49481703236682073,0.24028722705782643
Application_1975504088,0.18831015786081157,0.4742529710604625,0.3605410758771338
Application_1975819852,0.08364484764456173,0.10005306902155661,0.11016808493323191
Application_1976004129,0.07074999535889918,0.29185223424444673,0.3056767310020101
Application_1976127206,0.0239387976725543,0.10669104055382791,0.27912556786646575
Application_1977502639,0.9109890253938369,0.32148794616719323,0.20684563999577532
Application_1978331738,0.0446068447853689,0.07585462548737804,0.32476902160272647
Application_1980887074,0.8837967302924601,0.07608788675292016,0.10046166602916505
Application_1981121598,0.03852471720478355,0.24610354886011054,0.2171119725219359
Application_198284297,0.7947624863519537,0.40003448375659956,0.25936007998025756
Application_1986394502,0.031717161192827664,0.2690455382646998,0.2567578453846057
Application_1986459524,0.48256107879475046,0.4283057153058913,0.2539799604970064
Application_1987831323,0.02540442241951015,0.15670263671368845,0.17880163995540288
Application_1988195018,0.0400336873610395,0.10544437048711428,0.2477909823170255
Application_1989234441,0.15421902627140568,0.14970420158927275,0.22786071022022797
Application_1991464898,0.039282819812375615,0.13881982864169062,0.18128161383844402
Application_1992619767,0.8448594044120514,0.41005945661426957,0.28786145620238
Application_1992867148,0.10340899133564917,0.09542473934911144,0.25142486746186893
Application_199304010,0.0076620823600165,0.7305932898783816,0.02285096263811809
Application_1993192295,0.03637167546943541,0.14801461033873722,0.2528532806475512
Application_1995644843,0.05546747552151201,0.2077491300324713,0.28768320268427966
Application_199635820,0.06056437817843265,0.10866805010409794,0.15466629314366362
Application_1996843325,0.03674006724926887,0.24126011396085267,0.2462068577806984
Application_1998307400,0.7784342976203994,0.39539350683147634,0.2815565537352598
Application_2003767759,0.8796882535781289,0.13279742397065822,0.19604330301309056
Application_2004089393,0.053021057839419364,0.28201822758373896,0.17974705052446596
Application_200417599,0.8741050185036074,0.13428754637373524,0.13457713054624373
Application_2004968371,0.024333027383711826,0.12121709266899186,0.3083281212746974
Application_2004973545,0.6501454238265133,0.3828535167487326,0.28242742159563183
Application_2006713022,0.030846257183871958,0.19137657153259396,0.1745607199647348
Application_2007562055,0.7239130339885119,0.3510431625896654,0.3041385961291412
Application_2008203162,0.009804419769835346,0.7132904041078123,0.018537825424864346
Application_200942443,0.0074134648500552075,0.7463904400499137,0.02214240991329923
Application_200956558,0.0065420147351079915,0.7451020848759216,0.018940961655028656
Application_2010104450,0.2265718950901893,0.5434211763006183,0.12067058444937312
Application_201115305,0.8574148773817101,0.38400156848757494,0.2673392672790603
Application_2013830829,0.8517580806397863,0.4041085722770388,0.22997543788247124
Application_2014671768,0.03581905759424512,0.18222703357692396,0.28732751329727546
Application_2015161420,0.018113489081756966,0.1244821004822877,0.19503789873261934
Application_2015423706,0.7829798329371638,0.3919635841791038,0.2873021087706244
Application_2016510614,0.029189471068389747,0.04064953268493965,0.05308092888340053
Application_2018809027,0.753522254671818,0.3943564187520225,0.29217988303901044
Application_201975224,0.00650132742065616,0.7419174772334666,0.017050702671078843
Application_2020541045,0.028933000819022715,0.1593888516787973,0.28874599146622737
Application_2020581879,0.7838731241015486,0.4133309716353709,0.2561642757996666
Application_2021390880,0.1326222383873583,0.012177925094655206,0.09521674910781011
Application_2022118906,0.9236964913969545,0.19127852040168888,0.22250028198808328
Application_2022507317,0.7053675627313447,0.17633522190657028,0.1610156164614846
Application_2022755119,0.6690126001554961,0.08894507518052505,0.06259616637287603
Application_2023468525,0.03803244585721391,0.14938242076784702,0.28156475226915795
Application_2024244758,0.18344113652613833,0.13898385896751828,0.2356598964495452
Application_2024477286,0.04141948265488439,0.2988169372015832,0.21906719358199586
Application_2025018320,0.0488808677538848,0.17180748839567705,0.2870064367841208
Application_2025703180,0.8778123154894764,0.23033812669897863,0.24185909642016282
Application_202572480,0.06404913089620715,0.15389220735771744,0.1769192241471485
Application_2026841022,0.7027586507757638,0.09435612059113097,0.11274453520563814
Application_2026952165,0.006676260437256289,0.7332093834736908,0.017412971441360243
Application_2028180559,0.049405959113613056,0.31449927523346266,0.19336674204178725
Application_2028590322,,,
Application_2029271670,0.023381451682854375,0.20271068924787627,0.14817200264208646
Application_2031841757,0.011640512211972317,0.73424545359003,0.018514988919293277
Application_2033120546,0.006850347861057152,0.6833638597890606,0.039556831791908845
Application_2034295537,0.09173138643453688,0.11960532018206257,0.2193254574760493
Application_203590810,0.01652807004446498,0.07511830943492126,0.0928149626460162
Application_2036474370,0.02910485724218016,0.2702141393389443,0.19257939303958357
Application_203678331,0.03212438341406887,0.23028322564544518,0.17516472835023789
Application_2037954458,0.035113874507878985,0.1896087642704567,0.1480453621394322
Application_2038146278,0.908283876385367,0.32303343249782374,0.2358967597485641
Application_2039657007,0.7515819488833491,0.20533656445775605,0.19957806862659788
Application_2041306952,0.8029676421891082,0.37961756694397814,0.24079645197377783
Application_2042834818,0.05379670759117189,0.10024774782842633,0.286402957687694
Application_2042847086,0.6822688202844549,0.37332801819593414,0.29429988088134423
Application_2043967522,0.8998674613093262,0.10061180040390938,0.14742671212688926
Application_2043974733,0.04789018485474642,0.18354102736120148,0.23987242667008146
Application_204408152,0.5621180354949552,0.3616767753920803,0.23287896189515084
Application_2045954559,0.781510727356816,0.34072655622804987,0.23734931159612335
Application_2046501407,0.8449361679012143,0.39463581823184934,0.2830669185416014
Application_2046683533,0.8719648378059953,0.21744624534324483,0.23292522851013336
Application_2047886665,0.08429563346277469,0.14240109890137176,0.3118726321475233
Application_2048027930,0.009713929746288773,0.736014162266176,0.01283881952144811
Application_2048171626,0.8741551279416566,0.33133216288929135,0.22422280128676852
Application_2048278308,0.7270606185178975,0.37211272752248836,0.2943220976041577
Application_2048323360,0.022178995988095272,0.1782106623847507,0.15731091693475988
Application_2048381730,0.5270229621615987,0.410902065002709,0.32204814836655343
Application_2049849151,0.015838560032227864,0.16396494529410557,0.16863414099048515
Application_2051550880,0.02313645867104806,0.7116760706951912,0.025500571563988425
Application_2051799809,0.028387633252297984,0.7023134126385333,0.034157130497392316
Application_2051951033,0.8356914359326458,0.41973969966781866,0.27980678601582243
Application_2051974818,0.829109976156828,0.4218668952520522,0.2800218472970307
Application_2053272389,0.04642999218393069,0.26361129511163994,0.17871698577671394
Application_2053888323,0.006555460514721082,0.7495461198373035,0.015072336883232368
Application_2055100599,0.7417259186617725,0.3796911370483366,0.2822093838244385
Application_2055157815,0.06489643227346358,0.1447525462849879,0.26495432915925854
Application_2055185181,0.03477332227564698,0.127926526295505,0.2740799085975636
Application_2056174200,0.4318419572506974,0.40319889291080563,0.327727889496863
Application_2059632280,0.7064289931005467,0.363298785811882,0.2590787484062492
Application_2060708769,0.8794981663520189,0.1405082994095733,0.14726910307285876
Application_2061020149,0.7875530302327146,0.32281955109136745,0.3396973146451783
Application_2061502784,0.030639934585862456,0.3064815684054929,0.31202162786427046
Application_2061784142,0.007920422776736822,0.7149303634714645,0.02825852000934245
Application_206222910,0.7821330899776604,0.3334504453473879,0.308638590151229
Application_2063179478,0.08892558239179386,0.13665009131488587,0.1677612422244803
Application_2063828851,0.7346183948925727,0.37351306972252096,0.3019121233907015
Application_2064798594,0.055084134171530685,0.07695101297616083,0.09748291291809986
Application_2065559138,0.06702217603563264,0.20081478196463837,0.3279426239800074
Application_2066939992,0.029711828839102762,0.22849301312207432,0.1963080033448866
Application_2067187791,0.5951796666901743,0.4322899604137718,0.267777666000228
Application_2068853058,0.07709640848103734,0.18129342148893893,0.3097207870635186
Application_2069481439,0.039292319368100584,0.27193259968787103,0.2724445784572088
Application_2069545303,0.04466888901520635,0.08877316232212293,0.1099289301846952
Application_207185826,0.03293559693586512,0.17057598324236278,0.24782153988717887
Application_2071863649,0.07651794149121721,0.17870711608986758,0.32748486523805476
Application_2073034588,0.8520017262832543,0.31981047480484653,0.19780749734927516
Application_207339253,0.051864511159400606,0.10948681512912137,0.30072008329761213
Application_20738828,0.07662045531057937,0.16309689090459917,0.310743316883483
Application_2075014351,0.7221616586602779,0.3663043648264508,0.2209631274113555
Application_2076314524,0.05054029023168175,0.1731661015634232,0.32102035113729105
Application_2081068908,0.06774267192245856,0.140392912948488,0.3442362903730535
Application_2081457336,0.8702114277217556,0.4238124061405222,0.3007869279598679
Application_2083683673,0.830217729540566,0.39778327399874913,0.2540459193074299
Application_2084259712,0.3807423921841953,0.4885493100939845,0.1811002314844389
Application_2084774321,0.02339613961245923,0.2654035689117062,0.19503384611884333
Application_2084907175,0.9459733135495576,0.1421839069858335,0.15629217214667568
Application_2086545012,0.012988093399927712,0.737387941382039,0.01726257743660228
Application_2086686091,0.07062493186939019,0.20478961359206543,0.32234550409414237
Application_2086754710,0.06079328208290991,0.25789632118557626,0.20886606959422888
Application_2087006463,0.7617069891584151,0.44537055914446466,0.2549193978316674
Application_2087713022,0.45266602219759194,0.13163230575624127,0.10003185913875967
Application_2088099791,0.0214622239477505,0.16411146179674208,0.18821942199339511
Application_2088969676,0.030358515892042477,0.27767016312467263,0.1817814061574408
Application_2089315207,0.7569745177278667,0.2808728356821933,0.2266428498637635
Application_2089979544,0.9042491387263591,0.16496546657274175,0.23003512877046237
Application_2090544740,0.2500824059241796,0.33893812798482975,0.17720609449555458
Application_2090776603,0.7766316221530504,0.2501206213006496,0.2874739424085927
Application_2091145908,0.00629132700334969,0.7368512820185491,0.01423569848255261
Application_2091517201,0.745597979631251,0.2829403041050031,0.2637481032409891
Application_2092228035,0.04441181188592113,0.15987134882953907,0.23888226519784866
Application_2094441836,0.7520338527155032,0.4980779940944735,0.30741562010973494
Application_2095793548,0.8168652911192293,0.3770613702853927,0.25567956125706376
Application_2097115739,0.7853704110914352,0.3058891781194121,0.23122713406102904
Application_2097420356,0.006617009856664042,0.7146973421942757,0.013813656621908692
Application_2099334395,0.8494866854183132,0.3730817914470833,0.2212059247234856
Application_2099511368,0.010669959143299882,0.6263565012147311,0.15750277747298697
Application_2100311621,0.10147025054501327,0.07214833469823556,0.26979484113500257
Application_2106173395,0.30159831603732534,0.5420020427766621,0.12998764443958377
Application_2111973389,0.7526304277254432,0.3301847639641327,0.2937838768231863
Application_2112573494,0.771931103121956,0.3580499025725769,0.24692041796152553
Application_2113040289,0.5822066538430912,0.47690965921583867,0.3009367621788985
Application_2114671174,0.8629797282647681,0.4218668952520522,0.2800218472970307
Application_2115042059,0.4130598804081888,0.37669942136982615,0.24144358034617291
Application_2116062822,0.0636911870839026,0.1958084686918529,0.2606953030524258
Application_2116148116,0.1769625479150805,0.3938764388175836,0.11834805533316231
Application_2116821761,0.07430413319910036,0.21907289439391098,0.21437036531555717
Application_2116960252,0.326849700578237,0.5159278516935419,0.13759441897084349
Application_2118057291,0.7315637156821063,0.4133043395427318,0.3110077684478904
Application_2118887844,0.633417326211958,0.29962271620518405,0.29003343029720247
Application_212002191,0.01106787494493096,0.7234489500979304,0.0245512735776726
Application_2120715071,0.8422704721717859,0.31183455162595797,0.2084742971764716
Application_2121891434,0.05878830938706793,0.15061559052390316,0.3340125079137958
Application_2122792904,0.643629817245552,0.37237873058542825,0.2407563649373832
Application_2122822719,0.006149143563062538,0.7496769682635324,0.016038629144118605
Application_2122873300,0.010399529929981511,0.7210727105270411,0.02339906654155793
Application_2123204513,0.7717314456169109,0.38055239471734786,0.28513523322191753
Application_2124127933,0.04815927183106763,0.006747871241691572,0.04915125736139693
Application_2125694475,0.6596199878460942,0.481018094064503,0.34675992383569165
Application_2128172349,0.5583929280291938,0.20642887422015227,0.27183797987942654
Application_2128191185,0.7466115080922283,0.39900188026168626,0.2650510010649422
Application_2130486641,0.6553000792739978,0.3953226812971233,0.28999486478588915
Application_213211686,0.04288123611239066,0.11531026106010706,0.2495974944577989
Application_2133089583,0.01474917921696451,0.7338145299164371,0.02338324948651618
Application_2133818678,0.8872975821887261,0.1793364552888679,0.16466533135320705
Application_2137992191,0.9366000850911466,0.18674643565815774,0.26992848275244635
Application_2139692519,0.709051196383085,0.16379319589287622,0.1525440204946196
Application_2140045431,0.7812351411988624,0.23801084348092127,0.23765000231134303
Application_2140770767,0.022108423788778926,0.6045388902601189,0.18918478453408472
Application_214156122,0.8324417238495562,0.3714006597639069,0.28043499871022537
Application_2141999798,0.08261629317497997,0.11306701014940432,0.16675285894929856
Application_2142719268,0.6702138238791451,0.36077025650434535,0.25466423900367474
Application_2143988715,0.08669583420021047,0.11735500165946991,0.25489048569018385
Application_214453134,0.48828962713098784,0.3915702696496212,0.30200192079958904
Application_214453442,0.8575366430644141,0.4060120412282112,0.2749165706303943
Application_2144842406,0.7455741124560776,0.47780049046219386,0.32024199440784534
Application_2146296643,0.9616959793382919,0.19636294040275212,0.2672920740791999
Application_2147170228,0.005245731524880462,0.7540190522923895,0.02059601631946979
Application_216211515,0.8769647185368024,0.42996633404531315,0.3035583449865214
Application_21634890,0.011476901527314256,0.7569106103046931,0.0438359771182189
Application_216444008,0.8782839840168277,0.049223593041837266,0.08748186634852942
Application_218547280,0.00628465458530642,0.7461355624265222,0.014772831556649822
Application_218707596,0.5509196004365493,0.31891317454466633,0.2189940852929732
Application_219576331,0.6679582474776964,0.3923517676299665,0.22923453301185756
Application_22019692,0.018769874289467487,0.16661754729798897,0.19678521177737052
Application_222629422,0.006721687833211677,0.7537420991084678,0.018591573606907243
Application_222827091,0.022721538113497416,0.18283875915047013,0.17040121210211867
Application_225586063,0.007238424257344032,0.7386533323777695,0.01419751335460545
Application_226209957,0.8617086390372934,0.176051724480303,0.17198724231954815
Application_2264928,0.292236193836133,0.3415048375466926,0.3424167610242094
Application_227170121,0.03480090533144336,0.2500401660854797,0.19067745312773016
Application_227670423,0.01700504853015801,0.18980729644735517,0.18076819467442837
Application_228373770,0.7192288159595625,0.36077025650434535,0.25466423900367474
Application_228928958,0.6918687136232801,0.10677407051448773,0.13669242992273803
Application_229012140,0.26530932919683614,0.490062273076588,0.1348324745217859
Application_229606305,0.833879837560671,0.417235677610192,0.2811074563672388
Application_231527175,0.6544247922061308,0.3765223557279161,0.3020769043318955
Application_231751553,0.02079213383102086,0.15511664652418009,0.16982003686180752
Application_232254008,0.6677138695632445,0.3548197007945218,0.23335351932702522
Application_233064512,0.03360209847706594,0.23938509956147092,0.26841262219241635
Application_233989937,0.09331482649964444,0.12957690482594358,0.26058715662485643
Application_235535721,0.8372891736281466,0.3253741854014734,0.3022243627375313
Application_236717130,0.03516333212793785,0.14247361788307145,0.2663964542410526
Application_237775087,0.7859757894216364,0.38836989954622164,0.2899049837930659
Application_238546830,0.8675533833942305,0.23778470163963614,0.25990154099325957
Application_240111953,0.013504999174966698,0.7022426380629345,0.015647008217821622
Application_241318555,0.08544713446989197,0.16716998809286227,0.30955380062679244
Application_242709495,0.2461974618470973,0.39186583691729104,0.23822271378806503
Application_242826105,0.013168865433528475,0.7188529748328045,0.03779457932297887
Application_243887576,0.034759982264594966,0.22917693158678903,0.26949101658888824
Application_244396187,,,
Application_245123210,0.48828962713098784,0.40140004058195156,0.30133985870541763
Application_246097895,0.029723551960695312,0.19645661022357636,0.20448246184158506
Application_247317164,0.1107764277376007,0.06734913131422088,0.26110180992156334
Application_25063668,0.5079678643907531,0.39225251657886695,0.2883754494232762
Application_251097614,0.00883398438576915,0.7405217465959667,0.019004785383876323
Application_251304842,0.67931364266601,0.3894990943533651,0.2636408058731641
Application_251670774,0.055959672543622066,0.276932299778348,0.19856659292619125
Application_252272828,0.009322187054646618,0.7547492371815616,0.01676048774438435
Application_253227112,0.0855366998846328,0.09690405300566443,0.3114931125225796
Application_254824641,0.0475740731589572,0.10008674074594381,0.25132758438998265
Application_254836121,0.7386825937199962,0.42949553706467525,0.2945347944738645
Application_255370233,0.911873350288451,0.09162659390066805,0.14163968082486558
Application_255496047,0.9200091349116257,0.10671658699918798,0.18966578635333375
Application_257082685,0.00667980255413013,0.7376256142398774,0.014567100542674606
Application_257928635,0.7320109074212086,0.30382523115115395,0.2626532489430681
Application_2595810,0.8299260471916027,0.408587587278817,0.31469750530226503
Application_260257809,0.04067412624780512,0.18030430054212296,0.15973272350092454
Application_260635392,0.8694593135508561,0.19017439163003472,0.1976870131625084
Application_260702936,0.6056442709720756,0.348494402588036,0.2937270761275429
Application_267475970,0.03650062299972987,0.26465936243593824,0.262272599324827
Application_268406883,0.8046695270013672,0.3816399490135042,0.2476223527673018
Application_268523137,0.036029268606978436,0.169808283351262,0.2572618775395238
Application_269341222,0.0739171636126081,0.3827457990894932,0.25413905553810384
Application_2694097,0.14662842052989267,0.11009151051978341,0.194202965882455
Application_26954699,0.06996698323421886,0.21734282518287934,0.3412714210586286
Application_269862060,0.016251271580293387,0.21467244361838322,0.175325227307433
Application_270485252,0.8223546335102984,0.3623580099421388,0.22067175969991673
Application_270506031,0.0350925946602817,0.1696335913851412,0.17040285969584656
Application_270571049,,,
Application_272933056,0.772840871730813,0.3539880751736964,0.24200264723911927
Application_274240684,0.037904396155122436,0.41031147837142096,0.25868145051389707
Application_276603327,0.049966306848166345,0.03826677454727695,0.10440566496175177
Application_276618599,0.728936298811769,0.1111966356358271,0.13703135536054442
Application_277127069,0.6317862114249794,0.38243975288453924,0.31643550543853743
Application_277674975,0.013142491249711287,0.6628837955265534,0.04733314159768999
Application_281838380,0.8070315256093616,0.40245648656418803,0.26564692714985255
Application_282114630,0.04084434964887409,0.14983534606275306,0.2763225029130955
Application_282254984,0.7199940308072241,0.39554405590854624,0.31021215843031363
Application_286137335,0.033981121603824056,0.12719655683362974,0.17672635696400835
Application_288925921,0.7657587165820762,0.4425757217760651,0.25452361912881355
Application_28930757,0.007322992062285977,0.7320853134767492,0.02456997050011161
Application_291332257,0.8100823448309447,0.3761087436287193,0.2801146278256167
Application_292094395,0.006014215894456378,0.6992384872608217,0.03044125142399012
Application_292866700,0.029505748056491775,0.26294009825989045,0.17263397284225424
Application_293379010,0.010760024315448915,0.7547286243801934,0.03544265576516885
Application_294013307,0.3532621573304417,0.500119805970182,0.17351805833027437
Application_294586112,0.7379145245783288,0.3903417919070832,0.24913373319208357
Application_295284443,0.484279043515991,0.3717033131208284,0.3077543490746278
Application_296888635,0.14117074947249011,0.4091041816859302,0.1614076419398015
Application_298129713,0.02426258041433756,0.30849446034108097,0.20054106691528162
Application_298744583,0.8849983035206761,0.4431634600232133,0.2760180627731769
Application_299068395,0.05647548933166641,0.31583167158671516,0.18811360463299992
Application_299209464,0.03456652678503563,0.6379447646455689,0.14057248356182397
Application_299698075,0.822503711505827,0.1560429983385845,0.20766560863152786
Application_301727231,0.7757135185040184,0.34652436312955104,0.2463520015938081
Application_303703837,0.02722191462544655,0.29766288228656745,0.23388047924069855
Application_303866233,0.705361004035551,0.3863276031576983,0.2645199584049689
Application_304004510,0.04360943737327974,0.13087845554588448,0.23748044980264005
Application_306086229,0.7377078077819627,0.36194870766506976,0.23730558047677594
Application_306812685,0.03794174719209854,0.16661300653265665,0.2156214281312096
Application_307801348,0.05174690898600209,0.1052613028443698,0.3000690492628334
Application_308066254,0.03886851465641568,0.08885011470248552,0.09818656729678868
Application_308748254,0.0738595068022786,0.16786970051560596,0.2682181549909058
Application_309815171,0.07096571506624233,0.2905723042772786,0.25410009759340946
Application_310417357,0.019235372886523217,0.7327454666039109,0.02201917196130204
Application_312166095,0.041247967941670315,0.1943067735537761,0.31453187501760954
Application_312224974,0.04443626023704935,0.27019693668190686,0.2220851245867824
Application_313152544,0.013734754459299617,0.13947571598513614,0.2147852335144443
Application_313527996,0.025180243080576144,0.17772618812355812,0.16386747792549408
Application_314854055,0.007899619523807935,0.73388195579869,0.015930698017908074
Application_31519304,0.8814261472327399,0.3648081369653758,0.3197293220893405
Application_315782607,0.04272540742878129,0.2108109682870063,0.1886701677035873
Application_31697623,0.14491299857562528,0.16747489489546152,0.12300730417444178
Application_317789291,0.9541206422228575,0.07252893563212998,0.08978061212327279
Application_319284701,0.110368150756279,0.18776694369634134,0.31454172786130324
Application_319847090,0.7097614750123025,0.41967417507242055,0.2289944005121379
Application_320538845,0.6512663471054893,0.40753039013475134,0.38755198942662994
Application_321053191,0.074826885511893,0.2160180402359898,0.26533876770967935
Application_322297326,0.7920646850169257,0.38056600013018177,0.25126633956372124
Application_323040575,0.01361549503360951,0.7328038195288816,0.04264078847483318
Application_324026343,0.6992191429941186,0.3691427386084398,0.24136454640417293
Application_326473270,0.009013393698035969,0.7394291762942284,0.014048051173604241
Application_327072822,0.7605847209943718,0.38167029054411805,0.27949464124467416
Application_327149374,0.03559265762731824,0.12525344396532126,0.29984598275970903
Application_328046969,0.00786847888756974,0.7263895598604773,0.013883128910524043
Application_328120747,0.8702848043439745,0.11264920684730276,0.16228895804818316
Application_329140480,0.689057184474296,0.45770349947454814,0.283011566737295
Application_330251746,0.033475948220804165,0.24930305896959815,0.3494248628109972
Application_332704649,0.37002227128868337,0.26192918993047526,0.14822466946138788
Application_332811786,0.869187612208374,0.41983995172592004,0.2798285470763156
Application_335537557,0.007562958463492105,0.7528580274619845,0.016995959593911713
Application_33745946,0.031303493631021556,0.04441006552242732,0.06850682253314076
Application_339123229,0.8769977691163472,0.15573069054768704,0.16732282003175275
Application_339123431,0.003370224309846309,0.7210619701342229,0.020986252886008153
Application_339327672,0.8473110216806287,0.3074602541343267,0.24885932309726597
Application_339730120,0.06511552875250536,0.14918448134872014,0.26861314490578575
Application_340094554,0.7259633952929992,0.37412278702832114,0.23755212107810544
Application_340321174,0.09199641746641861,0.035017763237078614,0.08910928540021944
Application_341875321,0.006795683032563468,0.7489807490404337,0.01948086967564124
Application_343088948,0.10350362321429811,0.26248023763181216,0.24914071766825888
Application_343744148,0.7017136309056043,0.3215250115433416,0.255758958379846
Application_345264629,0.33770090613550074,0.4467451617061091,0.3455875762226514
Application_346568508,0.03379730808351501,0.11446161141732142,0.23503441630319014
Application_346829278,0.7840160694299998,0.34152341995994917,0.30856293236310295
Application_346848867,0.6449696150090236,0.44777221627097963,0.30353007579154373
Application_346988751,0.03311007002947317,0.05124949321427286,0.05698475827922844
Application_347922674,0.8089592318418685,0.3254232733590495,0.22473424444122986
Application_348990686,0.7664404620417259,0.39966660821001654,0.25258420099097717
Application_349515920,0.010605417343301598,0.7592082419727324,0.024024083890456478
Application_349709198,0.6781631324302914,0.3839036882047806,0.3417165921589558
Application_350793850,0.01759423704420116,0.7324148888366334,0.017055215328291518
Application_352165642,0.03970977767863154,0.13586797058020036,0.31586418169343056
Application_354855594,0.03309749955853217,0.21644653832050106,0.1621978681683925
Application_354865116,0.4420630389268862,0.5478534735859141,0.20111025910674085
Application_354974392,0.11098755117594174,0.2844695331513306,0.21197266228283348
Application_355701690,0.024709139111658097,0.22569433366042504,0.19743488527203312
Application_356808628,0.7640085196333855,0.36826397955983103,0.2601853986828372
Application_35738339,0.1744064652666142,0.13715216963237686,0.2551476635003348
Application_35745002,0.15994094069191592,0.20859222176341521,0.17778917473355224
Application_357880380,0.03800009178004986,0.19942687128233985,0.21781711409214263
Application_359276048,0.08625821582679925,0.2460175052474395,0.19748420697006797
Application_360217923,0.006271390614506486,0.7138488455083587,0.023064101301372913
Application_361573979,0.6322721928644289,0.38775073085940387,0.29542444045629235
Application_362543186,0.7894033410237647,0.4482822285488535,0.2998474727780922
Application_365332446,0.7596941339549689,0.4731708466992379,0.2920368370392727
Application_365485542,0.03388313087603959,0.188531193589471,0.19529034191581932
Application_366121400,0.8613946754242143,0.40397056315978275,0.31386541545860247
Application_367455904,0.8235727605559214,0.4095549882499782,0.29408887201848044
Application_368167256,0.48543563628706654,0.3717033131208284,0.3077543490746278
Application_36831628,0.6464768463521535,0.3656441227342882,0.3122018997818591
Application_368529383,0.6944848423219719,0.3693145808230208,0.23685510749659228
Application_368638647,0.024904332955244458,0.702510439019902,0.03808775495333933
Application_370126110,0.04154351982450868,0.30691074698914095,0.25831238332735945
Application_372912766,0.698939988596948,0.28586771494333524,0.2444393702539526
Application_373875255,0.6929473146492662,0.362256124104827,0.23655082491686208
Application_376118809,0.4928712124972851,0.15799521872853528,0.1479077056956263
Application_377692746,0.017391239089569917,0.1954739438749135,0.1816521020040348
Application_37787490,0.0504427389445844,0.230249232264126,0.20928008393171715
Application_380097845,0.9044401788322977,0.1492295873685103,0.20569839751723845
Application_380770908,0.8671021530496507,0.17704978336404198,0.19313465117127362
Application_38081486,0.7991963162301492,0.3671243276054137,0.2421085809413381
Application_380969432,0.03470433843339368,0.2195001073439461,0.26395989010726567
Application_381087716,0.023563126032384467,0.1395028651194515,0.16614031156995415
Application_384814296,0.887882071922394,0.1478017744349583,0.15864306185738242
Application_384835333,,,
Application_385045680,0.03587389157054619,0.12399499363677782,0.22212058308569682
Application_38536393,0.015356567879305736,0.730008014085672,0.02107541632977736
Application_386657742,0.770513713699887,0.2812453172623842,0.31457898329183587
Application_387778376,0.9050515395346745,0.2168470881637664,0.254717869110045
Application_389831964,0.03407348534755577,0.1844213823789226,0.1869713162142421
Application_389962709,0.056655671149177515,0.09564587610051248,0.1274497489226918
Application_391099640,0.7358623634208238,0.35551472957718794,0.25686383337794133
Application_392275405,0.7247183733939817,0.36419552602186417,0.2585658520384842
Application_394037983,0.07261738307604486,0.12978380241430762,0.32408281168217196
Application_394946724,0.012272080826161685,0.7137800061513689,0.03248784504754201
Application_396027178,0.02994662580441709,0.04947379789065942,0.1037254291003668
Application_397038537,0.004953742255824544,0.7413428213872918,0.01516931144537395
Application_398065440,0.02252727426982549,0.28207709225817046,0.1876856293665177
Application_398250446,0.7796783043013523,0.11208746123804691,0.1512327360396161
Application_398311287,0.025340263448885403,0.14357938113407664,0.19252154555304224
Application_399001926,0.8837469505455272,0.09791896492454674,0.15221060936667813
Application_399934391,0.006330180226486184,0.7374513105555411,0.01677114738938491
Application_402938046,0.6043614705930531,0.42759982105891353,0.26328371582363963
Application_403304705,0.13017472255423185,0.06539106634112873,0.09365999000101062
Application_40403797,0.8768828688392866,0.09822896880592866,0.1335153147566457
Application_407461155,0.8273544341355163,0.14321730455010126,0.18501494686991982
Application_408864407,0.7273677299237647,0.3328550010978515,0.3062930951019523
Application_409154003,0.026881594191156672,0.22943710309174686,0.19708120271814789
Application_410056038,0.6786931560913333,0.4104645791571576,0.2692882874939366
Application_412434860,0.9128478196051482,0.12379265126155828,0.18835286173223867
Application_413047262,0.02108866899660869,0.029738288518422473,0.06921610316740351
Application_413991815,0.04518549821853414,0.11705391897534237,0.10830456492145517
Application_414227837,0.924176042171428,0.0647569852137787,0.1554952136232988
Application_416188880,0.08930824527320316,0.11296661835893201,0.33572815424408936
Application_416694962,0.1234021893198944,0.1240207454987787,0.32406956139508397
Application_418738843,0.8683578841726595,0.12657198222210916,0.15453491019407076
Application_419933910,0.6699977652832578,0.4624425476178575,0.3015415863846024
Application_420380783,0.9208620124503374,0.19180430183970892,0.25400997376178597
Application_420599570,0.011523827682570742,0.7336709411502128,0.01582277992299527
Application_421465179,0.009916232273303132,0.17493682760245072,0.18176556826761076
Application_422637212,0.9112470197959286,0.11426241228667938,0.1774383746085695
Application_42337394,0.717369302616739,0.413356366278989,0.31114415624481384
Application_424064154,0.03441773638007747,0.16622511162596423,0.2810902727857548
Application_424977058,0.008435786915732966,0.7202757200353198,0.023804428080135602
Application_427316676,0.7641148472906689,0.3086656222978983,0.2453228990968274
Application_427975818,0.7933919247500973,0.29948725594308,0.2229671894601104
Application_428745471,0.039327468735109436,0.24568843298047582,0.20467223504974097
Application_428955021,0.7838319154663165,0.334763178750442,0.316718337105201
Application_432430277,0.03890899923370514,0.18846343317273268,0.20047192794024934
Application_434354946,0.2793207236642452,0.5215381058495823,0.13096870769791782
Application_434840997,0.028258210988543853,0.19111072372422216,0.17939659947157457
Application_438711887,,,
Application_440695787,0.013255138335794699,0.17109839662024484,0.17743825562818505
Application_440813334,0.03176657753662547,0.08480908490391814,0.25460758488126506
Application_441853106,0.926378739155087,0.18640665416978497,0.2222885326818569
Application_441988653,0.795006342200498,0.37774866620985753,0.2284480667088371
Application_444595223,0.6892087085134335,0.3434571908355021,0.3019868467545258
Application_445609887,0.008501633728095665,0.7277788790157399,0.01587678380113467
Application_447126113,0.7990336767853979,0.35828613969674095,0.244513508133385
Application_447138954,0.08817666523131915,0.18107061342820568,0.2600673656496664
Application_448145454,0.033421085629051404,0.15059103307336194,0.19049672282105343
Application_44859446,0.08585810682987564,0.11973656508140662,0.16135491912277186
Application_44899860,0.7612037388982157,0.4424632812854739,0.39014719618176835
Application_449256078,0.3426428382776159,0.3701022039541742,0.2533331020735019
Application_450127919,0.04229248802700406,0.23230731874639787,0.27983275627554555
Application_450250534,0.07083022314492055,0.19655849072540213,0.16642124148286838
Application_450974072,0.8447210471973756,0.3418477470081117,0.30657125929374407
Application_451838490,0.01920993137807795,0.16232755077157343,0.16667076323933708
Application_452728375,0.8303495641042555,0.4043946817221275,0.37099158646251784
Application_453833865,0.44500203860863413,0.4604071916664144,0.2872217826985818
Application_453847467,0.621621569781091,0.4144432889441712,0.28028002702126203
Application_454064051,0.08312731066083796,0.15061559052390316,0.3340125079137958
Application_455616073,0.05985959165291711,0.09100130122482228,0.09820639965971369
Application_455972560,0.8251106480606576,0.39636932225335714,0.2310978016377907
Application_456023338,0.8041787707652195,0.355830804487056,0.3212348069728219
Application_457947056,0.8774524700599252,0.3871636477114814,0.2712057273493439
Application_458227713,0.7024372738995861,0.341135854956677,0.2796111557305001
Application_460231462,0.07469377128977776,0.2923987559090222,0.25591736746556765
Application_460974455,0.7861870966749669,0.3577114790020777,0.24538724838812695
Application_461107030,0.02863666845384949,0.02662488677524455,0.08680644463827501
Application_461173805,0.020060508604302908,0.666273523960115,0.16315658861402763
Application_462216549,0.767845581649873,0.3588669465861678,0.23009849110508523
Application_462882090,0.013106820086793347,0.17109839662024484,0.17743825562818505
Application_465680144,0.8632949663169933,0.3885357130844924,0.25378439648300377
Application_465715339,0.2575836321169712,0.5422781258754461,0.1279799995951084
Application_466068830,0.46440545213919276,0.3763737945854473,0.27158533554802106
Application_467957342,0.008753989387639324,0.7365837284279662,0.01735700316571886
Application_470096249,0.792722133287205,0.4541199249785276,0.3287858892890339
Application_472820667,0.7499785468618824,0.3534234663008428,0.2633121836626658
Application_474380883,0.8676829660373324,0.09468985253100681,0.1367263213698698
Application_474487263,0.03675861362712834,0.17445368222141017,0.27789664442954076
Application_475062324,0.018656012218748647,0.19541768625354936,0.16831076922936197
Application_479645384,0.054031497947720546,0.26544688359912005,0.22535136407942732
Application_480070910,0.8302678711672002,0.2645679231529139,0.30152461818266457
Application_481277636,0.008426552950880345,0.7380084614983893,0.02735796240302031
Application_483074478,0.05913251885122495,0.20625413498103098,0.3288159233541084
Application_483126363,0.34318883801144684,0.5381630206516461,0.3515685224056455
Application_483931042,0.04311102865585162,0.1367714212000912,0.29074749430670105
Application_485368165,0.8845933126745783,0.34506892315194687,0.31819902996338245
Application_485567867,0.6831404304792875,0.15298588509471217,0.15527949471235813
Application_48606429,0.7559589959166623,0.11665387064730817,0.13040114908254324
Application_489972645,0.00853407989633832,0.7243199877212764,0.020820181793705934
Application_491192717,0.03395918224500202,0.31451151294579116,0.2646216236063672
Application_492258182,0.7057387310360888,0.376410488970063,0.240544921286861
Application_492292182,0.6188949449404635,0.24532690411301522,0.1778037827209063
Application_494960481,0.7319136998377466,0.39944337203164487,0.29779833907230385
Application_495428388,0.008054618315862128,0.7147178332839498,0.037127526051812465
Application_496111899,0.9281343424242674,0.23264048042603183,0.29655214437680866
Application_496532501,0.8363820484628071,0.10783979486263776,0.09458138044580487
Application_49717724,0.009135136241254723,0.7248790439800267,0.026147335402264497
Application_497474417,0.10468232231224528,0.12748869524718523,0.2201402600454044
Application_498556066,0.8253572082073359,0.4024300069915267,0.268624645965989
Application_5006458,0.07441383443635033,0.1031890122725663,0.30708328906621163
Application_505138130,0.7905877601474168,0.37594630560097625,0.23411166640967712
Application_507755204,0.8026598459054849,0.4585845541811235,0.30034068777910417
Application_508938604,0.01310321722490675,0.6995022344205328,0.028227536796061388
Application_509693034,0.015590232916243502,0.13833008399229285,0.18413920432417274
Application_510096383,0.8122834317329389,0.4601614983580028,0.27926730308177156
Application_511259546,0.5005593044150751,0.39155263918409855,0.2664568699809193
Application_51182407,0.012195142209080054,0.7292113883495099,0.02113659241076131
Application_512079496,0.853446055124259,0.4182642786884418,0.2816100561614262
Application_512884075,0.8299653780722542,0.3925456733679254,0.29035663278548957
Application_514052232,0.8015196393330472,0.3235723832552815,0.23757884325642348
Application_51430642,0.1598943982720094,0.14360308976862443,0.2391318166949088
Application_516500707,0.6014458367262844,0.3896876698083706,0.29392699635677905
Application_518047810,0.23084549430716497,0.5249671377468528,0.13103018468032224
Application_518595534,0.09028107439796103,0.1348529735239608,0.2390762967444272
Application_518624776,0.8413717030800284,0.3191672720099009,0.20606478878272655
Application_518752038,0.031921952801696046,0.26896841344626093,0.228307708513164
Application_5188726,0.8247182100593894,0.3830059300963679,0.2927829540491356
Application_519214643,0.6501454238265133,0.3828535167487326,0.28242742159563183
Application_519801050,0.03429259570398481,0.17556510415810958,0.16864177962020904
Application_520506247,0.00719890281652383,0.7310866995462938,0.01768599618854303
Application_521305631,0.02962380134672365,0.1709100735975562,0.1795373119962801
Application_522420767,0.7678543652147363,0.3743746612999641,0.25343417997318923
Application_525459142,0.40980634677527233,0.38470744205670737,0.32747907672296356
Application_526257863,0.8326411077629202,0.32569654386061536,0.21801671354573807
Application_527482957,0.01753176656814106,0.12982520034751677,0.2515421482081898
Application_528406867,0.02505290096412328,0.189397730984006,0.17883985638391423
Application_528558455,0.8518345554051114,0.09784124083910001,0.14090349119437712
Application_532956567,0.0970941675763646,0.12586985919746976,0.2694788616446691
Application_533079487,0.7941820555270895,0.3675838007498575,0.2641178092484824
Application_53352885,0.010167318347502232,0.7449343376813261,0.015424831634634885
Application_536009009,0.7994223545193092,0.13664823968786957,0.14521670543227266
Application_536051300,0.8911316719399602,0.18921403050676497,0.20693311170265763
Application_536638211,0.8983157867715105,0.11969593466520811,0.16187571864502734
Application_537005538,0.0549478011231623,0.1522244672622166,0.3333688766691687
Application_538311021,0.8699636261632989,0.11931194976616319,0.12949239457696954
Application_538869641,0.7827489735101869,0.32471901528608305,0.23304915368588638
Application_539120928,0.870415672243632,0.07021398608651919,0.11588451246235978
Application_539162249,0.6410486921049117,0.36283026590525386,0.2551676243533795
Application_540373333,0.8027780129582713,0.09522170377682218,0.10439335453273112
Application_541146763,0.9501990053056506,0.25617337451162553,0.2731266063033861
Application_541694777,0.07127225418170707,0.12298875585109983,0.24752402104975305
Application_542632548,0.7319136998377466,0.39944337203164487,0.29779833907230385
Application_542782205,0.21893960553863567,0.46977941160663816,0.30127047977270643
Application_543098684,0.03848954425418959,0.2853750236770877,0.2741416457193717
Application_543513898,0.13206781031945056,0.11034266956439662,0.24574071958520047
Application_545474396,0.012326032660148421,0.7193412330901441,0.02231658055990587
Application_547720957,0.006963175422931345,0.7402378269727701,0.02030738759851609
Application_547842527,0.8618615680385634,0.1299895938489227,0.17378012969207038
Application_548136507,0.12918076305211906,0.10746306181883197,0.19354189314459663
Application_548377578,0.7005422387741372,0.4434154474740814,0.25931599550446904
Application_54902350,0.8695344659184636,0.08231796418456269,0.09882654085828256
Application_549264279,0.531413712589276,0.43063631066553,0.2965679875841655
Application_549547786,0.4909372685497705,0.4214190474670927,0.2992859049333412
Application_549826152,0.7492207288005441,0.38407908594809237,0.24139976157123869
Application_554480592,0.07530671368068663,0.28932917732713037,0.19012409720405596
Application_558507947,0.006695430433902403,0.7431725875479932,0.015177123965943324
Application_559239075,0.7625338560521984,0.332432094231649,0.28457778897748104
Application_559246751,0.018703328268906173,0.14698488647690894,0.18020416824979602
Application_559380460,0.909995754560301,0.169123482274991,0.1824492250155533
Application_560070722,0.03676479379356826,0.1890867639726794,0.23399301549287452
Application_56106793,0.03906949873296213,0.15665710868551613,0.22891871897643296
Application_561835971,0.0426050414116279,0.19500088376900016,0.2815871095479677
Application_563590726,0.4251926451093296,0.38470744205670737,0.32747907672296356
Application_563891423,0.5165006871084779,0.38653478956271,0.3014061605899127
Application_564834372,0.0703682490825122,0.1615483605068339,0.31124095628947646
Application_565667109,0.024854540907100816,0.14831430416159808,0.18014246294143316
Application_565689430,0.33168093750315286,0.4021426807837398,0.28320766540873266
Application_565743734,0.7072707741867914,0.40434058614231616,0.3115027117133491
Application_566347979,0.24581064158134092,0.14941045819954005,0.10063141132901794
Application_566670119,0.054827564635829905,0.16622511162596423,0.2810902727857548
Application_56691092,0.06652736510199182,0.20297221136587573,0.2802467901429821
Application_568127104,0.0438752753592766,0.1638104337025271,0.3057106835850286
Application_570165308,0.8721854076139537,0.13097716274580257,0.17390057385530253
Application_574500271,0.7713225506542004,0.21596569126496667,0.23606368386166732
Application_575764720,0.7620632164280641,0.3486880293160754,0.25002700038650294
Application_576386053,0.889682458104939,0.2246050220006669,0.25624528695364013
Application_577888910,0.027241926344975544,0.3142580130411991,0.20743535304415237
Application_578344284,0.03809596759055822,0.20000725775774045,0.19033244223261955
Application_579153284,0.04203726282273224,0.14468830096398527,0.2999550153252814
Application_579275809,0.75746174428598,0.3537501865272211,0.34952920372894686
Application_579349612,0.03784678530045796,0.27515248165905487,0.18001319838144778
Application_583747115,0.7111980115750713,0.41828000199558035,0.30932485675043925
Application_58375214,0.8465100898677709,0.6003724532242289,0.3889288473506813
Application_584583269,0.6787757489746549,0.36266495327921344,0.24985530578556037
Application_584717195,0.03694373827269084,0.2615758667698217,0.18677554911903152
Application_585298607,0.40274070229099523,0.36390455565772306,0.2570199939140649
Application_586839753,0.7748253948940351,0.06586422341677756,0.1143232670629708
Application_586877291,0.8228132337196923,0.41750791940428256,0.2887563704264669
Application_586969154,0.48287957301953444,0.2590630498669541,0.12703186755410806
Application_587119833,0.0805316944560108,0.19538016986970488,0.25864713809442047
Application_588758280,0.0514039848933742,0.24984391806122352,0.19079651596866595
Application_589041415,0.06059063291843516,0.27477984362986485,0.2552065426259387
Application_589186855,0.794511361411421,0.40774518510860036,0.2356890239238681
Application_589719704,0.05846421962005762,0.1887306655601231,0.31338777920705213
Application_590010761,0.035559701931081385,0.09896431254554675,0.10032039154322976
Application_590215732,0.9155533817626086,0.15555753090455643,0.21927568677798018
Application_5904996,0.06181156531252527,0.2170898806354431,0.19680911522112493
Application_591439695,0.9207984413756192,0.171929404183228,0.20231884985035575
Application_591454326,0.03618745364466652,0.2232432113908619,0.1835996492422092
Application_592481165,0.025180243080576144,0.17772618812355812,0.16386747792549408
Application_592605828,0.29492097936075873,0.5221200859774495,0.378730164035108
Application_592613102,0.801585550553335,0.10874237975759832,0.1363339467731873
Application_594581112,0.013399035630000023,0.7467761252121232,0.01951020157644395
Application_596049851,0.011152432650663539,0.7382589758839806,0.015055541123321895
Application_596574084,0.042548234624810166,0.10536608006710874,0.24283100678123748
Application_597065437,0.6416853489934767,0.483111823692161,0.297713778310608
Application_597372127,0.8626380006899458,0.37373850232523886,0.28504120337848393
Application_597486380,0.6590396929516422,0.3884652147208402,0.3089954279687216
Application_597721884,0.7469688732555382,0.3413261801882456,0.21051040256895417
Application_598141849,0.04197619334056084,0.09563419450645724,0.2961563115750652
Application_59876773,0.07642933214598377,0.19451859380064507,0.32845553052092546
Application_601584106,0.044889526196730825,0.07401812345729536,0.09819085832905364
Application_604537136,0.8267562207202276,0.4335047348615472,0.29925979319321605
Application_604648984,0.07843941522965428,0.09423572711773268,0.09961094168979646
Application_604870238,0.7564797005933397,0.385018771246108,0.27601966831463104
Application_606749031,0.04107081296876081,0.24849095684944864,0.19724840960468562
Application_608775916,0.7162648078101104,0.3775142515520754,0.2948208017149567
Application_608845327,0.8385634835510586,0.30592025287415286,0.21790295461843945
Application_609139308,0.8522553746860865,0.3315260147706936,0.2748636390756554
Application_609719509,0.07457879769948088,0.21489476702397592,0.25562989473853437
Application_610454003,0.6685285714321241,0.36177740888768883,0.25396136153490706
Application_614334599,0.7872880497609166,0.3148213864971447,0.24141559705034468
Application_614810920,0.03580148243381845,0.2854359895204397,0.19984581920843206
Application_616416650,0.0421976939084105,0.17432712362283448,0.24120609459731726
Application_616910723,0.02516073059905455,0.15369818539399704,0.2929697411374645
Application_617035933,0.6569459592198285,0.17073122893229603,0.16077970960653007
Application_617376389,0.7295922740505362,0.35137189865561586,0.236366130593792
Application_617431825,0.05809780925905744,0.1473470289451146,0.2812794429525164
Application_617539010,0.10494929826707802,0.06972809620215908,0.13425142401269857
Application_620336293,0.8396127678835683,0.18100567858127423,0.2032222471203012
Application_622068312,0.23303649226881867,0.5296292346189484,0.14719070493426006
Application_622214446,0.06270559769634032,0.19816614995113263,0.2759311903401768
Application_622417263,0.05612671521643087,0.17998883184569875,0.24451034739132432
Application_622543878,0.034922908152482175,0.6886776953323097,0.04677539129105736
Application_625101684,0.8257590648147363,0.3711786739664207,0.2755288353937123
Application_625857025,0.7744600289322204,0.33965292403261105,0.3223877721509393
Application_626884278,0.4696968413976101,0.4780887451479241,0.2894158629679163
Application_629693731,0.008747491079800333,0.6700250004738726,0.039182443779173355
Application_631716992,0.0153969979417379,0.7185239417000703,0.03198983689296051
Application_631740354,0.5676248096477592,0.4060120412282112,0.2749165706303943
Application_631788418,0.551591060586732,0.5058800117060838,0.30271164611930906
Application_632866158,0.01555591602404928,0.20260839924002894,0.16078344874077735
Application_632913675,0.04710254437057697,0.2091652342995876,0.26405105447572996
Application_633371797,0.707194112203061,0.3660332692025585,0.22654909343158305
Application_633655173,0.47799693107545715,0.3566798080588805,0.2303149535515874
Application_634353469,0.8327502421681795,0.18166131921163253,0.21334519984472308
Application_634898760,0.04667486028345884,0.13087845554588448,0.23748044980264005
Application_635576510,0.42752142725839837,0.30441078423020357,0.20496493674266542
Application_637222323,0.899096019833095,0.37729971135489104,0.2985777528887662
Application_637297513,0.03679739568447659,0.21697846148543987,0.1762920262866585
Application_637712751,0.4262132391693401,0.3708763078738479,0.294517128118774
Application_637748400,0.02683771925208813,0.21408099946417702,0.18822240938137283
Application_638041030,0.3797248842811353,0.48914368737590713,0.16868348061075064
Application_639747826,0.3835784724421663,0.3364076590140345,0.26222317496598674
Application_63986078,0.03075617116140683,0.13296707104967673,0.1907172116037418
Application_640176586,0.35560399181572094,0.4956053298925288,0.1745436007504151
Application_641457453,0.8765653389125243,0.36075470082041117,0.3127595131296035
Application_642553020,0.8854559341891327,0.20646024165951557,0.2366894861994956
Application_642608905,0.7319685461511568,0.3287068851166097,0.22555056857929798
Application_643047755,0.023108973267880587,0.11868394457293555,0.15941372625828798
Application_644340095,0.040573068456230564,0.19914595951625275,0.18904648975753693
Application_644684670,0.9080798249310295,0.10540892237801061,0.1833745099310552
Application_645328035,0.11160101646586301,0.2122823800679816,0.21541502315437905
Application_646977549,0.6974090426748112,0.424368134680224,0.3221323727884092
Application_653567105,0.45788687928356625,0.457860754678279,0.28335081093790265
Application_656903784,0.7086172158486169,0.27055544781565055,0.2710390932335926
Application_659941685,0.4442253300582383,0.3442340514019791,0.257194179603221
Application_661370338,0.8376583605167898,0.4133039458696182,0.2922922554954043
Application_661982228,0.06078535935193267,0.2366842888064522,0.18471223171345091
Application_663134091,0.031611801993702046,0.10938615581459635,0.1132893167518192
Application_664337168,0.22617030119702397,0.3943560537393191,0.17217206774004498
Application_66451278,0.03439062389622533,0.10855925451366158,0.23329714900990173
Application_665637236,0.7583616185322725,0.4160461594232235,0.2873682779581592
Application_666250035,0.06298186436988508,0.2429694145955456,0.1461012819934926
Application_668072382,0.03948234041335805,0.1613102592371217,0.22692192127601762
Application_668326847,0.011400727427475684,0.7277294997557355,0.019544748087438096
Application_670470325,0.7782770226499635,0.3858864929536777,0.31907496367507576
Application_671264692,0.01598004396501968,0.22029749778994662,0.19096308957893215
Application_671639584,0.8247670467930377,0.3004930878453154,0.2906527316403931
Application_671953999,0.052416459317223,0.19669193114404715,0.2866356570926605
Application_673160372,0.5077338922600682,0.3954034248400745,0.30404863909195323
Application_673399253,0.657842917442947,0.15420036439242243,0.21389824193179813
Application_676717540,0.6432926554798669,0.4070992848568037,0.2762145901846437
Application_676903448,0.8285808179990611,0.3754212445695558,0.23293630057006842
Application_677442195,0.05687248293479727,0.17228652219344787,0.24273403094151694
Application_679465044,0.9046171115714015,0.1169716480490374,0.12385333591406238
Application_680044383,0.027508833151086494,0.26513440540128397,0.2655873500293642
Application_680448181,0.061146248137520974,0.19837035646682413,0.15453838663134203
Application_681649352,0.036601788603523304,0.7041046674269895,0.036286110908499945
Application_681711857,0.7731642246185296,0.3856763317349389,0.28861279621222413
Application_681746663,0.6673098047985266,0.31207518287739766,0.261478299659657
Application_684221857,0.041679955116592296,0.2582734514029094,0.19834561547111057
Application_684289625,0.7025696401370833,0.3907803994188153,0.2604154155101591
Application_685130299,0.037717557268012604,0.20334041646882012,0.1726995632742288
Application_685452919,0.03866519507696408,0.21687798744951825,0.2850337192937397
Application_686829487,0.8579822622256371,0.17584346464161765,0.1890246579764112
Application_690024942,0.08331598257117477,0.18546050633483424,0.16782471935602883
Application_693050930,0.01830013117787694,0.023372076630942984,0.10498526330897512
Application_69370459,0.014508913451310543,0.7145700787637295,0.03896242154711655
Application_693955071,0.8455338791329201,0.18910081395730038,0.20598614529202913
Application_695381096,0.758883261211248,0.2985085447164152,0.23227458435363416
Application_695960596,0.07859391651314197,0.1817516851753574,0.32663605269808005
Application_697031349,0.15327332809090854,0.0952033579778388,0.24126141118385225
Application_697297022,0.7269335946951936,0.3711572378701112,0.32630805022470616
Application_697324457,0.00934198307889884,0.7116414367910681,0.02053078485466369
Application_69735407,0.012758600460306382,0.7422768942421569,0.013567059119727828
Application_699052493,0.15856423495976843,0.15565424795832822,0.2460469724215967
Application_704597830,0.017490982203757093,0.7096854493950356,0.024509072597976765
Application_70563300,0.03407418882734549,0.18546880924334128,0.2769065323029948
Application_70606235,0.04385807987321706,0.10410597975578784,0.24984266027180455
Application_706198046,0.011943732420818759,0.7427635317991201,0.017388795381529286
Application_706504723,0.043994598428120334,0.15677546372936624,0.2763238418892013
Application_706607240,0.040616447677771984,0.1581239613015197,0.33206332666505867
Application_707770540,0.07418424243150323,0.05984393826044354,0.08834949741860391
Application_710720262,0.04199567371348385,0.1582023720610348,0.2783838700399196
Application_711124829,0.00778201324177612,0.7470314118422823,0.014819307693975747
Application_713675823,0.028522814225289527,0.042955469956551084,0.08837204907890299
Application_714768274,0.7163501245316114,0.36361076300706596,0.2565304443113576
Application_717400110,0.050309450616836886,0.17992867115872516,0.24978893657274537
Application_717693758,0.06659566987819014,0.18701586925774885,0.26000281235481837
Application_718602557,0.004009406015887709,0.7335018749826223,0.013686999517443428
Application_721895690,0.00986757317790648,0.7298456687083774,0.014698436444750797
Application_722212350,0.03582864559988309,0.31285428857726744,0.23022304901181467
Application_724415088,0.006527768191310158,0.7440216928000178,0.015289552067393766
Application_724859129,0.6904134771537144,0.491347410444279,0.30954463501708235
Application_725542335,0.09390554904965184,0.6293884961155873,0.04735547960894962
Application_727229570,0.6087116266047669,0.39193000534204786,0.36140715377250243
Application_72874899,0.04151149372505421,0.06552663553334809,0.09766851256058977
Application_728981441,0.8610542446890962,0.3652852267985638,0.24066196280184168
Application_734009956,0.19100136683530247,0.16127921320133665,0.3196526035145388
Application_734030906,0.0077399559285055925,0.7374067422532344,0.015823694473318477
Application_735837174,0.04940654918971124,0.24760693143423457,0.2659780526103213
Application_737324367,0.05177713525284238,0.25696713328088194,0.19976388484896104
Application_738077974,0.6756411464387208,0.3964461423071759,0.23140230702389514
Application_738276182,0.030317401829518538,0.28864033313198545,0.18043262627846834
Application_738335164,0.6660624390242713,0.38926519337462046,0.28262336699907703
Application_739325744,0.8565789943989118,0.28076335017717957,0.3716692251295948
Application_739670840,0.8571992325816019,0.17472420531814442,0.16240934331652543
Application_739726794,0.09585683167772302,0.21798452670751078,0.18033944098411658
Application_741297598,0.7550132927143491,0.3840861801605373,0.2569910181970885
Application_742173495,0.014602564506790169,0.1999091452048525,0.18564119029671466
Application_743200153,0.008318902158437403,0.7457350450265103,0.01677088016901052
Application_743474553,0.6718448488160268,0.39713855095193096,0.2891607030758745
Application_743594726,0.34943022341077956,0.37242391952169485,0.23787991490658947
Application_745883138,0.6877443674930269,0.4185173797538706,0.305609175503274
Application_746403636,0.8775362775150876,0.34659215979759445,0.22120729906876774
Application_747812656,0.02990527362567409,0.19540170915199193,0.1553098155276002
Application_74864529,0.0672569708440724,0.07941598713678438,0.13131772171312567
Application_749027963,0.01222506796602623,0.18794461388234698,0.19010278732593397
Application_749860099,0.05863848914623678,0.27652934747592467,0.22176186751127364
Application_749923491,0.0482746973909237,0.2672515150018094,0.1938916849971668
Application_752373732,0.0075043446911896485,0.7116253874843501,0.015901307547738316
Application_752995473,0.12086903019883961,0.18213991332082397,0.10512018484632674
Application_753117730,0.022816490675049952,0.1395321254841121,0.20436202849107846
Application_755180147,0.28411731134069734,0.36786390757335446,0.18426995886164058
Application_755318436,0.830707672385475,0.3811409845863535,0.2874064270303363
Application_757113787,0.7692433338712494,0.3081202758170776,0.2703345498118726
Application_757682522,0.07181991151597145,0.2150473863260393,0.2987607950897381
Application_75877971,0.008750978963659397,0.7180196787488415,0.035171606915033946
Application_760288041,0.8950338196934147,0.14866795761542267,0.17413202079358123
Application_760306173,0.932775801630578,0.18343986883630464,0.24917574361285644
Application_76083190,0.8730742669242779,0.19836285927428976,0.16314976241840076
Application_760841149,0.07747186623447153,0.2344227844585977,0.18326798557971266
Application_761083149,0.09049433622349924,0.11047694825876436,0.324904448221741
Application_761503872,0.03540154822468791,0.15852029573460666,0.19682637130106653
Application_762323305,0.13121657827401118,0.1738455102633835,0.2738945209225385
Application_763847627,0.23574665070389358,0.5663999589619041,0.13913312230088706
Application_763928658,0.006734539699878013,0.7479265604655463,0.0161790192910204
Application_764226645,0.18890052899345747,0.1498142540076698,0.24862309655483952
Application_765506387,0.7586957286649089,0.4112412970954655,0.28990833660006465
Application_765925420,0.80872044215632,0.39793758293139936,0.29681382708386256
Application_767764149,0.03464484493361965,0.6960455035346507,0.0367947115173946
Application_768687683,0.6298587450458941,0.40747270901783217,0.24319705509318992
Application_768742802,0.01738505869161744,0.15443244743401066,0.16776839272836283
Application_770018911,0.6781631324302914,0.3839036882047806,0.3417165921589558
Application_771960759,0.7979405422694485,0.40223625332293356,0.2898577890121943
Application_772130537,0.020921427731902507,0.1697498460741437,0.2808616952136574
Application_773698744,0.7423792892080165,0.3559659995903912,0.24724446603270844
Application_775396942,0.008526866184249183,0.748238759387825,0.014048825350607185
Application_775422920,0.03895254776587301,0.22130155197064993,0.25439887770478076
Application_776250710,0.03675456759049224,0.17810251204208663,0.18892998258648186
Application_776477117,0.04508359866289592,0.07423015996882598,0.0940988289191341
Application_777232558,0.6144678840747944,0.42838695098917223,0.3257267666300648
Application_778555928,0.03426679209580495,0.14247361788307145,0.2663964542410526
Application_78032372,0.015943071216054042,0.6867429665466654,0.17006903886450342
Application_780791841,0.6001129903295308,0.13940585058601704,0.14952797914146468
Application_78080859,0.7319136998377466,0.39944337203164487,0.29779833907230385
Application_781442980,0.8327219180625324,0.27343953278046296,0.24996853122365634
Application_781529602,0.025366235917751414,0.6786618325298146,0.15577866811776522
Application_782253363,0.06245722645867801,0.25264058510612214,0.3248056993925032
Application_782627639,0.4262132391693401,0.39058502032919395,0.30159797207274697
Application_784244379,0.3144496117449533,0.4540258024932745,0.31495360852070536
Application_786731748,0.06654227809318455,0.08571959427345593,0.14462491969636088
Application_788699480,0.08117987493339816,0.22340583422330046,0.19872352162467793
Application_788925867,0.018628887617569888,0.19292871430103747,0.1585473759221446
Application_789108617,0.7798984596990728,0.4449234846729878,0.2801062046873851
Application_789334077,0.050585137003391845,0.09228878062169768,0.11422794049626331
Application_791089089,0.5347033953931575,0.4065211796060447,0.27572459216819245
Application_793038001,0.736864103479083,0.2829403041050031,0.2637481032409891
Application_793873060,0.03408047245802425,0.07335449151716311,0.093157650748045
Application_793997351,0.05574747394890604,0.13440355551429342,0.3009188127685427
Application_794504760,0.27015867416126516,0.5112588590838493,0.13825988549503124
Application_795733035,0.07392887235270981,0.13498001841749396,0.2794808984487516
Application_795804396,0.06995510380739209,0.21803349448854542,0.1752481731135198
Application_79681847,0.401776677040651,0.36643289770912163,0.22499545178956817
Application_797190984,0.04099448598287869,0.16661300653265665,0.2156214281312096
Application_797995929,0.062130123384392014,0.25753882680681867,0.19585686162438812
Application_798496213,0.7904492297927485,0.378054326577847,0.30319403232798725
Application_798879962,0.7867766035183745,0.3590748712149779,0.23316986836456832
Application_802752710,0.0659050682974395,0.2243590932150053,0.2084319827327031
Application_80286962,0.17925096763940818,0.16996987040891404,0.2605459039118232
Application_80298426,0.8400982343390478,0.19800528938949252,0.2238987904574404
Application_804273159,0.008288454336341169,0.7363316548922787,0.015184170531761187
Application_804644820,0.12616939697706095,0.10645207267769155,0.15615397658529093
Application_805828914,0.0069192508168637494,0.6773470115461933,0.024786076621869334
Application_808224273,0.7877196214583503,0.43590711843840024,0.3004967867805122
Application_80850284,0.09377986866385038,0.13513445791948528,0.3225009871055081
Application_810658733,0.5776153351518316,0.4379650266246385,0.3246441222511139
Application_810901066,0.059363723590922964,0.2094065766612883,0.26008311337553974
Application_811679621,0.028231160376864923,0.16522152381568822,0.17701188809326285
Application_811825935,0.7197624997490866,0.13948023677845567,0.09714425120417464
Application_81196974,0.8225873864925328,0.40524852513673015,0.29175098900873986
Application_812842800,0.8317993599286208,0.1592299055321342,0.22340653863628385
Application_815196626,0.04983101790249105,0.07643627395324532,0.09022708381624671
Application_815439845,0.019453127475552764,0.10830960346857285,0.12059026852027331
Application_817528841,0.8209200045972732,0.16313617579923964,0.1917634890447463
Application_818535320,0.023954479992370645,0.13700721350813913,0.2833543686653905
Application_820509737,0.04032630693265536,0.10745804012615548,0.2652138585245768
Application_821026605,0.051658186700200934,0.08741998373608975,0.10004646582261698
Application_82106546,0.8185776206559217,0.4175464336443798,0.29346297997301796
Application_821402088,0.05683864022839541,0.15061559052390316,0.3340125079137958
Application_822332970,0.8356724448220295,0.40394233952233916,0.29925822286172515
Application_823313933,0.02197936590345431,0.10596500320241242,0.1738385875162537
Application_823561619,0.06844807151208036,0.19538016986970488,0.25864713809442047
Application_823830081,0.007706584229968856,0.7203339895923093,0.019514437302304906
Application_824575725,0.022523035512148026,0.27119907361080814,0.19039879479168587
Application_825284974,0.7864671062259203,0.3768647801644677,0.22885598591407091
Application_8255496,0.010192658111496637,0.7430374646600992,0.015117980679289288
Application_828330778,0.04339930381348736,0.01329652563108602,0.11679957791583159
Application_828739470,0.07072823368431953,0.258869070658799,0.279945086773464
Application_830101215,0.7658356243678792,0.30034848986708795,0.22381396869967338
Application_831992514,0.13237455735086684,0.31182593320752133,0.2663273970814078
Application_832770467,0.8843783428553497,0.21655704636854017,0.29420550613968766
Application_833399908,0.5336580837273937,0.29466230377462693,0.20991169961642447
Application_835024653,0.5806001158684055,0.3826488513977269,0.25417581114405274
Application_835755263,0.0086068983500088,0.7316333371416346,0.018212816513131374
Application_836841943,0.8730001535740288,0.4023241707612174,0.25456882789610524
Application_836856058,0.008725560363707413,0.7202049888085611,0.023739001895074458
Application_838884307,0.047074717644506804,0.00259817776610205,0.040917924123884
Application_839952915,0.8757922757597466,0.08379693549166708,0.14640864327656247
Application_8404955,0.9541686424765508,0.04135157639958681,0.09164862515116329
Application_841240578,0.05469284837756806,0.29824932978816526,0.25328743127492376
Application_84195997,0.042910156954586026,0.19086009516645258,0.25051020037437693
Application_842022801,0.08507827639158476,0.20196292087643586,0.2538544282933245
Application_844514474,0.09721106299969941,0.09453237916714866,0.1927219365688619
Application_844831749,0.03390010090354827,0.1448790262608279,0.2951786648529329
Application_84533120,0.8144008356987432,0.41422789335000554,0.2962674060058877
Application_846209494,0.0939692721463934,0.08386286862000311,0.09677778043779896
Application_8497910,0.21256929308720593,0.10257122036846383,0.25945258234373236
Application_851895556,0.41343355217750083,0.2462168078004533,0.2685990396372759
Application_852183469,0.05878830938706793,0.15061559052390316,0.3340125079137958
Application_852716835,0.36664585651111986,0.4664877545051915,0.2959610984074811
Application_854280555,0.852675395334678,0.3039675854394018,0.2919144650943724
Application_85502316,0.03215323128368241,0.30547720452480137,0.19446581831006932
Application_855239950,0.80185284251297,0.40906717725438874,0.27833936766575706
Application_855901489,0.034060962040832685,0.2553203857806705,0.2950136620824614
Application_856935152,0.25121857591405716,0.28063987492801507,0.2604174207415801
Application_858239432,0.4671894506028325,0.3719971057714854,0.3083416517619379
Application_858754330,0.04670749339277366,0.1543966551768547,0.29667926272336365
Application_858789639,0.08003232500252143,0.2454862144852712,0.3394770584308992
Application_858881040,0.051374626516972804,0.18874968330201447,0.1955892354131634
Application_859428294,0.799084143236984,0.3772312844286178,0.27929817513303834
Application_861069239,0.02615393743827885,0.1154083956796719,0.1880826121717882
Application_864148389,0.00713935608333863,0.7296456163369266,0.018147228528273267
Application_866486447,0.09021609316832098,0.10701078224078522,0.1336629876322861
Application_866670658,0.03442328859971434,0.12310640262949832,0.3228865962241995
Application_867400149,0.5401862142632672,0.4308548201856104,0.3193670131510531
Application_867435788,0.09793908788708301,0.20819736324536955,0.2113018175459841
Application_86905976,0.007939230801582195,0.11619900151353788,0.32434176324899966
Application_869335382,0.9314277616274937,0.18937674469068014,0.23627000891884964
Application_872415486,0.8865096095627777,0.43053804618588165,0.3018935097957784
Application_874039168,0.29101884931972855,0.6097930743898983,0.175011846722498
Application_875614911,0.07784607932253211,0.23992925634810713,0.2787706163168291
Application_876077850,0.05537151630252132,0.13997609364059796,0.22736599235391336
Application_87659628,0.011326176679829988,0.7382929350714467,0.022260703802305173
Application_876712087,0.20317162376597384,0.37088502718406463,0.2522405449548854
Application_877522071,0.9314422531572076,0.13562640980755628,0.14413318125112257
Application_877772414,0.7795200580922452,0.3104314854572648,0.2870697849374862
Application_879553786,0.716118000554916,0.49481792353663534,0.36839795933788877
Application_884271564,0.8869102220860794,0.23320678454365767,0.2545305747900117
Application_884403770,0.644098551501688,0.36390455565772306,0.2570199939140649
Application_885012170,0.08543630179345862,0.18043990106341298,0.25721329878719396
Application_885372391,0.6155249538061295,0.38118438140139826,0.28622139194000035
Application_88952849,0.027996032879323146,0.707172316705352,0.02516326889040355
Application_890075702,0.7988781847668452,0.16010741114277538,0.16794223882980566
Application_89083515,0.04858708821720333,0.1966966889825217,0.31407689832169167
Application_890963278,0.07093053555996938,0.17560465925234434,0.23934017890881754
Application_892427793,0.7831107010073726,0.36098024665559875,0.20781006586391004
Application_894204901,0.8762800083630146,0.17578686478791372,0.16666428104492353
Application_894382241,0.030415814256620665,0.08067760045932079,0.09962728214036143
Application_897350750,0.06475717571440898,0.1443732601842832,0.2884536989655012
Application_900844990,0.04006588429290578,0.13394896557889685,0.2847408182466853
Application_903799216,0.012823343040072236,0.7505590649433489,0.018462322680424262
Application_904093739,0.007694500046501678,0.7422685093199812,0.016144661250613226
Application_905082437,0.03655554319332835,0.11517793718643127,0.25660402508836944
Application_905858527,0.047976530678900224,0.25686751346984094,0.22572832091414094
Application_90621717,0.02544793061034939,0.5236630855339879,0.19948264016465236
Application_906296960,0.7144165829423552,0.539609765209354,0.33654559857296484
Application_907136885,0.4100343305318054,0.39367292639166696,0.2720940734608242
Application_907309048,0.152079580702974,0.15746041563535074,0.25116922822879095
Application_907359229,0.008149526160408859,0.7313760509890544,0.017351737084657707
Application_908012089,0.8318167627534935,0.4424535142225195,0.30090725719617867
Application_910003252,0.0564412770099625,0.14336610780093972,0.28925203932940613
Application_910353899,0.06677231104940727,0.12418221427575996,0.33380241926608184
Application_913122133,0.010949169127321126,0.7234150438095617,0.0208548178823253
Application_914673270,0.06798722262788759,0.18289028860339077,0.3125939138483065
Application_917308364,0.013905523318896613,0.6695901534271803,0.17724524429149136
Application_918572133,0.7409744175463604,0.3753026679928363,0.28004545141519416
Application_918963277,0.018311000518396563,0.5961730345958991,0.16422792156209537
Application_918979468,0.6679690065945416,0.31491021846013023,0.24701324472703423
Application_919959748,0.820738598379414,0.10250374325637177,0.13542154843387436
Application_92009906,0.008392417225913615,0.7285567417862184,0.021463710138110787
Application_92081663,0.06997380984239025,0.031093262209979267,0.08165411531865686
Application_920967125,0.07078998671766197,0.1578199016433151,0.12827631830131375
Application_922011706,0.026117917225081944,0.7273951330964972,0.04128814847515737
Application_923730558,0.033098256919419464,0.20973074266581232,0.1555614186035613
Application_926052296,0.012512665163798042,0.7406978193531457,0.016885870592080177
Application_926094669,0.05621058646268786,0.070447153886876,0.1150303022991559
Application_92624898,0.844728313650841,0.2799575249258993,0.2294871407035102
Application_929015547,0.00845080655636656,0.751055977102764,0.017041671323527227
Application_92984842,0.03466054196553812,0.26457092158180034,0.19394625408481397
Application_929931999,0.010197786973046926,0.746263871344649,0.016073196502759332
Application_932158358,0.8809862305461895,0.1501813036392995,0.23487333643598263
Application_933464832,0.07032008364554192,0.24440702215521823,0.27981050915798966
Application_933548333,0.8274425986933251,0.4325841736283791,0.30374916034352684
Application_936141381,0.07236119115265464,0.1347976445899352,0.27549319731563543
Application_936279128,0.514355855663531,0.3152247888259952,0.2256505555500343
Application_938318297,0.878902860116997,0.12666084435276717,0.21648190943026702
Application_940496739,0.09453437263099133,0.1356429705671704,0.2631718022708718
Application_940705047,0.727325192976316,0.4186555897461094,0.29194131941556506
Application_94127270,0.05725142372524983,0.1963595082168005,0.2638057498338149
Application_942057035,0.8050586975925816,0.36109310075021744,0.24753703531834012
Application_94215,0.03370132932871429,0.5845316825533745,0.18510226123675466
Application_943827704,0.005951196157492876,0.7158923972785367,0.015676668791497678
Application_943868855,0.08021799016324253,0.01638567158816928,0.08170916216292567
Application_944654361,0.8247609018907711,0.38539768660060747,0.2868651473918807
Application_945696184,0.7122356537416299,0.36120133564171303,0.22751905712545387
Application_946739824,0.0385834901213829,0.17326016189865628,0.2934970051129267
Application_946802204,0.05807068541018088,0.1633012953246936,0.30481478665131945
Application_946845929,0.823972731739971,0.34220753811688276,0.23054839213194492
Application_946851059,0.7403523368802334,0.3772927825805551,0.2710846867704535
Application_948141705,0.9117097099040328,0.16088649032864488,0.20190110700694996
Application_949156991,0.023981244088534123,0.04910523686005269,0.056668093217997165
Application_951361217,0.017933816745944086,0.7366249511650201,0.014405602503175022
Application_951427056,0.7023144301841924,0.36625317063862517,0.29382836884901176
Application_952114406,0.05227291182812663,0.2263264431816338,0.3055201534160302
Application_95311556,0.05007728652238684,0.15757834913471278,0.17561942946530568
Application_953179282,0.014517925707502852,0.6763097438111463,0.032118042933186305
Application_95477936,0.0652013596356387,0.09341777536125487,0.1008141860220226
Application_955811445,0.5840287037198452,0.1724440630190852,0.11182419410603488
Application_956764835,0.8687356211717973,0.14059558685314955,0.21214508445015645
Application_957614949,0.04656761364315175,0.08583863539929645,0.10032247015420573
Application_957947349,0.013731990088995994,0.7230881569728197,0.03659249156480497
Application_957957984,0.8238219298131387,0.417299597717292,0.29614460055658265
Application_958218647,0.03727787781544415,0.21760561251562183,0.17940823816954357
Application_962920598,0.07507543728428277,0.17187869447445334,0.25784663219059517
Application_963564266,0.8027594809254956,0.3566826611871913,0.23728432483759013
Application_964208437,0.04656749326205529,0.03408652939745577,0.08833533856543188
Application_964309178,0.7599883006722811,0.4265514906149137,0.25409189683479955
Application_9650923,0.8483277370839976,0.3652852267985638,0.24066196280184168
Application_965842748,0.011884971224574098,0.7600493782349588,0.023504438885488182
Application_966891264,0.011392711121689686,0.7324497775297987,0.014978701469319242
Application_96732613,0.07112752172037934,0.31615540659334346,0.264972660055382
Application_970357595,0.8096317615804605,0.38940211213166065,0.24112119915304775
Application_971594478,0.00904531999761603,0.7326207180061894,0.019983922516578784
Application_972388617,0.47570980078378206,0.3535876927902313,0.3053419083242771
Application_972407424,0.03552996005071325,0.09010981638885507,0.10410837255714941
Application_972486124,0.11294001338714021,0.09560085384664754,0.24753523589633625
Application_973075457,0.06478682807382874,0.20254209001658807,0.311608831065616
Application_973398039,0.8323678316889345,0.32569654386061536,0.21801671354573807
Application_974380976,0.6501454238265133,0.36314480429338647,0.27579665917074636
Application_974485148,0.0264845905502791,0.18377902102831328,0.1765172514645346
Application_97480244,0.03346359412063294,0.1329686761435391,0.1809167318662282
Application_976227600,0.01685931570809424,0.1724212624951498,0.18323709354012835
Application_976453500,0.013356749425311834,0.6953015740890378,0.029814432357334945
Application_977273044,0.012261728321284032,0.7397561508086403,0.01758690819594438
Application_978274104,0.13274298398712409,0.20907373684329233,0.18038740521224916
Application_978279321,0.672333429930212,0.11530037853099562,0.20991137647708022
Application_978787861,0.013952266267720134,0.7721923243945508,0.021138087238674403
Application_981954059,0.07284318641676876,0.12458592356457024,0.2514764656392816
Application_983083464,0.8338062245175762,0.08807744526627001,0.11472053368959449
Application_983620351,0.8152057119881416,0.40846726439781245,0.26820328972049134
Application_989692273,0.1406120267319048,0.14146017211416478,0.3079817320083999
Application_99096400,0.8233003635827947,0.3893940294927702,0.328753151468943
Application_991116281,0.0371675240469811,0.22320330636407376,0.23156707004244864
Application_993130220,0.021748228155592058,0.05769781784149669,0.27812153652472665
Application_993701683,0.00629250722932546,0.7164613707172489,0.035213728235250645
Application_994101872,0.7575372487245193,0.27632641130944297,0.22990868777462567
Application_995124359,0.03587586776901227,0.24817728320504368,0.2741066356595162
Application_995537269,0.3573107222306089,0.40171805853577824,0.33051274360433536
Application_99697167,0.024810040511695483,0.2430941932737294,0.1687631423677262
Application_997205131,0.7642045098969376,0.36753682212626415,0.31443009008395184
Application_997240244,0.026498963536592198,0.27407026151899666,0.168858310253187
Application_997592088,0.026582473421812074,0.2103883321550707,0.21007249952493107
Application_998522150,0.1573858968880643,0.05742847173048343,0.26907283369885354
Application_998666405,0.20817969359594485,0.6061574054552643,0.1568190739296311
Application_998908852,0.02421787134629986,0.7050748305603948,0.02511466882388839
