case:concept:name,pred_outcome,pred_sigmoid_mm_time,pred_uncertainty
Application_1003444518,0.5671765358562384,0.200500589827069,0.1704172916154562
Application_1004385970,0.5043742095487657,0.3973493512967619,0.2869068692257397
Application_1006138809,0.1060447520918299,0.10307603629312452,0.12349744857513632
Application_1008663678,0.09446605003962391,0.0325004596800693,0.08216345483798695
Application_1012600292,0.5758539218036002,0.4145516109643935,0.2840622279451574
Application_101285063,0.4574140077985969,0.403301406984278,0.2570817391593186
Application_1013192848,0.07320493574897947,0.11874010655455194,0.12298078576452065
Application_1016792765,0.6497810574044218,0.40219540353282424,0.28682340341519014
Application_1018266027,0.5276332035387205,0.319361141381176,0.21426029862880727
Application_1018276550,0.6475791248102396,0.3801617389206454,0.24470523669914018
Application_101973919,0.3629195204912209,0.533601688704978,0.3439968492066127
Application_1020696982,0.5413028449821359,0.37934790469027224,0.2702647389036107
Application_1020792873,0.5120200101399581,0.4194174622609278,0.24345470231569255
Application_1020819842,0.1540054956700982,0.12821414602056366,0.13523054075906243
Application_1022084723,0.5748026048591286,0.3985558085772707,0.26245618309747276
Application_1023037940,0.4105956186715304,0.376885273227339,0.27334879522153155
Application_102597720,0.10339956918820314,0.06398410584766402,0.10053336916201736
Application_1026777184,0.5080880032613757,0.3833979375423837,0.2735201535376909
Application_1027449105,0.5330513358485715,0.36855702957165704,0.28380242895248425
Application_1027859705,0.602965143071841,0.3665009933080569,0.29142657697387103
Application_1028665365,0.4643889732043799,0.5919424729825123,0.3274599680198576
Application_1029674102,0.5972065458148536,0.3975370031955757,0.2868196201051268
Application_102977791,0.479440262675744,0.37926019250321846,0.27105329887490526
Application_1031465496,0.5574611949021625,0.41948417099503954,0.2509804330234731
Application_1032862024,,,
Application_1033036371,0.48981996929835725,0.29600998682732427,0.3072256466883919
Application_1033306842,0.6260847180438336,0.4420852895978854,0.2611381836945991
Application_1033574302,0.24790033620543034,0.6272345306148358,0.16253089589171846
Application_1034775753,0.35384177493998425,0.3786905142259407,0.2699057442675926
Application_1035618893,0.49716057501893063,0.44540411189263757,0.25469425592163103
Application_1037771791,0.47806801533076315,0.4605435740178561,0.25450641768250026
Application_1038302868,0.5401251142918714,0.3685967406705834,0.27667292816487005
Application_1038660996,0.40563378974471065,0.49855081267874757,0.2906080296232105
Application_1039200421,0.36298319894277453,0.2917953552663198,0.28455569277689263
Application_104061665,0.57380755243315,0.4172030935392068,0.2794946932924271
Application_1041438098,0.40685637677643766,0.45939223963338094,0.29141592676341516
Application_104406636,0.5386086326577061,0.36117131551390574,0.23842204147428828
Application_1046222107,0.4965040218347964,0.402363568583454,0.29081519386914567
Application_1046524820,0.6309979589802228,0.36806004680706905,0.26119211371087353
Application_1048834285,0.6406333779633394,0.3272159789451181,0.34573373084472236
Application_104922918,0.581682445039233,0.3679963135261997,0.2619638362692499
Application_1050938301,,,
Application_105434976,0.45833996339969,0.41313861211866676,0.2782913183630696
Application_1054777483,0.07846297635614885,0.12186466682108839,0.12157529130848903
Application_1056831748,0.6191113042261306,0.2351408083064192,0.24363307366681577
Application_1057881509,0.6037260322803863,0.36701626351935507,0.23155761867511843
Application_105906022,0.08907804260796628,0.1186551447548796,0.11937027241908665
Application_1064102675,,,
Application_1065401414,0.4822382141988916,0.45977259806212833,0.27677451164220584
Application_1069486579,0.5263060309530778,0.5549864342370114,0.3948698606403462
Application_1069511528,0.4898152717623653,0.395556547069848,0.29594146523642234
Application_107048111,0.5647815406432426,0.4656625731511775,0.28488470188861226
Application_1070499420,0.6141952168345857,0.36856005865080854,0.2415577216679092
Application_1071392906,0.6928063710718525,0.4311721640044725,0.26016042550362867
Application_1072302976,0.5227314065707036,0.395556547069848,0.29594146523642234
Application_1072740747,0.5333095737993082,0.21929096450845847,0.2213627836978031
Application_1073143855,0.5422899808326416,0.15226166751317294,0.21401369968093736
Application_1076592180,,,
Application_1077139293,0.5200444381964447,0.42495413119854464,0.2758689077254359
Application_1079472664,0.2911317531860702,0.3866703237476977,0.2916916799126781
Application_1079589,0.550253827686714,0.3777567112008908,0.232728512515306
Application_1081153991,0.5886161939341411,0.4844124909279038,0.304937418570768
Application_1082188204,0.6300139238014546,0.1076266715445338,0.19666886950039172
Application_1083885618,0.5326339379489429,0.5001998483168848,0.2824463291277502
Application_1084197155,0.5275235014388518,0.4790084390283482,0.27453803696791224
Application_1084809711,0.5753796131263824,0.37935854194345964,0.27480852700866
Application_1084951999,0.40065756157722576,0.3902733633549754,0.265304341508786
Application_1085916302,0.5387577366410632,0.4140112062027401,0.2765819310659011
Application_1086189813,0.5165774562457823,0.3758341171804449,0.2808184388896434
Application_1086358390,0.5875201529461859,0.41413825209221694,0.28416385456705606
Application_1087895834,0.5203293103550872,0.48398992077828373,0.30626627312735516
Application_1088555315,0.5186335919803049,0.2379112375393598,0.19807528987424075
Application_1089290640,0.5686985352304564,0.41934974554335697,0.2908086967419658
Application_1090974006,0.07993716240232653,0.05534943556055435,0.094476837354676
Application_1091454310,0.3810395521176234,0.24610164283767033,0.28410741397448547
Application_1092109071,0.7523514756870783,0.13598999088684322,0.23897195743394073
Application_1092918410,0.6611165145834136,0.3768297871668303,0.27276320054364317
Application_1095263419,0.5150415928956278,0.37768005676550137,0.2630978581732203
Application_1096081779,0.65047358787536,0.3820350907022284,0.24912212484605442
Application_109628015,0.6067085581601487,0.1960966085437382,0.22376716801413832
Application_1096460123,0.4924344268829204,0.47611046763662274,0.27615684009620317
Application_1096932592,0.14396137306378828,0.11956737376081605,0.09925090678033148
Application_109718783,0.5852537919189362,0.4170649658802065,0.2565106061175075
Application_109912668,0.5059730467714924,0.3689574610047782,0.22847203281180256
Application_1099430757,0.5931554710431018,0.42477715970109753,0.312819832264681
Application_1099493178,0.4735530552515539,0.37254327361508677,0.2579300231772341
Application_1099663893,0.5296391733674881,0.4927223369943894,0.2773628580042492
Application_1100253381,0.607003889309528,0.36701626351935507,0.23155761867511843
Application_1101636672,0.5735157580799582,0.400432582025671,0.2883596404137724
Application_1102148836,0.5808668499768905,0.37738812437642827,0.301918558287713
Application_1102289179,0.5419018795106861,0.4091827775279729,0.24497922001268882
Application_110355063,0.4842183105095173,0.3983561539350998,0.29279055815728466
Application_1103698005,0.4227935797131245,0.4409443056015802,0.26863965766476006
Application_1104110439,0.3653264236241253,0.3786905142259407,0.2699057442675926
Application_1104349279,0.5474144314541414,0.4432899069794359,0.2768693306787415
Application_1104697616,0.6528299592355578,0.31361882199429225,0.1945904333501693
Application_1104784494,0.6163975556539949,0.4355771703744563,0.2858752076333007
Application_1104839673,0.6283995894144604,0.18288181034952283,0.21646057155624226
Application_1106610804,0.6634372862168656,0.3112503809533232,0.20152147704641118
Application_1107513596,0.5362047400600275,0.37334302300046984,0.253720402055411
Application_1107974200,0.5773146576553159,0.3588845562534822,0.2949017983317766
Application_1108410496,0.4564657253991647,0.3869889744032845,0.27271553872534493
Application_1108553853,0.4631014332872487,0.36859420642478086,0.25393490448252637
Application_1109500523,0.5214068241616961,0.3897425355925911,0.2827539867091065
Application_1109722425,0.5652404177641601,0.368583958202484,0.27048972944431665
Application_1110003824,0.6258930359992216,0.16515456560003916,0.2401630818551692
Application_1110334222,0.44275934141018175,0.3758067049839185,0.25844419010461966
Application_1110847631,0.5445093831940778,0.3977265171515678,0.2608129313436979
Application_1112791540,,,
Application_1114627184,0.5440371260319188,0.41644584948379365,0.34347995376361773
Application_1115275695,0.5671213521281556,0.36723925056142426,0.2600840011658355
Application_111536511,0.5371606732900419,0.39800730195785117,0.21226723432540007
Application_1116596448,0.6796574660587584,0.1546622826421961,0.2165562938702126
Application_1116878017,0.24562830744880387,0.6222175867587062,0.16447169148619956
Application_1118317851,0.4899662849200057,0.39603577288177777,0.24797623629622184
Application_1118691851,0.6786564746747462,0.357329021145651,0.2566145963543172
Application_1118794258,0.6429333022977867,0.3934210905859844,0.19686137826837732
Application_1119128567,0.5147965908554271,0.3890600338333917,0.296837642023355
Application_1119346613,0.5767925494189012,0.4088847467707799,0.28198705504399657
Application_1119704576,0.6608424024764361,0.14026731714304658,0.18476940035551553
Application_1120624192,0.5147326361859101,0.396477159563173,0.2667280606950595
Application_1121095468,0.5375045106046991,0.38022532175192475,0.25661124579339045
Application_112299550,0.3418427259072763,0.3787733060613578,0.2726390533588527
Application_1123320394,0.6593530767192886,0.3778279629036895,0.24521221593892406
Application_1123432099,0.5336048779390457,0.37373768206871344,0.254668383999034
Application_1123655418,0.5281357094638801,0.39563497042509466,0.2898733831929753
Application_1124789802,0.5951557146097103,0.3952797983977253,0.277350869953173
Application_1125229039,0.45269655166899025,0.4417345327150315,0.3231602780726747
Application_1125299308,0.6396682828423442,0.4710279092582872,0.34410160121553124
Application_1131812437,0.31388585816177894,0.5015311926555964,0.2824018636928751
Application_1131974200,0.5146860511372118,0.555290522698304,0.39704106894885166
Application_1132898010,0.588536258648452,0.41560629304534763,0.2815233087784476
Application_1133826059,0.6235900526121578,0.4054735789846117,0.3206371407568289
Application_113474586,0.4925693667756686,0.47959758025587507,0.27392573208944393
Application_1136138244,0.505513807532103,0.5115079546198091,0.35151924090379383
Application_1136188668,0.5589834326852361,0.4162364199405597,0.2790844676884939
Application_1136782466,,,
Application_1136942310,0.24672200759124296,0.2789683375147842,0.29808216772920787
Application_1138343850,0.5459711566883967,0.3833647353145807,0.2819033752959408
Application_1138441532,0.6580895665212099,0.19787383987765148,0.2821399010620689
Application_1138682900,0.6962813390034661,0.14339809895262728,0.2459082358326945
Application_1139095492,0.20123395663889027,0.08184155257460102,0.07279408885388261
Application_1140000103,0.5167027594226185,0.3575425268134527,0.25755310585107555
Application_1140214785,0.5752846176302094,0.3887023477690156,0.2448679072444248
Application_1140934167,0.4091731810443062,0.5006040548474544,0.29892826825197094
Application_1141437569,0.23783389024490692,0.015387165824078088,0.11032822482550846
Application_1141800606,0.10631907714918248,0.15308570007370603,0.15266610183530624
Application_1142291922,0.611342743535407,0.37170813618938703,0.2704083856450707
Application_1143452352,0.6506340480961456,0.1864166573639278,0.24525612328153112
Application_1143725882,0.6299734764179883,0.43611897211822537,0.27606957177648905
Application_1143749034,0.48085099584385144,0.5254003924537968,0.29864988325772474
Application_1144806380,0.6494987547227299,0.4208865393416813,0.3092707931371415
Application_1145195394,0.45452326508680607,0.382391414843858,0.27783475541623415
Application_11454632,0.5634804436886498,0.38366225745672866,0.26466618984381973
Application_114551747,,,
Application_1145960664,0.49927802424118806,0.3781026269151215,0.26195615483471507
Application_1146017257,0.6224665867642407,0.43700142440323575,0.26467361119693245
Application_1146390793,,,
Application_114677449,0.5341204174720988,0.4861283448547665,0.3227014523045711
Application_1147242139,0.4530334327833483,0.3683559223764322,0.25388928869594346
Application_1147800670,0.5503797825380811,0.15354170747222767,0.1773660165499897
Application_1148505526,0.348849283332957,0.36117131551390574,0.23842204147428828
Application_1149826505,0.5798895326521037,0.37352055761375685,0.2719413916120467
Application_1149882287,0.588777306698013,0.37631670602773537,0.2734352451595163
Application_1151306652,0.3987055906331711,0.3717767554695016,0.27299245994964855
Application_1151718196,0.08878535924708657,0.0515119221850651,0.09900909968471752
Application_1152706558,0.5772752181397052,0.3924098676716969,0.27530322843624727
Application_1153327019,0.6082973581125313,0.17178607290368372,0.19862093989099816
Application_1153332543,0.6286745274780826,0.3124370072056181,0.2439249683501506
Application_115387399,0.2567040997230307,0.6151889596652241,0.1449395942176027
Application_1154947942,0.47858554372271817,0.37574726468066505,0.25573851344773313
Application_1155624509,0.8365119350514422,0.16613791471088193,0.2643846517328535
Application_1156380786,0.532452202299802,0.47959758025587507,0.27392573208944393
Application_1157095713,0.5164349422148771,0.24359440351791975,0.24535958896946372
Application_1157455039,0.6062578287218662,0.37873782352293267,0.23969242550021905
Application_1160716330,0.5482239606279498,0.4072525548362935,0.25549029521760286
Application_1164107164,0.6559227554465585,0.13714970383047878,0.24741779581253204
Application_116887817,0.6266134619283351,0.38648422556016193,0.25609137409846405
Application_1171197563,0.5256855254310692,0.3807881296776022,0.29222329993850693
Application_1172008352,0.23120849291267198,0.07375746162204899,0.08697240557060132
Application_1173149180,0.32648810021027996,0.42085421744145507,0.2827404975618317
Application_1173289988,0.42562392334331733,0.37981809344874423,0.2816426611378545
Application_1173481848,0.15671672400106043,0.06893716827762313,0.0822455881330615
Application_1174114825,0.5598396338803041,0.40103605898593814,0.26370486467358684
Application_1175285346,0.7781047628908058,0.14442927944248168,0.17287884951359198
Application_1175418215,0.10258990519509048,0.0823075513114487,0.10557918497452078
Application_117660615,0.5587133055458718,0.37406968161138254,0.2540090240233113
Application_11773925,0.3802100587305973,0.4244766351592931,0.284040132655846
Application_118076535,0.5088176783014438,0.3869889744032845,0.27271553872534493
Application_1180779910,0.5398378089618734,0.40253093900269954,0.2985327299820554
Application_1182794641,0.11929775325655305,0.11979255247178795,0.13069536484612843
Application_1183136852,0.6058859313796777,0.4197675021465798,0.28405071701750734
Application_1183476189,0.53885303509584,0.3583666358148355,0.26584563470723216
Application_1183534481,0.675452875302905,0.37684279516911146,0.24890543529661374
Application_1183954314,0.5692495224408832,0.39714313326156275,0.26649501747105964
Application_1184253258,0.18811075484826378,0.5901386834071378,0.1650042753590038
Application_1185560776,0.7705961129597623,0.10480083926060664,0.16847679828851708
Application_1186011075,0.7624400899011462,0.14103758418256465,0.18710931629107475
Application_1187770735,0.5370641245402568,0.41928974496960636,0.2914519944613764
Application_1189444299,0.5819313214061465,0.3943906062723943,0.29020193000496036
Application_1189871359,0.6123919883526856,0.400432582025671,0.2883596404137724
Application_1192817854,0.3366049149094485,0.3869889744032845,0.27271553872534493
Application_1193407725,0.49880814087220443,0.42618302020965465,0.26265323618065783
Application_1194573334,0.6128068780064823,0.16514592789471477,0.23242631150166512
Application_1196211316,0.6928616078364266,0.36956695374828624,0.20163490621455635
Application_1200105859,0.655467486823034,0.42408434596279926,0.2440975695894299
Application_1201250492,0.5680876634897744,0.3910880222783756,0.2819846864469024
Application_1201267547,0.32581380850858654,0.3815099585896796,0.26479790619850446
Application_1202440901,0.3528380160444599,0.41219538879816503,0.258156600805387
Application_1203000059,0.6202720707465498,0.3698433339841515,0.2799198197520759
Application_120400056,0.23295993330122922,0.0781863580838978,0.08276685091539931
Application_1205027125,0.5322893863893468,0.3577024129642702,0.2816230344384753
Application_1205291296,0.5980262861251279,0.44391363053821653,0.3132393977093958
Application_1207519267,0.5408810322829146,0.37768005676550137,0.2630978581732203
Application_1208202898,0.7117834953950466,0.14028553845746705,0.20438954534491255
Application_1208543050,0.6779412525914315,0.4193728430783361,0.2829933701149491
Application_1209476276,0.4313345190669658,0.4182521458302929,0.2784316979760511
Application_1210322027,0.5525089225781155,0.42613688881758255,0.27579204390954976
Application_1213205773,0.5523942325807301,0.4089170880295393,0.26718909748275094
Application_121670659,0.600355443890959,0.42046807791401797,0.27898217547600845
Application_1216723425,,,
Application_1218203113,0.5348459955679838,0.3722248555686633,0.273485053745594
Application_1218332981,0.10597197229569082,0.06670691643701539,0.11113889133587092
Application_1219055263,0.39196254048202234,0.28640627063450536,0.2977080863407787
Application_1219949717,0.5673905679921898,0.40689424477744607,0.2556198422108935
Application_1220541878,0.08197324099605566,0.055218148457846575,0.06450797931611565
Application_1221269355,0.09781087655420685,0.031732448320963294,0.07080847342660172
Application_1222039007,0.4063031232399249,0.447022453601363,0.2853622069526991
Application_1224187740,0.09964063805861563,0.10706745792092395,0.12461770311747188
Application_1225769256,0.11888511015104732,0.09253401300422223,0.12099561798814185
Application_1226442731,0.549271137823809,0.38352105560606686,0.2713682652542162
Application_1228403719,0.5940501186764343,0.3582208302060149,0.2587505536027145
Application_1234321250,0.49265204136299556,0.40778648005820106,0.2797392565343453
Application_1234365113,0.5478559814535888,0.3489785666544484,0.27245909967381027
Application_1235896381,0.5620743523676295,0.3691296535731775,0.2983320793839906
Application_1237086325,0.38439882235744055,0.3676618207110443,0.258955264303722
Application_123834627,0.5110062978244144,0.34759394932864957,0.24893624307602868
Application_1239060176,,,
Application_1239627323,0.5295269552684508,0.4344294892523969,0.2926666172007405
Application_1240814574,0.691308783115303,0.32841809282898377,0.2845140112348496
Application_1241865852,0.2401802755905792,0.607257199250371,0.1692203476292817
Application_1241999769,0.540327003776097,0.41591064586187143,0.28178296120570145
Application_1242315969,0.3835954498321648,0.35948940685662467,0.23892977845477686
Application_1242352417,0.4953863948596434,0.39388849578165563,0.2718195105485696
Application_1242477998,0.5657420640052889,0.37347980870819597,0.29553912250891584
Application_1246865304,0.5416132478255192,0.35998195085173224,0.2512193846076315
Application_1246985104,0.5664866155341429,0.37887453443422897,0.24634306586287463
Application_1248242433,0.6571546112419663,0.3203909208364415,0.2515051006494215
Application_1248474304,0.8323116808046757,0.09881114017698568,0.1729218186406657
Application_1248532589,0.5863079201606576,0.48237693956775185,0.31837150224789945
Application_1248970009,0.3902434806976765,0.4670332552955818,0.3414651127999683
Application_1250500817,0.35132827202148187,0.3591148974970081,0.22194813692812163
Application_125111453,0.5333459775187182,0.3756328918633252,0.2642890855846115
Application_1251689244,0.554394071231639,0.3757224977521725,0.2559639133532846
Application_1252781397,0.5770769825810677,0.43803897300966665,0.2644863964931499
Application_1254474288,0.5901405164001549,0.3944137105412405,0.26281862876796247
Application_125498955,0.6097353613748251,0.3882460358636727,0.2820773678540044
Application_1255919690,0.4521971389028797,0.20186212406227674,0.21899178569969846
Application_1256531358,0.5737784704781669,0.4224968530950421,0.26086279419331126
Application_1256882757,0.47892474610999564,0.3862477535980776,0.29296310572519496
Application_125735546,0.5691775944915579,0.404953771641866,0.2592640346251674
Application_1258084186,0.3191296779293996,0.3930750202683981,0.28376873941219677
Application_125846800,0.6111522229530205,0.41974141930310516,0.2786657345767355
Application_1258641337,0.36323101324719775,0.42752506187725337,0.28994080725958055
Application_1260313275,0.4187601211813928,0.41170551303089653,0.2824239683869648
Application_1260511828,0.5511417020168574,0.4027168323756385,0.26808930595462016
Application_126161718,0.5327125409136677,0.3573358894395113,0.2560652057358889
Application_1263939811,0.0886134983800178,0.059938249839834534,0.11841641203964386
Application_1263997961,,,
Application_1264408299,0.5899505134452915,0.360772769889077,0.3019188202504969
Application_1264902566,0.6562437858512121,0.38144299324583575,0.2435143175843904
Application_1265044597,0.5581392638020116,0.35951787281535863,0.2798850867834696
Application_1268164546,0.39600697855306716,0.25558334857024606,0.28791597435846084
Application_1269305141,0.30699401266728066,0.4200689026210996,0.2887701340100777
Application_1269620603,0.5519718391055431,0.36811551782072477,0.291800719183772
Application_1271570199,0.3940670883867645,0.3851363198746246,0.26515504672710816
Application_1272345729,0.5525885117037642,0.41591807025212324,0.26116055706916774
Application_1273109806,0.5327461087013831,0.36629956737922864,0.2726878172202856
Application_1273243804,0.5127674189638599,0.36475818848291264,0.2706387376131041
Application_1273835556,0.5813984841616388,0.27074470140834134,0.23184277548292603
Application_1273931422,0.6848899617464749,0.3075002362781246,0.23349764307258533
Application_1274166676,0.4351318658268388,0.3869744122089903,0.2932963480100829
Application_127457405,0.5490280682287366,0.428226399394417,0.30543042414997856
Application_1274866621,0.5510338921630554,0.36798985639293924,0.253819331648659
Application_1275065414,0.5762749802563231,0.3699687428303215,0.27284523631313135
Application_1275483894,0.6230297438016165,0.3773989091905971,0.2974307805858395
Application_1275708382,0.44861330789656045,0.28343272214325055,0.291498521599525
Application_1276203911,0.12861552117860583,0.017741180354550055,0.06333766328352625
Application_1277202210,0.5924035080954179,0.4526132841526495,0.3282285992898809
Application_1278754356,0.45200306688767206,0.3944137105412405,0.26281862876796247
Application_1279149491,0.6134069554576501,0.42513757810957953,0.2855871846849962
Application_1281070255,0.5628851206353584,0.36947209452770674,0.29332954679750706
Application_1281219916,0.5404294042296461,0.4380072801712487,0.24724349060495873
Application_1281227660,0.5825790301474824,0.35979347816111806,0.28519619528347556
Application_1282231634,0.4725796385754693,0.36117131551390574,0.23842204147428828
Application_1282418399,0.4467127193328771,0.3786905142259407,0.2699057442675926
Application_128251318,0.5842589985886566,0.4291616369071253,0.29505509640731725
Application_1282746821,0.5832866137854471,0.4265237233685325,0.2694059460859293
Application_1283341810,0.29936461990247437,0.37349940353946554,0.2333483813183227
Application_1283651073,0.5714721425126259,0.4094216865334591,0.2830846461847312
Application_1283751278,0.6128354251190501,0.35775267600011945,0.24503109971356463
Application_1284230014,0.5670716447871363,0.3734507505100924,0.2819691884402245
Application_1286083897,0.15472016938365535,0.05771368306471083,0.06644843726600842
Application_1286125502,0.09228170063468352,0.07206764930583517,0.10386419108866907
Application_1286165737,0.3252459356201581,0.42079556123201234,0.28909853210920317
Application_1288084480,0.6029400189525204,0.1877392208294975,0.17873549790660057
Application_1288647467,0.5561389242257785,0.18985594712699702,0.20416045531184415
Application_1288727835,0.6115473365290442,0.40031883684031716,0.2629316745828103
Application_1289012778,0.1035706871695915,0.06499550498652823,0.09919792396410321
Application_1291280868,0.47644238308881076,0.3801783573641827,0.2707745327934264
Application_1291464093,0.46687759613061935,0.44519923925478855,0.26604871190277174
Application_1291843877,0.5171221961425554,0.42266230721974846,0.26806605414772533
Application_1291971664,0.5095912109003947,0.5100404873712369,0.3336029173752256
Application_1292771933,0.5314706507243158,0.4170649658802065,0.2565106061175075
Application_1293008903,0.42320243496263926,0.3721993256191217,0.27180801357588885
Application_1293120092,0.5429659022920382,0.4033245944208616,0.25754512264661733
Application_1294558199,0.5523172807827145,0.4208300366662071,0.2748843277257271
Application_1294597796,0.7043678709446968,0.3562499478764239,0.2525073399640388
Application_1295538492,0.5969065256812546,0.38830684458803466,0.2844446869889625
Application_129565630,0.559214460759534,0.3619996837077599,0.2588983361615756
Application_129573767,0.6707172174842981,0.41974141930310516,0.2786657345767355
Application_1295911338,0.5595015916725307,0.3822308371567074,0.25599609019147485
Application_1296197799,0.5596435676921016,0.3575839240832114,0.24800724367211288
Application_1297559824,0.5692943165848438,0.4314373960392811,0.2726146274435634
Application_1299856399,0.6429383077029063,0.43437878398367413,0.2665593275041459
Application_1300309831,0.30010329248667683,0.38093967499866166,0.26543409236242804
Application_1300870804,,,
Application_1302829474,,,
Application_1303460272,0.5245397039732379,0.38303191717324275,0.28948653590589135
Application_130463013,0.6317965058094585,0.438321625568323,0.27257003926637297
Application_1304842887,0.5019389565241164,0.48222742400737556,0.30313371516355275
Application_130658775,0.6304152566374946,0.4421989896162065,0.264748869344593
Application_1307447876,0.5928616302961399,0.4150723076376649,0.26500029720904456
Application_1307546210,0.6061098057775384,0.40650785598313693,0.27962936929846394
Application_1307592624,0.6385441569843708,0.3024554409616385,0.21339514208454008
Application_130761111,0.24609659776455212,0.05954559718172919,0.12976910201207967
Application_1307722721,0.5348352309207518,0.46902777470497153,0.2653414336622802
Application_1308025514,0.6153932360104427,0.3602920452186632,0.2740216808913382
Application_1309710626,0.23645872426318645,0.31533119910514035,0.32066524385970285
Application_131097851,0.5118797057648181,0.36640126261943406,0.25324290957168255
Application_1311228454,0.5671849802186294,0.4024967016953279,0.3140683650635381
Application_1312933469,0.24180231515768677,0.4552529484616278,0.34158124165271386
Application_1314374663,0.6236377525539252,0.3779154713368444,0.2641022795512275
Application_1314823602,0.14555996748097078,0.08273609498339943,0.14216924515838494
Application_1315782276,0.6637947747571865,0.40278479791914534,0.29409010182397066
Application_1316274797,0.6145333898393779,0.4166788944571212,0.2791996526050068
Application_1316346128,0.5042539500409318,0.3928586178751349,0.24794703550447578
Application_1316469526,0.682276257261464,0.17042522032155538,0.2086821323586457
Application_1316556140,0.500956481710077,0.4140112062027401,0.2765819310659011
Application_1316779443,0.2315412011063362,0.4788242803395636,0.36529740362609614
Application_1317388562,0.059327548018301375,0.05763504476082981,0.10722998490509325
Application_1318517683,0.29847668217211437,0.41700856832668365,0.26482423972190633
Application_132038140,0.5841756981266197,0.41745962494845,0.2574683457846772
Application_1321952381,0.5986163819714853,0.1900126802174899,0.2454737246802314
Application_132220187,0.6132837021836134,0.4185443809131467,0.28489056771590493
Application_1322307011,0.26398038817700265,0.4896264317729962,0.31190058290829814
Application_1323283519,0.3373108519164366,0.39233476433400777,0.2220038313288902
Application_1323290543,0.6104681431622402,0.3625212528812816,0.22990763961268185
Application_1324210895,0.5248471350574168,0.36169299333176724,0.26042632827278783
Application_1324391484,0.53197687531775,0.35409995334676814,0.24135442149419517
Application_1324680297,0.49575900069580514,0.23413475850688573,0.2051482489304716
Application_1325360487,0.6622505845696504,0.31898366796516464,0.21183309969096129
Application_1327686952,0.5112009557813869,0.43533534904043736,0.2766477813154891
Application_1328770574,0.0975798438951085,0.11995619903341992,0.11306825171214906
Application_1331144446,0.41153606336201526,0.4452123975716387,0.2663896880371336
Application_1331295233,0.39565001698015567,0.5340932067597389,0.18219462536097356
Application_1331492368,0.637654662758548,0.19517919025288905,0.21709249624496482
Application_1331678337,0.5059314758659971,0.3742006530973122,0.2953582608416121
Application_1331809820,0.6101901376526301,0.225056320878864,0.23848289690924035
Application_1332066828,0.5896005784093094,0.3689615225101852,0.27019552808610275
Application_1335180651,0.563256568867934,0.41499300129298256,0.2576880434312085
Application_1335455949,0.5709963092762971,0.41618958182283927,0.27934361308802025
Application_1336423282,0.5015439337336616,0.39774452046395975,0.2904982855443253
Application_1338322049,0.5853891723987994,0.3969700621154909,0.25999271044815236
Application_1339399261,0.6565104305060361,0.38140076956181246,0.24345228961156654
Application_1339681597,0.42648293410723465,0.3786905142259407,0.2699057442675926
Application_1339781817,0.2578572507617075,0.592077952238834,0.16523034096815
Application_1340459622,0.5004305213247975,0.3786905142259407,0.2699057442675926
Application_1341133743,0.6823293754166446,0.38243167798756,0.27820583303878355
Application_134173506,0.3878292353348946,0.3785434130946436,0.2571575928371593
Application_1343184,0.31856281041097,0.3920252456169945,0.2762815612651004
Application_1343349327,0.4630431794040971,0.4449094123797047,0.24416616907624528
Application_1343884694,0.683517460392488,0.29963870475197163,0.23340979031964032
Application_1345076352,0.5796636009305631,0.3572626997897165,0.25406884198589136
Application_1345333868,0.6040343563688619,0.4203882149817191,0.28337694336762964
Application_1347122551,0.48671636172355526,0.34511943338922657,0.27149663808811525
Application_1347988922,0.11937405523565962,0.0664680952122435,0.09675598550852839
Application_1349926412,0.598325177787545,0.36625600169352646,0.2426584107295885
Application_1350728321,0.43939900954731365,0.40971682996577935,0.25925290999068884
Application_1352726942,0.6033043120526997,0.3972519972570518,0.2600132018486916
Application_1353447445,0.5970264917453256,0.42576045006003466,0.26379731963860265
Application_1353848792,0.22448544559255665,0.09599252933345741,0.09977272429175489
Application_1357377502,0.3901529944247289,0.40226022282057866,0.24868315791828416
Application_1358946869,0.40032922912669233,0.3887871650535513,0.27563595946302316
Application_1359737168,0.6235613527137611,0.42449732998548306,0.27839001563925897
Application_1359775338,0.20630745749778862,0.671680103309778,0.20801766045254005
Application_1361444752,0.5647386378822161,0.3699001148799998,0.27620220941308465
Application_1361883922,0.1038575140360804,0.06638298595657306,0.12831767086820714
Application_1365116675,0.7343531568380347,0.13393103411943502,0.1837361311831463
Application_1365152370,0.4612214467397436,0.37887948724784526,0.32777374370647416
Application_1365437313,0.5564260821928799,0.3598415561079208,0.222200605409944
Application_1366143473,0.5774968792398021,0.3625212528812816,0.22990763961268185
Application_1366769739,0.5715360861205008,0.38427649129158603,0.29675307042004123
Application_1366950042,0.5919199937467365,0.1841934308405962,0.17800516998499571
Application_1371434911,0.13024391890189857,0.23278088586097007,0.3198800434571087
Application_137438189,0.5656038554768508,0.2836878955050274,0.29315250339931215
Application_1375169811,,,
Application_1375435938,0.572299906162498,0.3664795059260074,0.28216088587487215
Application_137951178,0.5634127631776024,0.3769794431242265,0.2889705051043732
Application_1379975984,0.5591487169857038,0.3872904982714548,0.2829974150544425
Application_1380707551,0.5707661160095155,0.38729588741090315,0.25517794370779484
Application_138110394,0.5247302939814539,0.2393661995317488,0.18200702170701719
Application_1381169658,0.5584826187395868,0.37406968161138254,0.2540090240233113
Application_1382009065,0.5960646498468384,0.48384320905674755,0.3134410579093768
Application_1382204301,0.5820484498230234,0.3579893584006292,0.2543575604017593
Application_1382937184,0.5672232303229419,0.36625600169352646,0.2426584107295885
Application_1384106962,0.43073515122992345,0.35955218412537676,0.26712133945608046
Application_1384343806,0.5898675238840603,0.44151454287750774,0.30423920044810876
Application_1385747357,0.6867884197094799,0.23641542823293898,0.30320579970363387
Application_1388031954,0.5533870309273605,0.3880710061268789,0.2462971200244089
Application_1389044798,0.46191489120207,0.37219986281404493,0.25119483208836413
Application_1389412266,0.11348395442135588,0.0936853590049836,0.11471586358994021
Application_139141595,0.12122428437468558,0.08911097904707466,0.09203647898802575
Application_139153216,0.4744491931533017,0.3739920748327944,0.26978258398608645
Application_1392867246,0.5189742718751146,0.3829574957676203,0.25628706274026086
Application_1392931200,0.5202274694622406,0.3977702759873933,0.2471706711297779
Application_13944300,0.6428792740544871,0.34316885463366653,0.1744861191074397
Application_1394483322,0.4731257995990856,0.40031883684031716,0.2629316745828103
Application_1395388115,0.5799961820859273,0.4208300366662071,0.2748843277257271
Application_1395429395,0.5517541074492592,0.4074459289873779,0.23366735020590948
Application_139724030,0.5697797096611061,0.37721380060331433,0.27419355501965886
Application_1397321296,0.37269665138100033,0.49166704243557957,0.2969427448205733
Application_1398266061,0.4222634828034459,0.46011889824429375,0.29174741258689313
Application_1398309462,0.34734152278617325,0.39774452046395975,0.2904982855443253
Application_1400741815,0.09629034895686933,0.14181778780450266,0.12021683064725369
Application_1401776769,0.5075217119190985,0.40623080504009457,0.25503712332577505
Application_1401798992,0.17823691187557267,0.059226874849497624,0.0771657829018775
Application_1403984783,0.5602520226527827,0.3858280655872214,0.2911214086709569
Application_140463362,0.6397673016882526,0.33936858942113035,0.25548748740763927
Application_140466456,0.5370996444444314,0.46987048703072604,0.3015199299341862
Application_1406835873,0.16712540831501774,0.005841140775996528,0.06475338253246132
Application_1408009203,0.5774704756330987,0.31872592413263173,0.2461884095411375
Application_1408362802,,,
Application_1411314331,0.31847791233413536,0.37349940353946554,0.2333483813183227
Application_1411809915,0.5657452580031235,0.35992956824480504,0.2695805000541097
Application_1413720992,0.5690769892530114,0.36888041437379904,0.23799353871916668
Application_1413836638,,,
Application_1415930985,0.40851864552178735,0.3834324634588002,0.27377742588040405
Application_1417653464,0.2254316074618919,0.6195886070572605,0.16028568814842514
Application_1417750933,0.530152246676928,0.46974678761743655,0.3029545134303643
Application_1422930581,0.6166748064094956,0.46610633869289914,0.2974935523827282
Application_1424659757,0.4335923991247876,0.43164216176607517,0.29499848007329477
Application_1425329540,0.5910624929101838,0.24292961789714354,0.24281387553522066
Application_1425800430,0.5445462583790974,0.4992171427019668,0.3490284211737251
Application_1425820279,,,
Application_1427261936,0.39163957517018605,0.36604023197734625,0.24536372888216101
Application_1427438242,0.5308893273977925,0.38047620517948,0.26457225207195073
Application_1427573691,0.6064576638887154,0.4416182736323483,0.32099433332341704
Application_1431000094,0.5811692780080241,0.4175071820004995,0.2810323490434415
Application_1432791901,0.5352195941587872,0.42269637653120495,0.26693046415463995
Application_1434518975,0.30699401266728066,0.4200689026210996,0.2887701340100777
Application_1435594188,0.5021400070461008,0.38262405393672017,0.25578233945332784
Application_1437497198,0.6010667898177029,0.5131301054781794,0.3533208156925625
Application_1437966300,0.5724086187728865,0.42449732998548306,0.27839001563925897
Application_1440477840,0.5040439233873621,0.37941717283685344,0.27021275207376594
Application_144137365,0.22245230804939123,0.4712670409674267,0.33654773283194334
Application_1444191625,0.5237659239488319,0.41799280702418684,0.2618562983805578
Application_1446757334,0.624191682193873,0.32549167296713705,0.2616976304262912
Application_1446807165,0.18624080446295316,0.07213857406080243,0.10135415452915823
Application_1447107656,0.5733695641809047,0.3572626997897165,0.25406884198589136
Application_1447384497,0.6158733346612877,0.3932045138767067,0.28825879480070027
Application_1448754624,0.5701773737844373,0.3509518243522522,0.2682677426256754
Application_1449066412,0.5208030078037045,0.40276452434747834,0.24554789752464376
Application_144911431,0.6083100639427106,0.3910542119046342,0.2526848246761362
Application_1449370855,0.1386345795572519,0.05124398980405248,0.06412264645727321
Application_1450319805,0.5529759440534782,0.3438254809188138,0.24633390882529443
Application_1450396663,0.6143259510204103,0.4154300014936874,0.27675177155597025
Application_1450689239,0.757335159298596,0.17144932026597698,0.22854594493073158
Application_1452533285,0.7096578397010455,0.10463909116995196,0.1471919680850043
Application_1452854959,,,
Application_1453589065,0.2862839264884963,0.373145121978277,0.2606512329816305
Application_1453812922,0.656959537910476,0.30185163958424793,0.2124119943756234
Application_1454220575,0.6752495240659748,0.4139122131118671,0.26220849091085635
Application_1458277433,0.6143779828038367,0.41346771677925964,0.28287268136432714
Application_146114459,0.5902007870541256,0.3653772636276663,0.2659580341866021
Application_1464086854,0.5446494690600903,0.3603045357054406,0.25534319936128724
Application_146419660,0.5293351375230647,0.38337905957564206,0.2897454531404334
Application_1464780823,0.5204850730257752,0.42841412782598515,0.2673039961371089
Application_1465025013,0.6434712765309141,0.3742912687556599,0.2371390096858854
Application_1468750557,0.6750278862535614,0.35841804976986846,0.25305985393027985
Application_1469334320,0.21189869262877042,0.59159833578583,0.16497816065899104
Application_1471430106,0.15545706033907167,0.15684983756011903,0.12407638926582536
Application_1472969785,0.5780034740467757,0.3613001843464951,0.2811806617636986
Application_1473464035,0.5446464708777763,0.1911555903613479,0.19048654526453548
Application_1473625375,0.49084401567196523,0.4647892028187285,0.29123581534376825
Application_1473894342,0.51248303984749,0.4123833898012621,0.2532898283024755
Application_1474055956,0.592906881336175,0.3797226325578262,0.27892445127172216
Application_1475968760,0.5533825587674498,0.37648202977737877,0.24645348823739438
Application_1479752026,,,
Application_1480117653,0.4894374972452213,0.4095580875509744,0.25986087857968565
Application_1481242369,0.11295240133082414,0.08336946683648791,0.11553238049818969
Application_1481928502,0.7013359291102461,0.304917650583188,0.2034962369998494
Application_1483046130,0.5658483112348445,0.38812218811117083,0.26774983200577424
Application_1484189145,0.613002763749001,0.4208300366662071,0.2748843277257271
Application_1485367187,0.07743816553067281,0.06868667133527444,0.09304826213810653
Application_1485546748,0.648211199177594,0.14162072234212678,0.18973510914091174
Application_1486220145,0.10649413634391183,0.05320726505804159,0.07709003077935607
Application_1487829407,0.08920596193061878,0.12326677641450465,0.1296018441849597
Application_1489341726,0.37278979344208085,0.42446257417999045,0.28400996046223403
Application_1489510821,0.3597514496679639,0.3667168061575137,0.24678582605736862
Application_1489786126,0.3504843613619993,0.3625657872445942,0.2230540073920433
Application_1491300788,0.18485599248113607,0.04045225100752077,0.08388098138742367
Application_1492609631,0.6486524286298777,0.3855744440066854,0.23700622504704663
Application_1493979926,0.4129650315892725,0.46407051168865515,0.27108466987134805
Application_1494178086,0.5410963021741354,0.3768124658271504,0.27439486219175047
Application_1494414449,0.36261941060281494,0.41691693365855514,0.28957143360414694
Application_1495079062,0.5490639844339527,0.21550926506647103,0.2190130917646149
Application_1495262961,0.4507096975627473,0.2554484544887384,0.3028748732654872
Application_149591383,0.6435226558587531,0.29001960298991925,0.20342897185590902
Application_1496349825,0.500619608515107,0.4605435740178561,0.25450641768250026
Application_1496645833,0.3723424277392726,0.3426265065364382,0.30044307010841953
Application_1498001149,0.5764724621719286,0.4043651273078119,0.27436894559645036
Application_1498610522,0.36495764498532823,0.41180920411742283,0.31956737176192035
Application_1499935603,0.32626702999345947,0.4200548416417969,0.288739239236752
Application_1501636291,0.5661974763371415,0.3717203954819687,0.2692094730859944
Application_150329185,0.5552042274538102,0.3688956084375834,0.24754518326359815
Application_1503602511,0.27522889815893603,0.6037851401978163,0.14711348201604582
Application_1504307845,0.7720480031358683,0.1842411503738354,0.21539483740620743
Application_1504346428,0.6425143934609608,0.3788335310899535,0.24157050637816263
Application_150503991,0.6143276721754061,0.44720901778683375,0.2806878709199466
Application_1505059688,0.518321965294691,0.38650593632324515,0.25304188468030303
Application_1508285623,0.49414740653049155,0.47814087233566643,0.27259795937007725
Application_1508659021,0.5846506996509059,0.35744229137530104,0.2540717611133818
Application_1509292111,0.5309978798235239,0.3707118193337456,0.2645218764586782
Application_1510765360,0.5619117389271403,0.4937897957386809,0.2799894546358685
Application_1511779865,0.6402632732800393,0.2843497048854122,0.17340334482533243
Application_151245494,0.39629775697711744,0.40245194378040267,0.29439060249632554
Application_151280488,0.736788831601534,0.2914374196452004,0.19213445066356458
Application_1512972539,0.5106119768234497,0.5008064328788077,0.31946704996072095
Application_1513197861,0.6483291299405444,0.41625511134871707,0.3002106817548025
Application_1515604872,0.2623528297083652,0.6301501531021672,0.16187886114772282
Application_1518013035,0.6291705267259683,0.3430685299202113,0.25380808792285275
Application_1518048032,0.6755631026881957,0.13092842961312634,0.2087191547693754
Application_1519909793,0.5552571127356457,0.42706774560164174,0.2755548790707718
Application_1522004111,0.40312633475788245,0.3952480573335492,0.29786986530760257
Application_1523406683,0.6138277162350466,0.438321625568323,0.27257003926637297
Application_1523673583,0.4350658511149936,0.34565226265812005,0.3041876984442993
Application_1523736860,0.49466469318974277,0.21703819271798896,0.17975122816536787
Application_1524859554,0.451797654324171,0.48716033407884635,0.36234056971909895
Application_1527338408,0.6639943370949433,0.3378054008043835,0.26099969559307507
Application_1527571617,0.5752946453125263,0.38216896315540777,0.22575412405569759
Application_1528161643,0.4855341751945965,0.3789765472582435,0.2733372597037095
Application_1529154801,0.31520646070319047,0.41982658040726123,0.2861820300811945
Application_1529928107,0.12022565668199159,0.10384474943582189,0.11437584061195982
Application_1530321110,0.40390915241699066,0.42572568772818764,0.28294754218383045
Application_1530932646,0.5963586603355188,0.4459966578903085,0.28343820855368146
Application_1531707627,0.3302154655984486,0.37509269509559673,0.3156606921031892
Application_1531851576,,,
Application_1533785960,0.6145862892250697,0.3580935363009089,0.25026513453755794
Application_1534847619,0.6343954212813898,0.37816890373502704,0.23888242007630534
Application_1536534288,0.3540655993440903,0.38111611056347267,0.2413997565157877
Application_1537507196,0.6534363762285643,0.31410200390942783,0.24919267923148553
Application_1538042026,0.445889357585034,0.24911164753842213,0.2846122235056567
Application_1541647337,0.5794749301773361,0.41461055330786706,0.3185093213635494
Application_154179391,0.36223420273786033,0.4149698501061831,0.33067421953084836
Application_1542614392,0.6162464226505513,0.4262748281584862,0.2591684530576282
Application_1544217945,0.259222410034524,0.10886400634333653,0.07606948631136091
Application_1544460375,0.5451597847402346,0.3576852699393366,0.25296729425781656
Application_1545481822,0.43582932662994084,0.44047734514277437,0.34827286063855134
Application_1546052937,0.6095958030992247,0.4460327820327925,0.27886054834575447
Application_154623800,0.4665545217777132,0.3565845234182611,0.2493956048263389
Application_1546747591,0.4653625616610118,0.37941717283685344,0.27021275207376594
Application_1546890088,0.695156281781264,0.31265490656331296,0.22704946596590284
Application_1549000634,0.6715603549507148,0.5298746996922713,0.35599404981481236
Application_1550643436,0.3736653975828935,0.39772978619103744,0.22212785048290756
Application_1555489073,0.47036222829853264,0.3786905142259407,0.2699057442675926
Application_1555975178,0.5804405453791027,0.4850455136966224,0.3177197109288362
Application_1557296300,0.37278979344208085,0.42446257417999045,0.28400996046223403
Application_1558264214,0.5690446493085,0.37712418565998984,0.3034597287258758
Application_1559533192,0.41796043572837965,0.39568558959908023,0.2974424587020899
Application_1559916934,0.11151467317897808,0.11612345154435041,0.12648270114507656
Application_1562686459,0.532659104293047,0.3664628021269663,0.24429894342966468
Application_1563418612,0.5276601937960285,0.39774452046395975,0.2904982855443253
Application_1564442059,0.44339821293406134,0.4467389483438232,0.2854741351857975
Application_1565590572,0.6349209382168715,0.39012408936910437,0.28086087839179824
Application_1565653243,0.20293781757081608,0.029636276698166132,0.07061183432580809
Application_156618714,0.7182223383882036,0.14096185869458913,0.2416267884919527
Application_156768160,0.5337480285852676,0.4259127841186495,0.2858518666055453
Application_1567826735,0.5900823106025903,0.35550741361208754,0.25998042460822474
Application_1569475999,0.08809439217408016,0.05124853832069598,0.09796528926306133
Application_1569683122,0.547204827090446,0.4148102764485113,0.2585529936805288
Application_1570331344,0.5152165565432512,0.37822571017298506,0.25563365093204116
Application_1571539418,0.6092734103509109,0.13559669433503707,0.20460059885203974
Application_157155173,0.7753748532247652,0.1375872285603134,0.23184072981875514
Application_1573876833,0.6475844490095958,0.20304213166659277,0.27847246319742647
Application_1575096564,0.3556801602916279,0.3985057049912889,0.291102252727542
Application_1575815132,0.5107203943992894,0.4021478553191099,0.29277980306094775
Application_1575897956,0.579423521685541,0.3858280655872214,0.2911214086709569
Application_1576631308,0.4729159752362891,0.3772386402827862,0.265595207117419
Application_1577555565,0.6555192781642982,0.19640139975936813,0.2596761499924233
Application_1577667494,,,
Application_1578090032,0.6652977264710582,0.37084292902301164,0.2327068374084605
Application_1579516377,0.5269409207265845,0.48164601935601253,0.2627226272958559
Application_1579588184,0.7424924223035557,0.12143593496305327,0.17889821523736243
Application_1580298940,0.5929101819033195,0.38120286379039275,0.26487315601761724
Application_1580674851,0.5015177193037085,0.3869331435019434,0.26242796475072944
Application_158230798,0.38092011995486036,0.3869889744032845,0.27271553872534493
Application_1583297793,0.6069350719833565,0.43700142440323575,0.26467361119693245
Application_1583662374,0.6523488497850556,0.4420899404481438,0.27271084842324267
Application_1584063031,0.7169882784744663,0.23993609327462492,0.36033428765766723
Application_1585601222,0.575425578994525,0.42697877579477356,0.2590942971497651
Application_1589247607,0.13779122110930636,0.10773068162086467,0.1257985173564506
Application_1591765651,0.5555182271940415,0.39388849578165563,0.2718195105485696
Application_1591900552,0.39423081803447413,0.27670155647995653,0.25623165968001144
Application_159263293,0.6151637896545844,0.3977265171515678,0.2608129313436979
Application_1594305363,0.5972285158532998,0.3215427841773485,0.23323153952005868
Application_159448414,0.5821611032751844,0.410671568365281,0.2813008011229937
Application_1595937456,0.5601358801824903,0.39260480071089676,0.28548009718511563
Application_1597614471,0.5795231594678022,0.3986562107176391,0.26995502633991403
Application_1597735097,0.08876195823924356,0.06104054193796478,0.10435719959909429
Application_1598726895,0.42655461486019686,0.39971929819113905,0.2759890230678194
Application_1599405351,0.5897234481960659,0.4479898102313036,0.27371602766921044
Application_1600155880,0.593148942619654,0.368583958202484,0.27048972944431665
Application_1600471037,0.3424262633832808,0.05031409477408233,0.10307452569473737
Application_1600982783,0.5578265152106147,0.39193383598468734,0.29248769175652345
Application_1601194488,0.45938587374843254,0.3716169927336473,0.25326210197051746
Application_1601395766,0.5348853645084389,0.3765528481386741,0.25291449594726656
Application_160157720,,,
Application_1602891050,0.3058817953479212,0.3565845234182611,0.2493956048263389
Application_1603793312,0.5897927130548645,0.4623439132174549,0.2979713291323226
Application_1604619511,0.584043792629628,0.3572626997897165,0.25406884198589136
Application_1604779942,,,
Application_1605473699,0.6368385188781155,0.1467129938905831,0.20431632994000032
Application_1606123452,0.3162263164151711,0.41467944162693504,0.2909038965594787
Application_1607880476,0.5615116658617307,0.41801306782593406,0.3887039705767465
Application_1609027595,0.6575960790045182,0.3858280655872214,0.2911214086709569
Application_1609568328,0.6374152265252767,0.37484752612874234,0.27611297611904406
Application_1610638954,0.5237809226489335,0.3885193985269996,0.25221633432967766
Application_1612452340,0.23071224786506922,0.598074054641404,0.15212881903642478
Application_1612709587,0.5700461818532196,0.3569251095192908,0.24028073444053696
Application_1613754741,0.6191423510082128,0.3124370072056181,0.2439249683501506
Application_1614113082,0.31326447033191934,0.3762683777123651,0.229996563835621
Application_1615509090,0.6697124835358386,0.358989564820316,0.18762562650919704
Application_1616117711,0.5776816409311584,0.33678101199871324,0.27369061431800734
Application_1617657859,0.43637935354230106,0.30691309048095305,0.28356604614542813
Application_1618215402,0.5173832559549033,0.4015335642096659,0.24840057640369942
Application_1619897367,0.4962885489278873,0.38515655880522676,0.29009374757034195
Application_1620539143,0.4552146558898575,0.4055483459679451,0.3273235725534881
Application_1620675668,0.5239709254756986,0.38396119719028626,0.31407351965330216
Application_1622160130,0.4157894716272438,0.46479717029956796,0.27139303356908484
Application_1623687781,0.5236543887207155,0.3979882430500526,0.2933451642929121
Application_1623704275,0.3805513369423316,0.4393810895027247,0.2674703027824098
Application_1623875695,0.5406485339082816,0.36723925056142426,0.2600840011658355
Application_1624152176,0.439060473173894,0.21327037325719225,0.2721373724143431
Application_1625456407,0.4797655509488251,0.40172528516948985,0.2940560869158808
Application_1626417881,0.6687836963872227,0.35710880695756314,0.2058645378082859
Application_162990347,0.5836076951552983,0.4303169212961816,0.2700000154461167
Application_1630913903,,,
Application_1630991786,0.6118368322125576,0.4182556174127833,0.2309030617064671
Application_1632505002,0.5236886278266957,0.3854552688574531,0.2725441879116873
Application_163281313,0.5377171932671697,0.44390725007109344,0.27556577563999524
Application_1634751250,,,
Application_1636152294,0.3862762882507012,0.40663723505018,0.31929162542490824
Application_163804730,0.6167659861393011,0.18730326107626408,0.27672922486779356
Application_1639814791,0.6174109340502176,0.43611897211822537,0.27606957177648905
Application_1639947439,0.5697925876377392,0.3684268560307012,0.29558304469445335
Application_1641565943,0.5117396313742322,0.3758341171804449,0.2808184388896434
Application_1641722976,0.34692339372072023,0.6203436943178259,0.16758014525471449
Application_1641885593,0.589973879097489,0.37631670602773537,0.2734352451595163
Application_164319398,0.5172971086548936,0.16679635018845235,0.19292214239278854
Application_1643995941,0.5399847531592706,0.3854834958677445,0.2817865727254387
Application_1644851848,0.5386740289127395,0.49778405131812187,0.3328286356753395
Application_1646642236,0.24750851338416,0.08935769685246425,0.11274500865967121
Application_1647108674,0.6181354961468788,0.21217974801496298,0.281166068079924
Application_164769477,0.4305223379573243,0.3933051920547071,0.2625846227327346
Application_164778672,0.10533502821846545,0.08383528204136596,0.0976812515638075
Application_1649699850,0.4813562978481325,0.3621488575523738,0.2460999006178384
Application_1650299745,0.5099617719173093,0.3758341171804449,0.2808184388896434
Application_1651085521,0.6633123197975072,0.11398395058865944,0.19137985653003478
Application_1651737074,0.5141962730011965,0.37768005676550137,0.2630978581732203
Application_1654318352,0.5130584727129479,0.43857157558105575,0.26804347934840217
Application_1654636815,0.4566774648469487,0.4026187411023409,0.30409403775642196
Application_1655641907,0.5416024071694209,0.3777386989123507,0.2884592520722131
Application_165594970,0.7028093611062207,0.5183382495633396,0.4374727875699528
Application_1656791018,0.5259777202382819,0.48384320905674755,0.3134410579093768
Application_1659913497,0.482573912193433,0.39774452046395975,0.2904982855443253
Application_1660705348,0.5587137329962175,0.4121472230352265,0.30842521847315824
Application_1662440609,0.46822655956856685,0.4060429806413035,0.2935010206094645
Application_1662487403,0.6152692397948898,0.3965222290044622,0.2693657805487558
Application_1663925804,0.5200878447255739,0.4436598139027958,0.2779199502673325
Application_1664236078,0.5401016335789058,0.4180774426052164,0.24521288566255733
Application_1664858516,0.1887698186703452,0.09672278854831626,0.11064253014156383
Application_1665515241,0.5850091094276085,0.4954145809479611,0.2871279964907406
Application_1665584404,0.4865838517865301,0.3591148974970081,0.22194813692812163
Application_166588001,0.5875942323671182,0.42576045006003466,0.26379731963860265
Application_1666465764,0.616164172835261,0.48892449326874504,0.32451328394656703
Application_1667989141,0.7394260622457773,0.13592123458264238,0.21300001038626187
Application_1669392427,0.5289036614534371,0.40321312830773176,0.29500271835611697
Application_1669477442,0.5061538967316421,0.3869889744032845,0.27271553872534493
Application_1670585897,0.4624369729966649,0.4109740272398211,0.2715514600311146
Application_1671150390,0.5194691549177116,0.29614785346250866,0.246393498244502
Application_1672037226,0.6007783151700439,0.21851483394826948,0.22139063759073163
Application_1675241784,0.4862132935448938,0.4462667607429978,0.26794474632927046
Application_1676999623,0.5210371952143259,0.4035006196904103,0.28640707176890506
Application_1677049820,0.5441870027137066,0.38295648942602195,0.29100827594870604
Application_1679927360,0.6655280163226437,0.3855744440066854,0.23700622504704663
Application_1680183215,0.24851411948132363,0.6393190018632879,0.16622107167698463
Application_1680533625,0.5347228727808079,0.36723925056142426,0.2600840011658355
Application_1681361801,0.5638451565824998,0.4343061425090121,0.31183301509769806
Application_1682480934,0.35010091712037106,0.49097973224096475,0.2926652606917881
Application_1684306378,0.6745261031347828,0.2997905870733864,0.24771738854674466
Application_1684479121,0.5411288799104519,0.4279213778666745,0.28224203701432077
Application_1684641986,0.5018429414656711,0.42477247344728275,0.27590367383585124
Application_1685478310,0.5127295399892219,0.36723925056142426,0.2600840011658355
Application_1685691745,0.5841217870829368,0.2621293801987795,0.276294089046748
Application_1686395823,0.4332475870850407,0.45038798920664247,0.2880731139892185
Application_1687448539,0.5559215538204711,0.4053569132606478,0.265075635068468
Application_1687637096,0.6528898568042965,0.4008687316026194,0.26924404832457394
Application_1688232773,0.1310253558151195,0.09016613130681234,0.11322134451557125
Application_1689074281,0.7246690898978263,0.15488953559872487,0.2082783310514009
Application_1689701428,0.5676124864190438,0.4223460685067438,0.26378292795629854
Application_1690391662,0.667743255682816,0.3088153736675922,0.24921388275742548
Application_1690998892,0.48174569786481863,0.39847117907487245,0.290828723409622
Application_1691065242,0.2743591031970704,0.3801006919522093,0.28508684336600315
Application_1693078902,0.3823329392959805,0.6298047833762217,0.15942259239388018
Application_1695492315,0.4716249463520747,0.4144879139816683,0.2765296552986676
Application_1698334648,0.589098682151914,0.42706774560164174,0.2755548790707718
Application_1698620256,0.4181096027905941,0.4471548660828272,0.2857397068231687
Application_17002468,0.6102700154195657,0.42697877579477356,0.2590942971497651
Application_170273491,0.5646745448409166,0.37563852965628003,0.26842333481506375
Application_1705844076,0.5529160883315805,0.41614625187716936,0.2767329345090545
Application_1706866981,0.6147488919903208,0.35731217822824374,0.19617927332505739
Application_1707866152,0.22841201808702524,0.6339692522016422,0.20495585996714438
Application_1709823125,0.5790334366280333,0.3689574610047782,0.22847203281180256
Application_1711303027,0.5663406529332385,0.3701676384685245,0.2729450047957489
Application_1711861534,0.5571856215004455,0.42701204908317003,0.259216323862562
Application_1712201753,0.5824884813376472,0.255524150441829,0.2514002102195857
Application_1712515047,0.38646370125185464,0.5016436037654054,0.2826231624174394
Application_1713151358,0.5582999632121535,0.34158610378175974,0.2875640786112714
Application_1713552898,0.6352248063770085,0.336736016757191,0.1945248266628405
Application_1714501335,0.5601587084597575,0.39901186653005605,0.2773311748664496
Application_1714608768,0.5022623446883508,0.46766618768166224,0.27338114541703834
Application_1715427761,0.6271167834368131,0.3979221736727201,0.16727392941032687
Application_1717915911,0.48915740153967846,0.46766618768166224,0.27338114541703834
Application_1717953510,0.5257665785115014,0.3616300671836671,0.26637527840934677
Application_1719088576,0.3775109710707016,0.49181758987682106,0.29623344497985443
Application_1720955378,0.6137570746628308,0.35699260513264447,0.2878438985612758
Application_1721325720,0.5626701631436063,0.3667740593492023,0.2704917347015171
Application_1721495711,0.5406592683690088,0.5113051560712194,0.2904746176825686
Application_1722936368,0.5222654894397379,0.5685225531019664,0.4069240519240952
Application_1725718103,0.5339644246791944,0.42128185448357575,0.26501232047464346
Application_1726057618,0.6039826334142528,0.3562801409474365,0.22904255532509774
Application_1726750534,0.25466559968761343,0.6222175867587062,0.16447169148619956
Application_1726806352,0.30120661575596747,0.45303729596665576,0.3462136831992883
Application_172695266,0.2633022787891934,0.48411077113527734,0.32428663043017447
Application_1728000220,0.5989997016662404,0.3944137105412405,0.26281862876796247
Application_1728090308,,,
Application_1730778542,0.3992171224967476,0.3761741588334736,0.37961537089015546
Application_173122257,0.45308311825080894,0.5011225957436516,0.2815220204731583
Application_1731267696,0.6808386020129804,0.31189735475093405,0.23426448667860578
Application_1731879894,0.680177936309467,0.3105327441589424,0.20597659945452096
Application_1732543782,0.7994555337133753,0.15286865521706847,0.2503973882040396
Application_173259774,0.13450936843834826,0.23935257723653308,0.3191490455416381
Application_1733106091,0.06935496193912696,0.06497391575863816,0.09758435037048112
Application_1733732825,0.6046575690698069,0.4127958929022545,0.309667835202303
Application_1733949639,0.542031647959629,0.46873242019002054,0.2713006080940662
Application_1734771669,0.605217686916197,0.1218657090142263,0.187831938663862
Application_173483337,0.5094983254874161,0.39705578497392835,0.2872434890959532
Application_1734947142,0.4799651313135089,0.35763307549639506,0.2787004615931091
Application_1735095439,0.5389649326694851,0.40031883684031716,0.2629316745828103
Application_1735566698,0.5849268983643419,0.32668233678761094,0.304224691963735
Application_1736444832,0.6444938071565569,0.4215884835865669,0.2909478564191234
Application_173679501,0.3592431748678807,0.4034273742723616,0.2827757911745647
Application_1736978527,0.17335240173373492,0.047852813798370385,0.06117198375057449
Application_1737095579,0.710604213252002,0.4460327820327925,0.27886054834575447
Application_1738270116,0.45488827285710487,0.4945667964068311,0.24216559533760182
Application_1742866950,0.4003526459198755,0.4238914721563858,0.30685028136149894
Application_1743002787,0.353222178837622,0.40092449348150544,0.34132620863729257
Application_1744217682,0.6501134540103773,0.40682960907993204,0.23658433906228354
Application_1744764747,0.4579311061805217,0.38488845713399694,0.2566449280211366
Application_1747759228,0.09035115713916936,0.07922734206476302,0.10050148287324828
Application_174900979,0.4487468742456284,0.3862477535980776,0.29296310572519496
Application_1750066014,0.5150709018004547,0.36270511398201966,0.2619765735524484
Application_1750611156,0.3087373743790878,0.375477816701153,0.26538272814436287
Application_1750932659,0.6437284256284148,0.16077965556745555,0.2378316510020813
Application_1751483231,0.6305658891164121,0.25064902875752065,0.26303994076230935
Application_1751490782,0.5564082890623999,0.39743412693112695,0.2931233167734246
Application_1751546737,0.27890479984939853,0.40169909299543394,0.296753328139939
Application_1751763296,0.6121639078824227,0.4314494719226638,0.2696777037399108
Application_1751900898,0.608867065692572,0.3902620192747803,0.3042488204586262
Application_1752144011,0.5126580596914115,0.3709690294607185,0.2622051623468061
Application_175406399,0.5661428307898725,0.3842070402677832,0.280221467972666
Application_1754660645,0.5515448825643247,0.4111592188030856,0.28040666372221235
Application_1754878754,0.497939132756354,0.3977883357353853,0.24994152930909103
Application_175544437,0.4950169072950853,0.2666305626646576,0.28644887770496114
Application_1756143119,0.3166150172155791,0.3869889744032845,0.27271553872534493
Application_1756698619,0.3394056162225375,0.361422198941461,0.2458203358044711
Application_1757112551,0.6133147360090063,0.4288598710072732,0.2515783311252398
Application_1757332206,0.4999018339922273,0.34724556114120975,0.2533716737645439
Application_1757787329,0.5567584525036067,0.3614853021591507,0.2739801496651472
Application_1758466018,0.5300732956533957,0.37836032523505,0.27289875284469245
Application_1758628504,0.5186428461184965,0.5042533514238698,0.34492191994678495
Application_175918237,0.43043218744459116,0.41097885441998383,0.2821030756668561
Application_1759206616,0.5866118244312396,0.39684269219914736,0.2773204618176216
Application_1760810906,0.598421660644407,0.41407454961493,0.28307880189415324
Application_1762899868,0.5988228842490662,0.4143688249406214,0.2874369324307467
Application_1764494728,0.5532210431613579,0.36806004680706905,0.26119211371087353
Application_1765577987,0.5638226434246996,0.35845714857186006,0.2578624204596634
Application_1766681398,0.5874153286252498,0.4259221070113887,0.2801734674197074
Application_1767608602,0.6816508698705471,0.2507935528155649,0.2884120410206825
Application_1768409536,0.5719142806941345,0.40544332374746406,0.258658713925261
Application_1768718354,0.5968700338735384,0.3667740593492023,0.2704917347015171
Application_1769060911,0.5590886450388216,0.3989123910589934,0.26569127032734857
Application_1769939835,0.5497519317094273,0.39364641274849305,0.2656910084739747
Application_1770364291,0.542852311959683,0.3352997000253037,0.2758884544200456
Application_1771092914,0.5516594703194546,0.4133581764801321,0.23886464148287362
Application_1771690507,0.5703700942120161,0.3945096039220851,0.27580561090154465
Application_1775620157,0.4455226861179463,0.3825744706484434,0.20422797492432881
Application_177572366,0.502445781595232,0.40368084677974786,0.2688524061713484
Application_1775767690,0.42873817324518015,0.3908307617075207,0.2938157410086897
Application_1777192556,0.5682066681558222,0.35979347816111806,0.28519619528347556
Application_1777715425,0.5218531838604653,0.3719752225669637,0.29209020034326416
Application_1778205577,0.25700358878395635,0.3880346132935421,0.2921923290003119
Application_1778799137,0.5552741425094802,0.4139027107303118,0.28287788294341937
Application_177897578,0.5980106178778023,0.3358179063609462,0.24413242603398036
Application_1780196758,0.573478591970178,0.3869295220416538,0.2910058314531027
Application_1780269777,0.5614333860386853,0.41591807025212324,0.26116055706916774
Application_1781081103,0.5393416805402182,0.38345427874264204,0.2572800384361332
Application_1781374917,0.5105322100409663,0.15895609986931986,0.22073898849198773
Application_1781623698,0.6683066325982769,0.37621838266054486,0.26045682412746435
Application_1781633903,0.11946541614491184,0.07802933598857371,0.1078654491295166
Application_1782952770,0.37906415366488655,0.4693895055785672,0.2515374307867602
Application_1784815865,0.6022885656828495,0.3628477998160181,0.29000243252258595
Application_1785468553,0.653191766713619,0.3858998936191077,0.3172092837238575
Application_1785650204,0.5452868689315601,0.3923991717600119,0.3166210709924977
Application_1785860221,0.605298393980716,0.46879621642632496,0.30160050156242446
Application_1787983531,0.47127389620743115,0.35953746764662814,0.22098488988287487
Application_1789934601,0.5334498214046396,0.15454709340586478,0.18948924408839593
Application_1790721805,0.47559797787646774,0.38117795904701035,0.2654852172577586
Application_1791109196,0.49866195917251316,0.4040331888167761,0.2546237888569631
Application_1791210166,0.2628704141139759,0.601373823595292,0.15369903489960698
Application_1792123382,0.5214354751873472,0.37127354705570254,0.23450765946473726
Application_1792327676,0.441036195848759,0.3910542119046342,0.2526848246761362
Application_1793173151,0.16679461547134547,0.07788283852799965,0.07814231521997435
Application_1795986679,0.6264870137526274,0.3951935162650819,0.26248010092369606
Application_179601498,0.3059872792791621,0.4127804341688357,0.26793593144334477
Application_1796290207,0.40133158901747173,0.4015335642096659,0.24840057640369942
Application_179713283,0.5711586693724162,0.39270701418712556,0.2742521210655385
Application_1799331916,0.32986778106737585,0.3618447690910811,0.24475370678869554
Application_1799654594,0.5377419641786865,0.4653584846898847,0.28332650107428775
Application_1801593563,0.27686519746112254,0.27122587218777044,0.2747886559479617
Application_1801822059,0.21254767887491355,0.2481898825496835,0.3185366092012054
Application_1802283850,0.4508129816838166,0.2872214667683285,0.27240208194740406
Application_1803710713,0.6367696411294886,0.15913375625357,0.2530411304556197
Application_1806449930,0.5859858937757925,0.46816985344681045,0.28432466738644097
Application_1808705800,0.39145513301503837,0.41320011879615254,0.31705621047160787
Application_1811471028,0.2980520582785198,0.3591148974970081,0.22194813692812163
Application_1813502823,0.21293451430054602,0.5925005223884542,0.16451448624149284
Application_1817080595,0.49748571577747486,0.4140112062027401,0.2765819310659011
Application_1818700890,,,
Application_1819007640,0.5772586669852797,0.4842549930731835,0.3169990769661107
Application_1819504615,0.21450620667988712,0.6623115452077835,0.20413680572882853
Application_1819818177,0.531729913453694,0.396477159563173,0.2667280606950595
Application_1820504290,0.5824909402953282,0.35837983346766333,0.2520846445285635
Application_182066441,0.5539534086105803,0.48398992077828373,0.30626627312735516
Application_1820733336,0.5791138596887024,0.4053569132606478,0.265075635068468
Application_1820883466,0.5817261106335994,0.41611026481264285,0.2899179037834883
Application_1824209977,0.133125141879578,0.13656391578182264,0.11866161484444926
Application_1824747835,0.22394091120786105,0.053013510266654885,0.09892142004008386
Application_1825309879,0.10643819437883975,0.16459045234593672,0.15696717330510201
Application_182597722,0.569174420966891,0.40248542025923745,0.2689513016139602
Application_1826347954,0.519345122210574,0.38352105560606686,0.2713682652542162
Application_1826390013,0.5782442503940285,0.4018050757803818,0.2657151306985995
Application_1826620975,,,
Application_182712917,,,
Application_1828404203,0.535773709018687,0.43265424874629554,0.2961535409457421
Application_1828802183,0.5021223982735405,0.39994946898253236,0.24610523366470943
Application_1829392718,0.5398529449703269,0.4173733043205166,0.2537494885522394
Application_1829492040,0.5511449075274025,0.4659022680874152,0.3166813483840177
Application_1833582857,0.4886820334721808,0.36117131551390574,0.23842204147428828
Application_183481406,0.5166033763333798,0.36197845537110696,0.2616798319634239
Application_1835611863,0.7317009302343243,0.1112253090229202,0.18451902530616196
Application_1835983478,0.5802339974996945,0.40544332374746406,0.258658713925261
Application_1836482704,0.12225585611146599,0.015100099951896772,0.07369958988734816
Application_1837286038,0.5854590868811136,0.4893470634183652,0.32310555189230233
Application_1838182698,,,
Application_1838195672,0.5411453349364004,0.45429911875247136,0.3056145151675058
Application_1840472630,0.30679002740203015,0.23660117972856085,0.27590729526063634
Application_184143337,0.5456614549932706,0.38153868071309277,0.24035222447636076
Application_1842271625,0.5297349566813314,0.3810956016370321,0.29280089246059
Application_1842370876,0.5470709213739634,0.3998883940531289,0.25854593950349786
Application_1846291324,0.5097804555736397,0.47959758025587507,0.27392573208944393
Application_1846693519,0.5852857323872824,0.4033245944208616,0.25754512264661733
Application_1850153393,0.7107401882458944,0.3686905124802736,0.20372313391946956
Application_1850714835,0.689954104065501,0.4739688338966796,0.3524627750767816
Application_1851360212,0.739193323198464,0.25704742434724676,0.30030580719417554
Application_1852538604,0.544619215038426,0.39589096965789117,0.24309403581395925
Application_1856006798,0.4099480964492819,0.4192829375249884,0.31008428944255284
Application_1856344011,0.673319328204156,0.371021245281435,0.27487629988367834
Application_1857366417,0.44586387462942056,0.44103591394937736,0.2789316134324517
Application_1857513367,0.5357079684090306,0.5269881913966151,0.33489585083747414
Application_1858211642,0.589448145366091,0.3599067627132025,0.22555568629579012
Application_1859387169,0.49773597461751834,0.42513757810957953,0.2855871846849962
Application_1859431929,0.575585500681966,0.4537662898352225,0.35332352323863614
Application_1859537046,0.567162936786532,0.4004150312757059,0.2650123397595564
Application_1859784683,0.6268140866444541,0.3137102076533561,0.19660026350689044
Application_185981374,0.613746411783406,0.22274573363298597,0.29365754323767557
Application_186021788,0.21053754144760842,0.6024408756919932,0.15065229081098627
Application_1862468287,0.5172930232728391,0.4432899069794359,0.2768693306787415
Application_1863192115,0.25645122781177554,0.06357554342227209,0.09179743744316621
Application_186381818,0.4752113037899257,0.37518301447536245,0.2848271890591037
Application_1864868732,0.55174690993482,0.4216370608787511,0.26861298741204237
Application_1865080562,0.4673732873505374,0.4510653255537327,0.31085514431018674
Application_1865256281,0.4784769097950759,0.39816709061357974,0.2892375594862694
Application_1866125313,0.48820223180040756,0.20506197645772387,0.21447643136652547
Application_1867093856,0.6427958414923818,0.1848069546486091,0.28962316871509725
Application_1867138516,0.5664091488544697,0.4237067321553159,0.2766082514704442
Application_1870118526,0.11402713466667083,0.11294425981645015,0.11969668374079734
Application_1871723330,0.5313810610717851,0.3676655339786351,0.26253274384316383
Application_1872244741,0.2820486837686852,0.6298047833762217,0.15942259239388018
Application_1872345916,0.4854356684186154,0.3621488575523738,0.2460999006178384
Application_1874674743,0.6103162126510083,0.3982045753312515,0.26664407647075217
Application_1875782782,0.6788028703622381,0.30359035128569123,0.19863801939073483
Application_187611464,0.46700588908038726,0.3684322567027996,0.2619810923763968
Application_1876138473,0.569198591216641,0.35128354399168293,0.20994348805550955
Application_1876836940,0.6281028366291,0.17372558090525023,0.2204541980522881
Application_1877362067,0.5399787884420189,0.38488039821505005,0.2504855036290352
Application_187778549,0.5749895224708123,0.4687247511725775,0.27729753659637557
Application_1877814469,0.5180227356438043,0.4845467930757639,0.34028763710464016
Application_1879232225,0.217054489883628,0.5908716771749172,0.16479125965868188
Application_1880895995,0.49269712308262825,0.37728866485598117,0.2635911134845542
Application_1885130117,0.5455631784245987,0.3845757123046963,0.3020507929043663
Application_188726425,0.6375293832007924,0.3859970141563055,0.23597767502941125
Application_1891680505,0.57228500232637,0.4190871769731543,0.32982801367979175
Application_1895159318,0.5114680981448658,0.379762615700664,0.27069469760169473
Application_189631764,0.5696881837258447,0.37020287529622303,0.271405852426686
Application_1896375934,0.5594389246432608,0.35753735878744275,0.2519690162697965
Application_1897975199,,,
Application_1898457792,0.37654325558566043,0.31128142761577954,0.2926642892461565
Application_1901752708,0.3368798608236435,0.2133611760134019,0.2660251275979814
Application_1903689163,0.1189446513207093,0.14040945375959923,0.13387365887589156
Application_1903879559,0.6595391355078001,0.1737296869644772,0.21657116976065793
Application_1905372994,0.5276250759337242,0.3725386585044202,0.2525957463508086
Application_1905967471,0.6531753450527273,0.4046284502447043,0.25508858509859184
Application_1906109703,0.42928615599405356,0.4142979561219821,0.25589172134467475
Application_190734181,0.5272771306061917,0.4095646238327646,0.21707992551184888
Application_1909723515,0.5549682830772972,0.3924098676716969,0.27530322843624727
Application_1910023757,0.40172622467890784,0.46618504159366314,0.2698982181911541
Application_1910885918,0.568887830027693,0.4227934706964868,0.2832648222439176
Application_1911285022,0.3724639986376386,0.31874488026107717,0.30566821320650583
Application_1914483239,0.6441681803222945,0.4161700645657812,0.2972753498905038
Application_1917257899,0.6654473759290656,0.4333641737354649,0.3392794034269805
Application_1917346060,0.6068975275778022,0.3239215830766551,0.2667128887950548
Application_1918491897,0.5239992899176412,0.3684979483990384,0.29950300965328774
Application_1918741535,0.5010815361571354,0.39935170690513144,0.29115308503278053
Application_1919362220,0.5734402263496331,0.4132968971014507,0.2793394488035693
Application_1919805494,0.5784052675493859,0.3945058766312453,0.26265760855092585
Application_1920062674,0.4624054082617644,0.39737259900715916,0.2655081197486015
Application_1920137077,0.5814628693263311,0.40860061092995165,0.2818396110440844
Application_1920432865,0.5202615300863318,0.4059708036621739,0.2552204234588523
Application_1920569696,0.5068252193984749,0.3762683777123651,0.229996563835621
Application_1920623384,0.6138883699160684,0.41201653159340124,0.2715084275158863
Application_1921489029,0.10721625576673043,0.13471705011504895,0.14881123156312992
Application_192191311,0.5519908201103908,0.28634690739657487,0.3062644019001452
Application_1924151739,0.5690621054752066,0.3737215049604693,0.29585308950891553
Application_1925108895,0.5782553746412595,0.4199942779412167,0.25353856983267836
Application_1925475950,0.5690433650060871,0.36874042463027595,0.281020140588065
Application_1925894693,0.6584536362937872,0.45675858559168614,0.33608808903277165
Application_1926626369,0.5109474775889437,0.5484375445051188,0.3657037846091781
Application_19269284,0.6795545459683034,0.2956257906539568,0.19612139851234042
Application_192716320,0.4829042421615509,0.3977702759873933,0.2471706711297779
Application_1928577170,0.1575393137374952,0.0950426550659157,0.1335301370514348
Application_1930612093,0.1544762314688952,0.040314783148183174,0.07750943832574986
Application_1931050520,,,
Application_1931739679,0.5351555900050746,0.4652117729683486,0.28997278189156267
Application_1936633108,0.5659565817263964,0.36461992192756726,0.2552046593508664
Application_19378013,0.5208205870683886,0.33119028254476945,0.27171762275822964
Application_1938909971,0.3685320453490332,0.41204647560043917,0.3206496731332552
Application_1940707964,0.4137062560629194,0.4467389483438232,0.2854741351857975
Application_1941614665,0.5542093749286056,0.3675007179601151,0.27079929195820585
Application_1943498805,0.589125385816026,0.475156408956642,0.30382097340134595
Application_1943739799,0.40427289560376656,0.3791130843755608,0.2687344113510789
Application_1944447595,0.5184556494302482,0.44907418605111965,0.25318761337160167
Application_1944896918,0.5643525571518261,0.4623004843374502,0.2864286619553074
Application_1945451645,0.4318333765447018,0.37427124591160155,0.32212784731776845
Application_194564472,0.4850919629586595,0.4175854667527415,0.2665834633780675
Application_1946538188,0.5637834979185817,0.411365534096674,0.2771005650618057
Application_1947622904,0.6707665984311164,0.30927132100090543,0.19366547489017086
Application_1951442644,0.6496847854088971,0.3114702880317526,0.2336406856002485
Application_1952474346,0.39656086605655777,0.2858158471402934,0.2950144666926837
Application_1953215776,,,
Application_1953871052,0.3993505836125561,0.3907104133014824,0.29171448353145374
Application_1954655928,0.5424013731540999,0.4963046098994339,0.2876217930208838
Application_1956063682,0.7053459263749253,0.37120059417097784,0.2486335909535472
Application_1956665823,0.6671737981875766,0.1993363475574819,0.22721174325672996
Application_1957651168,0.5309984533826345,0.45950943624726753,0.25217353781844876
Application_1958611901,0.5058137163155446,0.3783422283894756,0.25000271596546825
Application_1959536677,0.687479821993738,0.15460750172031731,0.21383444984487165
Application_1959538261,0.2049645545660187,0.0578664716751577,0.08638553000987098
Application_1959777138,0.48322799024584384,0.3672631977820264,0.2535310880305914
Application_1959968858,0.5520573131705614,0.3649688593617129,0.2629286453789073
Application_1960245250,0.5538246243814408,0.38327614245868774,0.25120793242909517
Application_1963302945,0.25496439205009397,0.6037851401978163,0.14711348201604582
Application_1964644191,0.560311780781647,0.38107022267207846,0.301387901105908
Application_1965608734,0.5357801533849479,0.48164601935601253,0.2627226272958559
Application_1966193141,0.5397402421490496,0.3836739281655862,0.2746549959390811
Application_1968934644,0.5650345447224726,0.37373768206871344,0.254668383999034
Application_1969335807,0.5355310232479995,0.427504294204062,0.2667587064124759
Application_196951548,0.1989655465597438,0.013728593470411526,0.08955823856433012
Application_1970086923,0.4913421440666811,0.478541207165887,0.31939004359096285
Application_1970302335,0.5445444247151502,0.3876536695777653,0.2548474393755535
Application_1970703703,0.4459963101280859,0.47549342875611983,0.3867363661537015
Application_1971226606,0.4826844145269364,0.38120286379039275,0.26487315601761724
Application_197126464,0.2066962211328578,0.5938510275597156,0.1649287275988431
Application_1971362714,0.64790936836974,0.45068833502782646,0.3008901387626992
Application_1971989358,0.49835464725650014,0.4649359145402648,0.2845611093527816
Application_1972046847,0.5767117673205093,0.31767160896087754,0.30679934335882275
Application_1972637504,0.5481728982251793,0.3950375818385591,0.25937372292561495
Application_1973871032,0.5701557648373174,0.37738812437642827,0.301918558287713
Application_1975160417,0.5894961274345413,0.5034081295566023,0.34103774610558263
Application_1975504088,0.1757084963334353,0.46952334253806416,0.3330314253683188
Application_1975819852,0.6605560424826176,0.19048723098431103,0.17065158276064546
Application_1976004129,0.6119128132011336,0.3233515926682828,0.30686305201415187
Application_1976127206,0.534859763051344,0.3943906062723943,0.29020193000496036
Application_1977502639,0.6750287826956599,0.27593548333018575,0.19784288496034508
Application_1978331738,0.5099319948306611,0.3984886949807479,0.27397176469607537
Application_1980887074,0.16156061507810887,0.058040380445588055,0.07097216315337339
Application_1981121598,0.523227842999651,0.4601354526865292,0.28678522487250857
Application_198284297,0.5597054390529421,0.4015742560257218,0.2675110918191071
Application_1986394502,0.5556289584057795,0.4387408821898651,0.29415144944763727
Application_1986459524,0.40781579945373847,0.46732754330082205,0.3083621477672689
Application_1987831323,0.42769717095018833,0.3786905142259407,0.2699057442675926
Application_1988195018,0.5759015394557985,0.3830360309710198,0.2662159315767786
Application_1989234441,0.7263573024604828,0.40431583717862535,0.20661237763844953
Application_1991464898,0.6024751910187802,0.3624084593022718,0.23021155782955074
Application_1992619767,0.5475963472361605,0.3952468724018717,0.26902956758605556
Application_1992867148,0.6812184411934258,0.3033043370547625,0.20780576129042272
Application_199304010,0.5209270154240154,0.42302187907164435,0.3007941090871261
Application_1993192295,0.5715714523336958,0.38927063694647684,0.2741189307910179
Application_1995644843,0.566568955979043,0.4287755047433059,0.2644818776902456
Application_199635820,0.4277281260882499,0.21925344051960124,0.1780003477263263
Application_1996843325,0.6022480533342918,0.46013126565158036,0.3732292167809663
Application_1998307400,0.4471198221214333,0.389182388451826,0.29548398985675595
Application_2003767759,0.6600693675727766,0.2006025146403559,0.27342708369103247
Application_2004089393,0.46212116058684855,0.3962619554289263,0.25872186145391546
Application_200417599,0.14515663260723158,0.05883151914680097,0.09523755348691303
Application_2004968371,0.48560303946840055,0.398928275140909,0.2898389048473503
Application_2004973545,0.414726653770521,0.45939223963338094,0.29141592676341516
Application_2006713022,0.5229909959678434,0.36810109218775466,0.26321396156869775
Application_2007562055,0.5321657258787201,0.3621488575523738,0.2460999006178384
Application_2008203162,0.541949124044348,0.39510383821365724,0.25914264231710654
Application_200942443,0.5442716723533311,0.48164601935601253,0.2627226272958559
Application_200956558,0.501032939097451,0.39655550893917146,0.2875435349364067
Application_2010104450,0.5564443149803553,0.4340470075310015,0.2773408473753085
Application_201115305,0.6640089961108321,0.37690575892373906,0.2417171156360209
Application_2013830829,0.5869552187058299,0.4007705251959389,0.2653261739533645
Application_2014671768,0.5583193857393373,0.4114014245696039,0.28087876817153173
Application_2015161420,0.5520529855394323,0.3922848965434843,0.289764570281153
Application_2015423706,0.5246240992773245,0.36241523477447796,0.27908705184449895
Application_2016510614,0.14383270264641151,0.09529735291482391,0.10359876059500094
Application_2018809027,0.5114640932612943,0.40172528516948985,0.2940560869158808
Application_201975224,0.5493903020586314,0.3603045357054406,0.25534319936128724
Application_2020541045,0.4952101987028649,0.38117795904701035,0.2654852172577586
Application_2020581879,0.5322211604552873,0.4662094797614535,0.27205678164759983
Application_2021390880,0.7750263322443655,0.09303455208563631,0.17545317209382025
Application_2022118906,0.6611927347833275,0.1797008481390578,0.236946881373625
Application_2022507317,0.08553191340451634,0.04789419274892883,0.11077818341491634
Application_2022755119,0.14404315649134014,0.029702326970551203,0.06217674417770858
Application_2023468525,0.5464635006618651,0.3743178417265582,0.23291076618850967
Application_2024244758,0.7194251913569752,0.323291822024549,0.2444285573550529
Application_2024477286,0.5896732327758792,0.3669993918939379,0.2779566435642206
Application_2025018320,0.48463707715684184,0.40289962156103754,0.27784348862983627
Application_2025703180,0.1121398345069436,0.10437745665539089,0.11662400184534072
Application_202572480,0.6910939971310452,0.31556023792791915,0.19546427232869626
Application_2026841022,0.10174635496625158,0.07745077658166659,0.14181675814613062
Application_2026952165,0.5472693445607971,0.36117131551390574,0.23842204147428828
Application_2028180559,0.17608811143486827,0.6409569126119635,0.2534622131826931
Application_2028590322,,,
Application_2029271670,0.593535754139411,0.39337184796457714,0.2506723864213128
Application_2031841757,0.6401707971198267,0.4066268491612828,0.2720192399077756
Application_2033120546,0.5290426270374932,0.47629905955059676,0.25479304856013446
Application_2034295537,0.11485489058463023,0.14009591498854426,0.11992703272465834
Application_203590810,0.08946354078329774,0.05185404129233949,0.09877307899284148
Application_2036474370,0.5778031179316584,0.4647892028187285,0.29123581534376825
Application_203678331,0.5523484648239061,0.35816894998621374,0.25436050737110716
Application_2037954458,0.088095443865733,0.18687054679031767,0.13120225675992073
Application_2038146278,0.5923448858029651,0.30073448744361925,0.21965144187888627
Application_2039657007,0.41920089512689707,0.23092361431742772,0.1875853951615902
Application_2041306952,0.5553179854456721,0.4007414069899372,0.2617905342522278
Application_2042834818,0.5452649565292585,0.3677032008193424,0.252465940176224
Application_2042847086,0.4664034807450582,0.3915371860421534,0.2940640221876093
Application_2043967522,0.6885293858020912,0.10319995575719816,0.13561772536393235
Application_2043974733,0.5652524840470995,0.4033245944208616,0.25754512264661733
Application_204408152,0.4549736994810792,0.3739920748327944,0.26978258398608645
Application_2045954559,0.4997144156398113,0.37461262794888767,0.28973887593366093
Application_2046501407,0.5535876662177586,0.36590048312836676,0.25385738212175135
Application_2046683533,0.09094136043159877,0.07434131519089257,0.11928279794490611
Application_2047886665,0.10649207580707311,0.1157773641144183,0.12332480447026305
Application_2048027930,0.3451086293199825,0.39774452046395975,0.2904982855443253
Application_2048171626,0.677420825785453,0.3236592470217897,0.20880167073758085
Application_2048278308,0.523597440010352,0.3684979483990384,0.29950300965328774
Application_2048323360,0.5453817636321696,0.366406761537067,0.2648280994779338
Application_2048381730,0.5326081573555589,0.4236165924307125,0.23642423857394895
Application_2049849151,0.4882393263895662,0.36117131551390574,0.23842204147428828
Application_2051550880,0.675411181822652,0.30035352062506343,0.20737860943146255
Application_2051799809,0.6814698184878812,0.31536342706746473,0.26519547859719117
Application_2051951033,0.5677411285157639,0.38206352708844626,0.2627898221559829
Application_2051974818,0.6004511081063617,0.42449732998548306,0.27839001563925897
Application_2053272389,0.5730111579529238,0.41499300129298256,0.2576880434312085
Application_2053888323,0.33526729366128283,0.37254327361508677,0.2579300231772341
Application_2055100599,0.46036003846540247,0.38047620517948,0.26457225207195073
Application_2055157815,0.513879892386862,0.39847117907487245,0.290828723409622
Application_2055185181,0.5531382884294654,0.36726368763182504,0.254010260868827
Application_2056174200,0.46871171676576096,0.41456786775084586,0.26808464474647875
Application_2059632280,0.5225744024094127,0.39803808678679337,0.29015788201714754
Application_2060708769,0.12427366728898707,0.08411363913948042,0.09242641477779763
Application_2061020149,0.46937665527362193,0.3869936748834114,0.29840070273617364
Application_2061502784,0.5705968523994054,0.4345371463740205,0.3209146488087705
Application_2061784142,0.5017622588215682,0.3985057049912889,0.291102252727542
Application_206222910,0.5817122047665559,0.35981893572456697,0.29319961757994734
Application_2063179478,0.6322305863163581,0.28297167387282857,0.2885277951799522
Application_2063828851,0.533957527581937,0.3486483031468122,0.28901769902805496
Application_2064798594,0.1524544326934944,0.146389195678916,0.1268286626286946
Application_2065559138,0.6062063053346788,0.43342236623939645,0.28529748713250047
Application_2066939992,0.5177333513178014,0.38368314803693476,0.29133926381274344
Application_2067187791,0.43759150224003074,0.5124834527151012,0.31824839157054263
Application_2068853058,0.5444241537084472,0.41509254298185916,0.29030029510349786
Application_2069481439,0.4547502767612834,0.3427827123472409,0.2720685234369253
Application_2069545303,0.12601899748321146,0.08541438142988064,0.11373239052726024
Application_207185826,0.4711842077305329,0.39445279290540747,0.2588349404063592
Application_2071863649,0.5871998200415777,0.4265636040052838,0.3082222191409344
Application_2073034588,0.6545640346723907,0.3194206553978182,0.24136036208767106
Application_207339253,0.5598607712906524,0.3642526454208571,0.2682918808077866
Application_20738828,0.5757933138149428,0.3894778787516146,0.29735522818290017
Application_2075014351,0.49929606648021635,0.3924451624723305,0.27763791211399047
Application_2076314524,0.5985466081631701,0.38546076777508603,0.28503002301975694
Application_2081068908,0.5556296486564267,0.37223386811044207,0.23781275231010654
Application_2081457336,0.6008843928176532,0.4208899916770383,0.27988140336930034
Application_2083683673,0.592075702415395,0.47138766626507766,0.30255107336797094
Application_2084259712,0.5879700303583105,0.37789513402282815,0.2838140140473963
Application_2084774321,0.27251558024485273,0.6523493814831948,0.16301937943423325
Application_2084907175,0.6649811733732626,0.1569727739459214,0.22931769620980227
Application_2086545012,0.602274451956637,0.40031883684031716,0.2629316745828103
Application_2086686091,0.606801224581016,0.441363281837231,0.27240101887589835
Application_2086754710,0.6499738717134365,0.47155010362318395,0.35738776230898234
Application_2087006463,0.5974201688075543,0.5223263490288863,0.3324227840994843
Application_2087713022,0.501316641524954,0.17876629214590856,0.21096762955285447
Application_2088099791,0.5241593101943472,0.4050868238503071,0.294676414872005
Application_2088969676,0.5460109816848344,0.4652117729683486,0.28997278189156267
Application_2089315207,0.37049033215058996,0.2673239419440918,0.2785589984655427
Application_2089979544,,,
Application_2090544740,0.4650492960302583,0.28104133440187684,0.2483050796731655
Application_2090776603,0.5354065149751288,0.2268475874272622,0.32131826878339037
Application_2091145908,0.43743744568406406,0.3786905142259407,0.2699057442675926
Application_2091517201,0.6680387671348837,0.30940535960011795,0.19318299949793122
Application_2092228035,0.5788125263911154,0.36986687835929993,0.2676053716868061
Application_2094441836,,,
Application_2095793548,0.5266240721354757,0.4113001426837365,0.2900923049808589
Application_2097115739,0.6101633267630044,0.3578885537273584,0.2486427224213728
Application_2097420356,0.27669950883291045,0.382581155689544,0.23172353020990943
Application_2099334395,0.633454741861899,0.4460327820327925,0.27886054834575447
Application_2099511368,0.5813576758978506,0.3692425151240592,0.3034704300075366
Application_2100311621,0.5839371531031633,0.2932793126572096,0.2340107074678875
Application_2106173395,0.5856729916239142,0.3579893584006292,0.2543575604017593
Application_2111973389,0.5023119167282327,0.3704688014745679,0.27801432156697015
Application_2112573494,0.3384174631930089,0.33382504913610817,0.3131158028936932
Application_2113040289,,,
Application_2114671174,0.6066941689298382,0.4314494719226638,0.2696777037399108
Application_2115042059,0.2818882481409544,0.37587247576939664,0.2663742061122364
Application_2116062822,0.5782352444793759,0.39193383598468734,0.29248769175652345
Application_2116148116,0.341264630029116,0.23858547074766584,0.24707686778723215
Application_2116821761,0.5843854954635528,0.4009908184039058,0.2580844031410278
Application_2116960252,0.5401934625095594,0.39430322772588927,0.25171077961678506
Application_2118057291,0.41139646383293244,0.4307758649866873,0.2951957383178423
Application_2118887844,0.6790007984672486,0.31488095305172886,0.23393810598335296
Application_212002191,0.54855608449393,0.4093278472938195,0.22404684901424846
Application_2120715071,0.6518193033568955,0.306090464283717,0.22984855770769094
Application_2121891434,0.5631887506661146,0.3810956016370321,0.29280089246059
Application_2122792904,0.49261715846082144,0.3663987939363094,0.2515756713811345
Application_2122822719,0.534008687958502,0.39705578497392835,0.2872434890959532
Application_2122873300,0.5133945611135897,0.3608368503359777,0.2391898176606343
Application_2123204513,0.4931967485109496,0.38246275880334635,0.2713787505404366
Application_2124127933,0.12681380017031493,0.014505894895291454,0.068572134536217
Application_2125694475,0.167519341039022,0.2443507869926534,0.3243213475990582
Application_2128172349,,,
Application_2128191185,0.22855398838405494,0.5934284574100955,0.1656468853577542
Application_2130486641,0.49958645063324064,0.39683802929373085,0.3516776788935833
Application_213211686,0.45961763227090396,0.35763307549639506,0.2787004615931091
Application_2133089583,0.5457690788568379,0.40493551789692583,0.2874117092429676
Application_2133818678,0.12710588377763019,0.09141808356265475,0.0959045579779557
Application_2137992191,0.6539105539853497,0.15924853712801526,0.23071882314694087
Application_2139692519,0.0938676359568761,0.07564669373605397,0.11104537488908404
Application_2140045431,0.4713066229894547,0.160292218103733,0.19386820570125804
Application_2140770767,0.5369379026149802,0.4001486013675316,0.30844687936327714
Application_214156122,0.5365578385678743,0.3591148974970081,0.22194813692812163
Application_2141999798,0.6275599874841434,0.29851166797806655,0.23661381043657903
Application_2142719268,0.4530889239003175,0.3786905142259407,0.2699057442675926
Application_2143988715,0.5440257921469757,0.3438254809188138,0.24633390882529443
Application_214453134,0.3499989647358153,0.4243878289496153,0.2872462055481947
Application_214453442,0.5457562350502956,0.3598415561079208,0.222200605409944
Application_2144842406,0.5060861031350251,0.5249335190740303,0.3329316388274232
Application_2146296643,0.7786315630081003,0.14081536826703667,0.22174271458098654
Application_2147170228,0.4915175111950241,0.5014266842049443,0.2830694135126455
Application_216211515,0.6015213763722144,0.4117161251538314,0.267417021633763
Application_21634890,0.5636195469229617,0.54028333745319,0.3716099058610659
Application_216444008,0.2549635459855681,0.030914149108371418,0.06000593641338772
Application_218547280,0.20586628718835762,0.6156060950410438,0.15141746675732884
Application_218707596,0.6522758574323366,0.42088695995684516,0.33275579282477663
Application_219576331,0.42802664368948545,0.41957998432684984,0.2818514316648204
Application_22019692,0.49647672394831166,0.3616615958606501,0.26275293523101606
Application_222629422,0.5498260634129014,0.36270871606023136,0.25463589658258295
Application_222827091,0.5398811532287852,0.42706133146609904,0.3043403941853145
Application_225586063,0.4747065778791056,0.3732308903054653,0.26922282453644186
Application_226209957,0.6394397762904569,0.23865485712638476,0.22012583721335172
Application_2264928,0.37914986251440563,0.37857018711154705,0.259661475825504
Application_227170121,0.5977991457724625,0.4323922383104034,0.2741983472258371
Application_227670423,0.19848445195476153,0.2481898825496835,0.3185366092012054
Application_228373770,0.4873792867684218,0.3786905142259407,0.2699057442675926
Application_228928958,0.6892893505222648,0.1450368452156135,0.19045191735014136
Application_229012140,0.5708850256951451,0.39032755329372143,0.2523977506994088
Application_229606305,0.586879758623822,0.4306456603373615,0.2786266575608484
Application_231527175,0.38816171521944964,0.41903277743604955,0.28791460648117295
Application_231751553,0.1477502995248921,0.2719330050845499,0.3189380487916372
Application_232254008,0.47192840097581973,0.37537536897473706,0.2760342098011825
Application_233064512,0.5340134645143132,0.5011225957436516,0.2815220204731583
Application_233989937,0.6149578945872305,0.3714086285089243,0.2653517981516398
Application_235535721,0.6133016917827071,0.3700409470388654,0.27646687318201846
Application_236717130,0.47279515153676216,0.39774452046395975,0.2904982855443253
Application_237775087,0.5333803320780995,0.3826712789314709,0.2732093548765423
Application_238546830,0.09449859227137704,0.1283236201639921,0.12330564367539429
Application_240111953,0.4570376799428076,0.39730952739766023,0.2599703251948508
Application_241318555,0.6019710740730918,0.36699527164466744,0.2324580486537312
Application_242709495,0.14300849388666537,0.6118251082851333,0.1506146099689428
Application_242826105,0.5764015027175738,0.401648861671032,0.25961380232362374
Application_243887576,0.4435832968054462,0.38639332919149605,0.2848570705364358
Application_244396187,,,
Application_245123210,0.3495713692403603,0.4284273438239663,0.2870979039283423
Application_246097895,0.6374913882921508,0.43004222993938246,0.2716538117471127
Application_247317164,0.6756473138093441,0.2969443437737338,0.20424152125925887
Application_25063668,0.3644100413251859,0.38285948063838865,0.2741247050102317
Application_251097614,0.576177004908263,0.4213487549750141,0.2679105473108876
Application_251304842,0.5243260814686409,0.4202221747173785,0.28468846036788864
Application_251670774,0.5392948756880311,0.4649359145402648,0.2845611093527816
Application_252272828,0.5173359278775005,0.39192484818196477,0.262105374049856
Application_253227112,0.5723075149396859,0.3526068197503828,0.2641033946670441
Application_254824641,0.5650632044960121,0.373737060284597,0.3004446611026986
Application_254836121,0.37278979344208085,0.42446257417999045,0.28400996046223403
Application_255370233,,,
Application_255496047,0.7028684518243883,0.08609953962958614,0.1854662690358947
Application_257082685,0.4935523034627489,0.39548352441084245,0.2898380665650371
Application_257928635,0.3403750474019461,0.2823759038904658,0.2838810554927902
Application_2595810,0.4950519944102785,0.36648769940442005,0.31688539742501076
Application_260257809,0.5001422501031454,0.3756569204330134,0.27951491292588504
Application_260635392,,,
Application_260702936,0.39792364997913965,0.41651989442321513,0.31074948902840177
Application_267475970,0.24455281413203322,0.5931187156601455,0.14530588293809285
Application_268406883,0.5841791315685212,0.40694445848536615,0.2615016255590232
Application_268523137,0.48633176443031,0.45880033115034397,0.2814958285634185
Application_269341222,0.5993030722736482,0.334472792847087,0.28606271230310687
Application_2694097,0.6794367350870553,0.31265490656331296,0.22704946596590284
Application_26954699,0.5569451189126201,0.4387408821898651,0.29415144944763727
Application_269862060,0.5100258190778826,0.405473031071444,0.27326761426094676
Application_270485252,0.614200560170845,0.4191574141772298,0.28307828040757244
Application_270506031,0.6306585871728657,0.39574720198782376,0.2633317237570956
Application_270571049,,,
Application_272933056,0.5359893715673598,0.3518802461900413,0.25461816682698385
Application_274240684,0.4790229771191726,0.41082011708505217,0.24307330253073514
Application_276603327,0.6442923782014811,0.1757222280168927,0.2515928895180191
Application_276618599,0.6177244461998658,0.15867899833319793,0.15945106711861504
Application_277127069,,,
Application_277674975,0.5478073354372223,0.43306873739172014,0.298797367481089
Application_281838380,0.5932608378237154,0.39631734607137575,0.26091480828325864
Application_282114630,0.4473586085818925,0.37987426890289,0.2692931176307797
Application_282254984,0.40559707494817243,0.4307618040073846,0.2951657479453139
Application_286137335,0.559199843667659,0.36225644676770746,0.2466592382996703
Application_288925921,0.2287464331427562,0.6674040616285523,0.19945112575587248
Application_28930757,0.5387399413350842,0.48818801636601983,0.32265872559761527
Application_291332257,0.5934843993274433,0.4094050494193685,0.2765277162496518
Application_292094395,0.5094769115343872,0.4171908708492686,0.2716509043607033
Application_292866700,0.5840981930260407,0.40337135916024014,0.2598652968399349
Application_293379010,0.5971390218951793,0.4526132841526495,0.3282285992898809
Application_294013307,0.5728965082810106,0.3815346936832743,0.29350327685259714
Application_294586112,0.5166314522582736,0.4051773732092281,0.2607830104098692
Application_295284443,0.33782950471615053,0.4200689026210996,0.2887701340100777
Application_296888635,0.5573581766991779,0.4247300297012326,0.3270587878982906
Application_298129713,0.5131471252287401,0.5107671459821497,0.333981566314606
Application_298744583,0.7049854539361525,0.43828114287971587,0.32285735203818405
Application_299068395,0.7365805075340613,0.45659386707724003,0.36169442823257036
Application_299209464,0.41341586596829605,0.305698420901771,0.29826277989600775
Application_299698075,0.6041772470030399,0.201900070241176,0.25422631984640587
Application_301727231,0.5745689709373115,0.35586972217705537,0.28246465535683096
Application_303703837,0.288240490332298,0.6415821169438791,0.15752352666006206
Application_303866233,0.6177697853169585,0.36461992192756726,0.2552046593508664
Application_304004510,0.512663284417395,0.37471266005754655,0.2619092828223735
Application_306086229,0.5271239173182696,0.38409649831520626,0.2734641590638471
Application_306812685,0.5560678895937538,0.40168039345336065,0.2682844239632212
Application_307801348,0.4963445550506403,0.34724556114120975,0.2533716737645439
Application_308066254,0.0890218755413418,0.06712313320560989,0.10248561882730137
Application_308748254,0.6653574333864395,0.3793357903331211,0.29652756306902717
Application_309815171,0.6141214510798019,0.40459612997938554,0.23831626818295926
Application_310417357,0.5427808023615409,0.4662094797614535,0.27205678164759983
Application_312166095,0.5294769232039959,0.4015608261887106,0.2669450030186206
Application_312224974,0.6225734625909107,0.4469115163328703,0.263518279737717
Application_313152544,0.408688689453048,0.3880346132935421,0.2921923290003119
Application_313527996,0.526913126375736,0.3683178544806558,0.282244224339904
Application_314854055,0.5828108383659604,0.39755301421390826,0.2911283606149318
Application_31519304,0.6459988179202892,0.40361236551846497,0.29462510276938947
Application_315782607,0.5815860550256268,0.4053569132606478,0.265075635068468
Application_31697623,0.13627450060277305,0.07385812735600729,0.09179262554190476
Application_317789291,0.13969564624066055,0.054447933902395516,0.07557902270599916
Application_319284701,0.7522757545976941,0.4160725407286284,0.2503905471314837
Application_319847090,0.570189725743235,0.48384320905674755,0.3134410579093768
Application_320538845,0.5244358199025027,0.29449237711673615,0.27553986011135573
Application_321053191,0.6414022383468095,0.4046284502447043,0.25508858509859184
Application_322297326,0.5460858173772752,0.41560566704885005,0.2656000790470735
Application_323040575,0.5490287643725614,0.48543122882722456,0.31907548974636557
Application_324026343,0.5064273367454655,0.3785113557222076,0.28166834787306294
Application_326473270,0.5206304733594275,0.4044339275685786,0.2468775914376474
Application_327072822,0.5226106610305834,0.3577380360411403,0.28717810771775387
Application_327149374,0.504969534868866,0.3776926592930979,0.2722510403658267
Application_328046969,0.16123005915588468,0.5988007132523167,0.15230130958694182
Application_328120747,0.1543133892532201,0.060483907935353756,0.1396929856425743
Application_329140480,0.4654872859819431,0.5226199709976461,0.2986341434847312
Application_330251746,0.4546764127137285,0.3259371378847817,0.3016462302814665
Application_332704649,0.1067849393538161,0.11554708991428893,0.1194708633020542
Application_332811786,0.6268682917024492,0.41974141930310516,0.2786657345767355
Application_335537557,0.5102456368824986,0.37768005676550137,0.2630978581732203
Application_33745946,0.09138178025598923,0.031107621297544068,0.07032234366782832
Application_339123229,0.1767641379795238,0.0748498563492389,0.08301064587404286
Application_339123431,0.38849532993889946,0.43776751608733155,0.2898437082316059
Application_339327672,0.5839831445982265,0.2777071972644032,0.21468479902734353
Application_339730120,0.4918604954287308,0.40326387483867343,0.2605591695247968
Application_340094554,0.5483872540772317,0.36457846576360264,0.26673969943699866
Application_340321174,0.7812625980833449,0.1430492052473315,0.2287530528020437
Application_341875321,0.46015733581436874,0.3987787240847199,0.29151981165773033
Application_343088948,0.6401775116346031,0.4161454719039292,0.28288379007902575
Application_343744148,0.6714811597076741,0.30066648044117766,0.22677729909692523
Application_345264629,0.41134383050442264,0.4580595360810961,0.30950351999246906
Application_346568508,0.5129371451580103,0.36641271769622097,0.24543571710102746
Application_346829278,0.3852037598359989,0.24853008393429246,0.3040520617012393
Application_346848867,0.6056667481617155,0.4526132841526495,0.3282285992898809
Application_346988751,0.17861154969491333,0.06817382592016444,0.09208378062521931
Application_347922674,0.6314646321391101,0.31768720263961214,0.24377765368374538
Application_348990686,0.5372398565741204,0.40822737826111705,0.25338783430702244
Application_349515920,0.42346245379849823,0.4952744990241703,0.37531880979999976
Application_349709198,0.39363188909395913,0.4066512960294827,0.319325433174663
Application_350793850,0.5411939081607361,0.4432899069794359,0.2768693306787415
Application_352165642,0.5118420568778684,0.38673977416966554,0.2716816228725076
Application_354855594,0.548166354026248,0.3877403674761354,0.26892597539983987
Application_354865116,0.5866530663748959,0.42697877579477356,0.2590942971497651
Application_354974392,0.6526407622845347,0.17273216233514027,0.2868612706725443
Application_355701690,0.5464452632847507,0.39169112372083276,0.2763666309941009
Application_356808628,0.5131547594376322,0.4360173434976481,0.2742101016356343
Application_35738339,0.6949861911147269,0.31528289403613796,0.2600699713112136
Application_35745002,0.6979996988629307,0.31394082119646705,0.19825852455883664
Application_357880380,0.6110892959213916,0.42363281333089986,0.3148207783748964
Application_359276048,0.6525763130532918,0.3197671599590244,0.18285747659275323
Application_360217923,0.5639564257206376,0.4194703344193117,0.28166028756690265
Application_361573979,0.4082136955570582,0.45325192603702835,0.29220006284669037
Application_362543186,0.5390936242603346,0.4758014676392751,0.28716587121436044
Application_365332446,0.4056783303481794,0.4985102969764106,0.26117875779357136
Application_365485542,0.675434743881516,0.4242558237089914,0.27873334849284737
Application_366121400,0.2837312109972156,0.5849702643885083,0.16640071498998207
Application_367455904,0.5304705598045494,0.37250521039258044,0.26205990119649514
Application_368167256,0.3389251591636889,0.4200689026210996,0.2887701340100777
Application_36831628,0.22420217058487232,0.6403673674520778,0.1361475764946443
Application_368529383,0.5106029006922616,0.3812058701283869,0.2633491847026156
Application_368638647,0.5968545432474706,0.31285760862759837,0.21948435278852457
Application_370126110,0.6571996156024641,0.4062314010233311,0.28153187728909235
Application_372912766,0.3459527925540396,0.2688280703084459,0.2822254774179445
Application_373875255,0.4762337580096421,0.3784067153764142,0.26339710005942873
Application_376118809,0.06723717056790322,0.08005694233597399,0.11277101373389445
Application_377692746,0.24606740966665533,0.6215373646635487,0.15284968168007915
Application_37787490,0.5897737465288332,0.4640750070947215,0.28578651631389335
Application_380097845,0.705100150892724,0.20092218082104277,0.25790283056341357
Application_380770908,0.07809712787538059,0.062010996063575276,0.09583172472784193
Application_38081486,0.5868202135398837,0.3716472058321739,0.2671062592102587
Application_380969432,0.5709533293603295,0.4169393573840294,0.28896868563092903
Application_381087716,0.5094924938590403,0.3822480053706413,0.2638460798806061
Application_384814296,0.16335127546737802,0.0678672975573914,0.07843303880892724
Application_384835333,,,
Application_385045680,0.5141440654069873,0.39946542193955037,0.2628533034764875
Application_38536393,0.6863908380165361,0.37661222313011955,0.26777450071356407
Application_386657742,0.5597889535794738,0.34705059930166404,0.2731079082232383
Application_387778376,0.15931596678582133,0.10762029247729923,0.12677442016759916
Application_389831964,0.615785280663258,0.39897297805420345,0.29902717669293577
Application_389962709,0.585338741550545,0.25328583846830166,0.23280398358166543
Application_391099640,0.5305516068260331,0.3601754812430646,0.2855635513881647
Application_392275405,0.5270094571801648,0.38660083665985123,0.2556814028755571
Application_394037983,0.5963636224498964,0.382834874739372,0.2595113514675946
Application_394946724,0.5736878148273695,0.3543888535666405,0.2621841068352043
Application_396027178,0.7122506456269261,0.1950543595815115,0.28084207504083153
Application_397038537,0.48081115009019526,0.3808987753291001,0.2634242074589425
Application_398065440,0.5263616316497775,0.4729518615325259,0.26937741723442693
Application_398250446,0.11108913591300071,0.050894259770427754,0.07918160310417129
Application_398311287,0.5746955900895474,0.38617945878524107,0.2710774990130741
Application_399001926,0.1627404341096916,0.06487205090548993,0.09496067869642368
Application_399934391,0.5578464578041691,0.42406875960633467,0.24932963820877213
Application_402938046,0.507695702513125,0.4346389606503502,0.3037050114170687
Application_403304705,0.22580234384203182,0.05623538583159986,0.08376296772292449
Application_40403797,0.15290284244393232,0.022630353857363963,0.06794869020673976
Application_407461155,0.09798624697534594,0.0672735601122238,0.09576698620624408
Application_408864407,0.4911232614655105,0.3584277430120588,0.29579530669450654
Application_409154003,0.5061209030915729,0.3898260590007883,0.2969733536579677
Application_410056038,0.4705467379630982,0.42521557159894263,0.26931217054317375
Application_412434860,0.7056768530167308,0.16205012646275166,0.23261870665975615
Application_413047262,0.09503500822131952,0.06194723186317432,0.11146416536362841
Application_413991815,0.13110009427135208,0.11747390965966005,0.11903209633565193
Application_414227837,0.7171789878539715,0.10534426095446103,0.19077470545642403
Application_416188880,0.5913588555703299,0.3689615225101852,0.27019552808610275
Application_416694962,0.5692932027354319,0.3743664568941897,0.26412320301107517
Application_418738843,0.7075814552534013,0.15491210216655335,0.21598176038649114
Application_419933910,,,
Application_420380783,0.634594197005629,0.10751924276138494,0.14376159340508973
Application_420599570,0.31567704419829107,0.629818626614865,0.15829765086784517
Application_421465179,0.2791537308015975,0.39477039105923956,0.2909769155203049
Application_422637212,0.7373414702857729,0.14051628450791034,0.18128243663651242
Application_42337394,,,
Application_424064154,0.5064630671428434,0.4143688249406214,0.2874369324307467
Application_424977058,0.6100500884693751,0.38546076777508603,0.28503002301975694
Application_427316676,0.5660111887051487,0.4689657421562659,0.35721872837349894
Application_427975818,0.6014080214276551,0.34057140533706615,0.24920395939240814
Application_428745471,0.546489885880133,0.37354059579074506,0.2601161969998513
Application_428955021,0.6561659923343061,0.3865547241981341,0.29145244653205876
Application_432430277,0.5220980764731042,0.38515655880522676,0.29009374757034195
Application_434354946,0.5501453545236541,0.3617247045902192,0.2692908296880862
Application_434840997,0.5380102842497967,0.41900067992048295,0.3087578815081303
Application_438711887,,,
Application_440695787,0.4569559367192208,0.3869889744032845,0.27271553872534493
Application_440813334,0.41291420833000575,0.355759723714812,0.27375555429543136
Application_441853106,0.626165134016661,0.1326916318428887,0.19179968702124475
Application_441988653,0.5713658279085408,0.37127354705570254,0.23450765946473726
Application_444595223,0.4960362555533183,0.361422198941461,0.2458203358044711
Application_445609887,0.3682134610328739,0.3869889744032845,0.27271553872534493
Application_447126113,0.5634692497098521,0.3692094742437728,0.29837443841286687
Application_447138954,0.634329385237934,0.36498725199268556,0.24330272976172201
Application_448145454,0.49859583581316247,0.37945169875327,0.2704668865165296
Application_44859446,0.6503536939238176,0.2895057649309332,0.18742465726463842
Application_44899860,0.6820306657234013,0.4734703579067016,0.35307043843916674
Application_449256078,0.25521149215185573,0.3725379399968308,0.2735598853288842
Application_450127919,0.5904257953295295,0.4647892028187285,0.29123581534376825
Application_450250534,0.6405048809779965,0.36697770747768016,0.2492628150628248
Application_450974072,0.5889677337520304,0.33867364991366855,0.27298904381080924
Application_451838490,0.4838451564033375,0.39911216297111607,0.273869930277694
Application_452728375,0.32275720314265827,0.33948514998523865,0.33967667947088603
Application_453833865,,,
Application_453847467,0.41070078954792383,0.474987461898459,0.2691991930281949
Application_454064051,0.5859156647367209,0.38303191717324275,0.28948653590589135
Application_455616073,0.09731135456391396,0.12447394215804888,0.12929101627606687
Application_455972560,0.6279840042124806,0.4222652549568554,0.2721095681670062
Application_456023338,0.3676892287226257,0.293920439814871,0.2764831505335415
Application_457947056,0.6197291316381422,0.39995895004914284,0.24917935364225186
Application_458227713,0.5122647905012858,0.37816890373502704,0.23888242007630534
Application_460231462,0.44223006659941194,0.2367056964415394,0.2873922029236181
Application_460974455,0.5842553746405268,0.35837983346766333,0.2520846445285635
Application_461107030,0.6831998400748219,0.16309687027557399,0.23654082416615813
Application_461173805,0.3954243207102334,0.30031536535541603,0.29821092401105354
Application_462216549,0.6177178742946435,0.3707906774774389,0.2603931699819119
Application_462882090,0.45084773595972083,0.3869889744032845,0.27271553872534493
Application_465680144,0.600243816096016,0.4169393573840294,0.28896868563092903
Application_465715339,0.5404640756265056,0.36179474305821413,0.2561807606462638
Application_466068830,0.37558917438090866,0.3676618207110443,0.258955264303722
Application_467957342,0.2557815819324165,0.6343449425605165,0.1658106274495603
Application_470096249,0.5042503599466996,0.49778405131812187,0.3328286356753395
Application_472820667,0.5105780877205678,0.37254327361508677,0.2579300231772341
Application_474380883,0.11529156216618183,0.017637751910809032,0.0625881371319776
Application_474487263,0.5610263703667819,0.4208300366662071,0.2748843277257271
Application_475062324,0.5260105538600642,0.40253093900269954,0.2985327299820554
Application_479645384,0.5921307662544621,0.3979176646490864,0.23175249526678496
Application_480070910,0.5291804422694293,0.21731565319084117,0.25349011085698375
Application_481277636,0.5607533013659005,0.5148784435495533,0.3359294587524401
Application_483074478,0.5161971354735272,0.4231856228079581,0.2600317370989517
Application_483126363,,,
Application_483931042,0.5331700216878861,0.4149966211526781,0.2810081485973159
Application_485368165,0.6272846690438589,0.3633382763935451,0.29207359379515163
Application_485567867,0.11809724110531501,0.10578155358779677,0.1426813435381874
Application_48606429,0.7061592164886176,0.18455442064533428,0.23595355756409006
Application_489972645,0.5290899303813521,0.3725664568041228,0.2562307103713188
Application_491192717,0.47878673697574053,0.48905725514439496,0.38743197241732236
Application_492258182,0.511961638560539,0.38545280017432837,0.2707695052231486
Application_492292182,0.593003899709011,0.3259001916209215,0.2672466475616389
Application_494960481,0.4006229303155255,0.4296830901687862,0.2788165877000974
Application_495428388,0.4587560573722912,0.4176483808811309,0.2739397451852802
Application_496111899,0.6610034581703024,0.1950939326219378,0.29192905181126333
Application_496532501,0.18065857024389087,0.08329149053128299,0.06942311836240479
Application_49717724,0.5536371477284048,0.41900067992048295,0.3087578815081303
Application_497474417,0.5631046030164432,0.3139331852576903,0.18216226961944926
Application_498556066,0.576832777525121,0.434309443222638,0.2774805994456057
Application_5006458,0.5644790831152238,0.3594376889496412,0.256464322211849
Application_505138130,0.5712927395132518,0.4142475225031008,0.28250795522068795
Application_507755204,0.5340582350082328,0.48398992077828373,0.30626627312735516
Application_508938604,0.5766723910114877,0.3816716371268705,0.2618342564131469
Application_509693034,0.42730037266376614,0.3655681344758032,0.2721632111562441
Application_510096383,0.5944507188753784,0.4483049447520977,0.33087674183991717
Application_511259546,0.48024714161872173,0.36117131551390574,0.23842204147428828
Application_51182407,0.4937155604780093,0.35892515665132213,0.2661172343704321
Application_512079496,0.5789102174312706,0.4135707922562924,0.27676790436505144
Application_512884075,0.6066750691898558,0.37743383970568234,0.27129799943672367
Application_514052232,0.5929903629167217,0.41855065872310704,0.3101097160464626
Application_51430642,0.6552975545725142,0.3203909208364415,0.2515051006494215
Application_516500707,0.41664245121881055,0.4579442590716054,0.27184273055412
Application_518047810,0.4794319338199984,0.3591148974970081,0.22194813692812163
Application_518595534,0.08792317614115676,0.12824651194267805,0.12105220534544862
Application_518624776,0.6614151317651248,0.29600129084816085,0.20877852926979665
Application_518752038,0.43667209458093287,0.5120888680268896,0.31928819577021855
Application_5188726,0.5731729607183049,0.3836223314630797,0.26197611832400447
Application_519214643,0.40724160494534956,0.45937817865407826,0.29138524944078237
Application_519801050,0.5014093866547791,0.3621488575523738,0.2460999006178384
Application_520506247,0.46505639923544645,0.3906285176692233,0.29322425459695833
Application_521305631,0.4488151750170215,0.40699468677797856,0.2763731888206509
Application_522420767,0.5323524182721631,0.3752213563784351,0.2514751331008776
Application_525459142,0.30745227817423104,0.42079556123201234,0.28909853210920317
Application_526257863,0.6299607278537039,0.31410200390942783,0.24919267923148553
Application_527482957,0.3733593873737803,0.3777500066413846,0.2705796582829748
Application_528406867,0.529745059966858,0.40340622349941846,0.2696003510850602
Application_528558455,0.673897195253133,0.19049477660231928,0.1961669243625611
Application_532956567,0.5738588016456042,0.3535275293571941,0.25768201941679564
Application_533079487,0.5703833028240233,0.40169070420528763,0.23364980771719238
Application_53352885,0.5732675319500826,0.3947398052482384,0.24483477115866578
Application_536009009,0.13702477477896535,0.0391854672799538,0.07546052285788363
Application_536051300,0.6304905699146991,0.2307689608258205,0.2263593390249262
Application_536638211,0.19056440734052954,0.07064505231784066,0.09264553470159592
Application_537005538,0.4612512566036081,0.3598608456335045,0.2854558352197108
Application_538311021,0.258518518269743,0.05294690490803704,0.11064366040017241
Application_538869641,0.5821813758475554,0.36811551782072477,0.291800719183772
Application_539120928,0.23041223485501655,0.04858020367670406,0.06330140815461058
Application_539162249,0.4170943013725665,0.3464467691907704,0.25827840712881484
Application_540373333,0.16308341865383522,0.03024554331100862,0.07832159133589299
Application_541146763,0.8230291993706196,0.2630363773215767,0.31607438677023353
Application_541694777,0.12743071488029103,0.10420268623466211,0.09689870304117483
Application_542632548,0.4004573971079421,0.4296830901687862,0.2788165877000974
Application_542782205,0.2140661798356466,0.4750432280932384,0.3245249429677226
Application_543098684,0.4668523323456751,0.3923696609958166,0.245660127075671
Application_543513898,0.6407169560608127,0.3646180920500263,0.25312749159776793
Application_545474396,0.553372906663536,0.4033257631584327,0.29506533866112283
Application_547720957,0.5521749056717127,0.3583341181384094,0.28052163646846967
Application_547842527,0.7062534816649231,0.1304870127063458,0.15826006285051822
Application_548136507,0.6492438610857771,0.3193601664546347,0.2006488030931966
Application_548377578,0.5126794419641733,0.5157085124251146,0.3469479005012018
Application_54902350,0.1483331291026038,0.08516114095352963,0.07822520462748951
Application_549264279,0.3361866233890805,0.4677850801969923,0.2954594724742026
Application_549547786,0.1657433706448302,0.6119698186710179,0.1505862165803087
Application_549826152,0.5642944711205099,0.390353585600398,0.24612320249544725
Application_554480592,0.48913493181559664,0.4509577813353328,0.2558761575834604
Application_558507947,0.4794732628805001,0.36355265855371516,0.2490486946163937
Application_559239075,,,
Application_559246751,0.2651832437399757,0.34179778782197473,0.2592942518429964
Application_559380460,0.2217606744702928,0.06135359206037021,0.07891247033794682
Application_560070722,0.6475577481610038,0.35724543333775727,0.28139393346150954
Application_56106793,0.5475933588669674,0.3887023477690156,0.2448679072444248
Application_561835971,0.5128563714852779,0.4253303413545854,0.2748110186415846
Application_563590726,0.32412510018253543,0.4293575641709211,0.3168355579368117
Application_563891423,0.362388274534745,0.41583584357352105,0.29439999477803414
Application_564834372,0.6257662601931872,0.3757614192112281,0.23381195018036788
Application_565667109,0.52276822769753,0.3839257791947024,0.2343842525686702
Application_565689430,0.24521992792394684,0.35332977647205244,0.3151401317929033
Application_565743734,0.39029524905336765,0.42966902918948346,0.2787872904015422
Application_566347979,0.06271258511756123,0.0988786596399217,0.14539506074023587
Application_566670119,0.6659042043387405,0.41221783494743763,0.284654973662512
Application_56691092,0.6377835414556794,0.5269881913966151,0.33489585083747414
Application_568127104,0.579076878608826,0.410671568365281,0.2813008011229937
Application_570165308,0.2672303482319353,0.06609351964353541,0.11571722117582912
Application_574500271,0.5602461312493017,0.20809240685884908,0.22123912006535829
Application_575764720,0.535594637422304,0.37577299296642,0.28893232896836846
Application_576386053,0.10155254550655952,0.09448652990883127,0.11450640154807748
Application_577888910,0.5146860511372118,0.555290522698304,0.39704106894885166
Application_578344284,0.5673563045399926,0.3758464881522336,0.2542572432921845
Application_579153284,0.5005134057716101,0.39816709061357974,0.2892375594862694
Application_579275809,0.49522488372663315,0.4235084523193279,0.27843870339656235
Application_579349612,0.4455487571609255,0.5007000255940316,0.2827480652138264
Application_583747115,0.4540034683716647,0.4649359145402648,0.2845611093527816
Application_58375214,0.6743807931127449,0.45430253949881927,0.36066844221397215
Application_584583269,0.45631600808798595,0.3808896408062728,0.26966027990268693
Application_584717195,0.5882222612853367,0.4128395294542517,0.27572511701857866
Application_585298607,0.14688886186011485,0.2618817410571407,0.32296454485840953
Application_586839753,0.08952543196627279,0.04898132253065891,0.07573104837434266
Application_586877291,0.590083379211344,0.4016780601747391,0.2752946687628878
Application_586969154,0.08552596830080152,0.07321106679575652,0.10231726748237004
Application_587119833,0.5670796818714292,0.3598415561079208,0.222200605409944
Application_588758280,0.5874006990159212,0.4053569132606478,0.265075635068468
Application_589041415,0.5918086229062152,0.3742316127456117,0.29024589745405943
Application_589186855,0.5784252674141925,0.40075043741607014,0.2344016716347897
Application_589719704,0.5233014497053096,0.3667740593492023,0.2704917347015171
Application_590010761,0.12353913834661205,0.1175656399160773,0.12560163497414611
Application_590215732,0.13724058927681757,0.06760046966487276,0.09933549258811737
Application_5904996,0.6959077749468795,0.5136455874469829,0.3794110403982052
Application_591439695,0.19891483123004566,0.012016531180323418,0.09150832397952881
Application_591454326,0.4491652294129701,0.37761343129126695,0.27130198694915736
Application_592481165,0.5444761838574476,0.3810956016370321,0.29280089246059
Application_592605828,0.21867216233027578,0.48804889853557987,0.31066912934612556
Application_592613102,0.6603398091629596,0.11467980684852357,0.19050759004634416
Application_594581112,0.542068015548446,0.4653584846898847,0.28332650107428775
Application_596049851,0.5939052115017049,0.4152178050743719,0.2838483628841632
Application_596574084,0.567321158940702,0.35552185925409563,0.2528707698333655
Application_597065437,0.3840302534913856,0.5070538426849793,0.26617827829398166
Application_597372127,0.667685696558397,0.3995127942500945,0.27061979019464333
Application_597486380,0.3609599735812234,0.4274166850649615,0.28376107270383844
Application_597721884,0.7664063129980939,0.3477068383462827,0.20462456633815246
Application_598141849,0.5335516069745233,0.38671582694906326,0.27871279073582506
Application_59876773,0.5880919608130538,0.4320626213809984,0.28568627603568925
Application_601584106,0.12561171279980912,0.147969820094361,0.13894405761946566
Application_604537136,0.5417187073845606,0.3864098497787481,0.2545500676995957
Application_604648984,0.10978049811779914,0.08295544896837104,0.11184796349570321
Application_604870238,0.568351958587592,0.38673977416966554,0.2716816228725076
Application_606749031,0.5659414691693843,0.4223982454060802,0.26917145426242617
Application_608775916,0.4811093618031787,0.3563105192613456,0.258652481267009
Application_608845327,0.5737134537939031,0.3085605314333599,0.20139825496760094
Application_609139308,0.5938440956517025,0.41902562527153286,0.3229851463349228
Application_609719509,0.5963847092591503,0.3855744440066854,0.23700622504704663
Application_610454003,0.45840206481223383,0.3786905142259407,0.2699057442675926
Application_614334599,0.5726531565335469,0.36177995426248627,0.273607280550373
Application_614810920,0.4137025201601224,0.37536541911320936,0.26337700697803146
Application_616416650,0.5831500575326088,0.40092988443101085,0.264452034797576
Application_616910723,0.3143039620965899,0.3565845234182611,0.2493956048263389
Application_617035933,0.1122451623883095,0.10437745665539089,0.11662400184534072
Application_617376389,0.48096255708644664,0.36846017376510576,0.25368963921246446
Application_617431825,0.6348603747163151,0.41407454961493,0.28307880189415324
Application_617539010,0.7449369679807597,0.1530167231032326,0.15322690924303392
Application_620336293,0.07209061236490304,0.07251869246333019,0.1090003033409305
Application_622068312,0.4985892859898142,0.3880346132935421,0.2921923290003119
Application_622214446,0.538447788718982,0.4155151131314792,0.28904061050782714
Application_622417263,0.6254906912633116,0.4072773986524876,0.27836654443528014
Application_622543878,0.6387296521490486,0.3404814510075428,0.16126872541041845
Application_625101684,0.5810148913595415,0.39349712978582463,0.286690818679529
Application_625857025,0.5610377612603188,0.37515475767636175,0.2701759849746
Application_626884278,0.5504625282214343,0.5450178552918542,0.3955091835033184
Application_629693731,0.5860856758444314,0.38704652039322907,0.29212583623357025
Application_631716992,0.6223529149825872,0.38144299324583575,0.2435143175843904
Application_631740354,0.3643714394594705,0.3598415561079208,0.222200605409944
Application_631788418,,,
Application_632866158,0.2598923835372131,0.37952452712591067,0.2819727934719093
Application_632913675,0.527821343852214,0.41240822686915557,0.26218120087599683
Application_633371797,0.49740927025620557,0.38788362407159205,0.2571929496929846
Application_633655173,0.35323277386807367,0.3876180667941726,0.27303938377392895
Application_634353469,0.7037339674287184,0.125795780342503,0.16389472804539523
Application_634898760,0.5121013422413416,0.37471266005754655,0.2619092828223735
Application_635576510,0.5574295693026585,0.38709775763081755,0.2745102305800951
Application_637222323,0.7518835246029054,0.4551243029236236,0.3354457614858374
Application_637297513,0.36255934185348565,0.40252693554907104,0.2488487733831563
Application_637712751,0.3065941746334851,0.4200689026210996,0.2887701340100777
Application_637748400,0.5560425531875383,0.41745962494845,0.2574683457846772
Application_638041030,0.5950905349006133,0.35985921394548204,0.2767063179979515
Application_639747826,0.379189029097014,0.29269070782825124,0.2968477457280327
Application_63986078,0.6119574105909529,0.38795006633684165,0.27233245484102836
Application_640176586,0.577163183389725,0.33085725269195515,0.27212255072474206
Application_641457453,0.629450152906245,0.46538669405807154,0.3556464786098011
Application_642553020,0.13437697156544162,0.09844205437166711,0.09986370579889399
Application_642608905,0.4922357521499266,0.36723925056142426,0.2600840011658355
Application_643047755,0.5715177138930854,0.3689053857824801,0.29674249303963135
Application_644340095,0.5496793140853954,0.3583341181384094,0.28052163646846967
Application_644684670,0.6781272071936792,0.12898212362608577,0.21262168428631964
Application_645328035,0.6793442583132262,0.27826925934714164,0.19741282653679787
Application_646977549,0.3143065432341888,0.41540610023784774,0.2912342486876026
Application_653567105,,,
Application_656903784,0.6616792763166013,0.2908527861629352,0.2148681026535754
Application_659941685,0.43215772060766244,0.3200615495371657,0.2799879697248949
Application_661370338,0.5730342565076947,0.38807623972738536,0.2537413187906189
Application_661982228,0.5185092417397366,0.46196488912408934,0.35406392035592005
Application_663134091,0.12865735538423181,0.11387913324959968,0.15447125058852437
Application_664337168,0.4451195353867477,0.27613303875082046,0.28694966359682184
Application_66451278,0.5511138230419566,0.38391967853508474,0.27715583731534
Application_665637236,0.5342991955143641,0.4703601511640362,0.3007409986120388
Application_666250035,0.6244763990301188,0.3744317603983094,0.2692752137441696
Application_668072382,0.5363104372687548,0.37335586143367794,0.25578873190992873
Application_668326847,0.6357030223298364,0.41194251178393115,0.2920123870280506
Application_670470325,0.49448066705605076,0.35205569907218826,0.31188807418445785
Application_671264692,0.26184153958592143,0.6438579728366245,0.1473793981058696
Application_671639584,0.5735343076075059,0.3713879554994013,0.29604683610614724
Application_671953999,0.6011462494555406,0.4139843749756082,0.2791592406474133
Application_673160372,0.37147966692651596,0.45209482051378946,0.2772494141922613
Application_673399253,0.07414931966219615,0.04211311004263454,0.06694444340220695
Application_676717540,0.4353642599158157,0.447022453601363,0.2853622069526991
Application_676903448,0.6258983149041932,0.3887023477690156,0.2448679072444248
Application_677442195,0.4396919044880755,0.3596518152622348,0.26641986033144593
Application_679465044,0.22319705593482106,0.0573664359699272,0.08830424294264763
Application_680044383,0.342615047894577,0.26656121711175573,0.26476949179127407
Application_680448181,0.5488452435344374,0.3576350357027997,0.2296070179550145
Application_681649352,0.6985080634360207,0.3071825418359565,0.2117870807235891
Application_681711857,0.5635895700638868,0.3788701532928737,0.3023570568199268
Application_681746663,0.5915299637473762,0.32274155981768315,0.1903329279422344
Application_684221857,0.5962203379349407,0.42006702619217967,0.27416996509485486
Application_684289625,0.46399314790120244,0.36859420642478086,0.25393490448252637
Application_685130299,0.5726127556200302,0.3877275290429272,0.26675314921998844
Application_685452919,0.5770819486764753,0.38176272229825037,0.2740411557727583
Application_686829487,0.13553685083499759,0.13766695405549392,0.14259371769418777
Application_690024942,0.669908323226924,0.3786817129331854,0.2689755489597045
Application_693050930,0.69048832009654,0.1396330196156263,0.22769863815679262
Application_69370459,0.6318574014815683,0.41099173354210283,0.3023526076686202
Application_693955071,0.09395929312991827,0.07691012834992883,0.1165640422404054
Application_695381096,0.38428204451220244,0.2739579869469627,0.29515669968279973
Application_695960596,0.6348211092072862,0.43132386342648676,0.3037986309631855
Application_697031349,0.6612886600117425,0.3177407497231826,0.2035168409486308
Application_697297022,0.524718220611327,0.3154609634557524,0.33345100187634485
Application_697324457,0.5905344666132162,0.4104999228281624,0.2740230914684237
Application_69735407,0.38810105105898723,0.3947398052482384,0.24483477115866578
Application_699052493,0.680635821003992,0.3514335930436784,0.2523904759829208
Application_704597830,0.615871949170652,0.3625212528812816,0.22990763961268185
Application_70563300,0.574053350600261,0.42648710867094747,0.26409718564166884
Application_70606235,0.5354065671628376,0.3577024129642702,0.2816230344384753
Application_706198046,0.5888926376023587,0.42046807791401797,0.27898217547600845
Application_706504723,0.5241520044924782,0.37127354705570254,0.23450765946473726
Application_706607240,0.5343084914080473,0.4493710077090823,0.31225097762395243
Application_707770540,0.19920664855015868,0.04859273599191693,0.09326984479745463
Application_710720262,0.6087173963146655,0.4533751913998196,0.323608411767008
Application_711124829,0.22674654443315756,0.598074054641404,0.15212881903642478
Application_713675823,0.6244591040524009,0.13969366248930948,0.1970665380267103
Application_714768274,0.48237858825329566,0.3865409580656132,0.26885417097802283
Application_717400110,0.5439551261357676,0.3595831452252956,0.2620871815939175
Application_717693758,0.5427198371916035,0.3610145360196871,0.23048810106992298
Application_718602557,0.2505514947325178,0.36682136408592947,0.25048389994417397
Application_721895690,0.39850341766264374,0.3887871650535513,0.27563595946302316
Application_722212350,0.5283485746563964,0.4120287611005026,0.2599589030051048
Application_724415088,0.4220339680161512,0.3908307617075207,0.2938157410086897
Application_724859129,0.584159472172721,0.512234613230722,0.3519191216380643
Application_725542335,0.7322238018200301,0.2809703388104486,0.2446877863052515
Application_727229570,0.4586596467670157,0.4192909666015505,0.3363067540048668
Application_72874899,0.13055944337773992,0.136824500449717,0.12235472479163532
Application_728981441,0.6746185079437539,0.3802255080646389,0.28064978997716855
Application_734009956,0.09525896809442183,0.07518808721343988,0.10430309856884853
Application_734030906,0.5535992677092484,0.38545280017432837,0.2707695052231486
Application_735837174,0.5127203523728744,0.382581155689544,0.23172353020990943
Application_737324367,0.5725152711358893,0.3951935162650819,0.26248010092369606
Application_738077974,0.4532489265040482,0.4167610685801371,0.24325025554647212
Application_738276182,0.5535297551447561,0.4405844666178752,0.27134917364330147
Application_738335164,0.2439215715602337,0.5921785835309417,0.15580304730343741
Application_739325744,0.6752603612328238,0.24161103845938445,0.31637967128572597
Application_739670840,0.11897431597457349,0.13612128355735434,0.1278990867239471
Application_739726794,0.7190574095744832,0.3169422579883599,0.19516010361626934
Application_741297598,0.5109696606847864,0.4033257631584327,0.29506533866112283
Application_742173495,0.3463393233308747,0.4029090398464392,0.29338856939063457
Application_743200153,0.5288988696103432,0.40718857415185666,0.25661878622566203
Application_743474553,0.40076204336308824,0.3725379399968308,0.2735598853288842
Application_743594726,0.2949724129287778,0.3611558825212863,0.2805472254700318
Application_745883138,0.35275828341099846,0.41467944162693504,0.2909038965594787
Application_746403636,0.6789912525715487,0.32570119210310927,0.20367158091838986
Application_747812656,0.5327970385755321,0.36726368763182504,0.254010260868827
Application_74864529,0.5905758908994571,0.1687591663407903,0.22033772288083445
Application_749027963,0.42549590889832606,0.37952452712591067,0.2819727934719093
Application_749860099,0.6545116013106013,0.46145577013827055,0.35583229620740264
Application_749923491,0.5215291072896614,0.4244117259930337,0.27124919230779015
Application_752373732,0.4981717041474165,0.35835973410730776,0.27901651193157473
Application_752995473,0.07858835105685841,0.051525977988168846,0.06230794756859725
Application_753117730,0.5104713577209317,0.3999899903190956,0.2879455820365693
Application_755180147,0.5316949031908452,0.38879220926510377,0.2811704601592568
Application_755318436,0.5658404922055604,0.36894463248299014,0.2681317291638758
Application_757113787,0.610972653429982,0.3229772190067046,0.19040304307672104
Application_757682522,0.49904591414159016,0.4097654438079575,0.25898458603845964
Application_75877971,0.4993282601283193,0.38091014751056274,0.2651983097094405
Application_760288041,0.6414330925400151,0.17436689404963257,0.18022154335555512
Application_760306173,0.6446325989152076,0.16533118625239993,0.21580137776436023
Application_76083190,,,
Application_760841149,0.7147843895596167,0.3716897771121719,0.20562175629081664
Application_761083149,0.5526449278594092,0.3536554520203792,0.24428564180552295
Application_761503872,0.54991770100084,0.38548433054433473,0.2679365172458066
Application_762323305,0.6762446448329437,0.41187250039110823,0.22737460903588483
Application_763847627,0.5356153019018823,0.43867878610781386,0.2747471379537117
Application_763928658,0.2217680263011877,0.5928046108497467,0.16541796888883584
Application_764226645,0.6792135935046693,0.3473239877768889,0.20472191357341002
Application_765506387,0.5191518860109597,0.42712145205742,0.3067651541292741
Application_765925420,0.5311222114408556,0.3919257475576223,0.30012585711446416
Application_767764149,0.6317327880772078,0.31329502862342185,0.18439909299558724
Application_768687683,0.4912230276528259,0.46967370399305164,0.28899735637063484
Application_768742802,0.46653937243388865,0.38078329997876675,0.26449704918120676
Application_770018911,0.39363188909395913,0.4066512960294827,0.319325433174663
Application_771960759,0.48069089420201366,0.36996105312952116,0.2666926967183228
Application_772130537,0.3337801965894767,0.4136030815273385,0.2767809453909066
Application_773698744,0.5423971002549711,0.3984886949807479,0.27397176469607537
Application_775396942,0.40347618142922037,0.4039344044530691,0.2695774083481014
Application_775422920,0.5711396156152682,0.411946739810201,0.26234207234461276
Application_776250710,0.5394821009153005,0.4152678294539764,0.2972559215042455
Application_776477117,0.1215524667673917,0.07111612880563098,0.11146388394846116
Application_777232558,0.5988687552727395,0.4362330860753906,0.272011138175651
Application_778555928,0.4736404202538172,0.39774452046395975,0.2904982855443253
Application_78032372,0.40956232846294577,0.249490743087135,0.2922737694577915
Application_780791841,0.615068958685452,0.1621375056326066,0.19643916078635332
Application_78080859,0.4004573971079421,0.4296830901687862,0.2788165877000974
Application_781442980,0.6422820513343614,0.3118827173335571,0.22612852538371506
Application_781529602,0.4345422914816115,0.2762405186273583,0.32450008520747275
Application_782253363,0.519775115662861,0.48892449326874504,0.32451328394656703
Application_782627639,0.30699401266728066,0.4200689026210996,0.2887701340100777
Application_784244379,0.2403276668148887,0.3684322567027996,0.2619810923763968
Application_786731748,0.6253679115092218,0.19271880169797512,0.24800658033440004
Application_788699480,0.6910360347065804,0.3686905124802736,0.20372313391946956
Application_788925867,0.49637538113265905,0.4060429806413035,0.2935010206094645
Application_789108617,0.639021569289562,0.5188753736749087,0.3542271712868712
Application_789334077,0.6927439606213247,0.15512038021677227,0.1773893289059364
Application_791089089,0.3166185929248308,0.3689574610047782,0.22847203281180256
Application_793038001,0.7281395056683714,0.3224600253616369,0.20726702106863745
Application_793873060,0.0906236509338626,0.05888058334680869,0.10859888351712992
Application_793997351,0.6964498385168792,0.38049463789395954,0.2740912092711948
Application_794504760,0.48798493741834387,0.3611558825212863,0.2805472254700318
Application_795733035,0.5188896913462383,0.361422198941461,0.2458203358044711
Application_795804396,0.6665081597057179,0.41521457259258093,0.27684375337087375
Application_79681847,0.34233931521770067,0.3922848965434843,0.289764570281153
Application_797190984,0.6234855927446362,0.39337184796457714,0.2506723864213128
Application_797995929,0.5104298519920625,0.40711302680168754,0.255392834759132
Application_798496213,0.5607279354954138,0.38422694283081743,0.304106413282695
Application_798879962,0.5568637183552181,0.42234715529043676,0.22812709395028424
Application_802752710,0.6266414072341296,0.34820377216229387,0.21907758550742953
Application_80286962,0.6632324404749685,0.319022004048373,0.2025213359029933
Application_80298426,0.16805114874533916,0.12027321574506902,0.12145171914064759
Application_804273159,0.5423064031847189,0.3854834958677445,0.2817865727254387
Application_804644820,0.695811821008349,0.30238193458481677,0.24201082725711082
Application_805828914,0.5807210436667154,0.41012304431719027,0.24419490238596622
Application_808224273,0.561387251507774,0.3984531757624806,0.26110961636878344
Application_80850284,0.08741844927842715,0.1012373383990777,0.10444868445155726
Application_810658733,0.536886871495938,0.4558108789837975,0.27428831636762696
Application_810901066,0.5802025432022377,0.3944137105412405,0.26281862876796247
Application_811679621,0.5394416465215315,0.39735035729697915,0.26545677809483853
Application_811825935,0.6035583078306981,0.1829777763967347,0.21715547019884135
Application_81196974,0.5736716200456577,0.37474822853019346,0.2692354269570759
Application_812842800,0.11057817766675257,0.04562131165291406,0.07123959232875146
Application_815196626,0.14967382541766325,0.14995773121469497,0.14248733995553128
Application_815439845,0.5612890673232788,0.19847494714887345,0.2293918705974039
Application_817528841,0.1456663127376044,0.11848961222914085,0.14263189661225661
Application_818535320,0.3656227611488929,0.40674529373956203,0.2961963256838263
Application_820509737,0.4843708482425093,0.3985785333639296,0.30346880162328393
Application_821026605,0.11195556723211604,0.07747532605484744,0.11554473514934584
Application_82106546,0.2435431382669625,0.6335204496689585,0.15768668181776152
Application_821402088,0.5770284906040698,0.37789513402282815,0.2838140140473963
Application_822332970,0.5687395355624091,0.4392148354337359,0.35831618324831005
Application_823313933,0.4766691476244883,0.3807881296776022,0.29222329993850693
Application_823561619,0.5662719597908679,0.3666748815312591,0.22863365926746704
Application_823830081,0.5133786831246865,0.47756717555683126,0.2775016470783012
Application_824575725,0.5161344891016775,0.47959758025587507,0.27392573208944393
Application_825284974,0.5398796504169018,0.4093040901649954,0.2630675780430976
Application_8255496,0.5547081262651521,0.3856580530981599,0.24655133911606583
Application_828330778,0.5520470019886698,0.12912031047642752,0.2249107183472671
Application_828739470,0.5849467703192314,0.410671568365281,0.2813008011229937
Application_830101215,0.32740232909663697,0.29068388402616063,0.2855484244004825
Application_831992514,0.5785585006455052,0.3741252121659318,0.29526683084516664
Application_832770467,0.6920151847091105,0.23085092671245433,0.3117543282434326
Application_833399908,0.5910115555425189,0.3516400581523594,0.2774520609885627
Application_835024653,0.3874694720900204,0.3866137702908555,0.292717196185912
Application_835755263,0.6332020167200636,0.37743383970568234,0.27129799943672367
Application_836841943,0.6033266464306303,0.4551511905834052,0.30693812765596756
Application_836856058,0.5518162004687136,0.36556440242390437,0.27389924350055433
Application_838884307,0.7660380939024298,0.1734978700315488,0.17767516147650128
Application_839952915,0.6742010036332703,0.13943393499046755,0.22620228300733508
Application_8404955,0.2744494123996769,0.00877652668855044,0.06704936701194499
Application_841240578,0.534306439413404,0.3826915452437371,0.3004730991529673
Application_84195997,0.4972199185120601,0.3869889744032845,0.27271553872534493
Application_842022801,0.6015007430886522,0.3875705885529897,0.2701782042559511
Application_844514474,0.6223959134871181,0.304747418539307,0.22039229057265264
Application_844831749,0.4504011062305862,0.4372383763949082,0.28955422899227856
Application_84533120,0.5614031876010545,0.41957352119119606,0.2628244049955854
Application_846209494,0.1704961920082994,0.10208344784637695,0.14970000967237954
Application_8497910,0.6443734406264725,0.29785215335494364,0.21432751416933166
Application_851895556,0.4051270091258334,0.30748334044872877,0.276967052975475
Application_852183469,0.5605151532411183,0.3917841126731918,0.29466686888460225
Application_852716835,0.3527778419937254,0.48556619133878504,0.34264085409238915
Application_854280555,0.6098824121909125,0.34280331207234904,0.252012404147909
Application_85502316,0.5098792713060055,0.4105130705729908,0.28506493882496586
Application_855239950,0.5823490005385882,0.41314822210667235,0.2779743417745907
Application_855901489,0.47077339984175176,0.4468035825047365,0.26746486049702295
Application_856935152,0.433368435268716,0.31328644288283203,0.2967129642023005
Application_858239432,0.33413379931887205,0.42019882363944816,0.2886654053449449
Application_858754330,0.5547456622219082,0.36666167918251036,0.2970600944822501
Application_858789639,0.6584611282028078,0.3314405994089946,0.3178951932670615
Application_858881040,0.5055163573037577,0.38295648942602195,0.29100827594870604
Application_859428294,0.573460757218347,0.3720002056666152,0.23477437630684678
Application_861069239,0.5255334507817799,0.38162375660388165,0.2734428542409152
Application_864148389,0.48714366638764617,0.3827167239945337,0.23027052975733941
Application_866486447,0.7934510330740306,0.16580735153550924,0.23568347638661113
Application_866670658,0.5835079359575033,0.3612319450803657,0.27572118078038355
Application_867400149,0.24786533717751366,0.6326247117199262,0.15693862359282812
Application_867435788,0.6413705142517185,0.30548097005016484,0.20327505567563184
Application_86905976,0.2600040391351786,0.3749141253589141,0.2664303847259299
Application_869335382,0.7477355700076576,0.19369891730377004,0.27301610937186843
Application_872415486,0.5902490162508663,0.41382495235348077,0.28373945119869554
Application_874039168,0.5585730894286934,0.48615114225019934,0.3073865709238983
Application_875614911,0.5861388884023369,0.4712128583212136,0.3029497598274693
Application_876077850,0.6031220182865258,0.3800527667819599,0.26322513168271394
Application_87659628,0.637961182830375,0.48384320905674755,0.3134410579093768
Application_876712087,0.2909310868586829,0.386270029392192,0.2706016291101713
Application_877522071,0.14011025290778653,0.00781987089794535,0.06476766381372095
Application_877772414,0.646850452956256,0.3105117697354429,0.20793118775490269
Application_879553786,0.4529899816747309,0.5206562388727642,0.34178571746097536
Application_884271564,0.12148120200536436,0.14507006327090394,0.1294250711975627
Application_884403770,0.4529739029567587,0.3869889744032845,0.27271553872534493
Application_885012170,0.6160348373332468,0.3625212528812816,0.22990763961268185
Application_885372391,0.4141947424968085,0.3587566882880295,0.27930456236799334
Application_88952849,0.6964046432870213,0.3015779434280177,0.24836291865310003
Application_890075702,0.11532072573401848,0.058801148420342564,0.09800311694302866
Application_89083515,0.5052276861634339,0.4649359145402648,0.2845611093527816
Application_890963278,0.577241378954675,0.40174363989299033,0.2374775532586646
Application_892427793,0.5774316926795823,0.368273595577255,0.2566494948512553
Application_894204901,0.09458578231320415,0.12036171916934044,0.11214706787216414
Application_894382241,0.11178350359012022,0.10285710905763637,0.1258077884795414
Application_897350750,0.4767193139104127,0.3869889744032845,0.27271553872534493
Application_900844990,0.4689832689325969,0.3786905142259407,0.2699057442675926
Application_903799216,0.3567871925496328,0.37768005676550137,0.2630978581732203
Application_904093739,0.5291043643551225,0.3814593872964188,0.27003688293781636
Application_905082437,0.43416444709592616,0.376988054783939,0.24880131645933187
Application_905858527,0.5650346549616251,0.41363819989853035,0.2599745924066526
Application_90621717,0.4448909382164168,0.2642556701552549,0.30651210653579375
Application_906296960,,,
Application_907136885,0.27078878984330385,0.3613256708770615,0.2482631496669674
Application_907309048,0.6941311972923736,0.3695995644016613,0.21144781152513722
Application_907359229,0.5691912575678463,0.40544332374746406,0.258658713925261
Application_908012089,0.5743255224251091,0.42722682209743307,0.2585982889008685
Application_910003252,0.4895424298718841,0.3869889744032845,0.27271553872534493
Application_910353899,0.5285276326878916,0.3901597845104115,0.2769380210948225
Application_913122133,0.5196741945214142,0.3609580018483188,0.2642345705974639
Application_914673270,0.6122526083580259,0.36740027762730026,0.24818124538106903
Application_917308364,0.5236480065201761,0.4443028851161396,0.32764840047519067
Application_918572133,,,
Application_918963277,0.6191235263667539,0.3786584446090994,0.2837389233182635
Application_918979468,0.3555442777965114,0.340653263952274,0.2867041100987771
Application_919959748,0.13139931391863743,0.09559466615548828,0.12057639279108322
Application_92009906,0.5546406107260465,0.3667740593492023,0.2704917347015171
Application_92081663,0.14929465333623537,0.05340428980834264,0.08775031841736503
Application_920967125,0.16271143952214157,0.14210692179950263,0.11940752936503708
Application_922011706,0.6269758781948696,0.34316885463366653,0.1744861191074397
Application_923730558,0.5853363228530846,0.3732850408422244,0.2543549905451734
Application_926052296,0.6471923261409711,0.40868298458541963,0.2760311348860709
Application_926094669,0.6447803808560955,0.19706988969400477,0.23028985721273842
Application_92624898,0.6459030973413252,0.34309434438415554,0.2597802908079132
Application_929015547,0.5175621341932454,0.35948940685662467,0.23892977845477686
Application_92984842,0.5618757015038534,0.37099038261100564,0.27381580527240523
Application_929931999,0.27684653452352787,0.6342927315844479,0.15994762660019174
Application_932158358,0.7219002419320312,0.22530483460493667,0.2849551524038734
Application_933464832,0.5358808249645944,0.46766618768166224,0.27338114541703834
Application_933548333,0.2277880229380378,0.604077920618515,0.16218292022631178
Application_936141381,0.6056671584593257,0.3577757809288113,0.2534269908311421
Application_936279128,0.6371758457450369,0.4094179190204998,0.31827238977488437
Application_938318297,,,
Application_940496739,0.5834185462095535,0.36669329874971235,0.2678694457233547
Application_940705047,0.47300479898654796,0.3928586178751349,0.24794703550447578
Application_94127270,0.4694816396447532,0.3670524934109701,0.2519826776334011
Application_942057035,0.5277150672686375,0.3762398086757728,0.2689038750946752
Application_94215,0.6715116654135561,0.37545336505726634,0.23938821969422788
Application_943827704,0.479507704769224,0.36796980775853083,0.2309620483118233
Application_943868855,0.1903492540207065,0.03919243026971721,0.09080186767192909
Application_944654361,0.6193681448936165,0.3800718142970563,0.29600418729814587
Application_945696184,0.48517810622868346,0.3618447690910811,0.24475370678869554
Application_946739824,0.5643826991550478,0.4123307212701867,0.25612204958489077
Application_946802204,0.6182784704474159,0.38345427874264204,0.2572800384361332
Application_946845929,0.5891592185791841,0.3479224092038399,0.256534801619711
Application_946851059,0.5709199413373587,0.4115497453241564,0.29129417612524056
Application_948141705,0.17654985325176684,0.037949404983662845,0.09442849082736061
Application_949156991,0.12104863484602406,0.11263962030863015,0.10443312161694424
Application_951361217,0.4731257995990856,0.40031883684031716,0.2629316745828103
Application_951427056,0.47928404430056354,0.3689574610047782,0.22847203281180256
Application_952114406,0.5334729115736142,0.4148233341514964,0.2671678194129623
Application_95311556,0.459533205648035,0.3739575489163779,0.2695290759176713
Application_953179282,0.6347738298029554,0.41745962494845,0.2574683457846772
Application_95477936,0.11705739075244277,0.07455060547507039,0.10641696659789864
Application_955811445,0.5932032300109852,0.25260492745361934,0.2278511897268198
Application_956764835,,,
Application_957614949,0.07692787124830686,0.09754960060027668,0.11510234408052207
Application_957947349,0.5891251375377146,0.4265636040052838,0.3082222191409344
Application_957957984,0.6136232434223995,0.431746433576107,0.3024811954063196
Application_958218647,0.5260920972743851,0.40892359175254056,0.24898657350387524
Application_962920598,0.5977308132675306,0.3667740593492023,0.2704917347015171
Application_963564266,0.6092344187534177,0.4208590820184009,0.28595964287221254
Application_964208437,0.6466500989881026,0.10570585746347116,0.17858865749276515
Application_964309178,0.5047657895076726,0.45851316931881236,0.25783335360471865
Application_9650923,0.6833261495611019,0.3786817129331854,0.2689755489597045
Application_965842748,0.6479977962198797,0.4729986777722127,0.34330159807370014
Application_966891264,0.4294554150165718,0.36726368763182504,0.254010260868827
Application_96732613,0.5471677446795431,0.41996890005429827,0.2490182274637066
Application_970357595,0.5815499192422453,0.4323975500570332,0.2859930805829605
Application_971594478,0.6211359935229588,0.3865547241981341,0.29145244653205876
Application_972388617,0.3977327519868551,0.36117131551390574,0.23842204147428828
Application_972407424,0.10864844367614263,0.08759184191065299,0.10969886296365354
Application_972486124,0.5958739843792448,0.3421731912722623,0.2180933955295973
Application_973075457,0.540635708657456,0.41461055330786706,0.3185093213635494
Application_973398039,0.6293729022383482,0.31410200390942783,0.24919267923148553
Application_974380976,0.41502558988132726,0.45939223963338094,0.29141592676341516
Application_974485148,0.5820168316878173,0.37631670602773537,0.2734352451595163
Application_97480244,0.6049157820424966,0.3667740593492023,0.2704917347015171
Application_976227600,0.45321642914538995,0.3840905612105757,0.28403066322835363
Application_976453500,0.5618368503497978,0.3696466283713288,0.26647540823422444
Application_977273044,0.5675062182035385,0.3685719833835646,0.2767928498368452
Application_978274104,0.6835060645236708,0.2879010779781273,0.19672380156758396
Application_978279321,0.5395237921267755,0.18866672508914967,0.25878886000382023
Application_978787861,0.6236734223433996,0.4597295717564345,0.3304924101238915
Application_981954059,0.5979179443197112,0.3586325571108913,0.2578614508781878
Application_983083464,0.2660573498832489,0.08156367828606444,0.07664725656973588
Application_983620351,0.5548512483851099,0.4614239836285714,0.2628901344978254
Application_989692273,0.5797373020905491,0.3348892872417835,0.2678599115217273
Application_99096400,0.5859744856700744,0.3885048254178917,0.3020438971412827
Application_991116281,0.40962723838535986,0.2647867478555116,0.26494647053807485
Application_993130220,0.48664537802591623,0.38597312777919096,0.28137643695889886
Application_993701683,0.5141057024501914,0.4176483808811309,0.2739397451852802
Application_994101872,0.5618567285763728,0.31464944723163746,0.3168181617141034
Application_995124359,0.5076088567462621,0.4360287498935202,0.26746485952501153
Application_995537269,0.43853563069316054,0.4590674926450281,0.29644007701540054
Application_99697167,0.564704243644404,0.3742006530973122,0.2953582608416121
Application_997205131,0.652376439841606,0.34868257278226705,0.2985873214556961
Application_997240244,0.2576733711874078,0.6343449425605165,0.1658106274495603
Application_997592088,0.4226865780561702,0.44682964626927363,0.31223898139652273
Application_998522150,0.6440309048569167,0.2892359397971358,0.20539609655551277
Application_998666405,0.4526161445387614,0.45762558181907487,0.28849496042152295
Application_998908852,0.6417131817427338,0.31430361613602925,0.23983621013784348
