case:concept:name,pred_outcome,pred_sigmoid_mm_time,pred_uncertainty,prob_outcome_better,prob_time_better,status
Application_1003444518,0.8599394513491562,0.15151623389124602,0.13941300103944015,0.6,1.0,ok
Application_1004385970,0.8071563804862806,0.38736075785086194,0.2273411573746093,1.0,1.0,ok
Application_1006138809,0.9209532137987132,0.1469183248042319,0.14608991880411265,1.0,1.0,ok
Application_1008663678,0.883724640251924,0.12286526964562638,0.16294106385415175,1.0,1.0,ok
Application_1012600292,0.8806165968402502,0.4035610888891873,0.22374838681725906,1.0,1.0,ok
Application_101285063,0.4289486364801652,0.3959940491876147,0.22694984820308106,1.0,1.0,ok
Application_1013192848,0.5613745148574191,0.189974764453638,0.19958580917923793,1.0,1.0,ok
Application_1016792765,0.8107844489667011,0.3985737098813937,0.22180839892813647,1.0,1.0,ok
Application_1018266027,0.8616953660197644,0.3844520899355788,0.2253029110947136,1.0,1.0,ok
Application_1018276550,0.961210827742399,0.394066603429649,0.213699250956548,1.0,1.0,ok
Application_101973919,,,,,,no_confident_recommendation
Application_1020696982,0.8284176751392645,0.38728417259729303,0.22706130669635777,1.0,1.0,ok
Application_1020792873,0.7258380301000786,0.4289529829382116,0.21494238810447885,1.0,1.0,ok
Application_1020819842,0.8708920269531382,0.19339286936832384,0.20345351523458755,1.0,1.0,ok
Application_1022084723,0.8480007041716727,0.39743216493779493,0.2133868127036332,1.0,1.0,ok
Application_1023037940,0.726969075951089,0.3817981223462262,0.21825941761380577,1.0,1.0,ok
Application_102597720,0.9165395603692109,0.16601950471700838,0.1800592492416012,1.0,1.0,ok
Application_1026777184,0.7767989638879393,0.38928304338102954,0.23060767645821326,1.0,1.0,ok
Application_1027449105,0.7792454017754481,0.35778449801178014,0.22042540996747026,1.0,1.0,ok
Application_1027859705,0.9043632062727979,0.29431822968572263,0.2481729438692019,1.0,1.0,ok
Application_1028665365,0.5577085422240712,0.49718987177660245,0.25693493420050045,1.0,1.0,ok
Application_1029674102,0.8708560548474745,0.38709462607796963,0.22117066525499487,1.0,1.0,ok
Application_102977791,0.7592040783566731,0.39028481402817167,0.22765290639746055,1.0,1.0,ok
Application_1031465496,0.8427535437351776,0.43972071890697106,0.2199149712219275,1.0,1.0,ok
Application_1032862024,0.8050359266769069,0.16536398385298023,0.19022612658381072,1.0,1.0,ok
Application_1033036371,0.8671590121704376,0.3056463356941619,0.24628594861247863,1.0,1.0,ok
Application_1033306842,0.8705084488905838,0.4204292592096549,0.22491169302222258,1.0,1.0,ok
Application_1033574302,0.666343480222232,0.42515270422734347,0.22541883429531595,1.0,1.0,ok
Application_1034775753,0.4187483831795694,0.38499681852231515,0.22659679906876737,1.0,1.0,ok
Application_1035618893,0.8122169918646817,0.4413256046901736,0.22712171934605863,1.0,1.0,ok
Application_1037771791,0.8052461000356281,0.437116746045145,0.23511787010936125,1.0,1.0,ok
Application_1038302868,0.8388734392152303,0.39365970794071464,0.22744478398029785,1.0,1.0,ok
Application_1038660996,0.7036265073389951,0.44152981621135623,0.23656349987034833,1.0,1.0,ok
Application_1039200421,0.7895408367314959,0.3026380700250846,0.24949972072997018,1.0,1.0,ok
Application_104061665,0.82007583994375,0.40852053087794005,0.21823627661337203,1.0,1.0,ok
Application_1041438098,,,,,,no_confident_recommendation
Application_104406636,0.8677113742790554,0.36932335237539066,0.2180488073329857,1.0,1.0,ok
Application_1046222107,0.7933968267676416,0.3935025360043324,0.22460880435177732,1.0,1.0,ok
Application_1046524820,0.9012103053551611,0.3929479748337754,0.2151246119773889,1.0,1.0,ok
Application_1048834285,0.8091487754096998,0.35156744435527587,0.22670545472207143,1.0,1.0,ok
Application_104922918,0.8657792814918746,0.38880466760060756,0.2252823131885912,1.0,1.0,ok
Application_1050938301,0.9755205314356044,0.1601861661193536,0.19310439205390512,1.0,1.0,ok
Application_105434976,0.7199286353993513,0.40428105044863594,0.23164407615684976,1.0,1.0,ok
Application_1054777483,0.8475355309539103,0.19035177928906882,0.2076775787267326,1.0,1.0,ok
Application_1056831748,,,,,,no_confident_recommendation
Application_1057881509,0.8845678688048342,0.40102616297851307,0.211194409270358,1.0,1.0,ok
Application_105906022,0.900089810257742,0.15395691565566,0.13921637424212313,1.0,1.0,ok
Application_1064102675,0.8978753577934436,0.16140071278014506,0.15111826379646776,1.0,1.0,ok
Application_1065401414,0.8153897263801945,0.43973681391139774,0.22877051044042312,1.0,1.0,ok
Application_1069486579,0.882960077029185,0.4532246207401034,0.24959706014875077,1.0,1.0,ok
Application_1069511528,0.7202045150300731,0.40220686124530874,0.22581622590921535,1.0,1.0,ok
Application_107048111,0.8519665793058522,0.4264554273304527,0.2325018187433706,1.0,1.0,ok
Application_1070499420,0.9015869273141832,0.40121096611416107,0.21059953593164352,1.0,1.0,ok
Application_1071392906,0.8980941475737835,0.40505964903845876,0.23380776235788434,1.0,1.0,ok
Application_1072302976,0.8446374395152744,0.40220686124530874,0.22581622590921535,1.0,1.0,ok
Application_1072740747,0.8749757546241272,0.16672882449657395,0.19387136673936217,1.0,1.0,ok
Application_1073143855,0.7568481198345182,0.14507080575163295,0.1848849911062291,1.0,1.0,ok
Application_1076592180,0.9705216734398164,0.1672812103494079,0.194308945415649,1.0,1.0,ok
Application_1077139293,0.7310125134305079,0.42766659169473015,0.2380571814656339,1.0,1.0,ok
Application_1079472664,0.3792212872907931,0.3885946086739388,0.22493309466820222,1.0,1.0,ok
Application_1079589,0.8118866686730284,0.39381548562448493,0.2139811808405326,1.0,1.0,ok
Application_1081153991,0.6292560488867353,0.4173597531653341,0.2289714230516692,1.0,1.0,ok
Application_1082188204,0.9132157314723358,0.13115488427404448,0.17430886009350874,1.0,1.0,ok
Application_1083885618,0.8556952548008083,0.4646265111208986,0.25228431579530003,1.0,1.0,ok
Application_1084197155,0.7358353549060561,0.4230621664837277,0.23789792158881085,1.0,1.0,ok
Application_1084809711,0.8301731527047684,0.3833891055172588,0.22620057738682423,1.0,1.0,ok
Application_1084951999,0.5591613788332626,0.41045650710671283,0.21042437698624208,1.0,1.0,ok
Application_1085916302,0.8880227911995275,0.3876179531513843,0.2155269637626047,1.0,1.0,ok
Application_1086189813,0.8603912474056988,0.4007404207798661,0.2139009667266535,1.0,1.0,ok
Application_1086358390,0.9067254521567262,0.38348263604068267,0.20770905765713368,1.0,1.0,ok
Application_1087895834,0.8050140544316556,0.4095186199497802,0.23335598680398592,1.0,1.0,ok
Application_1088555315,0.7899499000841498,0.18821031747820102,0.18265379636738321,1.0,1.0,ok
Application_1089290640,0.8750549487374233,0.4057796259522317,0.22540220489958163,1.0,1.0,ok
Application_1090974006,0.8513371638572895,0.17540563781913793,0.18649519810144338,1.0,1.0,ok
Application_1091454310,0.7856677073292254,0.297113761741124,0.23868978555013964,1.0,1.0,ok
Application_1092109071,0.9464167909412977,0.13533423695538674,0.1697663720052375,1.0,1.0,ok
Application_1092918410,0.8999723261344825,0.3842929696405549,0.2265969425414824,1.0,1.0,ok
Application_1095263419,0.8455238590317982,0.36932335237539066,0.2180488073329857,1.0,1.0,ok
Application_1096081779,0.9622382707898046,0.39281346501389963,0.2128339672467544,1.0,1.0,ok
Application_109628015,0.9140978522589085,0.1469941069673034,0.1796450945842603,1.0,1.0,ok
Application_1096460123,0.7727336083214963,0.4542562708536311,0.22480329472275076,1.0,1.0,ok
Application_1096932592,0.9402190736085718,0.1744233871557574,0.1843270821977611,1.0,1.0,ok
Application_109718783,0.8244243858119543,0.41997805831804313,0.21514468229963196,1.0,1.0,ok
Application_109912668,0.8008077140205105,0.3928826267952855,0.2136949935464835,1.0,1.0,ok
Application_1099430757,0.8873612928648519,0.31820955962181896,0.26423856165645293,1.0,1.0,ok
Application_1099493178,0.692717889783734,0.38023284540355134,0.22503654502168513,1.0,1.0,ok
Application_1099663893,0.7532241286078847,0.4824151151829025,0.25649643620950946,1.0,1.0,ok
Application_1100253381,0.8859016425059572,0.40121096611416107,0.21059953593164352,1.0,1.0,ok
Application_1101636672,0.9046515543429344,0.3993126486111237,0.22342597318487123,1.0,1.0,ok
Application_1102148836,0.8274256067657505,0.39440781837995403,0.2289616300062531,1.0,1.0,ok
Application_1102289179,0.8182519229265797,0.4166818522924284,0.22450047334101922,1.0,1.0,ok
Application_110355063,0.7647604847702201,0.3891090514055648,0.22667112518599083,1.0,1.0,ok
Application_1103698005,,,,,,no_confident_recommendation
Application_1104110439,0.3952545922401576,0.3949578459397124,0.22839835949611065,1.0,1.0,ok
Application_1104349279,0.8654063612955918,0.416561772740483,0.22986918151912625,1.0,1.0,ok
Application_1104697616,0.9153835267455463,0.413579133830131,0.21984207440324016,1.0,1.0,ok
Application_1104784494,0.9056871088209928,0.4254672973826505,0.22646020638053938,1.0,1.0,ok
Application_1104839673,0.908145974024609,0.1640436124778167,0.20711950038390606,1.0,0.5,ok
Application_1106610804,0.8999854778847115,0.3694998134417818,0.21432208552801824,1.0,1.0,ok
Application_1107513596,0.8676575230319157,0.4018001127722526,0.21585998084898186,1.0,1.0,ok
Application_1107974200,0.8774404998076737,0.300614168038087,0.25068702161584505,1.0,1.0,ok
Application_1108410496,0.6780575050496508,0.3850145134650554,0.23013852096416332,1.0,1.0,ok
Application_1108553853,0.7539908410151243,0.39525396110662797,0.2166489335886124,1.0,1.0,ok
Application_1109500523,0.7855196593821308,0.3944867422148605,0.22887077742001155,1.0,1.0,ok
Application_1109722425,0.8317568741599741,0.3814949241346942,0.22940162774334732,1.0,1.0,ok
Application_1110003824,0.9114154640981862,0.14532660123940636,0.18740213999973754,1.0,1.0,ok
Application_1110334222,0.6741988292071376,0.37553750001956654,0.22526926493039312,1.0,1.0,ok
Application_1110847631,0.8457868954377781,0.40756607339196993,0.22139290145044419,1.0,1.0,ok
Application_1112791540,0.7941336095971016,0.32501377870922904,0.25821740235368107,1.0,1.0,ok
Application_1114627184,0.7934929914078303,0.3258845952453669,0.26578157624789195,1.0,1.0,ok
Application_1115275695,0.8555939937012025,0.3829982339331325,0.22546913253917203,1.0,1.0,ok
Application_111536511,0.8094327304775923,0.42152646423342716,0.2302543806517521,1.0,1.0,ok
Application_1116596448,0.9455728690385572,0.14257557351880004,0.17551233539144312,1.0,1.0,ok
Application_1116878017,0.8483892033365081,0.42231614181711097,0.22455156075729882,1.0,1.0,ok
Application_1118317851,0.7826813119621236,0.4212279564819534,0.2208306095937235,1.0,1.0,ok
Application_1118691851,0.8941598501735648,0.3829375167831133,0.22244682703710458,1.0,1.0,ok
Application_1118794258,0.9189283088686782,0.38841675756780425,0.2049140491678815,1.0,1.0,ok
Application_1119128567,0.7566024142421651,0.43338163184805945,0.2527153885661686,1.0,1.0,ok
Application_1119346613,0.8635663005863199,0.39720156526516304,0.21402391652346353,1.0,1.0,ok
Application_1119704576,0.9192767682919273,0.1545224420229861,0.18898132509806367,0.5,1.0,ok
Application_1120624192,0.7888117617585215,0.3950051712012566,0.22036590174577703,1.0,1.0,ok
Application_1121095468,0.9212467643280366,0.37150456102385154,0.21976610011937883,1.0,1.0,ok
Application_112299550,0.34076014252753617,0.40425600722165855,0.22535919075250943,1.0,1.0,ok
Application_1123320394,0.9257187392256514,0.39281346501389963,0.2128339672467544,1.0,1.0,ok
Application_1123432099,0.8195549094101041,0.3924870424440795,0.2137943664238672,1.0,1.0,ok
Application_1123655418,0.8643484080207098,0.30911939002147404,0.24452163080607392,1.0,1.0,ok
Application_1124789802,0.8374760174483211,0.3999524030557611,0.23081377896092278,1.0,1.0,ok
Application_1125229039,,,,,,no_confident_recommendation
Application_1125299308,0.8668198932897001,0.3288030407509525,0.2713591825771175,1.0,1.0,ok
Application_1131812437,,,,,,no_confident_recommendation
Application_1131974200,0.7870303432057413,0.4473167660589466,0.2515891207864581,1.0,1.0,ok
Application_1132898010,0.8453555062538584,0.4019382416705187,0.2211496158582954,1.0,1.0,ok
Application_1133826059,0.9003819965468748,0.3264055578275031,0.2626908978966893,1.0,1.0,ok
Application_113474586,0.8850560008501724,0.4438206311137023,0.23439935525478023,1.0,1.0,ok
Application_1136138244,0.8429670801684105,0.4500256088818963,0.25471405756811266,1.0,1.0,ok
Application_1136188668,0.834742509813019,0.41342617477177795,0.22455263738768813,1.0,1.0,ok
Application_1136782466,,,,,,no_confident_recommendation
Application_1136942310,0.5834670064675572,0.27626358151050406,0.23473045942447468,1.0,1.0,ok
Application_1138343850,0.862960271113451,0.3830880864959395,0.22391965920652682,1.0,1.0,ok
Application_1138441532,0.9392593285307469,0.144651978865075,0.18559059181645596,1.0,1.0,ok
Application_1138682900,0.9415254362225379,0.13204479881074194,0.1748213791663449,1.0,1.0,ok
Application_1139095492,0.9542120094974748,0.11593589326188472,0.1499646951305084,1.0,1.0,ok
Application_1140000103,0.7914699252045113,0.3853349181134282,0.21522304412652016,1.0,1.0,ok
Application_1140214785,0.8774929643553206,0.38432223220054385,0.20701610575056148,1.0,1.0,ok
Application_1140934167,0.6180058049962662,0.4391475950929607,0.21999611359603324,1.0,1.0,ok
Application_1141437569,0.9588918119135925,0.1461287846210839,0.17151298673460405,1.0,1.0,ok
Application_1141800606,0.9135870767685813,0.194886076733818,0.19988867306193975,1.0,1.0,ok
Application_1142291922,0.8677110261450702,0.40101507563267597,0.20580406058600811,1.0,1.0,ok
Application_1143452352,0.9206032803795554,0.1847030476985631,0.19701971667705748,1.0,1.0,ok
Application_1143725882,0.8700132095114754,0.4064027957630804,0.21542038782730408,1.0,1.0,ok
Application_1143749034,0.7052822180569274,0.49529012934064387,0.2674996010937831,1.0,1.0,ok
Application_1144806380,0.9369243883853281,0.3040604003970432,0.2539173024541857,1.0,1.0,ok
Application_1145195394,0.7042271177329786,0.3720878025149338,0.22297506755863958,1.0,1.0,ok
Application_11454632,0.8452085103882838,0.3834934384575853,0.22063310361574492,1.0,1.0,ok
Application_114551747,0.9604297769405492,0.15393435331930325,0.18368160157929095,1.0,1.0,ok
Application_1145960664,0.7603982272790019,0.3803601689261261,0.22330003938044793,1.0,1.0,ok
Application_1146017257,0.9326638764245994,0.4190243693348329,0.22366575612784112,1.0,1.0,ok
Application_1146390793,,,,,,no_confident_recommendation
Application_114677449,0.8663451792124169,0.4155144454716799,0.23075184871135485,1.0,1.0,ok
Application_1147242139,0.7612447828434182,0.396413643510534,0.21769482007435575,1.0,1.0,ok
Application_1147800670,0.8914785176971979,0.1748928924842555,0.21138495177717354,1.0,0.5,ok
Application_1148505526,0.4873754413327974,0.38194979031288984,0.22626004649607576,1.0,1.0,ok
Application_1149826505,0.8588084695543158,0.38062743355253564,0.2248893679069793,1.0,1.0,ok
Application_1149882287,0.891439199703967,0.3821929022638619,0.22529696760649823,1.0,1.0,ok
Application_1151306652,0.6334819188212495,0.3959477176297356,0.22688496147038958,1.0,1.0,ok
Application_1151718196,0.8552550996634047,0.15936177011750516,0.17693318469634292,1.0,1.0,ok
Application_1152706558,0.844733344932762,0.3930062391070208,0.21335985636885904,1.0,1.0,ok
Application_1153327019,0.8204964598520398,0.1594979916797286,0.18209349236923356,1.0,1.0,ok
Application_1153332543,0.890282073867601,0.35264859126170656,0.21043944633929604,1.0,1.0,ok
Application_115387399,0.7853357216545566,0.42478086851011393,0.2282809636304318,1.0,1.0,ok
Application_1154947942,0.7509296615350014,0.3827138002952971,0.22583241845257074,1.0,1.0,ok
Application_1155624509,0.9823415407810163,0.1536175900215489,0.18866735384870803,1.0,1.0,ok
Application_1156380786,0.8638320339272638,0.44066208532008966,0.22493285209931457,1.0,1.0,ok
Application_1157095713,0.9157526864644103,0.30223578920124233,0.23650099089667417,1.0,1.0,ok
Application_1157455039,0.9821242708925798,0.3912124454442708,0.20523354604284966,1.0,1.0,ok
Application_1160716330,0.8172919304599021,0.4233127393765965,0.2176870355723543,1.0,1.0,ok
Application_1164107164,0.9379592039542469,0.14353654755366332,0.1839364859539424,1.0,1.0,ok
Application_116887817,0.9783219061339138,0.38093431026060764,0.20562638960682192,1.0,1.0,ok
Application_1171197563,0.8489328924788208,0.3947067837953009,0.22484742804134647,1.0,1.0,ok
Application_1172008352,0.9515266346575587,0.11538851018402556,0.14801589662077339,1.0,1.0,ok
Application_1173149180,0.3086950116939993,0.38960522784365825,0.20623663276186946,1.0,1.0,ok
Application_1173289988,0.59100634608391,0.39304749974675424,0.22567296215716157,1.0,1.0,ok
Application_1173481848,0.8970610924087146,0.1481547598719723,0.16546227234272634,1.0,1.0,ok
Application_1174114825,0.9102426205016745,0.39298344143267866,0.20946293238855304,1.0,1.0,ok
Application_1175285346,0.9488124029512385,0.14224338893773686,0.17004424565458567,1.0,1.0,ok
Application_1175418215,0.8346557687556353,0.17915990428314976,0.19305177723316044,1.0,1.0,ok
Application_117660615,0.8495504725316635,0.4058881686050869,0.21697790055628363,1.0,1.0,ok
Application_11773925,,,,,,no_confident_recommendation
Application_118076535,0.7783155646170621,0.3874614280903086,0.23071875196959968,1.0,1.0,ok
Application_1180779910,0.8130070260679169,0.3876467199967468,0.23034073637906505,1.0,1.0,ok
Application_1182794641,0.9348150476046859,0.1698210607568265,0.18247554152234044,1.0,1.0,ok
Application_1183136852,0.8863410797649626,0.40222002153613357,0.21638186716160934,1.0,1.0,ok
Application_1183476189,0.8358075230365302,0.37827121867194335,0.22412496868867945,1.0,1.0,ok
Application_1183534481,0.925607502442391,0.39197370805882376,0.21322095869001345,1.0,1.0,ok
Application_1183954314,0.8736759005726458,0.40665497435519293,0.21840988641609252,1.0,1.0,ok
Application_1184253258,0.5847342302899304,0.41940950074357775,0.23815786862733115,1.0,1.0,ok
Application_1185560776,0.9686543458910275,0.12128435999208038,0.143819392118022,1.0,1.0,ok
Application_1186011075,0.9694501454753301,0.13147444212274603,0.16933269989119987,1.0,1.0,ok
Application_1187770735,0.8463707439002077,0.3235063801584749,0.2562811488032338,1.0,1.0,ok
Application_1189444299,0.8278144369536304,0.40712665015089156,0.2579530708250958,1.0,1.0,ok
Application_1189871359,0.9207666042540756,0.3993126486111237,0.22342597318487123,1.0,1.0,ok
Application_1192817854,0.38715485022203816,0.39425703206773455,0.23012061837351486,1.0,1.0,ok
Application_1193407725,0.7102987206043281,0.41149800080988397,0.20665480704649863,1.0,1.0,ok
Application_1194573334,0.9145580257198653,0.164240653671562,0.20511092697714692,1.0,0.5,ok
Application_1196211316,0.9368615568338615,0.37594444958531403,0.17272918564348985,1.0,1.0,ok
Application_1200105859,0.9724427161429186,0.41176803690355823,0.22765898833369347,1.0,1.0,ok
Application_1201250492,0.8474600133264049,0.3979658075281317,0.22435740215164962,1.0,1.0,ok
Application_1201267547,0.574901583578834,0.3959543715716277,0.2173822887559757,1.0,1.0,ok
Application_1202440901,0.5045091970018738,0.41735898840958646,0.20274961997402713,1.0,1.0,ok
Application_1203000059,0.8731556107338426,0.3017297501754563,0.23936910591385321,1.0,1.0,ok
Application_120400056,0.941670869478949,0.10788251540672973,0.13680634385125767,1.0,1.0,ok
Application_1205027125,0.8440961503274337,0.3876305022020018,0.22664088981837063,1.0,1.0,ok
Application_1205291296,0.9061610779950555,0.41991354329045494,0.237909759020457,1.0,1.0,ok
Application_1207519267,0.7650919057799512,0.3829982339331325,0.22546913253917203,1.0,1.0,ok
Application_1208202898,0.9484580471534549,0.1303064645496238,0.17943393459469797,1.0,1.0,ok
Application_1208543050,0.9185393038979832,0.40921638569903707,0.21477060061858297,1.0,1.0,ok
Application_1209476276,0.9270272625136726,0.4109889526519531,0.23049115496628259,1.0,1.0,ok
Application_1210322027,0.8366265911822635,0.41296042871254135,0.22562061294524013,1.0,1.0,ok
Application_1213205773,0.792521966852091,0.4411189800571581,0.2187260153329953,1.0,1.0,ok
Application_121670659,0.8950517922808222,0.3971083537485466,0.2156979887753269,1.0,1.0,ok
Application_1216723425,0.8230587328620527,0.17375747825951202,0.1978357966207341,1.0,1.0,ok
Application_1218203113,0.7442064593192875,0.39438275840311926,0.21522439803636334,1.0,1.0,ok
Application_1218332981,0.9317963667722936,0.16443585391144505,0.18567499147529276,1.0,1.0,ok
Application_1219055263,0.8813431529359743,0.3136190763075251,0.2523307710699808,1.0,1.0,ok
Application_1219949717,0.8513874904533713,0.41984758962693364,0.2252258055502335,1.0,1.0,ok
Application_1220541878,0.8491577182513035,0.12274495637040221,0.1628646555459054,1.0,1.0,ok
Application_1221269355,0.8952960415934293,0.1192086860221134,0.15829498837014513,1.0,1.0,ok
Application_1222039007,,,,,,no_confident_recommendation
Application_1224187740,0.934144521686294,0.18907281189119415,0.19838999108536787,1.0,1.0,ok
Application_1225769256,0.9216486002306847,0.13955900694708617,0.1465510939200712,1.0,1.0,ok
Application_1226442731,0.7997016400504885,0.3785654769458257,0.21653488110926478,1.0,1.0,ok
Application_1228403719,0.8808076658617765,0.3800459836258156,0.22475210884867017,1.0,1.0,ok
Application_1234321250,0.816675705072248,0.41062047180625283,0.2275637241293279,1.0,1.0,ok
Application_1234365113,0.8663723610288562,0.30124694088908116,0.25066331283449367,1.0,1.0,ok
Application_1235896381,0.825488632911362,0.3936379841694516,0.22868833856016188,1.0,1.0,ok
Application_1237086325,0.4349120734465112,0.3682904806738069,0.22098564877909635,1.0,1.0,ok
Application_123834627,0.8069600274177907,0.37429103705994266,0.21605785079111298,1.0,1.0,ok
Application_1239060176,0.880407384826758,0.15695949640439164,0.17923150117630426,1.0,1.0,ok
Application_1239627323,0.7161268098286683,0.41914785648050606,0.23400582143020543,1.0,1.0,ok
Application_1240814574,0.9392184169059057,0.355786963560418,0.21768904463964683,1.0,1.0,ok
Application_1241865852,0.8206874707110302,0.41870868687159984,0.23996846084449389,1.0,1.0,ok
Application_1241999769,0.7293639357398123,0.40335835546188237,0.22171960071757357,1.0,1.0,ok
Application_1242315969,0.2988560363568513,0.3765859436398092,0.22447962186947207,1.0,1.0,ok
Application_1242352417,0.7607613872951704,0.3904803724385478,0.22615840199968457,1.0,1.0,ok
Application_1242477998,0.7641497175594951,0.39271941371029057,0.22797875965334322,1.0,1.0,ok
Application_1246865304,0.8474017655873902,0.3814417551871822,0.22275595480442667,1.0,1.0,ok
Application_1246985104,0.7993420917509876,0.30648017348352957,0.2512104370980884,1.0,1.0,ok
Application_1248242433,0.992857739746352,0.3578141304870211,0.21753020968325154,1.0,1.0,ok
Application_1248474304,0.9765468589399391,0.1222085183944637,0.1597581500236217,1.0,1.0,ok
Application_1248532589,0.8515337064433972,0.41543046056137783,0.22931805376915554,1.0,1.0,ok
Application_1248970009,0.5391585982773501,0.3795874249626512,0.23336096008264412,1.0,1.0,ok
Application_1250500817,0.4174543660120251,0.388253040789347,0.21005847203464548,1.0,1.0,ok
Application_125111453,0.6802041186351796,0.3893718680182692,0.21234400620168525,1.0,1.0,ok
Application_1251689244,0.8206915577408185,0.38501335272895393,0.22284315433869964,1.0,1.0,ok
Application_1252781397,0.9317662571909986,0.42625127463636037,0.2299167458654652,1.0,1.0,ok
Application_1254474288,0.8654895717838431,0.4023213433861638,0.22412280333811244,1.0,1.0,ok
Application_125498955,0.9153583128832049,0.3959725980083793,0.22456293269717478,1.0,1.0,ok
Application_1255919690,0.8110846931299901,0.17305650296997818,0.21829081817595047,1.0,0.5,ok
Application_1256531358,0.8019210959674988,0.4105491115546869,0.23372583253922322,1.0,1.0,ok
Application_1256882757,0.7724200140324177,0.3921305003741432,0.2277313768823735,1.0,1.0,ok
Application_125735546,0.8211553860052387,0.40762678680384645,0.21186895362590255,1.0,1.0,ok
Application_1258084186,0.3389722599876602,0.3903617010505239,0.22732554989627415,1.0,1.0,ok
Application_125846800,0.8895406037166411,0.38438419236457594,0.20803241040859627,1.0,1.0,ok
Application_1258641337,,,,,,no_confident_recommendation
Application_1260313275,0.6956524102108651,0.3993397315164514,0.22316134602936794,1.0,1.0,ok
Application_1260511828,0.8517948438772839,0.4109065728973212,0.22633994512831557,1.0,1.0,ok
Application_126161718,0.8209505850844518,0.382065375103933,0.22516753802404565,1.0,1.0,ok
Application_1263939811,0.9208544821138135,0.15108168198157185,0.1709857812692175,1.0,1.0,ok
Application_1263997961,,,,,,no_confident_recommendation
Application_1264408299,0.8404917384956427,0.393219944401613,0.2316444275984127,1.0,1.0,ok
Application_1264902566,0.9524737968657342,0.40087780058008493,0.2111146700403489,1.0,1.0,ok
Application_1265044597,0.7460480338845623,0.39085303700248736,0.22547733454833088,1.0,1.0,ok
Application_1268164546,0.8745705636027378,0.3050815975833372,0.25349454643476876,1.0,1.0,ok
Application_1269305141,,,,,,no_confident_recommendation
Application_1269620603,0.8387707910578274,0.3859157143276003,0.22623877002584508,1.0,1.0,ok
Application_1271570199,0.426002301992641,0.3704799077211174,0.21874000466868165,1.0,1.0,ok
Application_1272345729,0.8387254957630954,0.41201480489604664,0.22519123863203458,1.0,1.0,ok
Application_1273109806,0.7923367316473798,0.3799881635812819,0.22534306140982205,1.0,1.0,ok
Application_1273243804,0.726192360203644,0.37825101710012454,0.22465480978481592,1.0,1.0,ok
Application_1273835556,0.7957095409026499,0.17805061751808338,0.18266410229397767,1.0,1.0,ok
Application_1273931422,0.9125832139146269,0.3630826377918828,0.20666597886038712,1.0,1.0,ok
Application_1274166676,0.6591766039703612,0.383534367564568,0.22898395887696915,1.0,1.0,ok
Application_127457405,0.8744946999902079,0.4255356824939639,0.22437437905762203,1.0,1.0,ok
Application_1274866621,0.8546420887428748,0.3882386573250339,0.21894291230464388,1.0,1.0,ok
Application_1275065414,0.8378877815577657,0.3807549607124645,0.22501862484135726,1.0,1.0,ok
Application_1275483894,0.979545519066623,0.30350651418448477,0.2528511781391064,1.0,1.0,ok
Application_1275708382,0.9107166046133297,0.30628962980062596,0.24809331582694338,1.0,1.0,ok
Application_1276203911,0.964586277853291,0.12365914749285978,0.16094352618600313,1.0,1.0,ok
Application_1277202210,0.907806634259381,0.4374984916092656,0.24997438404082417,1.0,1.0,ok
Application_1278754356,0.598040459787742,0.39658489443230216,0.2218624559478101,1.0,1.0,ok
Application_1279149491,0.8394771961568129,0.3917640849692335,0.2136307016926526,1.0,1.0,ok
Application_1281070255,0.9182214474548556,0.30345006971676153,0.2528647453678059,1.0,1.0,ok
Application_1281219916,0.8090671870364581,0.41795620303306896,0.21529959318687505,1.0,1.0,ok
Application_1281227660,0.8516398875792833,0.38831252035524627,0.23025926840319308,1.0,1.0,ok
Application_1282231634,0.7039031123260027,0.37697544157096385,0.2255479425191327,1.0,1.0,ok
Application_1282418399,0.7392644895452174,0.3828762659609398,0.22915111245553652,1.0,1.0,ok
Application_128251318,0.8800803304255298,0.3993436599607323,0.20829394002921964,1.0,1.0,ok
Application_1282746821,0.8487787903224836,0.400835753416344,0.21638168049404305,1.0,1.0,ok
Application_1283341810,0.32144685044854515,0.39310530880642197,0.21061778094943445,1.0,1.0,ok
Application_1283651073,0.8724848874036021,0.40288297358755376,0.22358415390800762,1.0,1.0,ok
Application_1283751278,0.886263700143186,0.3890717115188885,0.21221024855232273,1.0,1.0,ok
Application_1284230014,0.9306264413864008,0.3828393780346547,0.22922901543158852,1.0,1.0,ok
Application_1286083897,0.9406320267488338,0.11978759707665154,0.15444388706593395,1.0,1.0,ok
Application_1286125502,0.9058564816884674,0.17235187508581556,0.19039729468042357,1.0,1.0,ok
Application_1286165737,,,,,,no_confident_recommendation
Application_1288084480,0.8929118745417464,0.1472663616672493,0.15769705741807427,0.9,1.0,ok
Application_1288647467,0.8924583305945297,0.168500512842034,0.2030059421180554,1.0,0.5,ok
Application_1288727835,0.9021503832112505,0.403109250051056,0.21752121448304923,1.0,1.0,ok
Application_1289012778,0.937217232412438,0.16742848628118656,0.18565953014962933,1.0,1.0,ok
Application_1291280868,0.7482132436444799,0.39176659679921727,0.22815069988409484,1.0,1.0,ok
Application_1291464093,0.7090662346040313,0.45649326554251796,0.2611510476049623,1.0,1.0,ok
Application_1291843877,0.776208484483276,0.41088498922287287,0.22569941927777712,1.0,1.0,ok
Application_1291971664,0.6455121683686512,0.44620778648276715,0.22973166840332795,1.0,1.0,ok
Application_1292771933,0.8232004858501764,0.44559975808244945,0.239349985044334,1.0,1.0,ok
Application_1293008903,0.6960553885122681,0.3866076216428727,0.22481373574999353,1.0,1.0,ok
Application_1293120092,0.802365109539166,0.41078606706887183,0.22279666182173152,1.0,1.0,ok
Application_1294558199,0.82561753926606,0.40826096811155654,0.2130697717111366,1.0,1.0,ok
Application_1294597796,0.9585474818640918,0.35670878566024533,0.2067301411473934,1.0,1.0,ok
Application_1295538492,0.651687634673297,0.3088349639441679,0.25201578463197916,1.0,1.0,ok
Application_129565630,0.7610474394706854,0.30124694088908116,0.25066331283449367,1.0,1.0,ok
Application_129573767,0.9521718042055907,0.39743216493779493,0.2133868127036332,1.0,1.0,ok
Application_1295911338,0.8333438888141264,0.3719515391846519,0.2154638521174215,1.0,1.0,ok
Application_1296197799,0.8615934925509791,0.39075910538208725,0.21269647117084453,1.0,1.0,ok
Application_1297559824,0.8281785276769513,0.42412383418059757,0.21476750699530708,1.0,1.0,ok
Application_1299856399,0.9876491949931051,0.4114459890498976,0.22325182557692277,1.0,1.0,ok
Application_1300309831,0.23133117052039506,0.3958154709019367,0.21622354224953458,1.0,1.0,ok
Application_1300870804,,,,,,no_confident_recommendation
Application_1302829474,,,,,,no_confident_recommendation
Application_1303460272,0.8328065109180967,0.3857309111919523,0.22687783401510547,1.0,1.0,ok
Application_130463013,0.9547902011230552,0.42452961842896586,0.22657933973488095,1.0,1.0,ok
Application_1304842887,0.7424535484724855,0.4745052091849152,0.2310232814485585,1.0,1.0,ok
Application_130658775,0.9010028069296027,0.43312833058549727,0.22076570352063793,1.0,1.0,ok
Application_1307447876,0.8661642949248574,0.42567584440855716,0.22092819919543996,1.0,1.0,ok
Application_1307546210,0.9531849971690487,0.39512655446351486,0.21660069522513803,1.0,1.0,ok
Application_1307592624,0.9283606127914976,0.41193420635976946,0.23312757040663498,1.0,1.0,ok
Application_130761111,0.9896643714265649,0.149759969339577,0.15983218111209146,1.0,0.6,ok
Application_1307722721,0.8855487537665665,0.4637294259582284,0.2580861369752692,1.0,1.0,ok
Application_1308025514,0.9110359940762397,0.3144634668808679,0.25408388014473543,1.0,1.0,ok
Application_1309710626,0.8277447126465431,0.39266574064074045,0.21669534545343586,1.0,1.0,ok
Application_131097851,0.7759386561287829,0.3733096834716657,0.21560876226841036,1.0,1.0,ok
Application_1311228454,0.8263282288805448,0.31156677693552326,0.25420797904989584,1.0,1.0,ok
Application_1312933469,,,,,,no_confident_recommendation
Application_1314374663,0.8718412375279168,0.38991146847396435,0.21182509251646023,1.0,1.0,ok
Application_1314823602,0.9188599263129352,0.1649529987397067,0.20203315068094493,0.8,0.5,ok
Application_1315782276,0.9280034379831954,0.31717830304516104,0.2596861360761675,1.0,1.0,ok
Application_1316274797,0.8834463258000387,0.4077892515690193,0.20462300515171467,1.0,1.0,ok
Application_1316346128,0.8149034691791165,0.4007817699952545,0.22185916694812638,1.0,1.0,ok
Application_1316469526,0.936157598787805,0.14209509059286793,0.18235671694613187,1.0,1.0,ok
Application_1316556140,0.7515645933732593,0.38959811411300305,0.17831435810367008,1.0,1.0,ok
Application_1316779443,,,,,,no_confident_recommendation
Application_1317388562,0.7451396705900045,0.15581354873092718,0.1759004433825349,1.0,1.0,ok
Application_1318517683,0.31066834531103155,0.40454259667722103,0.2250024058167845,1.0,1.0,ok
Application_132038140,0.8706260807938176,0.44025773487134473,0.2404229938971212,1.0,1.0,ok
Application_1321952381,0.872714692260888,0.17658596794983805,0.2092299041837413,0.8,0.5,ok
Application_132220187,0.8696388688042366,0.4079489654450666,0.21748663990373848,1.0,1.0,ok
Application_1322307011,,,,,,no_confident_recommendation
Application_1323283519,0.2932501713685512,0.41953256465745464,0.2260532957053984,1.0,1.0,ok
Application_1323290543,0.9047741143189476,0.39262866187825163,0.21343510842876445,1.0,1.0,ok
Application_1324210895,0.8208899050264845,0.3704799077211174,0.21874000466868165,1.0,1.0,ok
Application_1324391484,0.8957440020794014,0.39582668603622706,0.22120855019053598,1.0,1.0,ok
Application_1324680297,0.9359625873259444,0.29691530245899633,0.22983139658867568,1.0,1.0,ok
Application_1325360487,0.9420920023875454,0.3714013384232261,0.21038174208508711,1.0,1.0,ok
Application_1327686952,0.764051006091066,0.4370954959797819,0.22332527914459585,1.0,1.0,ok
Application_1328770574,0.934144521686294,0.18986762599529075,0.20011136308240576,1.0,1.0,ok
Application_1331144446,,,,,,no_confident_recommendation
Application_1331295233,0.9000870625366146,0.39153055482796195,0.2202570360860254,1.0,1.0,ok
Application_1331492368,0.9252206924845072,0.18223565140015593,0.20794864557972353,0.8,0.5,ok
Application_1331678337,0.7573377079086134,0.3912781787823446,0.22627608046406977,1.0,1.0,ok
Application_1331809820,0.9072086085996754,0.15773309321278423,0.17353829658668724,1.0,1.0,ok
Application_1332066828,0.8865305521276508,0.38228256296368546,0.22222361557831183,1.0,1.0,ok
Application_1335180651,0.8773892296601238,0.4037726096176549,0.21784816714365976,1.0,1.0,ok
Application_1335455949,0.8848023859651867,0.39174313342249434,0.21432376916290363,1.0,1.0,ok
Application_1336423282,0.7423949668380659,0.3845433033585173,0.22908125516292063,1.0,1.0,ok
Application_1338322049,0.8966049027025239,0.4136729133317713,0.223451678481595,1.0,1.0,ok
Application_1339399261,0.8721414060553622,0.404019984596085,0.21114216901650806,1.0,1.0,ok
Application_1339681597,0.6447843937568555,0.3932722924771809,0.2297882877243172,1.0,1.0,ok
Application_1339781817,0.8701277893920011,0.41589232406585064,0.2387481919779992,1.0,1.0,ok
Application_1340459622,0.7577581524836321,0.39153424225955485,0.22848486589756892,1.0,1.0,ok
Application_1341133743,0.8718412375279168,0.3890717115188885,0.21221024855232273,1.0,1.0,ok
Application_134173506,0.46506247343394974,0.3718426229357245,0.21701432719770486,1.0,1.0,ok
Application_1343184,0.33115007508520067,0.41007682951966784,0.2162355417789499,1.0,1.0,ok
Application_1343349327,0.7132276718542033,0.4500084327374399,0.24311219581429622,1.0,1.0,ok
Application_1343884694,0.94136188611046,0.3538943957317536,0.2186998726857259,1.0,1.0,ok
Application_1345076352,0.8654393089612841,0.38439935375782863,0.22446675826709228,1.0,1.0,ok
Application_1345333868,0.8766537142402265,0.4112634133112293,0.21665475926732505,1.0,1.0,ok
Application_1347122551,0.7542623914457762,0.38508305984434904,0.22355752901948825,1.0,1.0,ok
Application_1347988922,0.9370570446685137,0.12869009015767047,0.17269370939787454,1.0,1.0,ok
Application_1349926412,0.8764282756000279,0.39141405920151506,0.21291011494746423,1.0,1.0,ok
Application_1350728321,0.6819904210503244,0.407567720445768,0.21734868175058314,1.0,1.0,ok
Application_1352726942,0.8792217131000546,0.41796190620230106,0.21782300749090105,1.0,1.0,ok
Application_1353447445,0.8631967439599184,0.4037613329932033,0.2073700651543341,1.0,1.0,ok
Application_1353848792,0.9741802669820342,0.1261668076799416,0.12797899100112597,1.0,1.0,ok
Application_1357377502,0.4634532810200073,0.41484599062809274,0.2249713017729533,1.0,1.0,ok
Application_1358946869,0.5320022250264593,0.38732035793286906,0.22720085653831365,1.0,1.0,ok
Application_1359737168,0.879252275486889,0.43991206320750387,0.2374759704407371,1.0,1.0,ok
Application_1359775338,0.7613287001576001,0.481431737044023,0.24403566347633396,1.0,1.0,ok
Application_1361444752,0.8434321726249864,0.39090098830892667,0.22475752653574044,1.0,1.0,ok
Application_1361883922,0.8920060406382164,0.13001227741557142,0.1694256030532845,1.0,1.0,ok
Application_1365116675,0.9315336779938033,0.15766246726053257,0.18934911366350168,1.0,1.0,ok
Application_1365152370,,,,,,no_confident_recommendation
Application_1365437313,0.8425494236390655,0.3861155391819152,0.21267970882186185,1.0,1.0,ok
Application_1366143473,0.8945729359824391,0.39425140656529706,0.21309730640363903,1.0,1.0,ok
Application_1366769739,0.8418374323976388,0.3177705303952786,0.25827129031744667,1.0,1.0,ok
Application_1366950042,0.832170658406499,0.14947547249426107,0.1709804459867119,1.0,1.0,ok
Application_1371434911,0.38687063316066717,0.395778473841894,0.21471715095529484,1.0,1.0,ok
Application_137438189,0.8502652985365035,0.194728523954706,0.20592091866831183,1.0,1.0,ok
Application_1375169811,0.9426293539553383,0.1448835609049477,0.17282021933868677,1.0,1.0,ok
Application_1375435938,0.8494715728573357,0.3859234257745268,0.22907785262712813,1.0,1.0,ok
Application_137951178,0.8714962658014002,0.38562914926591024,0.22640516933737592,1.0,1.0,ok
Application_1379975984,0.8719314910206478,0.3031955147916314,0.254347150027915,1.0,1.0,ok
Application_1380707551,0.7902526138253605,0.387340294698772,0.21108404281443702,1.0,1.0,ok
Application_138110394,0.8025824798233933,0.16295520589946202,0.1741235425917446,1.0,1.0,ok
Application_1381169658,0.8447055308407595,0.40438442620815396,0.2170747256853127,1.0,1.0,ok
Application_1382009065,0.8514132679490954,0.4244798768938356,0.21865640946297404,1.0,1.0,ok
Application_1382204301,0.7933161990858502,0.3717549182580743,0.2214737935152602,1.0,1.0,ok
Application_1382937184,0.8833140324938666,0.3915988623371631,0.21231039397733803,1.0,1.0,ok
Application_1384106962,0.5072863618971424,0.30350651418448477,0.2528511781391064,1.0,1.0,ok
Application_1384343806,0.8724573220845646,0.40981634606532696,0.23646702257898855,1.0,1.0,ok
Application_1385747357,0.9439306420811255,0.15557164764259124,0.19206451037438493,1.0,1.0,ok
Application_1388031954,0.9089298458287491,0.3947543750506891,0.22969985104931495,1.0,1.0,ok
Application_1389044798,0.6712352181252009,0.417431236620874,0.23101732614416864,1.0,1.0,ok
Application_1389412266,0.9183148863371584,0.16680254033287684,0.18126827081941413,1.0,1.0,ok
Application_139141595,0.9338505238255662,0.17632119552718178,0.186310328616642,1.0,1.0,ok
Application_139153216,0.6858445137914418,0.3954944143720073,0.22624199229256997,1.0,1.0,ok
Application_1392867246,0.8303351399187108,0.38018748269369596,0.22155075935412985,1.0,1.0,ok
Application_1392931200,0.8146084766772924,0.3971458989702422,0.2209457124470641,1.0,1.0,ok
Application_13944300,0.890071120251663,0.379745394014515,0.20438467188722667,1.0,1.0,ok
Application_1394483322,0.6903260893054434,0.403109250051056,0.21752121448304923,1.0,1.0,ok
Application_1395388115,0.7857599631813786,0.40589016773095976,0.212519640218443,1.0,1.0,ok
Application_1395429395,0.844412814902214,0.4177398257860103,0.22568960318659764,1.0,1.0,ok
Application_139724030,0.9301213970659254,0.379009512536424,0.21822587344000818,1.0,1.0,ok
Application_1397321296,0.5258907897857943,0.47786486065314177,0.25628966851935353,1.0,1.0,ok
Application_1398266061,,,,,,no_confident_recommendation
Application_1398309462,0.35283084290635036,0.3867611221375903,0.2300148316205121,1.0,1.0,ok
Application_1400741815,0.9168484792231442,0.16305737045384547,0.1703660115824035,1.0,1.0,ok
Application_1401776769,0.7320113496877946,0.4310039062870453,0.22227199754120386,1.0,1.0,ok
Application_1401798992,0.9540866228341943,0.15420740200350616,0.1632503030058762,1.0,1.0,ok
Application_1403984783,0.8417813117692794,0.3857309111919523,0.22687783401510547,1.0,1.0,ok
Application_140463362,0.8525132275561597,0.3739285101132116,0.2242281671768122,1.0,1.0,ok
Application_140466456,0.8728651405467349,0.4277754661856464,0.23161174332106174,1.0,1.0,ok
Application_1406835873,0.9652111769057562,0.1256311917365129,0.16504182179525703,1.0,1.0,ok
Application_1408009203,0.9011504162425438,0.35249394052501015,0.2119826321783152,1.0,1.0,ok
Application_1408362802,,,,,,no_confident_recommendation
Application_1411314331,0.3891709938330919,0.39021308353474726,0.21179082606225091,1.0,1.0,ok
Application_1411809915,0.855943787029339,0.39483677148003055,0.23137908192760323,1.0,1.0,ok
Application_1413720992,0.8692427194804754,0.39975782356563894,0.21946474931091042,1.0,1.0,ok
Application_1413836638,,,,,,no_possible_actions
Application_1415930985,0.5944712861089839,0.3920536133517912,0.22805942087797534,1.0,1.0,ok
Application_1417653464,0.7578045354379243,0.43844397592445394,0.23673575780531508,1.0,1.0,ok
Application_1417750933,,,,,,no_confident_recommendation
Application_1422930581,0.8733978523387834,0.4314521917029066,0.22762942677142778,1.0,1.0,ok
Application_1424659757,0.7650112718644504,0.4182702173843297,0.23571883446497796,1.0,1.0,ok
Application_1425329540,0.5124738905628501,0.18791540347917285,0.19294435037782603,1.0,1.0,ok
Application_1425800430,0.8271568343964042,0.46064236525805197,0.2508764456013075,1.0,1.0,ok
Application_1425820279,,,,,,no_possible_actions
Application_1427261936,0.5038074054389473,0.383153988522285,0.22025095005710196,1.0,1.0,ok
Application_1427438242,0.8492489791759011,0.3693827442245059,0.221235863894799,1.0,1.0,ok
Application_1427573691,0.8673327857201834,0.3408524477096877,0.28021372215924445,1.0,1.0,ok
Application_1431000094,0.8517853216234019,0.4039154550633697,0.22170867626256535,1.0,1.0,ok
Application_1432791901,0.8401906366729758,0.4102460055724273,0.2247895829716788,1.0,1.0,ok
Application_1434518975,,,,,,no_confident_recommendation
Application_1435594188,0.7827684688130394,0.4065909025566308,0.2561931487132752,1.0,1.0,ok
Application_1437497198,0.8516318506834214,0.4688161891233708,0.26273944548236344,1.0,1.0,ok
Application_1437966300,0.8586946091202807,0.41101712070835933,0.21224770547914895,1.0,1.0,ok
Application_1440477840,0.7451360496337756,0.3805831256203458,0.22775618705540862,1.0,1.0,ok
Application_144137365,,,,,,no_confident_recommendation
Application_1444191625,0.7976266261066609,0.40911618989925336,0.22529685325771626,1.0,1.0,ok
Application_1446757334,0.8948088102300485,0.3506849357783263,0.21243520582370246,1.0,1.0,ok
Application_1446807165,0.9560278610522309,0.1574186332514188,0.17033554763606354,1.0,1.0,ok
Application_1447107656,0.8455863115611463,0.3719756693170485,0.2184021738044725,1.0,1.0,ok
Application_1447384497,0.8280175823271724,0.3012867273258427,0.2506157887524627,1.0,1.0,ok
Application_1448754624,0.884641851907076,0.37156738297643743,0.22189856384768755,1.0,1.0,ok
Application_1449066412,0.7544468887045284,0.4475366349375248,0.24818840838097134,1.0,1.0,ok
Application_144911431,0.8334739956681433,0.3883311880770912,0.21054642594608336,1.0,1.0,ok
Application_1449370855,0.9057802207706399,0.11824718237206677,0.14313828848838328,1.0,1.0,ok
Application_1450319805,0.8587750682167324,0.37952487525707745,0.22417683680811878,1.0,1.0,ok
Application_1450396663,0.9399890020511552,0.41349445016931574,0.2183269232948485,1.0,1.0,ok
Application_1450689239,0.9581960470539647,0.16292445934037053,0.2025063985943967,0.8,0.5,ok
Application_1452533285,0.9648970477892529,0.11683344677807557,0.1588913519215306,1.0,1.0,ok
Application_1452854959,,,,,,no_confident_recommendation
Application_1453589065,0.2716320894125529,0.3834598263865133,0.2236468817244591,1.0,1.0,ok
Application_1453812922,0.9438073214961745,0.3413549897481961,0.21237889796143755,1.0,1.0,ok
Application_1454220575,0.8802417086344212,0.3250742604603353,0.25784789609698316,1.0,1.0,ok
Application_1458277433,0.8796057049644391,0.391171251610151,0.216979458299563,1.0,1.0,ok
Application_146114459,0.8347731104975789,0.3900788762875744,0.21039984117000213,1.0,1.0,ok
Application_1464086854,0.8706408684102576,0.3833891055172588,0.22620057738682423,1.0,1.0,ok
Application_146419660,0.8373217781842713,0.38923669493544155,0.22385078726742164,1.0,1.0,ok
Application_1464780823,0.6710559708354541,0.44478484268409196,0.24390085774116313,1.0,1.0,ok
Application_1465025013,0.8791461689970238,0.4027135568417119,0.21167941461275913,1.0,1.0,ok
Application_1468750557,0.9148184452077901,0.3917534205586525,0.21543554239084273,1.0,1.0,ok
Application_1469334320,0.7871919994889575,0.41183038440163716,0.2368870461123891,1.0,1.0,ok
Application_1471430106,0.9350156107895863,0.19420665686925603,0.1859784132246633,1.0,1.0,ok
Application_1472969785,0.845341315970237,0.31709778045158044,0.2586865333947467,1.0,1.0,ok
Application_1473464035,0.8481265527753733,0.16121734307933133,0.189366906323956,1.0,1.0,ok
Application_1473625375,0.7609229074186312,0.43030699243406473,0.22242621691182377,1.0,1.0,ok
Application_1473894342,0.8254202444586716,0.42047090905957996,0.22587864885712583,1.0,1.0,ok
Application_1474055956,0.8701489897503452,0.3838607140995169,0.22751502552068373,1.0,1.0,ok
Application_1475968760,0.8577017432573952,0.38957475222642735,0.2098566876808594,1.0,1.0,ok
Application_1479752026,0.9229170658980254,0.16490122771241666,0.17968113837584565,1.0,1.0,ok
Application_1480117653,0.7930942705953622,0.4160191003076831,0.2309518652483677,1.0,1.0,ok
Application_1481242369,0.9338378886398172,0.16358301587005916,0.18066882172843063,1.0,1.0,ok
Application_1481928502,0.9608381552136784,0.3673490768402766,0.21539544548908873,1.0,1.0,ok
Application_1483046130,0.8734856912821953,0.39786576346655295,0.21660748025157758,1.0,1.0,ok
Application_1484189145,0.875886535810092,0.40001499859943956,0.20843018152487278,1.0,1.0,ok
Application_1485367187,0.8688331771221319,0.1650953409810131,0.18500696736059663,1.0,1.0,ok
Application_1485546748,0.8941230147991825,0.14129079058036415,0.1778627970965857,1.0,1.0,ok
Application_1486220145,0.88003654520232,0.12057586133633594,0.160155931836316,1.0,1.0,ok
Application_1487829407,0.9016899938938489,0.16123586432264697,0.16321786890254955,1.0,1.0,ok
Application_1489341726,,,,,,no_confident_recommendation
Application_1489510821,0.4331242778382836,0.3833891055172588,0.22620057738682423,1.0,1.0,ok
Application_1489786126,0.64993546919281,0.3901381673427464,0.20451132272998376,1.0,1.0,ok
Application_1491300788,0.9779323190157265,0.12591891950273354,0.16682406377009534,1.0,1.0,ok
Application_1492609631,0.9251213683562117,0.4063952420593223,0.20979082047315692,1.0,1.0,ok
Application_1493979926,,,,,,no_confident_recommendation
Application_1494178086,0.8841132870805506,0.36836018778920193,0.22169405331599495,1.0,1.0,ok
Application_1494414449,,,,,,no_confident_recommendation
Application_1495079062,0.9310334749531269,0.29935035821387396,0.24219884197338526,1.0,1.0,ok
Application_1495262961,0.9157897204999621,0.3006061956194319,0.2506845350441973,1.0,1.0,ok
Application_149591383,0.9130809289031915,0.36357097339784505,0.21359918234760916,1.0,1.0,ok
Application_1496349825,0.8228938818777827,0.44027191731937176,0.22532340531335032,1.0,1.0,ok
Application_1496645833,0.3312471570023415,0.32422885276914515,0.26857693535140903,1.0,1.0,ok
Application_1498001149,0.8321395828754519,0.3887852729342468,0.22242684006085575,1.0,1.0,ok
Application_1498610522,,,,,,no_confident_recommendation
Application_1499935603,,,,,,no_confident_recommendation
Application_1501636291,0.8560448769409719,0.38069714066793076,0.2256102204476879,1.0,1.0,ok
Application_150329185,0.895133278012951,0.3693827442245059,0.221235863894799,1.0,1.0,ok
Application_1503602511,0.834922087814948,0.42542393669788836,0.2273596948153625,1.0,1.0,ok
Application_1504307845,0.9624805761295966,0.17078971588151248,0.19149311271595815,1.0,1.0,ok
Application_1504346428,0.985115160579318,0.3816393111202273,0.20990836570500032,1.0,1.0,ok
Application_150503991,0.9517835457497403,0.4250140889491437,0.2215499267796744,1.0,1.0,ok
Application_1505059688,0.7633066719033041,0.38405654120938476,0.22224041269523065,1.0,1.0,ok
Application_1508285623,0.7939449166543454,0.44375019151750417,0.23378714432288225,1.0,1.0,ok
Application_1508659021,0.8653147028524341,0.38439935375782863,0.22446675826709228,1.0,1.0,ok
Application_1509292111,0.8332627480496,0.3799881635812819,0.22534306140982205,1.0,1.0,ok
Application_1510765360,0.7877211894219122,0.4673836423866763,0.25761575861599867,1.0,1.0,ok
Application_1511779865,0.9299833838994125,0.37248655747467246,0.20034446798063513,1.0,1.0,ok
Application_151245494,0.49415448229294123,0.38683612875577655,0.23002772632545132,1.0,1.0,ok
Application_151280488,0.9533709956143328,0.34288938344632564,0.2081105194213172,1.0,1.0,ok
Application_1512972539,0.7561244572850141,0.4828695876258292,0.24880789960734812,1.0,1.0,ok
Application_1513197861,0.9132124961214587,0.39578779487273114,0.22519693390511666,1.0,1.0,ok
Application_1515604872,0.8639053553541322,0.42935852877168423,0.22868027367787327,1.0,1.0,ok
Application_1518013035,0.8616736953689573,0.3071388200361538,0.25203964285551955,1.0,1.0,ok
Application_1518048032,0.9458497702865429,0.1276026431665533,0.17301373319884888,1.0,1.0,ok
Application_1519909793,0.8157017339380518,0.4197694341966848,0.21589291420327375,1.0,1.0,ok
Application_1522004111,0.5187328499876364,0.32703120470653324,0.2671851682335294,1.0,1.0,ok
Application_1523406683,0.9352054085810183,0.415771698492814,0.22400297340499967,1.0,1.0,ok
Application_1523673583,0.5466499334378699,0.3173146354638806,0.26306703377946744,1.0,1.0,ok
Application_1523736860,0.8075966479773383,0.16286491933312433,0.17927220709992925,1.0,1.0,ok
Application_1524859554,0.48493991310387297,0.4268804952077054,0.23457936758606077,1.0,1.0,ok
Application_1527338408,0.9200972240583681,0.36910578775114156,0.22263923631950658,1.0,1.0,ok
Application_1527571617,0.8917439721013485,0.3919300284440858,0.21292357005104515,1.0,1.0,ok
Application_1528161643,0.7281626303515715,0.4007570593151031,0.23111101984217972,1.0,1.0,ok
Application_1529154801,,,,,,no_confident_recommendation
Application_1529928107,0.9514301336505099,0.12326714017423557,0.16083297616369965,1.0,1.0,ok
Application_1530321110,,,,,,no_confident_recommendation
Application_1530932646,0.840274420300471,0.4069270945868368,0.21185848479905628,1.0,1.0,ok
Application_1531707627,0.8352792964959128,0.3141637415642097,0.2539331082017152,1.0,1.0,ok
Application_1531851576,,,,,,no_confident_recommendation
Application_1533785960,0.7628847114186448,0.3100300293638132,0.2543714664878577,1.0,1.0,ok
Application_1534847619,0.974428282414002,0.3818797375862703,0.2064013329584883,1.0,1.0,ok
Application_1536534288,0.38209139685937105,0.38790827805335953,0.2130224203597795,1.0,1.0,ok
Application_1537507196,0.9375850757161399,0.3425462207204785,0.21878751646231379,1.0,1.0,ok
Application_1538042026,0.7234076618780687,0.29673512096863613,0.250402759100938,1.0,1.0,ok
Application_1541647337,0.890433662341773,0.4053851042728473,0.22697701444170468,1.0,1.0,ok
Application_154179391,,,,,,no_confident_recommendation
Application_1542614392,0.8946998995169557,0.4081630142500945,0.2151904527167843,1.0,1.0,ok
Application_1544217945,0.9330989597563458,0.12793604162623554,0.1580110758094295,1.0,1.0,ok
Application_1544460375,0.7874346690206475,0.38029071730499864,0.2227996094137467,1.0,1.0,ok
Application_1545481822,0.8793737519242361,0.34160769514704087,0.265920567288278,1.0,1.0,ok
Application_1546052937,0.8726169961325084,0.42567584440855716,0.22092819919543996,1.0,1.0,ok
Application_154623800,0.7860680162488266,0.38482806082251564,0.22320885359690384,1.0,1.0,ok
Application_1546747591,0.7670077535412574,0.39203634115035707,0.2274474764527833,1.0,1.0,ok
Application_1546890088,0.9220718771038253,0.36484858231106987,0.20016143934804073,1.0,1.0,ok
Application_1549000634,0.8866953034028071,0.45998610119137257,0.24875492719508807,1.0,1.0,ok
Application_1550643436,0.5728008678515075,0.4215829087011504,0.2302413727037966,1.0,1.0,ok
Application_1555489073,0.6884929961671032,0.38532318058619286,0.22972809171802197,1.0,1.0,ok
Application_1555975178,0.8297021092191322,0.41985810351660674,0.2268518457986834,1.0,1.0,ok
Application_1557296300,,,,,,no_confident_recommendation
Application_1558264214,0.8407661519602416,0.39339752901192415,0.22814621491496528,1.0,1.0,ok
Application_1559533192,0.6401011234186432,0.391610368145046,0.21573306131203687,1.0,1.0,ok
Application_1559916934,0.9419344853078326,0.16724212543276198,0.17986807524076434,1.0,1.0,ok
Application_1562686459,0.7158829365354926,0.3834934384575853,0.22063310361574492,1.0,1.0,ok
Application_1563418612,0.7859481809020962,0.38455334637569044,0.229454597880712,1.0,1.0,ok
Application_1564442059,,,,,,no_confident_recommendation
Application_1565590572,0.8998457605528095,0.39605658291868134,0.22598019169916356,1.0,1.0,ok
Application_1565653243,0.966614268468126,0.13330116092532798,0.16936482449061183,1.0,1.0,ok
Application_156618714,0.9593922563958154,0.14164656064395853,0.1814214413489605,1.0,1.0,ok
Application_156768160,0.3973232150251037,0.4094414345274989,0.2336373427223299,1.0,1.0,ok
Application_1567826735,0.8669724511705994,0.3800459836258156,0.22475210884867017,1.0,1.0,ok
Application_1569475999,0.9019035164197868,0.15936177011750516,0.17693318469634292,1.0,1.0,ok
Application_1569683122,0.9140686782300962,0.41439635562063765,0.2313107651103913,1.0,1.0,ok
Application_1570331344,0.7290564733154463,0.39483930714281235,0.2234791789186577,1.0,1.0,ok
Application_1571539418,0.9253997364824069,0.1709070282443547,0.18352932138091071,1.0,1.0,ok
Application_157155173,0.9757046633483365,0.13778517021976766,0.1740841139690393,1.0,1.0,ok
Application_1573876833,0.9214704703549801,0.14369722935028104,0.18331201848970177,1.0,1.0,ok
Application_1575096564,0.43256588085526176,0.3778847353239401,0.21701049743727974,1.0,1.0,ok
Application_1575815132,0.794047886299739,0.39173216077501277,0.22275156399162235,1.0,1.0,ok
Application_1575897956,0.8427402862398492,0.3850759573725245,0.22665017473684004,1.0,1.0,ok
Application_1576631308,0.784025905634223,0.4153687999153802,0.22622877855333964,1.0,1.0,ok
Application_1577555565,0.9337104006517832,0.14996392282548418,0.18962766626376393,1.0,1.0,ok
Application_1577667494,,,,,,no_confident_recommendation
Application_1578090032,0.9111226312792055,0.30231166401234905,0.24565094360956521,1.0,1.0,ok
Application_1579516377,0.8132724932298787,0.4651487496388662,0.2535492862010516,1.0,1.0,ok
Application_1579588184,0.9509509507759684,0.12411203577367688,0.16441847455611644,1.0,1.0,ok
Application_1580298940,0.9091660823075982,0.37089151105000234,0.2216744310430372,1.0,1.0,ok
Application_1580674851,0.8044190825690857,0.3833084020454146,0.2212064940157017,1.0,1.0,ok
Application_158230798,0.5406930582136912,0.3866915938798061,0.23044333944254983,1.0,1.0,ok
Application_1583297793,0.8856711354394132,0.41641217711644335,0.2247998362216218,1.0,1.0,ok
Application_1583662374,0.8791925991964706,0.42825271323763214,0.22285186360560907,1.0,1.0,ok
Application_1584063031,0.9495709342086109,0.17732884571287275,0.20763504946164338,1.0,1.0,ok
Application_1585601222,0.8117347590906505,0.4249576444814204,0.2215635802475079,1.0,1.0,ok
Application_1589247607,0.9286865463965736,0.19669986946603032,0.2008249966906623,1.0,1.0,ok
Application_1591765651,0.7755965689579574,0.3888611120683308,0.22526698480592902,1.0,1.0,ok
Application_1591900552,0.8488325012121052,0.3180545559782593,0.2683599584007905,1.0,1.0,ok
Application_159263293,0.9027317708015434,0.39670086671261595,0.21359730577157013,1.0,1.0,ok
Application_1594305363,0.9453002242213894,0.354131019706266,0.22608740068288008,1.0,1.0,ok
Application_159448414,0.8660812248400316,0.40223735847586156,0.22272646307364785,1.0,1.0,ok
Application_1595937456,0.8698557696366478,0.3186702011803524,0.26451299500739384,1.0,1.0,ok
Application_1597614471,0.8906653165761464,0.40943073839918914,0.2186034670551456,1.0,1.0,ok
Application_1597735097,0.8965408410223962,0.15273600905138981,0.16998492913464425,1.0,1.0,ok
Application_1598726895,0.6609313071773468,0.40180081383265653,0.22832182822031713,1.0,1.0,ok
Application_1599405351,0.8462503606222948,0.4174789239937405,0.22108022055887125,1.0,1.0,ok
Application_1600155880,0.81966014028364,0.3845047977265884,0.22698108253728044,1.0,1.0,ok
Application_1600471037,0.9545312121063025,0.14125923149261518,0.17855860900393233,1.0,1.0,ok
Application_1600982783,0.886142811705292,0.39917084365628785,0.2226150297114316,1.0,1.0,ok
Application_1601194488,0.7060026593353244,0.4126425590973496,0.21209273767510925,1.0,1.0,ok
Application_1601395766,0.8015082898707253,0.3771607334774022,0.22517841644269332,1.0,1.0,ok
Application_160157720,,,,,,no_confident_recommendation
Application_1602891050,0.3353148666267352,0.38576091965171505,0.2235081173437231,1.0,1.0,ok
Application_1603793312,0.8379359522635847,0.41727259110556697,0.22732083787881954,1.0,1.0,ok
Application_1604619511,0.858403444127681,0.38156029238173517,0.22518832752981913,1.0,1.0,ok
Application_1604779942,,,,,,no_confident_recommendation
Application_1605473699,0.9176853235184871,0.14351089786842763,0.18376911262839188,1.0,1.0,ok
Application_1606123452,,,,,,no_confident_recommendation
Application_1607880476,0.830819327073097,0.3291630008412801,0.26564056407624187,1.0,1.0,ok
Application_1609027595,0.9682000099496961,0.37634210813110697,0.22298017942866014,1.0,1.0,ok
Application_1609568328,0.9098218907295407,0.300386469148336,0.247344295211382,1.0,1.0,ok
Application_1610638954,0.8178683490466118,0.40137420676205726,0.22314017508273612,1.0,1.0,ok
Application_1612452340,0.7655102280270831,0.4157070321594123,0.23914003494203673,1.0,1.0,ok
Application_1612709587,0.8881274983229986,0.39306501407150396,0.21992510611400437,1.0,1.0,ok
Application_1613754741,0.9026071808384653,0.3541455919295765,0.2110736156419634,1.0,1.0,ok
Application_1614113082,0.46949299239509534,0.3786963032589694,0.21187076139807853,1.0,1.0,ok
Application_1615509090,0.9031460655938056,0.41152676159170615,0.2177077773779511,1.0,1.0,ok
Application_1616117711,0.8727395370373553,0.2991124027346398,0.23961368167695113,1.0,1.0,ok
Application_1617657859,0.8709844664540957,0.3058572293995967,0.25408281154638024,1.0,1.0,ok
Application_1618215402,0.8086505414457851,0.4052192009186205,0.2257765811305408,1.0,1.0,ok
Application_1619897367,0.7772913074234172,0.43423440744302927,0.25334140379299175,1.0,1.0,ok
Application_1620539143,0.647197372447235,0.3830353219510712,0.2228497567869242,1.0,1.0,ok
Application_1620675668,0.8120729029659471,0.3185723802284379,0.26639502703319967,1.0,1.0,ok
Application_1622160130,,,,,,no_confident_recommendation
Application_1623687781,0.7948400621846253,0.4037669614421506,0.2250938332458418,1.0,1.0,ok
Application_1623704275,0.5295078779148061,0.4603879405691444,0.2674339534717678,1.0,1.0,ok
Application_1623875695,0.7921470751113071,0.3765859436398092,0.22447962186947207,1.0,1.0,ok
Application_1624152176,0.9166292575806546,0.31451307755350205,0.2607609806303452,1.0,1.0,ok
Application_1625456407,0.7701224918911954,0.38449949941877554,0.22906047157676615,1.0,1.0,ok
Application_1626417881,0.9343748420537886,0.36377618945535567,0.20515042687539314,1.0,1.0,ok
Application_162990347,0.8468465411929488,0.4416573197623321,0.24387568046648234,1.0,1.0,ok
Application_1630913903,,,,,,no_confident_recommendation
Application_1630991786,0.9814855299105298,0.40746971440843793,0.22141159241672576,1.0,1.0,ok
Application_1632505002,0.783396418013139,0.3848451590794816,0.22023263932388484,1.0,1.0,ok
Application_163281313,0.8525649766288427,0.41501365154088987,0.21978347457278785,1.0,1.0,ok
Application_1634751250,0.8397004754318802,0.3016343198704117,0.2462716335037313,1.0,1.0,ok
Application_1636152294,,,,,,no_confident_recommendation
Application_163804730,0.9479339373085871,0.14508491562715098,0.18467630824795786,1.0,1.0,ok
Application_1639814791,0.8586522390070426,0.42007982024408524,0.21559385379227325,1.0,1.0,ok
Application_1639947439,0.8698914489046665,0.37450170114930664,0.22518239406624593,1.0,1.0,ok
Application_1641565943,0.7994466718057109,0.3909691816307856,0.2154884108925406,1.0,1.0,ok
Application_1641722976,0.8670529850821391,0.4452042423574761,0.2278309114059753,1.0,1.0,ok
Application_1641885593,0.8391787431623484,0.3721028856846855,0.21839128709046454,1.0,1.0,ok
Application_164319398,0.7962106073360224,0.1502730330279578,0.1836730815726798,1.0,1.0,ok
Application_1643995941,0.8432630699426761,0.3992773445340786,0.21217480387623022,1.0,1.0,ok
Application_1644851848,0.7969408973532648,0.4507680415995055,0.2529007684443561,1.0,1.0,ok
Application_1646642236,0.9288940355202404,0.1592952487501696,0.18912694413944198,1.0,1.0,ok
Application_1647108674,0.9340557784218548,0.17544085645083674,0.195702140867009,1.0,1.0,ok
Application_164769477,0.6741767105423835,0.3910872666998489,0.21559361908454472,1.0,1.0,ok
Application_164778672,0.9323145688875059,0.17541361023779303,0.1864970549610234,1.0,1.0,ok
Application_1649699850,0.6414566158356442,0.3757194923494461,0.22170227511543258,1.0,1.0,ok
Application_1650299745,0.8917985134681823,0.4020018651098144,0.2153823171056875,1.0,1.0,ok
Application_1651085521,0.9486989642128797,0.13035433828910886,0.16995871628927814,1.0,1.0,ok
Application_1651737074,0.7659244411654296,0.38051184876149247,0.22598041928023976,1.0,1.0,ok
Application_1654318352,0.8082403295744788,0.4276507320070758,0.2385948350543838,1.0,1.0,ok
Application_1654636815,0.5713178294607062,0.31616615407931026,0.26211252228283677,1.0,1.0,ok
Application_1655641907,0.7432561630343598,0.3931352142690088,0.22322902536265193,1.0,1.0,ok
Application_165594970,0.9270561427749593,0.4149626351158471,0.28378484920876296,1.0,1.0,ok
Application_1656791018,0.7015426839955383,0.43022360771085955,0.22108232424699467,1.0,1.0,ok
Application_1659913497,0.6990068005174801,0.39137067412437954,0.2276147059985345,1.0,1.0,ok
Application_1660705348,0.8584283453583021,0.3992543397957998,0.22374902027921534,1.0,1.0,ok
Application_1662440609,0.7272968235431607,0.3850145134650554,0.23013852096416332,1.0,1.0,ok
Application_1662487403,0.8525670392109312,0.4063318541898817,0.23189729948502238,1.0,1.0,ok
Application_1663925804,0.7425485599203749,0.4079943044204485,0.2246726105994134,1.0,1.0,ok
Application_1664236078,0.8394667375390547,0.41457354748234065,0.21695396121829474,1.0,1.0,ok
Application_1664858516,0.9568359004972874,0.1501976603519576,0.16384945480225255,1.0,1.0,ok
Application_1665515241,0.8387962006367307,0.453618410745543,0.2493796569442665,1.0,1.0,ok
Application_1665584404,0.7454783186788576,0.39276081125510115,0.21440308116661358,1.0,1.0,ok
Application_166588001,0.8480833739671836,0.4096365021247236,0.21143629634268196,1.0,1.0,ok
Application_1666465764,0.8727313865715531,0.415615263697026,0.22867202161643216,1.0,1.0,ok
Application_1667989141,,,,,,no_confident_recommendation
Application_1669392427,0.7510832627256047,0.3950683579904257,0.22919068609303153,1.0,1.0,ok
Application_1669477442,0.7869467174148875,0.3927390874179927,0.22832324188374978,1.0,1.0,ok
Application_1670585897,0.7340428973661219,0.41412612476354554,0.22218408357350822,1.0,1.0,ok
Application_1671150390,0.7209870934359234,0.18864549549724527,0.2031245806088587,1.0,1.0,ok
Application_1672037226,,,,,,no_confident_recommendation
Application_1675241784,0.7076931722866653,0.46383015041966863,0.2593633832134626,1.0,1.0,ok
Application_1676999623,0.9255976574640778,0.39398567921509275,0.23184080255819425,1.0,1.0,ok
Application_1677049820,0.8043255052852155,0.3836834163443693,0.2276199119172976,1.0,1.0,ok
Application_1679927360,0.9342360317890108,0.40495730050792494,0.2095248936796443,1.0,1.0,ok
Application_1680183215,0.8179513889614426,0.43799865575156227,0.22517396193544345,1.0,1.0,ok
Application_1680533625,0.7851152423774382,0.3762595815759314,0.22141989285775293,1.0,1.0,ok
Application_1681361801,0.8099067208227075,0.414432530644263,0.2379922531636123,1.0,1.0,ok
Application_1682480934,,,,,,no_confident_recommendation
Application_1684306378,0.9329634567515169,0.3529835457802133,0.21709677587766435,1.0,1.0,ok
Application_1684479121,0.8237413279998104,0.38003900398702795,0.22214179507449341,1.0,1.0,ok
Application_1684641986,0.7326640357713718,0.42766659169473015,0.2380571814656339,1.0,1.0,ok
Application_1685478310,0.7844747445887651,0.3823201186314989,0.22530364323585628,1.0,1.0,ok
Application_1685691745,0.8717147004051109,0.18640446503405259,0.22509176961198307,0.8,0.5,ok
Application_1686395823,0.6695874501414182,0.4217045431561145,0.23306380639099017,1.0,1.0,ok
Application_1687448539,0.852559630547001,0.3960393668627867,0.214842668355202,1.0,1.0,ok
Application_1687637096,0.9040602265597147,0.3962888191745881,0.2150688921778155,1.0,1.0,ok
Application_1688232773,0.9059982643763751,0.15692742488720396,0.1793620038947468,1.0,1.0,ok
Application_1689074281,,,,,,no_confident_recommendation
Application_1689701428,0.8596117170893683,0.43342796133045275,0.2270134895003403,1.0,1.0,ok
Application_1690391662,0.9337563407404753,0.3522445919474748,0.21660724140326806,1.0,1.0,ok
Application_1690998892,0.6776643533936006,0.39126650693985465,0.22717601291716102,1.0,1.0,ok
Application_1691065242,0.2766043164413174,0.3930496106131523,0.2187900591558319,1.0,1.0,ok
Application_1693078902,0.9771249423225604,0.43066204239459865,0.23499892095901542,1.0,1.0,ok
Application_1695492315,0.7440671186987419,0.39268968641174434,0.2119323275636373,1.0,1.0,ok
Application_1698334648,0.8880548652136224,0.4037582299418977,0.20816161638089026,1.0,1.0,ok
Application_1698620256,,,,,,no_confident_recommendation
Application_17002468,0.8912260540915542,0.42549104127290904,0.2215523320187096,1.0,1.0,ok
Application_170273491,0.9144061090710771,0.3715751745463648,0.2207551405079459,1.0,1.0,ok
Application_1705844076,0.8348861993023241,0.3989056439829829,0.21976865619695166,1.0,1.0,ok
Application_1706866981,0.9339890509102904,0.37448449882859647,0.2031798968576729,1.0,1.0,ok
Application_1707866152,0.43986024550952046,0.4853347145004195,0.25950599789227163,1.0,1.0,ok
Application_1709823125,0.873365602231535,0.3914446852438882,0.21343026879551688,1.0,1.0,ok
Application_1711303027,0.8573478896625721,0.38062743355253564,0.2248893679069793,1.0,1.0,ok
Application_1711861534,0.8310984067949938,0.42514244761706854,0.22093939493705966,1.0,1.0,ok
Application_1712201753,0.890131440816432,0.19171065370013277,0.23106892479738,0.8,0.5,ok
Application_1712515047,,,,,,no_confident_recommendation
Application_1713151358,0.8593368522467968,0.3010491599113847,0.25071413706826146,1.0,1.0,ok
Application_1713552898,0.9212849365630633,0.3775128107797908,0.21498626576405727,1.0,1.0,ok
Application_1714501335,0.8484475766419934,0.40043105857213224,0.22270625127448532,1.0,1.0,ok
Application_1714608768,0.7285674229310445,0.4406479338471322,0.22620766917204388,1.0,1.0,ok
Application_1715427761,0.8863039896197512,0.39442124919698285,0.19357067418078833,1.0,1.0,ok
Application_1717915911,0.7114200407554722,0.436723412430827,0.22714267770757568,1.0,1.0,ok
Application_1717953510,0.8153428170593119,0.376833277120546,0.22386007893275303,1.0,1.0,ok
Application_1719088576,,,,,,no_confident_recommendation
Application_1720955378,0.8379123178100172,0.4041846309615017,0.22179658957243864,1.0,1.0,ok
Application_1721325720,0.9585104710226844,0.3857309111919523,0.22687783401510547,1.0,1.0,ok
Application_1721495711,0.7702883982297405,0.4558857149515746,0.2643402980732372,1.0,1.0,ok
Application_1722936368,0.8177304113971697,0.4808976791569859,0.26561527356650966,1.0,1.0,ok
Application_1725718103,0.813360919156748,0.4249403083117237,0.2577736145982093,1.0,1.0,ok
Application_1726057618,0.9842651323707687,0.3781686620688553,0.20844438281092845,1.0,1.0,ok
Application_1726750534,0.8632171112391959,0.43194554769940285,0.2275454280747111,1.0,1.0,ok
Application_1726806352,,,,,,no_confident_recommendation
Application_172695266,,,,,,no_confident_recommendation
Application_1728000220,0.8884101746771425,0.3899763377618953,0.22190355116548793,1.0,1.0,ok
Application_1728090308,0.5932904332990648,0.43707478284398515,0.2445203188525981,1.0,1.0,ok
Application_1730778542,0.9037281769473152,0.3430266339973424,0.3011608361712442,0.5,0.5,ok
Application_173122257,0.6949004058378409,0.43931848941521484,0.22397845827580956,1.0,1.0,ok
Application_1731267696,0.9246727264467154,0.3627351796880375,0.22065956992649619,1.0,1.0,ok
Application_1731879894,0.9588873368711781,0.3648656950271261,0.20575823178774913,1.0,1.0,ok
Application_1732543782,0.9841971224559504,0.14194841668032326,0.1739221538915273,0.9,1.0,ok
Application_173259774,0.313332607816862,0.3830353219510712,0.2228497567869242,1.0,1.0,ok
Application_1733106091,0.5998231728066858,0.17710431360010231,0.1907513862182193,1.0,1.0,ok
Application_1733732825,0.8807105396117987,0.30700217956900705,0.25291767202028254,1.0,1.0,ok
Application_1733949639,0.8963237710989571,0.4444098347808936,0.23603631469725375,1.0,1.0,ok
Application_1734771669,0.9093575019744837,0.1285275398013746,0.1712569502769296,1.0,1.0,ok
Application_173483337,0.7468876442672441,0.3881033172035279,0.22806158666427584,1.0,1.0,ok
Application_1734947142,0.7539371429668608,0.3834598263865133,0.2236468817244591,1.0,1.0,ok
Application_1735095439,0.8414095120843698,0.40115548605041934,0.21662559366531245,1.0,1.0,ok
Application_1735566698,0.8719123016799897,0.29825476561722825,0.24344233683381258,1.0,1.0,ok
Application_1736444832,0.8984720673126013,0.4084588626350607,0.21343589430387086,1.0,1.0,ok
Application_173679501,0.6764639517880613,0.40778065444908107,0.21147507282300418,1.0,1.0,ok
Application_1736978527,0.9729009142736665,0.1014915358564735,0.13885723287839363,1.0,1.0,ok
Application_1737095579,0.9276859136122029,0.42567584440855716,0.22092819919543996,1.0,1.0,ok
Application_1738270116,0.8427685931420973,0.4602066217503249,0.2667269418437041,1.0,1.0,ok
Application_1742866950,,,,,,no_confident_recommendation
Application_1743002787,,,,,,no_confident_recommendation
Application_1744217682,0.9608022782792015,0.41351222243053093,0.2233850352766945,1.0,1.0,ok
Application_1744764747,0.6809588957770555,0.38044214164609735,0.22525838324442324,1.0,1.0,ok
Application_1747759228,0.9002809492912034,0.17894080477691945,0.19412484456342174,1.0,1.0,ok
Application_174900979,0.741519993488107,0.39204634688762385,0.22762486142957014,1.0,1.0,ok
Application_1750066014,0.7685815357119066,0.38136273440035373,0.22316096677536887,1.0,1.0,ok
Application_1750611156,0.3608019249720984,0.3957505132932615,0.21926294449599784,1.0,1.0,ok
Application_1750932659,0.9103477941972715,0.14758648689241782,0.1883333826394173,1.0,1.0,ok
Application_1751483231,0.8633354223914746,0.21310862490840438,0.20408419579042553,1.0,1.0,ok
Application_1751490782,0.8791203943270174,0.4004506321881053,0.22258519439520663,1.0,1.0,ok
Application_1751546737,0.16442465858268024,0.4019348395027908,0.22937708457681802,1.0,1.0,ok
Application_1751763296,0.8731899983709644,0.4133940709126508,0.21660479029520044,1.0,1.0,ok
Application_1751900898,0.8666070767190199,0.3177547877476241,0.26212943870431243,1.0,1.0,ok
Application_1752144011,0.8585260429794034,0.37176624727821367,0.2158174250809279,1.0,1.0,ok
Application_175406399,0.8635802246665858,0.30556036999970504,0.25205672034537646,1.0,1.0,ok
Application_1754660645,0.8281546814784948,0.4079265445902779,0.22594869895554354,1.0,1.0,ok
Application_1754878754,0.7948349262175428,0.40018794662116025,0.2236583015829861,1.0,1.0,ok
Application_175544437,0.8767169141411126,0.18877761014047073,0.2296666958281438,1.0,0.5,ok
Application_1756143119,0.3724935711577429,0.39425703206773455,0.23012061837351486,1.0,1.0,ok
Application_1756698619,0.2799829466153237,0.38421406185139023,0.22483510347336114,1.0,1.0,ok
Application_1757112551,0.8659935042673402,0.3995831181935982,0.23128183499135824,1.0,1.0,ok
Application_1757332206,0.8040855104552588,0.3799881635812819,0.22534306140982205,1.0,1.0,ok
Application_1757787329,0.8225981129404767,0.3938010146275083,0.2231500729403063,1.0,1.0,ok
Application_1758466018,0.7948576238806648,0.38041813730998963,0.2246680381665906,1.0,1.0,ok
Application_1758628504,0.6194202901833131,0.47850048776533527,0.24782674794250198,1.0,1.0,ok
Application_175918237,0.49294953483958237,0.38937397013086555,0.2213233308691568,1.0,1.0,ok
Application_1759206616,0.8998434163896706,0.3987791527080432,0.21947205601199482,1.0,1.0,ok
Application_1760810906,0.8678768570602563,0.3919300284440858,0.21292357005104515,1.0,1.0,ok
Application_1762899868,0.8357483905953768,0.39121608326491897,0.22153273510787042,1.0,1.0,ok
Application_1764494728,0.876395146125629,0.39359395450914275,0.21723092339117242,1.0,1.0,ok
Application_1765577987,0.8737454800573796,0.3932498172071521,0.21930564759807866,1.0,1.0,ok
Application_1766681398,0.8305873391704192,0.40709154047496166,0.21183560750744818,1.0,1.0,ok
Application_1767608602,0.9374551191700308,0.1816223704807371,0.22341854952889229,1.0,0.5,ok
Application_1768409536,0.8382893285467782,0.4383069211401788,0.2367993626128931,1.0,1.0,ok
Application_1768718354,0.8792061895536898,0.3825760247312164,0.2253833706075382,1.0,1.0,ok
Application_1769060911,0.7492842332959921,0.4074446931878611,0.21776847226491955,1.0,1.0,ok
Application_1769939835,0.864229919877737,0.38161747792791956,0.22329614812498733,1.0,1.0,ok
Application_1770364291,0.7150200867783317,0.2966468624828064,0.25046778683670096,1.0,1.0,ok
Application_1771092914,0.8104133799085104,0.4041804672488805,0.23130609585113365,1.0,1.0,ok
Application_1771690507,0.7585690291484873,0.3834934384575853,0.22063310361574492,1.0,1.0,ok
Application_1775620157,0.7451926757354883,0.39734279410783946,0.21242216220921792,1.0,1.0,ok
Application_177572366,0.762119149830678,0.412134324507951,0.23142874176280412,1.0,1.0,ok
Application_1775767690,0.588930865445377,0.38660343710101436,0.2264299119176307,1.0,1.0,ok
Application_1777192556,0.8143682881778395,0.3874409242187017,0.22950526263831045,1.0,1.0,ok
Application_1777715425,0.8339189942093501,0.37527927974664177,0.22277412791985826,1.0,1.0,ok
Application_1778205577,0.2500868992828434,0.39240738415462795,0.22246178551373944,1.0,1.0,ok
Application_1778799137,0.8328731646973194,0.4221228815032131,0.22312273012088582,1.0,1.0,ok
Application_177897578,0.9617200607581347,0.3800459836258156,0.22475210884867017,1.0,1.0,ok
Application_1780196758,0.775746118910278,0.38088224785774677,0.2219540487496641,1.0,1.0,ok
Application_1780269777,0.8422612982485821,0.4051773683782323,0.21526240496299565,1.0,1.0,ok
Application_1781081103,0.8740303340062341,0.3872120666791336,0.21336375577229838,1.0,1.0,ok
Application_1781374917,0.6864050812748108,0.16062627794578693,0.19180559881430317,1.0,1.0,ok
Application_1781623698,0.8950140278292018,0.3897266653383163,0.212423382631735,1.0,1.0,ok
Application_1781633903,0.9053311507396281,0.15385663821958567,0.16567035379186845,1.0,1.0,ok
Application_1782952770,,,,,,no_confident_recommendation
Application_1784815865,0.8848878659796233,0.30931190133893555,0.2494945640951361,1.0,1.0,ok
Application_1785468553,0.9703545154500909,0.39136552893662035,0.22815179030337376,1.0,1.0,ok
Application_1785650204,0.87259135037787,0.30054492847627945,0.2452650155183386,1.0,1.0,ok
Application_1785860221,0.9006599868515762,0.417229754455,0.23583057923142525,1.0,1.0,ok
Application_1787983531,0.7386437556867813,0.3896457676145784,0.21042671145133246,1.0,1.0,ok
Application_1789934601,0.7851074292488082,0.14806219484367622,0.18434293165289403,1.0,1.0,ok
Application_1790721805,0.7289245711977004,0.39912442855209435,0.2155697151949466,1.0,1.0,ok
Application_1791109196,0.7917436453093067,0.41952528691271523,0.22530971057539306,1.0,1.0,ok
Application_1791210166,0.7645317986679031,0.4106034136589186,0.2361089363165592,1.0,1.0,ok
Application_1792123382,0.8390596233897651,0.3919300284440858,0.21292357005104515,1.0,1.0,ok
Application_1792327676,0.783166962723317,0.3825824852157067,0.20782535251251127,1.0,1.0,ok
Application_1793173151,0.9342290740476419,0.1577894210319465,0.16445808809099594,1.0,1.0,ok
Application_1795986679,0.9257957025167711,0.38888403337271477,0.21963992053770814,1.0,1.0,ok
Application_179601498,0.32632021434716146,0.4137308281960316,0.2230098851700239,1.0,1.0,ok
Application_1796290207,0.5460693033940328,0.41194480975844083,0.22386363168824208,1.0,1.0,ok
Application_179713283,0.8290095400375523,0.3863370831422796,0.2238655449146661,1.0,1.0,ok
Application_1799331916,0.3550746070900439,0.3815511952194917,0.2211008396878099,1.0,1.0,ok
Application_1799654594,0.8108599755701166,0.4294310724887314,0.23099801658040026,1.0,1.0,ok
Application_1801593563,0.3145366102439413,0.31753883154485396,0.2701171145009126,1.0,1.0,ok
Application_1801822059,0.8373418183407008,0.40204956508405393,0.21608727342762846,1.0,1.0,ok
Application_1802283850,0.6250275709389612,0.3194742501234492,0.22172714235918867,1.0,1.0,ok
Application_1803710713,0.744074779695983,0.14454873024264428,0.2075031172017867,0.8,0.5,ok
Application_1806449930,0.8368481107825348,0.4469795230965351,0.24593321557247172,1.0,1.0,ok
Application_1808705800,,,,,,no_confident_recommendation
Application_1811471028,0.2604374121230418,0.38778646251317517,0.21372827866973984,1.0,1.0,ok
Application_1813502823,0.823157600455513,0.41156827757355846,0.23172668589260542,1.0,1.0,ok
Application_1817080595,0.7305338853034455,0.3878296783492199,0.22072155416904893,1.0,1.0,ok
Application_1818700890,0.9639748316119988,0.16521280500028673,0.18643593188453375,1.0,1.0,ok
Application_1819007640,0.8745113570482124,0.4277754661856464,0.23161174332106174,1.0,1.0,ok
Application_1819504615,0.7848360735946959,0.47290958380061693,0.23891551022268206,1.0,1.0,ok
Application_1819818177,0.7678271073624693,0.38950754346880345,0.21415573783843167,1.0,1.0,ok
Application_1820504290,0.8439939397557368,0.37278100098631917,0.2185513478307856,1.0,1.0,ok
Application_182066441,0.8284602823257308,0.431288424953168,0.2320055192434187,1.0,1.0,ok
Application_1820733336,0.8818370839591433,0.3942346853362534,0.2167654279873626,1.0,1.0,ok
Application_1820883466,0.9003951266318938,0.40155130756199203,0.22208678164226653,1.0,1.0,ok
Application_1824209977,0.9426060749719295,0.18463775791914117,0.18422606131354302,1.0,1.0,ok
Application_1824747835,0.9691719776894074,0.1507221675497749,0.17226322766647242,1.0,1.0,ok
Application_1825309879,0.8946680959831155,0.19446567501490164,0.2017891356912117,1.0,1.0,ok
Application_182597722,0.8527173957552107,0.4020700499799135,0.22480474886637428,1.0,1.0,ok
Application_1826347954,0.7368466343099901,0.3978150531550158,0.22214586062498948,1.0,1.0,ok
Application_1826390013,0.8696883691356969,0.3885548973755085,0.21160412805006765,1.0,1.0,ok
Application_1826620975,0.9475770319069292,0.1905042310334679,0.20647531236696506,1.0,1.0,ok
Application_182712917,0.9714649116506433,0.14401235791679276,0.1870926991072315,1.0,1.0,ok
Application_1828404203,0.7645889419006056,0.41993867263054474,0.22189268306564225,1.0,1.0,ok
Application_1828802183,0.8024616775382719,0.416257056032271,0.2065277837285325,1.0,1.0,ok
Application_1829392718,0.8063888643659219,0.45490732521137867,0.2357361175451554,1.0,1.0,ok
Application_1829492040,0.798539586283276,0.4340473447794794,0.23657301773593123,1.0,1.0,ok
Application_1833582857,0.7112548101212577,0.37567266270437727,0.2237918975195172,1.0,1.0,ok
Application_183481406,0.7290726109178035,0.38383015470512233,0.22269961073913233,1.0,1.0,ok
Application_1835611863,0.9595851046731632,0.12528424699645502,0.1779758821289558,1.0,1.0,ok
Application_1835983478,0.8104176289523807,0.4149797028498076,0.21665319822830803,1.0,1.0,ok
Application_1836482704,0.964147239827119,0.11742329732634124,0.15350143041203299,1.0,1.0,ok
Application_1837286038,0.8465949459259421,0.4274689569863332,0.22979009148704155,1.0,1.0,ok
Application_1838182698,0.9677522772640379,0.1337505212488374,0.17181974184432425,1.0,1.0,ok
Application_1838195672,0.8077727616695436,0.44158744683947154,0.2503621655795746,1.0,1.0,ok
Application_1840472630,0.7838766708026507,0.30166889364066335,0.2519507536208115,1.0,1.0,ok
Application_184143337,0.8368853367340999,0.3898763672872102,0.20981190147329035,1.0,1.0,ok
Application_1842271625,0.8296352817314873,0.3850759573725245,0.22665017473684004,1.0,1.0,ok
Application_1842370876,0.8454404531817665,0.41205598127652204,0.22213974366220204,1.0,1.0,ok
Application_1846291324,0.8149689270617885,0.4353040048400173,0.23359445750414978,1.0,1.0,ok
Application_1846693519,0.8537231282298364,0.4092480588619538,0.2255537071236108,1.0,1.0,ok
Application_1850153393,0.9738085327737448,0.37733741579548286,0.19158905309129162,1.0,1.0,ok
Application_1850714835,0.9344186453113268,0.419966193446493,0.24308132848165678,1.0,1.0,ok
Application_1851360212,0.9722044300581119,0.19570702223882303,0.233644591674956,0.5,0.5,ok
Application_1852538604,0.9586497158933999,0.3885404967143038,0.2182717967640368,1.0,1.0,ok
Application_1856006798,,,,,,no_confident_recommendation
Application_1856344011,0.9289218702282089,0.3018766721390513,0.24562153045533802,1.0,1.0,ok
Application_1857366417,0.6578822511120281,0.42433028935190764,0.22349992559316295,1.0,1.0,ok
Application_1857513367,0.7774233938337188,0.45194386688816257,0.24110088082517975,1.0,1.0,ok
Application_1858211642,0.9087764490718768,0.4008995450794667,0.21255635251534746,1.0,1.0,ok
Application_1859387169,0.7276757973659067,0.39736309727611246,0.2158283994053277,1.0,1.0,ok
Application_1859431929,0.884437353553654,0.30644501591136,0.2595736470493622,1.0,1.0,ok
Application_1859537046,0.8756393189016008,0.4096958103476818,0.21960677311236346,1.0,1.0,ok
Application_1859784683,0.9351533461696311,0.38112865666182666,0.20001077525884733,1.0,1.0,ok
Application_185981374,0.9241546517593887,0.1500127891797772,0.18443768789637935,1.0,1.0,ok
Application_186021788,0.7178746500438875,0.4222105143891011,0.2362951285886662,1.0,1.0,ok
Application_1862468287,0.6857060332325259,0.42332548069884257,0.21753350019478424,1.0,1.0,ok
Application_1863192115,0.9561198334252018,0.1523401251575505,0.1718803749418469,1.0,1.0,ok
Application_186381818,0.7389102008475008,0.37854973325909436,0.22479903211780833,1.0,1.0,ok
Application_1864868732,0.8329845187003878,0.41542756312830453,0.2211461142348277,1.0,1.0,ok
Application_1865080562,0.7651316350605176,0.40473672312824027,0.22622932530843698,1.0,1.0,ok
Application_1865256281,0.6823089881846578,0.3854993753303878,0.22518889145610543,1.0,1.0,ok
Application_1866125313,0.79546609573139,0.17428816552104753,0.21522850018319248,1.0,0.5,ok
Application_1867093856,0.9708357274676027,0.16238020678678833,0.1938265568714609,1.0,1.0,ok
Application_1867138516,0.852073929561212,0.40772927511248624,0.22410547014906812,1.0,1.0,ok
Application_1870118526,0.932778713885392,0.18585726887075374,0.18607533603683463,1.0,1.0,ok
Application_1871723330,0.8322248256343276,0.3945029556229013,0.22019824268475136,1.0,1.0,ok
Application_1872244741,0.883449342030905,0.42693544175469833,0.2332019687292898,1.0,1.0,ok
Application_1872345916,0.6564996510977155,0.37474307554673725,0.22301611715440223,1.0,1.0,ok
Application_1874674743,0.9230801741730682,0.39688754096896367,0.21607348556141326,1.0,1.0,ok
Application_1875782782,0.9669642087986287,0.3510745231044986,0.2131153292789748,1.0,1.0,ok
Application_187611464,0.6907894529501913,0.38132774023513594,0.2192325258058216,1.0,1.0,ok
Application_1876138473,0.8193533497267301,0.3626016563261788,0.20294741767658656,1.0,1.0,ok
Application_1876836940,0.9333910312654249,0.14774503830512276,0.17359798630512496,1.0,1.0,ok
Application_1877362067,0.7587800812378376,0.41448414293587776,0.23579515981035332,1.0,1.0,ok
Application_187778549,0.9205275592929367,0.4520285545261776,0.2296604018213398,1.0,1.0,ok
Application_1877814469,0.6905941064279764,0.41421109963986635,0.2298621190239823,1.0,1.0,ok
Application_1879232225,0.6922147918711614,0.41733026561724806,0.23906070192755385,1.0,1.0,ok
Application_1880895995,0.8567095091296434,0.37575282682773903,0.23709887985348913,1.0,1.0,ok
Application_1885130117,0.8328065109180967,0.3850759573725245,0.22665017473684004,1.0,1.0,ok
Application_188726425,0.9008621626110107,0.40494636054886524,0.21347251340519707,1.0,1.0,ok
Application_1891680505,0.8512557604284265,0.3965378590589773,0.22239822880843452,1.0,1.0,ok
Application_1895159318,0.7372765383938192,0.38090166596069686,0.22303832882913036,1.0,1.0,ok
Application_189631764,0.901665288326326,0.32246365794737547,0.25942731771318217,1.0,1.0,ok
Application_1896375934,0.8783387309585952,0.38084462141228803,0.2219489272243273,1.0,1.0,ok
Application_1897975199,,,,,,no_confident_recommendation
Application_1898457792,0.3469958391005527,0.28108754274751635,0.24121146826693265,1.0,1.0,ok
Application_1901752708,0.38814948869647986,0.18473123561890872,0.22240411837012386,1.0,0.5,ok
Application_1903689163,0.9321904995925696,0.1856744586909082,0.19506763342635622,1.0,1.0,ok
Application_1903879559,0.9008051063791901,0.14624970125806774,0.1742774077988498,1.0,1.0,ok
Application_1905372994,0.7737431489945794,0.39449129532584026,0.21562802437845893,1.0,1.0,ok
Application_1905967471,0.9016204775047284,0.4047724973722769,0.21011680753574505,1.0,1.0,ok
Application_1906109703,0.6957784739503988,0.42486796936154825,0.2136018259718582,1.0,1.0,ok
Application_190734181,0.9668228948361997,0.4009424181368014,0.2175348664544862,1.0,1.0,ok
Application_1909723515,0.8375558949486027,0.4020572782358639,0.21910003072809378,1.0,1.0,ok
Application_1910023757,,,,,,no_confident_recommendation
Application_1910885918,0.8177651143957366,0.4084995459533821,0.23687208977416532,1.0,1.0,ok
Application_1911285022,0.8400105338176179,0.32405653587883915,0.2751190727760138,1.0,1.0,ok
Application_1914483239,0.892340419575059,0.3146122008873432,0.24889255584032347,1.0,1.0,ok
Application_1917257899,0.8795713138433716,0.34549435189895517,0.28121212297027987,1.0,1.0,ok
Application_1917346060,0.9189087343328198,0.29681656277750046,0.2452351387228519,1.0,1.0,ok
Application_1918491897,0.8237332853809985,0.3861765798335261,0.22936386175230847,1.0,1.0,ok
Application_1918741535,0.7705111454461043,0.38440192203459167,0.22695172279643686,1.0,1.0,ok
Application_1919362220,0.8534493085813336,0.40343621690267134,0.2186161877394176,1.0,1.0,ok
Application_1919805494,0.8749470937967985,0.40143202680659096,0.22255496632761756,1.0,1.0,ok
Application_1920062674,0.73156082250032,0.4038913435218521,0.22147259484996493,1.0,1.0,ok
Application_1920137077,0.8652038645230097,0.39782584660159304,0.2138843135222168,1.0,1.0,ok
Application_1920432865,0.8167250004402914,0.41155423517415113,0.22412476236469686,1.0,1.0,ok
Application_1920569696,0.8107700097522608,0.39338682263465274,0.21404927166261734,1.0,1.0,ok
Application_1920623384,0.9541482671644428,0.39632275771691167,0.21746952049724724,1.0,1.0,ok
Application_1921489029,0.9049075101552579,0.1855999478978084,0.19685740100525523,1.0,1.0,ok
Application_192191311,0.8850921828565829,0.326717333394953,0.20764891121933532,1.0,1.0,ok
Application_1924151739,0.8450553228333664,0.39100843443120475,0.2269755699588109,1.0,1.0,ok
Application_1925108895,0.8695154739415416,0.41918590134578226,0.22555144758113543,1.0,1.0,ok
Application_1925475950,0.8665779995977084,0.3796174722965725,0.2174642830481257,1.0,1.0,ok
Application_1925894693,0.9251532495295971,0.41954477079122154,0.240555689574682,1.0,1.0,ok
Application_1926626369,0.7273543397271303,0.45875433222027323,0.24803406591040653,1.0,1.0,ok
Application_19269284,0.9685017208736687,0.3686506614619023,0.19738252820657481,1.0,1.0,ok
Application_192716320,0.7277017668816456,0.40571202431381587,0.22631323587403124,1.0,1.0,ok
Application_1928577170,0.8517471084285384,0.16938624079475484,0.19043259338742427,1.0,1.0,ok
Application_1930612093,0.9618265658254573,0.10787896177251713,0.15533107508315988,1.0,1.0,ok
Application_1931050520,,,,,,no_confident_recommendation
Application_1931739679,0.7794409260200995,0.43130167524179186,0.22209770997138673,1.0,1.0,ok
Application_1936633108,0.8455203047695868,0.38088217708010147,0.22502305702161937,1.0,1.0,ok
Application_19378013,0.8420847609540494,0.38696213276751856,0.2261229729749423,1.0,1.0,ok
Application_1938909971,,,,,,no_confident_recommendation
Application_1940707964,,,,,,no_confident_recommendation
Application_1941614665,0.8444410126534027,0.3841229754561559,0.2258748007413687,1.0,1.0,ok
Application_1943498805,0.7733544506013494,0.47676864838695854,0.23736906537015093,1.0,1.0,ok
Application_1943739799,0.4918123966755807,0.38906832764286015,0.22638860750003278,1.0,1.0,ok
Application_1944447595,0.7894684251297902,0.44499286602472354,0.23734756109211147,1.0,1.0,ok
Application_1944896918,0.8287937111881342,0.45770471972701887,0.2510405371547289,1.0,1.0,ok
Application_1945451645,0.6707665573401517,0.3216142870777249,0.23225127180589974,1.0,1.0,ok
Application_194564472,0.7311742468222953,0.40761654691459537,0.22008137685079415,1.0,1.0,ok
Application_1946538188,0.8510905949832935,0.40194450508755936,0.21440522648762483,1.0,1.0,ok
Application_1947622904,0.9533144273057976,0.3640752947386391,0.20531083940790654,1.0,1.0,ok
Application_1951442644,0.904995105274724,0.3663189590402039,0.21464228169943075,1.0,1.0,ok
Application_1952474346,0.9174216752448655,0.30189974388504937,0.24601823704937836,1.0,1.0,ok
Application_1953215776,0.8122234676116704,0.30120659834141456,0.2202680571805069,1.0,1.0,ok
Application_1953871052,0.5293711087248465,0.39481629907037374,0.2260759330841074,1.0,1.0,ok
Application_1954655928,0.8232458922085487,0.4645180299914598,0.2562889012366379,1.0,1.0,ok
Application_1956063682,0.9084268952073817,0.3061620248277981,0.2464081355014929,1.0,1.0,ok
Application_1956665823,0.9136236577071041,0.15819653945628095,0.18767822150552993,1.0,1.0,ok
Application_1957651168,0.8124650609502533,0.44457077616862006,0.2329563529132068,1.0,1.0,ok
Application_1958611901,0.7004248088155756,0.3984143620241482,0.2207796729249571,1.0,1.0,ok
Application_1959536677,0.9599642937102107,0.13177460873323305,0.17247693870160447,1.0,1.0,ok
Application_1959538261,0.9644816929059615,0.14546222083654686,0.16739820905069555,1.0,1.0,ok
Application_1959777138,0.7615381661320637,0.391492976787678,0.22377463603730283,1.0,1.0,ok
Application_1959968858,0.7089920197852304,0.38665050737347983,0.22644112494038476,1.0,1.0,ok
Application_1960245250,0.9086313711291735,0.32329924086154116,0.2557090662310827,1.0,1.0,ok
Application_1963302945,0.8230897034600774,0.4193293429477493,0.2232337543559256,1.0,1.0,ok
Application_1964644191,0.8258065804574415,0.3974214572530305,0.224762783108988,1.0,1.0,ok
Application_1965608734,0.6904949538145685,0.46311747109841567,0.25149786107087374,1.0,1.0,ok
Application_1966193141,0.7648523705583398,0.38062743355253564,0.2248893679069793,1.0,1.0,ok
Application_1968934644,0.8579640667406857,0.39786576346655295,0.21660748025157758,1.0,1.0,ok
Application_1969335807,0.7534695137186851,0.4104346540245499,0.2511138683501229,1.0,1.0,ok
Application_196951548,0.9523949463566319,0.14793249534443742,0.16940551821378924,1.0,1.0,ok
Application_1970086923,0.6931916217439047,0.4062312815341863,0.22413297494672554,1.0,1.0,ok
Application_1970302335,0.8173482735427329,0.39711114929624014,0.2245306829140063,1.0,1.0,ok
Application_1970703703,0.8919275533816293,0.4512095635261561,0.24177332739810262,1.0,1.0,ok
Application_1971226606,0.6814662274711651,0.3800873443260503,0.22517420923620804,1.0,1.0,ok
Application_197126464,0.7267397616113423,0.41823730948735427,0.2352406706162466,1.0,1.0,ok
Application_1971362714,0.8714903014519743,0.4256995400937652,0.23257273578527157,1.0,1.0,ok
Application_1971989358,0.8141567473246222,0.4360138311217317,0.23917224933690082,1.0,1.0,ok
Application_1972046847,0.8303857272567557,0.34906686058320086,0.23452800610574506,1.0,1.0,ok
Application_1972637504,0.856013801820886,0.39545533425339585,0.22257453121330997,1.0,1.0,ok
Application_1973871032,0.8454774561098669,0.39366727336306406,0.22744300533183037,1.0,1.0,ok
Application_1975160417,0.8734388407382463,0.47027382521532035,0.2551285939804515,1.0,1.0,ok
Application_1975504088,,,,,,no_confident_recommendation
Application_1975819852,,,,,,no_confident_recommendation
Application_1976004129,0.8892241863942584,0.29825476561722825,0.24344233683381258,1.0,1.0,ok
Application_1976127206,0.6639990034531775,0.40661969465943465,0.2241300361306791,1.0,1.0,ok
Application_1977502639,0.9381374921101875,0.36442206566278273,0.21317410222513086,1.0,1.0,ok
Application_1978331738,0.8023573007595232,0.38526809625651975,0.22297813124640864,1.0,1.0,ok
Application_1980887074,0.9422588372850569,0.12033924277872046,0.15736758194368206,1.0,1.0,ok
Application_1981121598,0.6981397999898933,0.4471542869001654,0.2755682441053864,1.0,1.0,ok
Application_198284297,0.8185577362892521,0.40837646272540934,0.22481477179581844,1.0,1.0,ok
Application_1986394502,0.8807263826006179,0.42535087935831584,0.22500826908423438,1.0,1.0,ok
Application_1986459524,0.13999625249461492,0.433408203295982,0.23288038617320192,1.0,1.0,ok
Application_1987831323,0.5228012393843761,0.39203878146527443,0.22762664147675998,1.0,1.0,ok
Application_1988195018,0.9350192590500962,0.39340113691102857,0.23118454130578975,1.0,1.0,ok
Application_1989234441,0.9236103837167082,0.3931557161756763,0.19749738078791765,1.0,1.0,ok
Application_1991464898,0.9100999863887094,0.39248833730303934,0.21366196118499067,1.0,1.0,ok
Application_1992619767,0.8365425186654923,0.3961911497291973,0.22199789468769066,1.0,1.0,ok
Application_1992867148,0.7202612750031225,0.3563396722228765,0.2136333870871943,1.0,1.0,ok
Application_199304010,0.7958406865763994,0.41112432630694185,0.23080684256681358,1.0,1.0,ok
Application_1993192295,0.8158503431329976,0.3913006495866959,0.21388765744140653,1.0,1.0,ok
Application_1995644843,0.8546521811992734,0.4434100764272415,0.2468142359900322,1.0,1.0,ok
Application_199635820,0.7275667775817121,0.18652667168763232,0.19558857755587555,1.0,1.0,ok
Application_1996843325,0.6516358122931831,0.34947093238913374,0.28421779034552114,1.0,1.0,ok
Application_1998307400,0.8108710299413471,0.3929379844716815,0.2244467595955334,1.0,1.0,ok
Application_2003767759,0.9394296854341644,0.14820644341364891,0.1876362766871349,1.0,1.0,ok
Application_2004089393,0.5746064989599438,0.4185390428273156,0.2183044132040222,1.0,1.0,ok
Application_200417599,0.9472362475695743,0.1246233055449163,0.16486937069462476,1.0,1.0,ok
Application_2004968371,0.70214490334419,0.39437627009567333,0.21908567984657334,1.0,1.0,ok
Application_2004973545,,,,,,no_confident_recommendation
Application_2006713022,0.7580426784335366,0.393843964917946,0.21921886955360576,1.0,1.0,ok
Application_2007562055,0.7617937340469404,0.38102020315524976,0.22547581298759914,1.0,1.0,ok
Application_2008203162,0.8243766493396869,0.39753725755418795,0.21511978943888352,1.0,1.0,ok
Application_200942443,0.8354776758208441,0.46302701797187584,0.2532003285461932,1.0,1.0,ok
Application_200956558,0.7618602366088408,0.3945682681310631,0.22821153679457018,1.0,1.0,ok
Application_2010104450,0.8403134753027233,0.40328852651691216,0.21884218051567633,1.0,1.0,ok
Application_201115305,0.9079630916000395,0.3863515342697391,0.21110706270833463,1.0,1.0,ok
Application_2013830829,0.8828094661545698,0.4093304067639729,0.217170332415186,1.0,1.0,ok
Application_2014671768,0.8206009967801138,0.4020736652261941,0.21961531117546365,1.0,1.0,ok
Application_2015161420,0.8208022093541821,0.3854525493820975,0.22624847004400636,1.0,1.0,ok
Application_2015423706,0.8176315828929728,0.4024016970156314,0.22094272576521262,1.0,1.0,ok
Application_2016510614,0.947835553188903,0.1313060121589011,0.1667512385733501,1.0,1.0,ok
Application_2018809027,0.8056348926132713,0.39129510339620155,0.22846664608276104,1.0,1.0,ok
Application_201975224,0.8170050554843219,0.3786695003028987,0.22562497368840073,1.0,1.0,ok
Application_2020541045,0.7808184438018044,0.3955656111729626,0.21599713979523893,1.0,1.0,ok
Application_2020581879,0.8320418005926525,0.44123388578130485,0.22701610275155373,1.0,1.0,ok
Application_2021390880,0.9776049570011449,0.12303281232177812,0.16766416886760085,1.0,1.0,ok
Application_2022118906,0.896428694268581,0.14859349312923717,0.17422862738898598,1.0,1.0,ok
Application_2022507317,0.9355322365855426,0.1542785929656923,0.1728932288519771,1.0,1.0,ok
Application_2022755119,0.974519509591722,0.1140520047400845,0.15077089333616206,1.0,1.0,ok
Application_2023468525,0.839111442888792,0.393132079107087,0.21392000037739747,1.0,1.0,ok
Application_2024244758,0.9460357322668985,0.35677400163618833,0.20569481691297048,1.0,1.0,ok
Application_2024477286,0.872012197156421,0.38808437825389513,0.2266648033900663,1.0,1.0,ok
Application_2025018320,0.7589919732577386,0.4018507476985317,0.2256346195860549,1.0,1.0,ok
Application_2025703180,0.9258272504853455,0.17875579771240396,0.18729200991248976,1.0,1.0,ok
Application_202572480,0.9374723197970708,0.3627584455995662,0.2076067463132936,1.0,1.0,ok
Application_2026841022,0.827735218222674,0.1640685203828268,0.1985641139711557,1.0,0.5,ok
Application_2026952165,0.8542764709743981,0.370319882000307,0.22346920987597746,1.0,1.0,ok
Application_2028180559,0.8435081108514181,0.49816497128937787,0.25047515286968636,1.0,1.0,ok
Application_2028590322,,,,,,no_possible_actions
Application_2029271670,0.8774929643553206,0.38432223220054385,0.20701610575056148,1.0,1.0,ok
Application_2031841757,0.9626458560796369,0.3913481299152766,0.2019044273216335,1.0,1.0,ok
Application_2033120546,0.7992896157334021,0.4795294572659369,0.2582302975660209,1.0,1.0,ok
Application_2034295537,0.8887954527980843,0.15051774731634246,0.1424824119436878,1.0,1.0,ok
Application_203590810,0.8552550996634047,0.15936177011750516,0.17693318469634292,1.0,1.0,ok
Application_2036474370,0.8514132679490954,0.425738541979377,0.21760867479373508,1.0,1.0,ok
Application_203678331,0.8321024709225683,0.3731718725704454,0.21927606016964016,1.0,1.0,ok
Application_2037954458,0.8944972776957169,0.22422781496301725,0.20722476940232498,1.0,1.0,ok
Application_2038146278,0.8960770043291372,0.36455814429874944,0.20825706753007123,1.0,1.0,ok
Application_2039657007,0.5407286368608175,0.1835960741648032,0.182533723342804,1.0,1.0,ok
Application_2041306952,0.8621182026411548,0.4054736392479904,0.212832651672324,1.0,1.0,ok
Application_2042834818,0.9092840223989199,0.30085173545254507,0.25058677277502883,1.0,1.0,ok
Application_2042847086,0.6753787399804174,0.3975319836651325,0.22132024182741508,1.0,1.0,ok
Application_2043967522,0.9536191608632637,0.14437961855619288,0.17706572119223302,0.5,1.0,ok
Application_2043974733,0.8629707503285218,0.4011263359972744,0.21434515549267172,1.0,1.0,ok
Application_204408152,0.8092123829309383,0.3968470945322288,0.21634105398357342,1.0,1.0,ok
Application_2045954559,0.8328379709553324,0.3727470924083084,0.22343459598677717,1.0,1.0,ok
Application_2046501407,0.8301139578978968,0.38200049956192866,0.22096203947161944,1.0,1.0,ok
Application_2046683533,0.9171809218290625,0.1789026366016278,0.19393377099627152,1.0,1.0,ok
Application_2047886665,0.8835437478301807,0.17601434119737522,0.1902904503761864,1.0,1.0,ok
Application_2048027930,0.34637283566884297,0.3867611221375903,0.2300148316205121,1.0,1.0,ok
Application_2048171626,0.8978674190943846,0.3710925057775029,0.20234291537260665,1.0,1.0,ok
Application_2048278308,0.8203515222223674,0.39054699295696216,0.22695310033521543,1.0,1.0,ok
Application_2048323360,0.8379805111193915,0.3857309111919523,0.22687783401510547,1.0,1.0,ok
Application_2048381730,0.8107670487406491,0.42934208750583586,0.22292686504763115,1.0,1.0,ok
Application_2049849151,0.6813269577615956,0.38213482672506055,0.22567339057030547,1.0,1.0,ok
Application_2051550880,0.9104412118716435,0.35218195833449834,0.1958143753561056,1.0,1.0,ok
Application_2051799809,0.9381343154007048,0.35592527377811267,0.21758392089959366,1.0,1.0,ok
Application_2051951033,0.898730925601509,0.3909224316202698,0.22033887196002672,1.0,1.0,ok
Application_2051974818,0.8382893285467782,0.4436299302932104,0.24109598849293137,1.0,1.0,ok
Application_2053272389,0.866666860198076,0.399717544499022,0.21635547266963703,1.0,1.0,ok
Application_2053888323,0.3717060884444973,0.38194979031288984,0.22626004649607576,1.0,1.0,ok
Application_2055100599,0.7009888600632745,0.38051184876149247,0.22598041928023976,1.0,1.0,ok
Application_2055157815,0.7472566634669274,0.390329971541994,0.22839033179739776,1.0,1.0,ok
Application_2055185181,0.7938500216551635,0.3829982339331325,0.22546913253917203,1.0,1.0,ok
Application_2056174200,0.6744051260040673,0.4137629812124054,0.21154538224228994,1.0,1.0,ok
Application_2059632280,0.7761921983561957,0.38962238056967674,0.22828764641134555,1.0,1.0,ok
Application_2060708769,0.9152826033127014,0.12339316419242582,0.1604037659323158,1.0,1.0,ok
Application_2061020149,0.8058227921439284,0.30345006971676153,0.2528647453678059,1.0,1.0,ok
Application_2061502784,0.8640804265719897,0.33955999861940944,0.2713417349162659,1.0,1.0,ok
Application_2061784142,0.754634120526157,0.39009952212173343,0.22802650656879417,1.0,1.0,ok
Application_206222910,0.8584214634637384,0.3167927941997694,0.2636332490846539,1.0,1.0,ok
Application_2063179478,0.9339100089460582,0.18767157643226112,0.228251361493647,0.8,0.5,ok
Application_2063828851,,,,,,no_confident_recommendation
Application_2064798594,0.9256409966863341,0.19707317483560463,0.201384410425134,1.0,1.0,ok
Application_2065559138,0.8566169483067854,0.4063952420593223,0.20979082047315692,1.0,1.0,ok
Application_2066939992,0.8145864365586943,0.38755974915880953,0.22934332526274637,1.0,1.0,ok
Application_2067187791,0.6115762911121699,0.43349101715397237,0.22740392258894687,1.0,1.0,ok
Application_2068853058,0.8447918896002173,0.39925482856659,0.22401342402173288,1.0,1.0,ok
Application_2069481439,0.7095057393103689,0.31609761173206136,0.25896224038446003,1.0,1.0,ok
Application_2069545303,0.9387666904059365,0.17004338185877627,0.185128774064287,1.0,1.0,ok
Application_207185826,0.7363279363878028,0.40129283470912613,0.22286332370624984,1.0,1.0,ok
Application_2071863649,0.8790144935522922,0.38688365807655306,0.21983263350926724,1.0,1.0,ok
Application_2073034588,0.9440305990437773,0.35941458833095113,0.19643001747228564,1.0,1.0,ok
Application_207339253,0.7306380860174538,0.37371103597276945,0.22288491898949264,1.0,1.0,ok
Application_20738828,0.8836215639054457,0.39859987474716213,0.2237886470485585,1.0,1.0,ok
Application_2075014351,0.7809737442502925,0.3957377662480296,0.23216077264861967,1.0,1.0,ok
Application_2076314524,0.8387707910578274,0.3850759573725245,0.22665017473684004,1.0,1.0,ok
Application_2081068908,0.8957691442832102,0.40416277246469284,0.21431571746359487,1.0,1.0,ok
Application_2081457336,0.8723993066818151,0.4067898131536098,0.22097944489595775,1.0,1.0,ok
Application_2083683673,0.929584602378161,0.4290991965989721,0.23267451489935093,1.0,1.0,ok
Application_2084259712,0.8373090363463198,0.38890915421949096,0.2280440314420179,1.0,1.0,ok
Application_2084774321,0.8373676856277922,0.43149772025920125,0.23173839812607724,1.0,1.0,ok
Application_2084907175,0.9258417503261978,0.15352164038894525,0.1884259001892231,1.0,1.0,ok
Application_2086545012,0.8885126182420977,0.40915674358924264,0.2155200771438699,1.0,1.0,ok
Application_2086686091,0.8818628147645285,0.4206518552157938,0.21941371933567994,1.0,1.0,ok
Application_2086754710,0.951520633958873,0.42373811365178593,0.24262909486310158,1.0,1.0,ok
Application_2087006463,0.7767242606468807,0.45847756764239855,0.2483186483145916,1.0,1.0,ok
Application_2087713022,0.7961069014340253,0.1682204919613081,0.20448693924231282,1.0,0.5,ok
Application_2088099791,0.8003193293072888,0.3140346803341967,0.2594424226529794,1.0,1.0,ok
Application_2088969676,0.7794409260200995,0.4210844422949786,0.2152265093158779,1.0,1.0,ok
Application_2089315207,0.8325058176600092,0.3009494685838608,0.2505910246753861,1.0,1.0,ok
Application_2089979544,0.9618114907900661,0.14363190728595085,0.17107830411492084,1.0,1.0,ok
Application_2090544740,0.8281919137085411,0.3136310074257599,0.2561009442863203,0.8,0.5,ok
Application_2090776603,0.7852749444993538,0.18872961610565087,0.2028059340004063,1.0,1.0,ok
Application_2091145908,0.6338198351186701,0.38643476007371247,0.2268793955529313,1.0,1.0,ok
Application_2091517201,0.9358817465619245,0.3777788438728973,0.2010741971207112,1.0,1.0,ok
Application_2092228035,0.8779270249481901,0.3964798706776981,0.21739222661907645,1.0,1.0,ok
Application_2094441836,,,,,,no_confident_recommendation
Application_2095793548,0.8462244463818345,0.40049408529882335,0.22337242944918126,1.0,1.0,ok
Application_2097115739,0.8797024321289814,0.3021703275023758,0.24568629080299995,1.0,1.0,ok
Application_2097420356,0.334112533283213,0.3914204254135128,0.21266230522044674,1.0,1.0,ok
Application_2099334395,0.8754123947541369,0.42549104127290904,0.2215523320187096,1.0,1.0,ok
Application_2099511368,0.8462115752399005,0.30568916846774774,0.21986179356757146,1.0,1.0,ok
Application_2100311621,0.9323677796200596,0.34662329588404617,0.21976061149858506,1.0,1.0,ok
Application_2106173395,0.7899571679928538,0.3708220594288748,0.22117771580612522,1.0,1.0,ok
Application_2111973389,0.6591717850588752,0.37769319274420365,0.22335790820200738,1.0,1.0,ok
Application_2112573494,0.8449378801581192,0.3172772421765738,0.24887158990554584,1.0,1.0,ok
Application_2113040289,,,,,,no_confident_recommendation
Application_2114671174,0.8630662654021382,0.41465273599819225,0.21556697458218615,1.0,1.0,ok
Application_2115042059,0.2262390942989221,0.39565733008183146,0.21609635899954258,1.0,1.0,ok
Application_2116062822,0.8439519204406771,0.38682583803201936,0.22041067743782602,1.0,1.0,ok
Application_2116148116,0.7413452955310333,0.3044426924798175,0.24230643923422832,1.0,1.0,ok
Application_2116821761,0.8698870367279046,0.4137818304585319,0.21881186853303045,1.0,1.0,ok
Application_2116960252,0.842581161989329,0.40145819167235947,0.22454128223202685,1.0,1.0,ok
Application_2118057291,,,,,,no_confident_recommendation
Application_2118887844,0.9586429338242631,0.3597815698132921,0.21683030825721974,1.0,1.0,ok
Application_212002191,0.8519062767329637,0.4095359477890714,0.22154358784973155,1.0,1.0,ok
Application_2120715071,0.9367004595086819,0.3573810073816781,0.21731944843751544,1.0,1.0,ok
Application_2121891434,0.8782047185940441,0.3882542004000631,0.22781520154672794,1.0,1.0,ok
Application_2122792904,0.747246413005362,0.39565879438439266,0.21916233779833427,1.0,1.0,ok
Application_2122822719,0.8232972736886052,0.38449949941877554,0.22906047157676615,1.0,1.0,ok
Application_2122873300,0.8020626865110639,0.39141405920151506,0.21291011494746423,1.0,1.0,ok
Application_2123204513,0.7890747922780167,0.37911731785834757,0.21895830159681218,1.0,1.0,ok
Application_2124127933,0.9420426283438007,0.12296508546881432,0.1608961684010707,1.0,1.0,ok
Application_2125694475,0.5725248524215555,0.39651540543657604,0.21814931983125893,1.0,1.0,ok
Application_2128172349,0.592188060546232,0.24418577553215504,0.21487201781101056,1.0,1.0,ok
Application_2128191185,0.8029943774662878,0.4180083809188816,0.23923630121200049,1.0,1.0,ok
Application_2130486641,0.830683596463576,0.2897708200140453,0.2132537231722783,1.0,1.0,ok
Application_213211686,0.7344219705168304,0.38482806082251564,0.22320885359690384,1.0,1.0,ok
Application_2133089583,0.8588556524880505,0.39906953666015166,0.22438102915432134,1.0,1.0,ok
Application_2133818678,0.9338505238255662,0.17539620524346736,0.18567812665977412,1.0,1.0,ok
Application_2137992191,0.9465807118692243,0.15175618429888899,0.1913768652062305,1.0,1.0,ok
Application_2139692519,0.9341311656224346,0.1709081349692088,0.1896338248678182,1.0,1.0,ok
Application_2140045431,0.771300144070457,0.23451295124447386,0.22863346408313331,1.0,1.0,ok
Application_2140770767,0.8380909658542618,0.31798829142892615,0.264897189027739,1.0,1.0,ok
Application_214156122,0.8208056712003723,0.39453016839785954,0.2123752058909255,1.0,1.0,ok
Application_2141999798,0.8517823629473787,0.1692075766183645,0.18312666958237145,1.0,1.0,ok
Application_2142719268,0.7118948645998016,0.3906925588227459,0.22744765426554056,1.0,1.0,ok
Application_2143988715,0.8504987095327856,0.3786080420744183,0.22447449290915833,1.0,1.0,ok
Application_214453134,,,,,,no_confident_recommendation
Application_214453442,0.8503186621582641,0.3915752311240387,0.2128446415676915,1.0,1.0,ok
Application_2144842406,0.6630178957196365,0.4504643808909005,0.2543885167052477,0.8,0.5,ok
Application_2146296643,0.9883548173785381,0.14911176203566132,0.18581238774575926,1.0,1.0,ok
Application_2147170228,0.6689200753047045,0.44648952759654953,0.230591346705408,1.0,1.0,ok
Application_216211515,0.8877406501363829,0.41702003273305727,0.22203008643904967,1.0,1.0,ok
Application_21634890,0.8045005593123351,0.4766466465021929,0.26642070625735287,1.0,1.0,ok
Application_216444008,0.9634201734529277,0.10238110519739921,0.13783409175190564,1.0,1.0,ok
Application_218547280,0.5801557539385721,0.42833448646254,0.23502236569216364,1.0,1.0,ok
Application_218707596,0.903668912922087,0.29669233862321864,0.2644974162606594,1.0,1.0,ok
Application_219576331,0.7000212526634682,0.3954557353572178,0.21048948499786563,1.0,1.0,ok
Application_22019692,0.7846340729773827,0.37245662190684997,0.21544425003511525,1.0,1.0,ok
Application_222629422,0.8365179393711822,0.3702010115181142,0.2161108590316124,1.0,1.0,ok
Application_222827091,0.7883008023675901,0.41652615331172244,0.2241621105417119,1.0,1.0,ok
Application_225586063,0.7547856724663297,0.37966125463010314,0.22416581756289417,1.0,1.0,ok
Application_226209957,0.9220899262973173,0.14464348162524115,0.1587138369951085,1.0,1.0,ok
Application_2264928,0.465525973274493,0.37335817823074324,0.2157892222892697,1.0,1.0,ok
Application_227170121,0.8529631034673968,0.4016915533360077,0.21909067057447604,1.0,1.0,ok
Application_227670423,0.8331939694853939,0.3992331607152307,0.214596563903144,1.0,1.0,ok
Application_228373770,0.757972256142507,0.39137067412437954,0.2276147059985345,1.0,1.0,ok
Application_228928958,0.9495638512852647,0.12817630391612295,0.16341770081718243,1.0,1.0,ok
Application_229012140,0.8347511039561081,0.39381548562448493,0.2139811808405326,1.0,1.0,ok
Application_229606305,0.8654566967895296,0.40560760772724846,0.21672525996591846,1.0,1.0,ok
Application_231527175,,,,,,no_confident_recommendation
Application_231751553,0.5215025377804852,0.3876941584029068,0.226859491765363,1.0,1.0,ok
Application_232254008,0.4330826927665072,0.3895305059774269,0.2174964530298927,1.0,1.0,ok
Application_233064512,0.7930410053422978,0.46406410031485174,0.2505488910971313,1.0,1.0,ok
Application_233989937,0.8757008745988265,0.38116285898417884,0.220107501098155,1.0,1.0,ok
Application_235535721,0.8947667454146518,0.3012044352768711,0.24326470003779782,1.0,1.0,ok
Application_236717130,0.7014361424990677,0.3874452102955635,0.22701279571763636,1.0,1.0,ok
Application_237775087,0.8187438905578434,0.3915559660308179,0.22724180572485284,1.0,1.0,ok
Application_238546830,0.9071789708279147,0.18761534856730383,0.1969441785833835,1.0,1.0,ok
Application_240111953,0.7135705755566292,0.416862347526639,0.22415402244570984,1.0,1.0,ok
Application_241318555,0.9088521153312972,0.3926851063459748,0.21342034325504808,1.0,1.0,ok
Application_242709495,0.06313460988484895,0.4305905472177026,0.22580504422935235,1.0,1.0,ok
Application_242826105,0.867370032669908,0.4031330775428629,0.21459323604516012,1.0,1.0,ok
Application_243887576,0.6774556712138706,0.40720817428299877,0.22960968759295258,1.0,1.0,ok
Application_244396187,0.8794711557091747,0.303071522311187,0.2528196931838108,1.0,1.0,ok
Application_245123210,,,,,,no_confident_recommendation
Application_246097895,0.8782474260596174,0.4064821947728225,0.21898306727237712,1.0,1.0,ok
Application_247317164,0.9190615670581107,0.3558445764266906,0.21275654022919532,1.0,1.0,ok
Application_25063668,0.4021704612129459,0.3957004013733186,0.2264586588452114,1.0,1.0,ok
Application_251097614,0.9001942840144148,0.39580160218984195,0.21793183539984384,1.0,1.0,ok
Application_251304842,0.7296138440230345,0.4150991390726443,0.22510718135775457,1.0,1.0,ok
Application_251670774,0.8102042305093627,0.42985130213148703,0.2320257977752161,1.0,1.0,ok
Application_252272828,0.7699402135842224,0.38892789414165263,0.22268281626807282,1.0,1.0,ok
Application_253227112,0.8753511913011838,0.37879284521006634,0.22384226860032574,1.0,1.0,ok
Application_254824641,0.8593876959686326,0.385496157549497,0.22910234800296025,1.0,1.0,ok
Application_254836121,,,,,,no_confident_recommendation
Application_255370233,0.943897969435931,0.1460825308375467,0.17268782203965324,1.0,1.0,ok
Application_255496047,0.945750535939319,0.1233739375741529,0.16523758212824602,1.0,1.0,ok
Application_257082685,0.7414260557331978,0.38860492807939584,0.23043841473289597,1.0,1.0,ok
Application_257928635,0.8365786343547994,0.29797815070267686,0.25997132058483086,1.0,1.0,ok
Application_2595810,,,,,,no_confident_recommendation
Application_260257809,0.7133812275489979,0.3798028716748436,0.22571285777334602,1.0,1.0,ok
Application_260635392,0.9467729208142603,0.16852154611270925,0.18811079624901988,1.0,1.0,ok
Application_260702936,,,,,,no_confident_recommendation
Application_267475970,0.6951750343104778,0.4166301654834406,0.23812819907946664,1.0,1.0,ok
Application_268406883,0.8467464273382764,0.40060330105369035,0.21615997493030994,1.0,1.0,ok
Application_268523137,0.6982389639785209,0.4683956603773045,0.2673686756460425,1.0,1.0,ok
Application_269341222,0.8776062296232819,0.30780104690750776,0.25012927542206137,1.0,1.0,ok
Application_2694097,0.939622778916936,0.3589413747399445,0.1992757332922751,1.0,1.0,ok
Application_26954699,0.8722738210198231,0.42683094241891084,0.23175407452644592,1.0,1.0,ok
Application_269862060,0.7538637667017335,0.3908735692690023,0.23705851567418068,1.0,1.0,ok
Application_270485252,0.8823898473032871,0.39311508007468254,0.2127989254061521,1.0,1.0,ok
Application_270506031,0.983205812530642,0.38189405464779314,0.2100350643207818,1.0,1.0,ok
Application_270571049,,,,,,no_confident_recommendation
Application_272933056,0.8582726772139592,0.3844460503320871,0.2228379339066932,1.0,1.0,ok
Application_274240684,0.45839086156289466,0.33069897433068374,0.2657547685007231,1.0,1.0,ok
Application_276603327,0.9271434859424247,0.16706673639547864,0.20731109340600215,0.8,0.5,ok
Application_276618599,0.8683117279106349,0.1639593922415114,0.20251623226178742,1.0,0.5,ok
Application_277127069,,,,,,no_confident_recommendation
Application_277674975,0.857567949740454,0.4297760366129511,0.2350523385132776,1.0,1.0,ok
Application_281838380,0.8835993332721133,0.4074909226684239,0.2152880538832034,1.0,1.0,ok
Application_282114630,0.5886358852920857,0.3880262172679113,0.22557834029001111,1.0,1.0,ok
Application_282254984,,,,,,no_confident_recommendation
Application_286137335,0.8276434382625952,0.3887349952713514,0.21023830137177849,1.0,1.0,ok
Application_288925921,0.6654410068498418,0.48149858477985735,0.25202294677355713,1.0,1.0,ok
Application_28930757,0.7355948719611942,0.47565527052204953,0.2515410190393899,1.0,1.0,ok
Application_291332257,0.8858589408159422,0.38556951611236806,0.20932314875470762,1.0,1.0,ok
Application_292094395,0.676019894908555,0.4224551250556818,0.23580054238796308,1.0,1.0,ok
Application_292866700,0.839845579988471,0.40343621690267134,0.2186161877394176,1.0,1.0,ok
Application_293379010,0.8777272583846066,0.43624535319351637,0.24895497483558263,1.0,1.0,ok
Application_294013307,0.869211008702064,0.4033783051005825,0.21791079564992552,1.0,1.0,ok
Application_294586112,0.805463991485225,0.39166792475917583,0.22156007663314006,1.0,1.0,ok
Application_295284443,,,,,,no_confident_recommendation
Application_296888635,0.7834514944186854,0.3141027235940296,0.2569327131044293,1.0,1.0,ok
Application_298129713,0.6827357266685476,0.4441348248332546,0.2297983470516498,1.0,1.0,ok
Application_298744583,0.9446211787438739,0.4305826942513806,0.23283801279810493,1.0,1.0,ok
Application_299068395,0.9486370899906044,0.45824394925256084,0.2629898776740498,1.0,1.0,ok
Application_299209464,0.8417538761727926,0.30199146279391825,0.24613643646435696,1.0,1.0,ok
Application_299698075,0.8577596683444251,0.1508443688213809,0.20993820835198249,1.0,1.0,ok
Application_301727231,0.82132528679743,0.3991785909219869,0.22075030936839765,1.0,1.0,ok
Application_303703837,0.9730751688159668,0.4354463852777751,0.24295793399274046,1.0,1.0,ok
Application_303866233,0.9037552391305089,0.3695600557505433,0.2233549739449291,1.0,1.0,ok
Application_304004510,0.8028575222012084,0.38069714066793076,0.2256102204476879,1.0,1.0,ok
Application_306086229,0.8045270659106982,0.38173648712593,0.22073858623056886,1.0,1.0,ok
Application_306812685,0.825721312960566,0.38855968884215336,0.21145190313633125,1.0,1.0,ok
Application_307801348,0.7998341403357171,0.3805666483807283,0.22523355528872352,1.0,1.0,ok
Application_308066254,0.889173697182992,0.16658723192216857,0.1813204212446817,1.0,1.0,ok
Application_308748254,0.8919555106618646,0.38739987663080744,0.21765829876977583,1.0,1.0,ok
Application_309815171,0.940244220095145,0.4248585395307886,0.22145242680836538,1.0,1.0,ok
Application_310417357,0.8976309819434023,0.44348378305240227,0.23410265484007445,1.0,1.0,ok
Application_312166095,0.75545949571768,0.3983116090757772,0.21945574843141852,1.0,1.0,ok
Application_312224974,0.802626242382689,0.44240089716253844,0.23163131331605077,1.0,1.0,ok
Application_313152544,0.6387143792952902,0.3951996071904962,0.22538185789005105,1.0,1.0,ok
Application_313527996,0.7099440117876366,0.3850759573725245,0.22665017473684004,1.0,1.0,ok
Application_314854055,0.897490912766391,0.38449949941877554,0.22906047157676615,1.0,1.0,ok
Application_31519304,0.7185487863474233,0.30959779229490003,0.25335930934699097,1.0,1.0,ok
Application_315782607,0.8808530862647242,0.39483202498402103,0.21393769538681176,1.0,1.0,ok
Application_31697623,0.9305167328338583,0.13569098104241828,0.17248409106088927,1.0,1.0,ok
Application_317789291,0.9344649462275407,0.12623560936172812,0.16111898223403479,1.0,1.0,ok
Application_319284701,0.972560469959876,0.42438560447948415,0.22059415342341723,1.0,1.0,ok
Application_319847090,0.792061223700635,0.42681863883482707,0.22252505938186853,1.0,1.0,ok
Application_320538845,0.6329649150661166,0.3212841739332853,0.22927388132729495,1.0,1.0,ok
Application_321053191,0.872125220473481,0.3999333113151617,0.20808819992819075,1.0,1.0,ok
Application_322297326,0.8664969118930285,0.4027304537529792,0.2147216182918364,1.0,1.0,ok
Application_323040575,0.8408497996884569,0.4277754661856464,0.23161174332106174,1.0,1.0,ok
Application_324026343,0.8026273474883259,0.3936970081026324,0.21573460104502074,1.0,1.0,ok
Application_326473270,0.8168618592845173,0.4170826600622006,0.2254359366772744,1.0,1.0,ok
Application_327072822,,,,,,no_confident_recommendation
Application_327149374,0.7877914255102976,0.40272105409687786,0.23000950795123132,1.0,1.0,ok
Application_328046969,0.4575246541201875,0.409536519878669,0.2355382970672404,1.0,1.0,ok
Application_328120747,0.9619298381774611,0.14520737660292066,0.18480846591452596,1.0,1.0,ok
Application_329140480,0.6162771796728347,0.4752644593321801,0.2600755192759295,1.0,1.0,ok
Application_330251746,0.7579384525164925,0.29825476561722825,0.24344233683381258,1.0,1.0,ok
Application_332704649,0.900089810257742,0.17428882002202342,0.18776590434233772,1.0,1.0,ok
Application_332811786,0.9254275554004262,0.39483202498402103,0.21393769538681176,1.0,1.0,ok
Application_335537557,0.8083571073591782,0.38069714066793076,0.2256102204476879,1.0,1.0,ok
Application_33745946,0.911301974406357,0.12308123909306115,0.1645558431554199,1.0,1.0,ok
Application_339123229,0.9386938343512398,0.15274684987937315,0.1661280678761877,1.0,1.0,ok
Application_339123431,0.5230897868184097,0.4161769395901458,0.23104260680764596,1.0,1.0,ok
Application_339327672,0.8525868711268102,0.293927707627165,0.2057532225031106,1.0,1.0,ok
Application_339730120,0.8283001679104306,0.4126116973389986,0.23013306585646195,1.0,1.0,ok
Application_340094554,0.867635187277373,0.36642185083738427,0.22936001524635874,1.0,1.0,ok
Application_340321174,0.9779050437505874,0.14113665158762762,0.19703768663259608,0.9,1.0,ok
Application_341875321,0.6043346855935688,0.38851307453240846,0.22451874683411102,1.0,1.0,ok
Application_343088948,0.9155991909449451,0.40107030042171754,0.21389203693233746,1.0,1.0,ok
Application_343744148,0.8842502613318345,0.357824713881409,0.216044638960235,1.0,1.0,ok
Application_345264629,,,,,,no_confident_recommendation
Application_346568508,0.7857769318587109,0.38173648712593,0.22073858623056886,1.0,1.0,ok
Application_346829278,0.822833209913991,0.3044232155617049,0.25101162359207724,1.0,1.0,ok
Application_346848867,0.8969263523957782,0.43122136400075306,0.2472471039308353,1.0,1.0,ok
Application_346988751,0.9514258191355124,0.12825562843056743,0.1571828119245046,1.0,1.0,ok
Application_347922674,0.8995882240419867,0.35304382772946374,0.20907767441636874,1.0,1.0,ok
Application_348990686,0.8034802072000882,0.4245601538834852,0.21987059839431122,1.0,1.0,ok
Application_349515920,0.939786810865935,0.4572420450976772,0.24059661082880685,1.0,1.0,ok
Application_349709198,,,,,,no_confident_recommendation
Application_350793850,0.8074362440430325,0.41962240424713765,0.22524361891794187,1.0,1.0,ok
Application_352165642,0.7695363736079781,0.39852842316578835,0.22177563174355663,1.0,1.0,ok
Application_354855594,0.8419684803247869,0.39979771224788163,0.21475149829673834,1.0,1.0,ok
Application_354865116,0.9010874634127817,0.42567584440855716,0.22092819919543996,1.0,1.0,ok
Application_354974392,0.9374007974728087,0.2170732191722386,0.2095884864374589,0.6,1.0,ok
Application_355701690,0.830550547240971,0.4087696918893061,0.22020519401609784,1.0,1.0,ok
Application_356808628,0.8037696180259157,0.45453241356766905,0.2659272029811552,1.0,1.0,ok
Application_35738339,0.9369398283088227,0.35712902426864157,0.21633922264944405,1.0,1.0,ok
Application_35745002,0.9355386847600443,0.3486866795529727,0.20720251231320788,1.0,1.0,ok
Application_357880380,0.9095136876855866,0.4007371972497954,0.22242159634440986,1.0,1.0,ok
Application_359276048,0.969384043634858,0.37739386026320615,0.1915749228978739,1.0,1.0,ok
Application_360217923,0.7927617840529939,0.40153618182734724,0.22993941523985056,1.0,1.0,ok
Application_361573979,,,,,,no_confident_recommendation
Application_362543186,0.8254605948513672,0.4381838879321254,0.2333852910479769,1.0,1.0,ok
Application_365332446,,,,,,no_confident_recommendation
Application_365485542,0.9416010540020557,0.39330843971267426,0.22380253948548653,1.0,1.0,ok
Application_366121400,0.8683704751544558,0.4049027141030906,0.22953657855381496,1.0,1.0,ok
Application_367455904,0.833543595622081,0.39502477753744847,0.22766864169596757,1.0,1.0,ok
Application_368167256,,,,,,no_confident_recommendation
Application_36831628,0.7108326640525253,0.40974021226975754,0.2361204932625274,1.0,1.0,ok
Application_368529383,0.747743599246087,0.4005387888640269,0.2136441966565031,1.0,1.0,ok
Application_368638647,0.9076214598408701,0.37004617610623697,0.20925097551224503,1.0,1.0,ok
Application_370126110,0.9008039940225427,0.3162740384036035,0.2592408545831245,1.0,1.0,ok
Application_372912766,0.809463926217867,0.2938749383091134,0.2485150597802318,1.0,1.0,ok
Application_373875255,0.6843050895008739,0.37012485490680275,0.2183977434140026,1.0,1.0,ok
Application_376118809,0.801810023558675,0.15831652886597408,0.18067827616337995,1.0,1.0,ok
Application_377692746,0.7831627347556326,0.41608325861781115,0.23692324079934304,1.0,1.0,ok
Application_37787490,0.8514009101033279,0.43843780006476096,0.23087742335033434,1.0,1.0,ok
Application_380097845,0.9443024671553379,0.15502080889380718,0.19540481467697188,1.0,1.0,ok
Application_380770908,0.8800778987496088,0.15878602515733706,0.18086408652332014,1.0,1.0,ok
Application_38081486,0.8580407743845414,0.37639474426074215,0.21996958895465746,1.0,1.0,ok
Application_380969432,0.876322186246852,0.4054902374461292,0.220998673799596,1.0,1.0,ok
Application_381087716,0.7928723120228061,0.38069714066793076,0.2256102204476879,1.0,1.0,ok
Application_384814296,0.940958806766278,0.1509638597955747,0.16232064213734143,1.0,1.0,ok
Application_384835333,0.8272821768268492,0.3351325499140197,0.27032196885109844,1.0,1.0,ok
Application_385045680,0.7942712522919889,0.4052599316274149,0.22167278037592342,1.0,1.0,ok
Application_38536393,0.9148184452077901,0.3917534205586525,0.21543554239084273,1.0,1.0,ok
Application_386657742,0.8071178745552033,0.29900258150314907,0.2473003181638896,1.0,1.0,ok
Application_387778376,0.9067754703652857,0.15083371277598406,0.1800826450755713,0.9,1.0,ok
Application_389831964,0.8804873558123069,0.3140346803341967,0.2594424226529794,1.0,1.0,ok
Application_389962709,0.8795726032642004,0.17271861929793103,0.19248822594608014,1.0,1.0,ok
Application_391099640,0.808345678121401,0.3858656057299931,0.22968019926409433,1.0,1.0,ok
Application_392275405,0.8233046754623985,0.4373381479807329,0.2523160820882627,1.0,1.0,ok
Application_394037983,0.8516335267862754,0.39446062366766454,0.2178539595247336,1.0,1.0,ok
Application_394946724,0.9248248740992229,0.3812297797843754,0.2212718745209195,1.0,1.0,ok
Application_396027178,0.9490054356687625,0.15176415671754406,0.19137867886983287,1.0,1.0,ok
Application_397038537,0.6973503097018653,0.3815511952194917,0.2211008396878099,1.0,1.0,ok
Application_398065440,0.8054090358778504,0.4374291116596603,0.24921896228399038,1.0,1.0,ok
Application_398250446,0.8874551403845656,0.12643746190760757,0.16231546749003878,1.0,1.0,ok
Application_398311287,0.9259392823373096,0.39604609048049644,0.21748205881604807,1.0,1.0,ok
Application_399001926,0.9616657189567426,0.12331624084499451,0.16391083820026076,1.0,1.0,ok
Application_399934391,0.8258723487298826,0.42105465154551125,0.23302036531022688,1.0,1.0,ok
Application_402938046,0.762608704839289,0.4073780243018373,0.23356682226724965,1.0,1.0,ok
Application_403304705,0.9713630149876832,0.15962275062365797,0.16996259772198463,1.0,1.0,ok
Application_40403797,0.933204353444774,0.12553366210335948,0.16967266839050413,1.0,1.0,ok
Application_407461155,0.8707660321532075,0.12709677443772843,0.16676212195282528,1.0,1.0,ok
Application_408864407,0.7663349713907391,0.3815862396189053,0.2283006074209738,1.0,1.0,ok
Application_409154003,0.7451734886462954,0.4312507549848183,0.253752237649498,1.0,1.0,ok
Application_410056038,0.7067221328522356,0.42504229714990044,0.22613797739408326,1.0,1.0,ok
Application_412434860,0.9573120722946243,0.15477010903961816,0.20277096882265022,1.0,0.5,ok
Application_413047262,0.9004146788512245,0.1541181121387348,0.17937209472855453,1.0,1.0,ok
Application_413991815,0.9400820065875692,0.1707739290209141,0.18236169195629906,1.0,1.0,ok
Application_414227837,0.9553840538465643,0.12095244086100101,0.1625741701555589,1.0,1.0,ok
Application_416188880,0.8869493492983214,0.3829375167831133,0.22244682703710458,1.0,1.0,ok
Application_416694962,0.9103704011384094,0.3812564632807439,0.22312147180792294,1.0,1.0,ok
Application_418738843,0.9210123372629061,0.14963075520803834,0.18123556474927013,1.0,1.0,ok
Application_419933910,,,,,,no_confident_recommendation
Application_420380783,,,,,,no_confident_recommendation
Application_420599570,0.9846730426875556,0.444478893126095,0.22517838506005347,1.0,1.0,ok
Application_421465179,0.1935399142518125,0.3882805175157651,0.22672982130141608,1.0,1.0,ok
Application_422637212,0.9620123238519603,0.13429576814377048,0.17220875045591602,1.0,1.0,ok
Application_42337394,,,,,,no_confident_recommendation
Application_424064154,0.6372403168563426,0.40288297358755376,0.22358415390800762,1.0,1.0,ok
Application_424977058,0.8436065108525188,0.3857309111919523,0.22687783401510547,1.0,1.0,ok
Application_427316676,0.8218236603351645,0.31069665894486787,0.2548709698301095,1.0,1.0,ok
Application_427975818,0.9124059745822116,0.2994326039530706,0.23914364507086494,1.0,1.0,ok
Application_428745471,0.8191274020217554,0.3961656174613063,0.2193045220992703,1.0,1.0,ok
Application_428955021,0.8914118288870176,0.3789638235785819,0.22579993061328943,1.0,1.0,ok
Application_432430277,0.8072173316117298,0.3959680191208412,0.22743795871697767,1.0,1.0,ok
Application_434354946,0.8286333138908551,0.36588367691906926,0.22195259666729755,1.0,1.0,ok
Application_434840997,0.8495682510839522,0.398041027983114,0.22311737896785622,1.0,1.0,ok
Application_438711887,,,,,,no_possible_actions
Application_440695787,0.6970289190024879,0.3850145134650554,0.23013852096416332,1.0,1.0,ok
Application_440813334,0.6401138947252294,0.38508280435008146,0.22334406572061183,1.0,1.0,ok
Application_441853106,0.8876531839792758,0.14925163826604831,0.17763534441027962,1.0,1.0,ok
Application_441988653,0.8569388049256279,0.38162941077406726,0.20518725086011827,1.0,1.0,ok
Application_444595223,0.7452046472354448,0.38051184876149247,0.22598041928023976,1.0,1.0,ok
Application_445609887,0.5126836473044155,0.3918101174424814,0.2295418998476931,1.0,1.0,ok
Application_447126113,0.8506453963628308,0.3830366379286484,0.2241998717459081,1.0,1.0,ok
Application_447138954,0.916287617998266,0.39197370805882376,0.21322095869001345,1.0,1.0,ok
Application_448145454,0.8098779060264024,0.38512517337980745,0.2273088182487722,1.0,1.0,ok
Application_44859446,0.9421818341979948,0.3576656983769383,0.20973073371477452,1.0,1.0,ok
Application_44899860,0.9445444159830936,0.42147384211328554,0.2441686609987429,1.0,1.0,ok
Application_449256078,0.2643169160931278,0.3925703581946976,0.2259305696252286,1.0,1.0,ok
Application_450127919,0.8342739454650581,0.4263135561126291,0.22254075915318275,1.0,1.0,ok
Application_450250534,0.9826568648052093,0.3785975608013297,0.2079633541246812,1.0,1.0,ok
Application_450974072,0.8980112820806861,0.30136583522834187,0.2516940880653168,1.0,1.0,ok
Application_451838490,0.6899753047436411,0.40155529047129235,0.17403111016851905,1.0,1.0,ok
Application_452728375,0.8280134241823185,0.35197092381820905,0.2797975498510389,1.0,1.0,ok
Application_453833865,0.48944066488502813,0.4368894909375468,0.24492163392404886,1.0,1.0,ok
Application_453847467,,,,,,no_confident_recommendation
Application_454064051,0.8600467981933688,0.3890939573551391,0.2274016814033279,1.0,1.0,ok
Application_455616073,0.9142572766058458,0.16441179948080506,0.1746370661612313,1.0,1.0,ok
Application_455972560,0.8876928798415699,0.4048097611935944,0.20852157245045738,1.0,1.0,ok
Application_456023338,0.8672141028891697,0.3204287797666795,0.26964560093142265,1.0,1.0,ok
Application_457947056,0.9016204775047284,0.40495730050792494,0.2095248936796443,1.0,1.0,ok
Application_458227713,0.7288472822594818,0.39156764036293934,0.2107459036952912,1.0,1.0,ok
Application_460231462,0.8816944542435151,0.3135742231677031,0.25364626634230136,1.0,1.0,ok
Application_460974455,0.8440586121278697,0.38583729530922595,0.22474660788114875,1.0,1.0,ok
Application_461107030,0.9390477778875732,0.13889040322517737,0.18018203638143565,1.0,1.0,ok
Application_461173805,0.8310865312654405,0.3185427004946905,0.2665589830836383,1.0,1.0,ok
Application_462216549,0.9309046355991998,0.39401164328794,0.2190836613199873,1.0,1.0,ok
Application_462882090,0.6901185609040108,0.3850145134650554,0.23013852096416332,1.0,1.0,ok
Application_465680144,0.8985774457553576,0.4055742223564313,0.2223859948203302,1.0,1.0,ok
Application_465715339,0.871190106943133,0.38364384904482457,0.22633735102430866,1.0,1.0,ok
Application_466068830,0.5288181268937887,0.3701431914735804,0.21667771643336228,1.0,1.0,ok
Application_467957342,0.8599353804189677,0.431045922634883,0.22922300174258162,1.0,1.0,ok
Application_470096249,0.7770341761333212,0.46677966940099996,0.2593568459292353,1.0,1.0,ok
Application_472820667,0.7794350606766953,0.3801631382881562,0.22431780922856495,1.0,1.0,ok
Application_474380883,0.9215236242275755,0.11372640804933021,0.14497922188751422,1.0,1.0,ok
Application_474487263,0.8338766706826003,0.4027116052363784,0.2076919301838563,1.0,1.0,ok
Application_475062324,0.8314259346612246,0.3876467199967468,0.23034073637906505,1.0,1.0,ok
Application_479645384,0.8448218915944162,0.41293654873938185,0.2097785487297786,1.0,1.0,ok
Application_480070910,0.7866761369697283,0.17374226166652873,0.18926525620322832,1.0,1.0,ok
Application_481277636,0.631268615781788,0.47784242427927365,0.2687031197144462,1.0,1.0,ok
Application_483074478,0.8178494427589533,0.417424100358598,0.22965333106691188,1.0,1.0,ok
Application_483126363,,,,,,no_confident_recommendation
Application_483931042,0.7260314605794118,0.40419094474165496,0.22079659206531427,1.0,1.0,ok
Application_485368165,0.9224992032271769,0.30066049423748437,0.24527341436323516,1.0,1.0,ok
Application_485567867,0.8978281264976373,0.15955675694290933,0.1886849028359404,1.0,1.0,ok
Application_48606429,0.9621333260407635,0.1606305887622272,0.19549265666098825,1.0,1.0,ok
Application_489972645,0.8280734700970027,0.3799881635812819,0.22534306140982205,1.0,1.0,ok
Application_491192717,0.9267912254525121,0.48067729153605826,0.25640278803939737,1.0,1.0,ok
Application_492258182,0.7387073506331597,0.39703578733527706,0.2181800232153817,1.0,1.0,ok
Application_492292182,0.9246253606611171,0.2934620033215761,0.2451365133262434,1.0,1.0,ok
Application_494960481,,,,,,no_confident_recommendation
Application_495428388,0.844709477069941,0.4126116973389986,0.23013306585646195,1.0,1.0,ok
Application_496111899,0.9625912385410295,0.17476854554648003,0.2039091031256656,1.0,1.0,ok
Application_496532501,0.9337755060680663,0.11397203375005538,0.14877096444274832,1.0,1.0,ok
Application_49717724,0.8423693344686546,0.398041027983114,0.22311737896785622,1.0,1.0,ok
Application_497474417,0.8461270478767825,0.39995800400409587,0.20478881571417773,1.0,1.0,ok
Application_498556066,0.8393086358172235,0.44122029122118606,0.2419830440454354,1.0,1.0,ok
Application_5006458,0.8258565226569259,0.3824178461465079,0.21770432376400012,1.0,1.0,ok
Application_505138130,0.8601479398840092,0.400813187311701,0.22130125290474195,1.0,1.0,ok
Application_507755204,0.7192208586463357,0.4307841609606865,0.23234121063878987,1.0,1.0,ok
Application_508938604,0.8078090608694002,0.3766603891746007,0.22002026925534843,1.0,1.0,ok
Application_509693034,0.6752285417678606,0.3830353219510712,0.2228497567869242,1.0,1.0,ok
Application_510096383,0.863242303920513,0.40145161448312516,0.23358041409031916,1.0,1.0,ok
Application_511259546,0.7052171609020874,0.3771604779831346,0.22496310357643626,1.0,1.0,ok
Application_51182407,0.7796538467269566,0.3720878025149338,0.22297506755863958,1.0,1.0,ok
Application_512079496,0.8373677949065114,0.4046308642444571,0.21588556844603835,1.0,1.0,ok
Application_512884075,0.861827964988344,0.3759157746553493,0.22283932818545063,1.0,1.0,ok
Application_514052232,0.8680106942374496,0.27906343059971367,0.24223017406652614,1.0,1.0,ok
Application_51430642,0.9147772935690418,0.3578141304870211,0.21753020968325154,1.0,1.0,ok
Application_516500707,,,,,,no_confident_recommendation
Application_518047810,0.7744934890868637,0.38263483833734513,0.20654035913452964,1.0,1.0,ok
Application_518595534,0.9241220935219594,0.15517513933278562,0.15081767172305888,1.0,1.0,ok
Application_518624776,0.9208602989399172,0.3706404826063203,0.2031629164103627,1.0,1.0,ok
Application_518752038,0.667202551308888,0.48077961078108045,0.25787863203821304,1.0,1.0,ok
Application_5188726,0.7656635979907749,0.3801665311469569,0.2222694871800916,1.0,1.0,ok
Application_519214643,,,,,,no_confident_recommendation
Application_519801050,0.7776027716037148,0.38015705144144546,0.2258960459259135,1.0,1.0,ok
Application_520506247,0.7880801855418688,0.38856757134824543,0.22683092551615466,1.0,1.0,ok
Application_521305631,0.7799504086699797,0.4008828944270961,0.22201071292312294,1.0,1.0,ok
Application_522420767,0.82721409873241,0.39141405920151506,0.21291011494746423,1.0,1.0,ok
Application_525459142,,,,,,no_confident_recommendation
Application_526257863,0.9236680554398536,0.3619708124948386,0.21891162800198452,1.0,1.0,ok
Application_527482957,0.3397539166893006,0.40183826335206413,0.21536954235287303,1.0,1.0,ok
Application_528406867,0.8201452161904645,0.3984111230252003,0.22212435156657695,1.0,1.0,ok
Application_528558455,0.9216671867859317,0.16881436712258946,0.17755885523517545,1.0,1.0,ok
Application_532956567,0.8541848246953058,0.38128721104289737,0.21809500037480978,1.0,1.0,ok
Application_533079487,0.8606447671605195,0.41618608918628663,0.22348869246382416,1.0,1.0,ok
Application_53352885,0.8587715560577482,0.3919300284440858,0.21292357005104515,1.0,1.0,ok
Application_536009009,0.9149098278667896,0.12222326257159544,0.16206315817984027,1.0,1.0,ok
Application_536051300,0.9306905975241996,0.18882715926505883,0.1851694413642387,1.0,1.0,ok
Application_536638211,0.9430414595947838,0.11453550046799428,0.15589341124202366,1.0,1.0,ok
Application_537005538,0.7089875299125776,0.37284943272443977,0.21480802158655996,1.0,1.0,ok
Application_538311021,0.9627817326097944,0.13316873019441916,0.1345491916410357,1.0,1.0,ok
Application_538869641,0.9605734630672214,0.3857309111919523,0.22687783401510547,1.0,1.0,ok
Application_539120928,0.9254142616879578,0.10804605988122455,0.13926202438672766,1.0,1.0,ok
Application_539162249,0.6456460535769942,0.38278222793517397,0.21762684366548535,1.0,1.0,ok
Application_540373333,0.9221039947938069,0.12861701934378408,0.1557744288444533,1.0,1.0,ok
Application_541146763,0.9888591578110106,0.268069714498162,0.2370245835714985,1.0,1.0,ok
Application_541694777,0.9087112387106562,0.1537604812899466,0.16735651644389063,1.0,1.0,ok
Application_542632548,,,,,,no_confident_recommendation
Application_542782205,,,,,,no_confident_recommendation
Application_543098684,0.7585119369154223,0.43982459043180266,0.25543990286261403,1.0,1.0,ok
Application_543513898,0.9492211872157086,0.36111220421595036,0.20043061142471996,1.0,1.0,ok
Application_545474396,0.7201591395537735,0.3991703548854977,0.22235225720523558,1.0,1.0,ok
Application_547720957,0.8492421571280128,0.3928974391525616,0.22717154719833665,1.0,1.0,ok
Application_547842527,,,,,,no_confident_recommendation
Application_548136507,0.9323088843741835,0.3624356298652087,0.19934751562216996,1.0,1.0,ok
Application_548377578,0.7590286500330026,0.40942171473737377,0.24187057875589033,1.0,1.0,ok
Application_54902350,0.9487648660647894,0.11978976081994015,0.15430873012793356,1.0,1.0,ok
Application_549264279,0.35959139368274184,0.462496128892617,0.2693339081802075,1.0,1.0,ok
Application_549547786,0.581764119763495,0.4169783853446695,0.23684510574562972,1.0,1.0,ok
Application_549826152,0.7924490430117855,0.41145978965334606,0.23694150366685168,1.0,1.0,ok
Application_554480592,0.6491428894880638,0.4543927379188837,0.23674603941950387,1.0,1.0,ok
Application_558507947,0.6727682700062255,0.3918659341400633,0.21922536483323773,1.0,1.0,ok
Application_559239075,,,,,,no_confident_recommendation
Application_559246751,0.31473476587848753,0.37149320182639356,0.21883668556391572,1.0,1.0,ok
Application_559380460,0.9500477424029306,0.15657707239801014,0.16193219098704087,1.0,1.0,ok
Application_560070722,0.8703961896275851,0.3891236947219491,0.22573060321800825,1.0,1.0,ok
Application_56106793,0.8161856725948037,0.38909058919436046,0.21353228918939834,1.0,1.0,ok
Application_561835971,0.7226464054180279,0.393132079107087,0.21392000037739747,1.0,1.0,ok
Application_563590726,,,,,,no_confident_recommendation
Application_563891423,,,,,,no_confident_recommendation
Application_564834372,0.8955492947941786,0.39450085887709846,0.21332168136715465,1.0,1.0,ok
Application_565667109,0.7843407537799035,0.38981973687177796,0.22954355408930557,1.0,1.0,ok
Application_565689430,0.5238983846825198,0.32833013358779256,0.2603178558956326,1.0,1.0,ok
Application_565743734,,,,,,no_confident_recommendation
Application_566347979,0.45651644498082483,0.17747976575724345,0.21866355792039696,1.0,0.5,ok
Application_566670119,0.9721655661062363,0.39006118397160405,0.21848561838405764,1.0,1.0,ok
Application_56691092,0.9206229345376711,0.45494140219363277,0.2708460690643944,1.0,1.0,ok
Application_568127104,0.8722980205053792,0.3963301509047363,0.22172702615316894,1.0,1.0,ok
Application_570165308,0.928028994444823,0.14714572352444338,0.172855465566589,1.0,1.0,ok
Application_574500271,0.8358840147838541,0.1634400600769431,0.1899985635974811,0.9,1.0,ok
Application_575764720,0.8121028710531196,0.38302418117030274,0.2285833315269875,1.0,1.0,ok
Application_576386053,0.9099923028472862,0.1650913373577822,0.18469159544168035,1.0,1.0,ok
Application_577888910,0.7870303432057413,0.4473167660589466,0.2515891207864581,1.0,1.0,ok
Application_578344284,0.8710687457604758,0.3991721991192272,0.21546372240202422,1.0,1.0,ok
Application_579153284,0.7428305007220682,0.3842166301281534,0.2273241700970255,1.0,1.0,ok
Application_579275809,0.7459113814646412,0.4110694844810762,0.23744396049235866,1.0,1.0,ok
Application_579349612,0.5745567188535227,0.43929689075844414,0.22752448326317543,1.0,1.0,ok
Application_583747115,0.7153529713227873,0.4299788292914159,0.23215919058259923,1.0,1.0,ok
Application_58375214,0.9440443890486947,0.5308060216089849,0.2730650672184021,1.0,1.0,ok
Application_584583269,0.6101969962828254,0.4055568355935863,0.2165995457623321,1.0,1.0,ok
Application_584717195,0.8852529101127252,0.41536554753774624,0.22480381365301186,1.0,1.0,ok
Application_585298607,0.38565729067723836,0.3866915938798061,0.23044333944254983,1.0,1.0,ok
Application_586839753,0.8787746078390615,0.10972058882013758,0.16349393851825952,1.0,1.0,ok
Application_586877291,0.8383170938904692,0.42660868481371067,0.2490408079493824,1.0,1.0,ok
Application_586969154,0.8947314614493299,0.16049414891564812,0.17762316090361194,1.0,1.0,ok
Application_587119833,0.8483440078509661,0.3920227467530406,0.2136369137940121,1.0,1.0,ok
Application_588758280,0.8822461778693258,0.3885548973755085,0.21160412805006765,1.0,1.0,ok
Application_589041415,0.858297117193368,0.2991124027346398,0.23961368167695113,1.0,1.0,ok
Application_589186855,0.8560006214256398,0.4147808979266652,0.22209289635974272,1.0,1.0,ok
Application_589719704,0.8328065109180967,0.3859157143276003,0.22623877002584508,1.0,1.0,ok
Application_590010761,0.8901587973095375,0.141536385017294,0.15671093617087914,1.0,1.0,ok
Application_590215732,0.9350453697589389,0.12673563004975338,0.1668892209757628,1.0,1.0,ok
Application_5904996,0.9266999780320496,0.43966706336333344,0.2525166218165179,1.0,1.0,ok
Application_591439695,0.9523949463566319,0.14669053575541913,0.1653066995544345,1.0,1.0,ok
Application_591454326,0.4936121631719046,0.3826718718692548,0.22239567425965312,1.0,1.0,ok
Application_592481165,0.8427402862398492,0.3850759573725245,0.22665017473684004,1.0,1.0,ok
Application_592605828,,,,,,no_confident_recommendation
Application_592613102,0.9265701678699212,0.13168910445235987,0.173413270499645,1.0,1.0,ok
Application_594581112,0.9447655317517367,0.42948751695645465,0.23098395857336504,1.0,1.0,ok
Application_596049851,0.8666319502864251,0.3955978457838797,0.21790708640814863,1.0,1.0,ok
Application_596574084,0.8407281389788898,0.3826718718692548,0.22239567425965312,1.0,1.0,ok
Application_597065437,,,,,,no_confident_recommendation
Application_597372127,0.9531297004238946,0.3130374566966264,0.2480215199196558,1.0,1.0,ok
Application_597486380,,,,,,no_confident_recommendation
Application_597721884,0.9419986917228417,0.3690622535293807,0.20531292706493207,1.0,1.0,ok
Application_598141849,0.8759063897336115,0.38036042442039375,0.2235138310890222,1.0,1.0,ok
Application_59876773,0.9077805389621221,0.4176093922650363,0.22927705935951115,1.0,1.0,ok
Application_601584106,0.8962186495527208,0.1553824789443285,0.14978884259479688,1.0,1.0,ok
Application_604537136,0.846487838982529,0.40765481765103007,0.21503417996233803,1.0,1.0,ok
Application_604648984,0.9232089298008853,0.15419347680228385,0.16728052800815818,1.0,1.0,ok
Application_604870238,0.858152223876708,0.3876146408701125,0.21470403410779088,1.0,1.0,ok
Application_606749031,0.8496322754906225,0.41606586285157887,0.21481239699785992,1.0,1.0,ok
Application_608775916,0.7942565307742112,0.3957640231223737,0.21737619651559514,1.0,1.0,ok
Application_608845327,0.8833026787623597,0.3595957532483268,0.21579568617925984,1.0,1.0,ok
Application_609139308,0.8874664209089094,0.31552465619389247,0.2553691642132565,1.0,1.0,ok
Application_609719509,0.8816199949968138,0.4062104389236742,0.2103835076443644,1.0,1.0,ok
Application_610454003,0.7349017311354863,0.38464506528455933,0.22955948825880074,1.0,1.0,ok
Application_614334599,0.8424251463171062,0.30345006971676153,0.2528647453678059,1.0,1.0,ok
Application_614810920,0.6990054465129103,0.40156408629542417,0.2251188523096686,1.0,1.0,ok
Application_616416650,0.8460150893633535,0.41374485758817336,0.22246838267295851,1.0,1.0,ok
Application_616910723,0.385575416041594,0.38480031983104224,0.22140633872518617,1.0,1.0,ok
Application_617035933,0.924282576556774,0.17874605395158266,0.18783929768758287,1.0,1.0,ok
Application_617376389,0.8713098244036231,0.3929750734600177,0.20664513356839817,1.0,1.0,ok
Application_617431825,0.9387946141730965,0.39453016839785954,0.2123752058909255,1.0,1.0,ok
Application_617539010,0.9574930457831985,0.14835140295672636,0.1844458077499263,1.0,0.5,ok
Application_620336293,0.8957614988534831,0.16151701328049708,0.18200230364922826,1.0,1.0,ok
Application_622068312,0.7547583328927867,0.38526725747565915,0.2266197401883621,1.0,1.0,ok
Application_622214446,0.8386959427875789,0.3986795313213266,0.22148823515063198,1.0,1.0,ok
Application_622417263,0.9715704457077766,0.3889921970858441,0.21762049171128328,1.0,1.0,ok
Application_622543878,0.8978315697383986,0.4013089448667461,0.19634354721709923,1.0,1.0,ok
Application_625101684,0.7386370357626011,0.39935564679193597,0.22198794943454533,1.0,1.0,ok
Application_625857025,0.8613735832793189,0.29609434137869256,0.21625906990549218,1.0,1.0,ok
Application_626884278,0.824459760047617,0.44861954492553313,0.25356362283050743,1.0,1.0,ok
Application_629693731,0.8296365983212882,0.3950837598297426,0.2210540374060994,1.0,1.0,ok
Application_631716992,0.8861739515185979,0.4006500927676653,0.21233276797680736,1.0,1.0,ok
Application_631740354,0.6209473255209522,0.3920227467530406,0.2136369137940121,1.0,1.0,ok
Application_631788418,,,,,,no_confident_recommendation
Application_632866158,0.24644030142905388,0.3957641587231472,0.22554457982507548,1.0,1.0,ok
Application_632913675,0.8150743997886625,0.39066566148028276,0.21519088251852758,1.0,1.0,ok
Application_633371797,0.721931921256249,0.40561255188017376,0.23297231493538778,1.0,1.0,ok
Application_633655173,0.4666452611402255,0.39907287473452413,0.2157256379023612,1.0,1.0,ok
Application_634353469,0.9534682472388781,0.178050941517465,0.20209700935942013,1.0,1.0,ok
Application_634898760,0.801363973373386,0.38069714066793076,0.2256102204476879,1.0,1.0,ok
Application_635576510,0.8147233605375576,0.3254969465085636,0.26580943540312196,1.0,1.0,ok
Application_637222323,0.9696400122496378,0.31184615670641563,0.22252803990086775,1.0,1.0,ok
Application_637297513,0.4387458444767816,0.4147194063370077,0.22150332201357936,1.0,1.0,ok
Application_637712751,,,,,,no_confident_recommendation
Application_637748400,0.8384905287261176,0.44458758800751036,0.2425116598429964,1.0,1.0,ok
Application_638041030,0.8999331017663,0.39289600470712677,0.22901369361610244,1.0,1.0,ok
Application_639747826,0.8249434802276941,0.31952792907493227,0.26753183812938874,1.0,1.0,ok
Application_63986078,0.9537020844785742,0.38931107364540185,0.20867059971280955,1.0,1.0,ok
Application_640176586,0.881963582548903,0.3888615157931586,0.22642663259106807,1.0,1.0,ok
Application_641457453,0.8356542876134994,0.3179426244265294,0.26259724097460807,1.0,1.0,ok
Application_642553020,0.9172183332273023,0.15537922816527616,0.17241627377783753,1.0,1.0,ok
Application_642608905,0.8713316606704479,0.369508644281829,0.2176915720272375,1.0,1.0,ok
Application_643047755,0.8662418180442528,0.3802724261160004,0.21768271228017588,1.0,1.0,ok
Application_644340095,0.8021695768682182,0.3875104524764859,0.2290784873943937,1.0,1.0,ok
Application_644684670,0.9448022190829595,0.12598496905425557,0.17520841079699392,0.6,1.0,ok
Application_645328035,0.9295751114183118,0.3644296310851322,0.21317243638561734,1.0,1.0,ok
Application_646977549,,,,,,no_confident_recommendation
Application_653567105,0.5661248542452643,0.434328677862744,0.23605368880739053,1.0,1.0,ok
Application_656903784,0.9118201630001523,0.3843317053573151,0.20699652574361688,1.0,1.0,ok
Application_659941685,0.8192334993804845,0.29210073983626145,0.27077356143318615,1.0,1.0,ok
Application_661370338,0.8568332625630245,0.41218673612322043,0.2196660265999521,1.0,1.0,ok
Application_661982228,0.9200013319343445,0.4101608193228322,0.23907498580776684,1.0,1.0,ok
Application_663134091,,,,,,no_confident_recommendation
Application_664337168,0.7478420615604319,0.33694826175293646,0.27784693361547647,0.8,0.5,ok
Application_66451278,0.7922304065205421,0.38029071730499864,0.2227996094137467,1.0,1.0,ok
Application_665637236,,,,,,no_confident_recommendation
Application_666250035,0.8938693011709343,0.39379561174189825,0.21600989597657017,1.0,1.0,ok
Application_668072382,0.8328497970925309,0.4065935592345339,0.21838675838575117,1.0,1.0,ok
Application_668326847,0.9549484021486071,0.4015979592641309,0.2327343016163225,1.0,1.0,ok
Application_670470325,,,,,,no_confident_recommendation
Application_671264692,0.8033878014576078,0.43273944285638544,0.23715412983153916,1.0,1.0,ok
Application_671639584,0.851043174146134,0.2911823728529243,0.24808433884918674,1.0,1.0,ok
Application_671953999,0.9389313751003032,0.39593188613278535,0.21676792386731566,1.0,1.0,ok
Application_673160372,,,,,,no_confident_recommendation
Application_673399253,0.5595086612376777,0.12291724724374972,0.15754888135117642,1.0,1.0,ok
Application_676717540,,,,,,no_confident_recommendation
Application_676903448,0.9784131810781144,0.3808197765462688,0.2092959490159938,1.0,1.0,ok
Application_677442195,0.7128262274010287,0.3781949359390473,0.22471498483552058,1.0,1.0,ok
Application_679465044,0.9772036680572592,0.13228414831911003,0.15009857884570998,1.0,1.0,ok
Application_680044383,0.7952826281783488,0.31050878176702357,0.2587212883594284,1.0,1.0,ok
Application_680448181,0.863765318345041,0.3915988623371631,0.21231039397733803,1.0,1.0,ok
Application_681649352,0.9639630623936383,0.3623614359165261,0.20783400607915442,1.0,1.0,ok
Application_681711857,0.7876203203212457,0.38821075842920416,0.22977954144305263,1.0,1.0,ok
Application_681746663,0.8691999876753407,0.3819763971207902,0.20818353039091628,1.0,1.0,ok
Application_684221857,0.8460194145494063,0.41746848841763906,0.2174151958702713,1.0,1.0,ok
Application_684289625,0.7614461287402411,0.3992331607152307,0.214596563903144,1.0,1.0,ok
Application_685130299,0.8323285824058071,0.4019719026684048,0.2151880919577995,1.0,1.0,ok
Application_685452919,0.8378732938317015,0.38173648712593,0.22073858623056886,1.0,1.0,ok
Application_686829487,0.9062414664405124,0.1787157301297345,0.19154464230376758,1.0,1.0,ok
Application_690024942,0.86298086628215,0.3929479748337754,0.2151246119773889,1.0,1.0,ok
Application_693050930,0.9636897542943385,0.15295942677268343,0.22449756025130221,0.8,0.5,ok
Application_69370459,0.8969718162384842,0.40033799574930634,0.22146079153034548,1.0,1.0,ok
Application_693955071,0.9124994512179236,0.17904055249387849,0.19512542538264965,1.0,1.0,ok
Application_695381096,0.8319944817538739,0.31408130056604733,0.25273559786135613,1.0,1.0,ok
Application_695960596,0.8968596757084851,0.40898956847544865,0.21212175503315986,1.0,1.0,ok
Application_697031349,0.9204146524620194,0.3616501783706739,0.19744602062000513,1.0,1.0,ok
Application_697297022,0.8406914309598942,0.35661459151487007,0.2387823347378909,1.0,1.0,ok
Application_697324457,0.9169147925293997,0.3965194188472198,0.21442863878734586,1.0,1.0,ok
Application_69735407,0.5613936544867456,0.3914446852438882,0.21343026879551688,1.0,1.0,ok
Application_699052493,0.9586875120010819,0.3703890118602753,0.21471115234917365,1.0,1.0,ok
Application_704597830,0.8895345706753032,0.39262866187825163,0.21343510842876445,1.0,1.0,ok
Application_70563300,0.8286895254069939,0.41333103291864604,0.2129648570501532,1.0,1.0,ok
Application_70606235,0.8015545651380157,0.3923040764700573,0.22875718330796013,1.0,1.0,ok
Application_706198046,0.8828242289432602,0.397510312225539,0.2138826253612482,1.0,1.0,ok
Application_706504723,0.8390596233897651,0.3919300284440858,0.21292357005104515,1.0,1.0,ok
Application_706607240,0.741031732691179,0.4324572507851726,0.22802551392308987,1.0,1.0,ok
Application_707770540,0.9369534564269114,0.14725200404099276,0.16271369804481062,1.0,1.0,ok
Application_710720262,0.8690288658220534,0.3199729420918166,0.26124910702098697,1.0,1.0,ok
Application_711124829,0.7436810735674084,0.4157070321594123,0.23914003494203673,1.0,1.0,ok
Application_713675823,0.8812716812200171,0.12301589469787003,0.16525565131024503,1.0,1.0,ok
Application_714768274,0.7281370373224176,0.3867751238602023,0.2295864626969881,1.0,1.0,ok
Application_717400110,0.8110184812486139,0.38017296671693,0.2247083272341359,1.0,1.0,ok
Application_717693758,0.873441242702779,0.3850722824168492,0.2097735177749406,1.0,1.0,ok
Application_718602557,0.26774495368027196,0.3990350464670939,0.21373953269076715,1.0,1.0,ok
Application_721895690,0.5531062474954458,0.3867751238602023,0.2295864626969881,1.0,1.0,ok
Application_722212350,0.8453495892030305,0.4042406784788709,0.21553648056641192,1.0,1.0,ok
Application_724415088,0.6468479138662611,0.38635989061644127,0.224527350237691,1.0,1.0,ok
Application_724859129,0.8587457081581625,0.45297208398226757,0.25549007522973194,1.0,1.0,ok
Application_725542335,0.924638017612518,0.3038728138969681,0.21214186761588785,1.0,1.0,ok
Application_727229570,,,,,,no_confident_recommendation
Application_72874899,0.926687155222152,0.1811651589952537,0.17539237522197035,1.0,1.0,ok
Application_728981441,0.86298086628215,0.3921082178786995,0.21551577068748248,1.0,1.0,ok
Application_734009956,0.9137986822154199,0.17679538719647106,0.19149770841095456,1.0,1.0,ok
Application_734030906,0.8275529660206614,0.4003368716422462,0.21595449735635472,1.0,1.0,ok
Application_735837174,0.7999175795350352,0.38778646251317517,0.21372827866973984,1.0,1.0,ok
Application_737324367,0.7245822223810787,0.3890676942080751,0.21963339613313715,1.0,1.0,ok
Application_738077974,0.8142285566772781,0.4143657658480372,0.22140692719960386,1.0,1.0,ok
Application_738276182,0.8154682853142756,0.44299269846381684,0.2236876368199991,1.0,1.0,ok
Application_738335164,0.812994885316046,0.431915118990681,0.23492685852783263,1.0,1.0,ok
Application_739325744,0.9733111589891864,0.19690967483385052,0.24397564054964674,0.5,0.5,ok
Application_739670840,0.9259254057784142,0.157029442078961,0.15493157155323958,1.0,1.0,ok
Application_739726794,0.9148704802189875,0.36883276201133985,0.20241756602777503,1.0,1.0,ok
Application_741297598,0.8705404934781703,0.39898555174984957,0.22298036687202424,1.0,1.0,ok
Application_742173495,0.4021310733715716,0.39001212950488806,0.22561372656875237,1.0,1.0,ok
Application_743200153,0.8034671413804322,0.4027173528858784,0.22461552455054812,1.0,1.0,ok
Application_743474553,0.6349848730604559,0.39472458016150497,0.22597186992831647,1.0,1.0,ok
Application_743594726,0.272720825476729,0.38261389929579975,0.2205327691372129,1.0,1.0,ok
Application_745883138,,,,,,no_confident_recommendation
Application_746403636,0.9431176467739836,0.3908138522516458,0.18057234946140746,1.0,1.0,ok
Application_747812656,0.7766877733041536,0.3829982339331325,0.22546913253917203,1.0,1.0,ok
Application_74864529,0.8985597579510789,0.16621606145335482,0.20105106209857593,1.0,0.5,ok
Application_749027963,0.6419453356749195,0.39452149188886254,0.22521643075081335,1.0,1.0,ok
Application_749860099,0.9596370979296347,0.45824394925256084,0.2629898776740498,1.0,1.0,ok
Application_749923491,0.7709555607783676,0.3985177136141937,0.21840545041356235,1.0,1.0,ok
Application_752373732,0.7680972597016502,0.3862214983512365,0.22495175393857655,1.0,1.0,ok
Application_752995473,0.7087224293294331,0.12323616589524947,0.1630968685878352,1.0,1.0,ok
Application_753117730,0.8223208219751117,0.3935885175267371,0.22386353093273334,1.0,1.0,ok
Application_755180147,0.8547790288179943,0.31191496641278965,0.2163165133092792,1.0,1.0,ok
Application_755318436,0.8545445254696991,0.3807549607124645,0.22501862484135726,1.0,1.0,ok
Application_757113787,0.9126270402318731,0.38635304853275015,0.20702822121011896,1.0,1.0,ok
Application_757682522,0.7928985925511993,0.4033939571272779,0.2253883583102035,1.0,1.0,ok
Application_75877971,0.7639130502380168,0.39718764816491936,0.21644850174538005,1.0,1.0,ok
Application_760288041,0.9164242425908772,0.15504001521537422,0.1798415695779787,1.0,1.0,ok
Application_760306173,0.9087288690519079,0.15501722906900972,0.19425190976471068,1.0,1.0,ok
Application_76083190,0.9629528994625521,0.14561406912787717,0.1861790205492288,1.0,1.0,ok
Application_760841149,0.9465952491731909,0.38361808174639533,0.19264778266597857,1.0,1.0,ok
Application_761083149,0.8637359575923963,0.38078680136775445,0.2225324546585456,1.0,1.0,ok
Application_761503872,0.8370948416748848,0.40052709064720976,0.21421674346678923,1.0,1.0,ok
Application_762323305,0.9431208688606708,0.3740549993440933,0.19789331873461904,1.0,1.0,ok
Application_763847627,0.7903510134805116,0.4345217851749837,0.25103740450331563,1.0,1.0,ok
Application_763928658,0.8166622396950057,0.4195751760453802,0.23995487142435087,1.0,1.0,ok
Application_764226645,0.941516139330038,0.3759574164734499,0.21038475931448153,1.0,1.0,ok
Application_765506387,0.7797942667249594,0.41524408076094643,0.2307303950257612,1.0,1.0,ok
Application_765925420,0.8071057949647287,0.3954650217807728,0.23119466014105974,1.0,1.0,ok
Application_767764149,0.9461364697350808,0.3957830518698489,0.19836820718213144,1.0,1.0,ok
Application_768687683,0.7651890017188043,0.42494777632675734,0.228456078167766,1.0,1.0,ok
Application_768742802,0.698089388398877,0.40070794233998636,0.21556124444138844,1.0,1.0,ok
Application_770018911,,,,,,no_confident_recommendation
Application_771960759,0.8818576251154567,0.40071424316909426,0.2289371152091339,1.0,1.0,ok
Application_772130537,0.38079776226427364,0.4063588162016454,0.23297789371491368,1.0,1.0,ok
Application_773698744,0.8145153196998501,0.38501335272895393,0.22284315433869964,1.0,1.0,ok
Application_775396942,0.51406629708311,0.41221961590310974,0.23707766797556878,1.0,1.0,ok
Application_775422920,0.8015025736543812,0.42355507888047816,0.23552306732287395,1.0,1.0,ok
Application_776250710,0.8354833291334036,0.3177804374328598,0.26236981516547997,1.0,1.0,ok
Application_776477117,0.9321975793230883,0.13684350344647883,0.1465040069437756,1.0,1.0,ok
Application_777232558,0.8344607102405802,0.4410320204205213,0.2209678314376982,1.0,1.0,ok
Application_778555928,0.7614664448653248,0.3824708615536375,0.22629836208427737,1.0,1.0,ok
Application_78032372,0.8584842327990656,0.3082513722149086,0.25625541162038173,1.0,1.0,ok
Application_780791841,0.8611800155429983,0.15778099272926233,0.1798316423439107,1.0,1.0,ok
Application_78080859,,,,,,no_confident_recommendation
Application_781442980,0.8938040800470378,0.356720722344175,0.2120291379431458,1.0,1.0,ok
Application_781529602,0.8571323280891446,0.3013578628096868,0.2516915877429691,1.0,1.0,ok
Application_782253363,0.8437440259005096,0.42785945109594853,0.23305984021093182,1.0,1.0,ok
Application_782627639,,,,,,no_confident_recommendation
Application_784244379,0.09814350854293094,0.3792007930261211,0.21445694682692185,1.0,1.0,ok
Application_786731748,0.9074462267261925,0.1726270551198188,0.21694861899143578,0.8,0.5,ok
Application_788699480,0.9287077918114228,0.3746492343073077,0.1941103880524174,1.0,1.0,ok
Application_788925867,0.7481369172719226,0.3939306700038569,0.22698373989136997,1.0,1.0,ok
Application_789108617,0.8713397267112976,0.45847756764239855,0.2483186483145916,1.0,1.0,ok
Application_789334077,,,,,,no_confident_recommendation
Application_791089089,0.246100202248255,0.38778646251317517,0.21372827866973984,1.0,1.0,ok
Application_793038001,0.9340559635488159,0.37702939809088465,0.20059750373716415,1.0,1.0,ok
Application_793873060,0.8953642881158647,0.15272803663273476,0.16998364990809298,1.0,1.0,ok
Application_793997351,0.8978827860173616,0.3099724159298484,0.24588302262884018,1.0,1.0,ok
Application_794504760,0.7745276614152004,0.3830353219510712,0.2228497567869242,1.0,1.0,ok
Application_795733035,0.7488342739893724,0.3776593168189123,0.22377078210637547,1.0,1.0,ok
Application_795804396,0.9229500792366118,0.39759369694874425,0.21518585698114265,1.0,1.0,ok
Application_79681847,0.3964954127929548,0.390504793812531,0.21751991280319083,1.0,1.0,ok
Application_797190984,0.8870941790718917,0.39353403758407934,0.21211954102180708,1.0,1.0,ok
Application_797995929,0.7855752999113257,0.418348693983355,0.22378603341399514,1.0,1.0,ok
Application_798496213,0.8354328910875706,0.3941683363628319,0.22452936412723906,1.0,1.0,ok
Application_798879962,0.8095153346943793,0.4193360748993477,0.23271039937285842,1.0,1.0,ok
Application_802752710,0.8743959593923761,0.38076124492344393,0.2067441640766383,1.0,1.0,ok
Application_80286962,0.9200682076409927,0.3916604363842595,0.21099436862996018,1.0,1.0,ok
Application_80298426,,,,,,no_confident_recommendation
Application_804273159,0.8380795154062559,0.3992773445340786,0.21217480387623022,1.0,1.0,ok
Application_804644820,0.9148120253051174,0.34890007068227263,0.21353623808760047,1.0,1.0,ok
Application_805828914,0.9206519265409132,0.41217265611827514,0.2211817173791932,1.0,1.0,ok
Application_808224273,0.8455187001739216,0.4041701985909355,0.2218445505045195,1.0,1.0,ok
Application_80850284,0.8358357102071069,0.18304170403532513,0.19779887531899007,1.0,1.0,ok
Application_810658733,0.7917190163467369,0.45821226636213047,0.2359679323073678,1.0,1.0,ok
Application_810901066,0.8830177733859932,0.4015160117168932,0.22395243921949393,1.0,1.0,ok
Application_811679621,0.7997174974505403,0.3932420913867022,0.21981296776034764,1.0,1.0,ok
Application_811825935,0.9201792309425864,0.18454686546374485,0.19971193762364156,1.0,1.0,ok
Application_81196974,0.878213128288477,0.40446253863469595,0.21466534600606954,1.0,1.0,ok
Application_812842800,0.8823237140545064,0.1242531114513141,0.16526742170352224,1.0,1.0,ok
Application_815196626,0.9281396698967396,0.1365013497738129,0.1422812192941548,1.0,1.0,ok
Application_815439845,0.8447644370806504,0.1717203806918765,0.20945312162092414,1.0,0.5,ok
Application_817528841,0.9311102849407553,0.17203841800873443,0.2100913785589855,0.8,0.5,ok
Application_818535320,0.4277249883935751,0.40495631317437686,0.2260488669946376,1.0,1.0,ok
Application_820509737,0.6939929968215978,0.3883822794418072,0.22720318000664588,1.0,1.0,ok
Application_821026605,0.921196458536988,0.15839381022415294,0.1745016381890739,1.0,1.0,ok
Application_82106546,0.7834994572850842,0.42906078018851146,0.23439852192461996,1.0,1.0,ok
Application_821402088,0.883021990411064,0.3839348054775649,0.22732630499171053,1.0,1.0,ok
Application_822332970,0.7906072777806123,0.30311006767743,0.26537400844851194,1.0,1.0,ok
Application_823313933,0.7799922330159372,0.38343352417660553,0.22224582312108013,1.0,1.0,ok
Application_823561619,0.9822224455771537,0.37852284183545715,0.20861355843186705,1.0,1.0,ok
Application_823830081,0.7466976332446638,0.44923460175615404,0.2355038943352955,1.0,1.0,ok
Application_824575725,0.7854253224883818,0.4475371125463711,0.23248949810149588,1.0,1.0,ok
Application_825284974,0.797021010463016,0.4145811587562858,0.23065914772896573,1.0,1.0,ok
Application_8255496,0.8716733153174913,0.38947243493272843,0.21042450600316107,1.0,1.0,ok
Application_828330778,0.8192648564576782,0.14833191219770608,0.17464654269477584,1.0,1.0,ok
Application_828739470,0.8783757172062144,0.3964576780646651,0.221854485121056,1.0,1.0,ok
Application_830101215,0.8519866905913184,0.3225613796747363,0.25503018846283243,1.0,1.0,ok
Application_831992514,0.8745416540799035,0.31602238826991796,0.25675403821837717,1.0,1.0,ok
Application_832770467,0.9628764351667477,0.16255953120618288,0.19763472271486804,1.0,1.0,ok
Application_833399908,0.8772319619637194,0.3089076928065806,0.2508973662024708,1.0,1.0,ok
Application_835024653,0.6033148919629406,0.4087304434802168,0.2287824100212833,1.0,1.0,ok
Application_835755263,0.8411592242840283,0.36975307254311485,0.22030049105132998,1.0,1.0,ok
Application_836841943,0.903965774838926,0.4111296292000812,0.2225117271320407,1.0,1.0,ok
Application_836856058,0.8310261909695489,0.38328321850108,0.22628554336136303,1.0,1.0,ok
Application_838884307,0.9613782853639716,0.12167449248600912,0.1659805157484373,1.0,1.0,ok
Application_839952915,0.950890976190618,0.13202019603241294,0.17644112196922365,1.0,1.0,ok
Application_8404955,0.9749384043168057,0.09995119058357509,0.14692538031087063,1.0,1.0,ok
Application_841240578,0.7400668927780784,0.31499969037297726,0.26048891490060005,1.0,1.0,ok
Application_84195997,0.8034883633641313,0.40359807105050327,0.2261805697140299,1.0,1.0,ok
Application_842022801,0.8879459971024471,0.3887169141988414,0.21213093067907451,1.0,1.0,ok
Application_844514474,0.8129568386749372,0.3550377878360607,0.21695838159914213,1.0,1.0,ok
Application_844831749,0.7006047308271267,0.422042417193186,0.2339571134425213,1.0,1.0,ok
Application_84533120,0.8311802363133227,0.40621145753906013,0.22499801785829832,1.0,1.0,ok
Application_846209494,0.9546688081828042,0.153023010989092,0.18851166575134848,1.0,1.0,ok
Application_8497910,0.9060390999891024,0.3594154597565667,0.20972619151370087,1.0,1.0,ok
Application_851895556,0.4365618652668939,0.29683529301311007,0.24205372077002035,1.0,1.0,ok
Application_852183469,0.8782047185940441,0.3882542004000631,0.22781520154672794,1.0,1.0,ok
Application_852716835,,,,,,no_confident_recommendation
Application_854280555,0.909200177897451,0.30082165865159005,0.2531772918144394,1.0,1.0,ok
Application_85502316,0.8177874960492316,0.4171928392039039,0.22704112250582267,1.0,1.0,ok
Application_855239950,0.8641006136478178,0.4009540454430652,0.21749387859400904,1.0,1.0,ok
Application_855901489,0.7080839899526749,0.42973377474635577,0.27082413940566247,1.0,1.0,ok
Application_856935152,0.4244805926413882,0.2916882670643613,0.24783138263599971,1.0,1.0,ok
Application_858239432,,,,,,no_confident_recommendation
Application_858754330,0.8767224489605654,0.39384724806261856,0.23141533061197148,1.0,1.0,ok
Application_858789639,0.9474962128397761,0.267638776024019,0.23488317015184698,1.0,1.0,ok
Application_858881040,0.7118973246018866,0.38835412260503493,0.22596662523729283,1.0,1.0,ok
Application_859428294,0.8737577413998088,0.3892320084666853,0.2139997619130659,1.0,1.0,ok
Application_861069239,0.782553512063582,0.37572279192600483,0.22490023175570423,1.0,1.0,ok
Application_864148389,0.7240557599584685,0.4057253347104354,0.2342517291991571,1.0,1.0,ok
Application_866486447,0.9770788352223068,0.15900333445048492,0.1874563377490117,1.0,1.0,ok
Application_866670658,0.8692012049313758,0.3976997543038351,0.22794279447357157,1.0,1.0,ok
Application_867400149,0.8186074413579055,0.44854752085638994,0.2390364879492383,1.0,1.0,ok
Application_867435788,0.9285606223568538,0.36635137419841357,0.2138699801098717,1.0,1.0,ok
Application_86905976,0.21589683749298164,0.39294992236257054,0.22359536866025329,1.0,1.0,ok
Application_869335382,0.9736100303908833,0.16412793139014786,0.18909178288193462,1.0,1.0,ok
Application_872415486,0.8378428028311158,0.4013044996466622,0.22242710481926573,1.0,1.0,ok
Application_874039168,0.8606219601882978,0.4390984765130884,0.260426006936584,1.0,1.0,ok
Application_875614911,0.8826383010269606,0.4193747259828614,0.23596556239473912,1.0,1.0,ok
Application_876077850,0.8829206000325156,0.3012867273258427,0.2506157887524627,1.0,1.0,ok
Application_87659628,0.8490718507195344,0.4308403892255533,0.22241433343192776,1.0,1.0,ok
Application_876712087,0.3176216080893476,0.39698388330447765,0.2128946747879452,1.0,1.0,ok
Application_877522071,0.956386137145935,0.1261087107571197,0.1644308565790643,1.0,1.0,ok
Application_877772414,0.9361520686525819,0.35870467795604977,0.21485305246242786,1.0,1.0,ok
Application_879553786,0.43461698123994885,0.49210858901411675,0.29186310301364654,0.8,0.5,ok
Application_884271564,0.9080326084649355,0.2029069379367892,0.2070191260859945,1.0,1.0,ok
Application_884403770,0.6962911719992372,0.3866915938798061,0.23044333944254983,1.0,1.0,ok
Application_885012170,0.9160415631401042,0.39203132223048387,0.216256150690207,1.0,1.0,ok
Application_885372391,0.6895208217721525,0.3891156856873372,0.21700231507366208,1.0,1.0,ok
Application_88952849,0.9217615671235035,0.3531688376866516,0.21674135518929727,1.0,1.0,ok
Application_890075702,0.9227430779556625,0.16216302654351952,0.18209135743292057,1.0,1.0,ok
Application_89083515,0.8067896137739049,0.43010604565905297,0.2321706594648751,1.0,1.0,ok
Application_890963278,0.861857700075682,0.4059113644086927,0.21993893387150562,1.0,1.0,ok
Application_892427793,0.8225162999405432,0.383068028764454,0.21756875713606733,1.0,1.0,ok
Application_894204901,0.8999833225537384,0.141817438271512,0.14136620468857455,1.0,1.0,ok
Application_894382241,0.9292082230488885,0.1898093047455458,0.1986276549266656,1.0,1.0,ok
Application_897350750,0.7585603477919095,0.3910620070032421,0.2280212285993385,1.0,1.0,ok
Application_900844990,0.6924003797336697,0.38532318058619286,0.22972809171802197,1.0,1.0,ok
Application_903799216,0.44549553246153656,0.38069714066793076,0.2256102204476879,1.0,1.0,ok
Application_904093739,0.8040472016428908,0.3794250050159026,0.2237603244971732,1.0,1.0,ok
Application_905082437,0.8127039129451615,0.37251601375596505,0.21859328551077206,1.0,1.0,ok
Application_905858527,0.8013231048515338,0.41844597761965324,0.22797134665226734,1.0,1.0,ok
Application_90621717,0.8660462285006689,0.311161202582778,0.2545962810495871,1.0,1.0,ok
Application_906296960,,,,,,no_confident_recommendation
Application_907136885,0.26906986645238,0.38339011927111827,0.222932286619943,1.0,1.0,ok
Application_907309048,0.9307677283127034,0.38144199337935253,0.20435145623239265,1.0,1.0,ok
Application_907359229,0.8510068462817828,0.41440334947421603,0.21694619049357405,1.0,1.0,ok
Application_908012089,0.9192889912740622,0.4005208018724912,0.2178269340077976,1.0,1.0,ok
Application_910003252,0.7688531371946813,0.39204634688762385,0.22762486142957014,1.0,1.0,ok
Application_910353899,0.8059249070913685,0.381441266416392,0.22249305299392766,1.0,1.0,ok
Application_913122133,0.8285417910232159,0.3787350251655327,0.22443076970725648,1.0,1.0,ok
Application_914673270,0.8896970000185584,0.3887349952713514,0.21023830137177849,1.0,1.0,ok
Application_917308364,0.6896738841421132,0.3143534575900253,0.2581321066468476,1.0,1.0,ok
Application_918572133,,,,,,no_confident_recommendation
Application_918963277,0.8486228798167945,0.30070713791695464,0.24439064697761118,1.0,1.0,ok
Application_918979468,0.7292335910545822,0.30292235656748917,0.25284043598332656,1.0,1.0,ok
Application_919959748,,,,,,no_confident_recommendation
Application_92009906,0.8842685770258688,0.3839348054775649,0.22732630499171053,1.0,1.0,ok
Application_92081663,0.9336047646633772,0.15639855110557838,0.17457336354218125,1.0,1.0,ok
Application_920967125,0.975795894225208,0.21212904207687497,0.19276278718028061,1.0,1.0,ok
Application_922011706,0.8925281616037849,0.379745394014515,0.20438467188722667,1.0,1.0,ok
Application_923730558,0.8855830566186772,0.39075910538208725,0.21269647117084453,1.0,1.0,ok
Application_926052296,0.9544084796783067,0.38943179017539925,0.22074288819176627,1.0,1.0,ok
Application_926094669,0.9236936108427842,0.16795187587515734,0.19588985409735735,1.0,1.0,ok
Application_92624898,0.9401700970789773,0.2941853954653138,0.2430950917086867,1.0,1.0,ok
Application_929015547,0.854981440627562,0.3695680361309442,0.22087340511610826,1.0,1.0,ok
Application_92984842,0.8380630902534963,0.40450543892552815,0.22113976906278476,1.0,1.0,ok
Application_929931999,0.8416828982332157,0.42537986022408647,0.22635059424401424,1.0,1.0,ok
Application_932158358,0.954160149787031,0.15557164764259124,0.19206451037438493,1.0,1.0,ok
Application_933464832,0.8066864410970611,0.4499160563937867,0.24057048785528828,1.0,1.0,ok
Application_933548333,0.8292535330829801,0.43261713706446914,0.2257019077689622,1.0,1.0,ok
Application_936141381,0.8681769813742042,0.3859157143276003,0.22623877002584508,1.0,1.0,ok
Application_936279128,0.9350817049770482,0.319054776920478,0.25861683493023285,1.0,1.0,ok
Application_938318297,0.9379659414736954,0.1587540687590746,0.19551363808569955,1.0,1.0,ok
Application_940496739,0.8624002088786369,0.3842034271519053,0.22405496630039293,1.0,1.0,ok
Application_940705047,0.7230720493609358,0.3919188185329121,0.21760687461820524,1.0,1.0,ok
Application_94127270,0.7912474637903253,0.39844695955026505,0.21462670309053944,1.0,1.0,ok
Application_942057035,0.8295928204776891,0.3812564632807439,0.22312147180792294,1.0,1.0,ok
Application_94215,0.9162381062633967,0.3019104969605029,0.24333430898530817,1.0,1.0,ok
Application_943827704,0.7155393813053461,0.3893910240870126,0.21031098529137396,1.0,1.0,ok
Application_943868855,0.9430000855434657,0.1437787425760524,0.16511003005526542,1.0,1.0,ok
Application_944654361,0.8833702116685092,0.39634550663694507,0.22579141946072867,1.0,1.0,ok
Application_945696184,0.7208218832018942,0.3803601689261261,0.22330003938044793,1.0,1.0,ok
Application_946739824,0.8868319985621884,0.3959940491876147,0.22694984820308106,1.0,1.0,ok
Application_946802204,0.9683357710316651,0.3877929297915427,0.21762140012967368,1.0,1.0,ok
Application_946845929,0.875453249585957,0.3782713258268813,0.2223885506262877,1.0,1.0,ok
Application_946851059,0.907229479942338,0.40141266735769265,0.23311626643357797,1.0,1.0,ok
Application_948141705,0.9377740938537393,0.14266934068045029,0.16311673262845836,1.0,1.0,ok
Application_949156991,0.9224778039323057,0.13695592144482022,0.1676260731914507,1.0,1.0,ok
Application_951361217,0.6903260893054434,0.403109250051056,0.21752121448304923,1.0,1.0,ok
Application_951427056,0.7722030628806745,0.38816302158092536,0.2131511162901816,1.0,1.0,ok
Application_952114406,0.7669629939122262,0.40248871737881764,0.21508844461449667,1.0,1.0,ok
Application_95311556,0.7818928036833318,0.39061714685276605,0.22768724553320605,1.0,1.0,ok
Application_953179282,0.915133482429675,0.4271957762268774,0.23396455374173525,1.0,1.0,ok
Application_95477936,0.9214444831631643,0.15419347680228385,0.16728052800815818,1.0,1.0,ok
Application_955811445,0.8701915617893731,0.17129069670267832,0.19161635093838686,1.0,0.5,ok
Application_956764835,0.9255898988460733,0.13604365417287598,0.17951787610819597,1.0,1.0,ok
Application_957614949,0.9096091974663563,0.1773745794625255,0.19299552968214304,1.0,1.0,ok
Application_957947349,0.8992640996722747,0.39941346683646967,0.2214057678543928,1.0,1.0,ok
Application_957957984,0.8866227040659286,0.404998925111168,0.21987999727465496,1.0,1.0,ok
Application_958218647,0.7978964477143097,0.4255424999887693,0.2206096102981529,1.0,1.0,ok
Application_962920598,0.8870078163129971,0.384477772776203,0.22595872975881495,1.0,1.0,ok
Application_963564266,0.8650407493179898,0.39743216493779493,0.2133868127036332,1.0,1.0,ok
Application_964208437,0.9249991367327189,0.12669889562279282,0.1740667127047794,0.5,1.0,ok
Application_964309178,0.7688772390232691,0.45528209529434066,0.23333699433670405,1.0,1.0,ok
Application_9650923,0.9012103053551611,0.3929479748337754,0.2151246119773889,1.0,1.0,ok
Application_965842748,0.9334941398502373,0.4166845297835303,0.24277311292733555,1.0,1.0,ok
Application_966891264,0.7037565741045291,0.3826718718692548,0.22239567425965312,1.0,1.0,ok
Application_96732613,0.7955500997449277,0.42943921101596416,0.22763021055077487,1.0,1.0,ok
Application_970357595,0.8455314103267768,0.417424100358598,0.22965333106691188,1.0,1.0,ok
Application_971594478,0.8889497135544451,0.3836915917480762,0.22442506895649655,1.0,1.0,ok
Application_972388617,0.47378517496400546,0.3818800831974948,0.2255370462412708,1.0,1.0,ok
Application_972407424,0.9025015319265454,0.1812994914957105,0.19502282724466097,1.0,1.0,ok
Application_972486124,0.8954252385005809,0.37726813024809325,0.20909437359740446,1.0,1.0,ok
Application_973075457,0.8416479440911674,0.40220686124530874,0.22581622590921535,1.0,1.0,ok
Application_973398039,0.9368689561652522,0.35136427523822855,0.21518989491354878,1.0,1.0,ok
Application_974380976,,,,,,no_confident_recommendation
Application_974485148,0.84481376431895,0.38156029238173517,0.22518832752981913,1.0,1.0,ok
Application_97480244,0.8877292300914784,0.384477772776203,0.22595872975881495,1.0,1.0,ok
Application_976227600,0.7014185726880952,0.4039630537784994,0.23285595942903883,1.0,1.0,ok
Application_976453500,0.8773304524219994,0.37952487525707745,0.22417683680811878,1.0,1.0,ok
Application_977273044,0.8694316617782482,0.3870079102946017,0.22341919285211073,1.0,1.0,ok
Application_978274104,0.8962578481829148,0.3426800752137801,0.2093410218117587,1.0,1.0,ok
Application_978279321,0.7424380820634775,0.13951127630434304,0.18715106801319692,1.0,1.0,ok
Application_978787861,0.8597915920574314,0.4214795199503752,0.23405400346449529,1.0,1.0,ok
Application_981954059,0.881348385603945,0.3779363046951757,0.22240728673566176,1.0,1.0,ok
Application_983083464,0.9370388907113512,0.10518557834328865,0.15254877752388976,1.0,1.0,ok
Application_983620351,0.8275778520959001,0.44477005765406286,0.2409968324500068,1.0,1.0,ok
Application_989692273,0.8569954944033391,0.38593745961584885,0.22611666232601474,1.0,1.0,ok
Application_99096400,0.875972549903184,0.33236307701447443,0.2717735450308553,1.0,1.0,ok
Application_991116281,0.870263060256242,0.30236800227967164,0.2458962506970319,1.0,1.0,ok
Application_993130220,0.598579832264661,0.3890676910419942,0.21375761126776374,1.0,1.0,ok
Application_993701683,0.7746508285763053,0.4061497665948379,0.2282653615135545,1.0,1.0,ok
Application_994101872,0.8272673440337266,0.29085849427280513,0.24753169148008494,1.0,1.0,ok
Application_995124359,0.8032319316823827,0.457531546832693,0.26920334397111056,1.0,1.0,ok
Application_995537269,0.654372175058072,0.4613225411251217,0.2628623323961681,1.0,1.0,ok
Application_99697167,0.8633664587968273,0.3927190297519529,0.22848398206047174,1.0,1.0,ok
Application_997205131,0.8583208876516377,0.29830018180263923,0.24890600844650676,1.0,1.0,ok
Application_997240244,0.8632346071367155,0.4240035356803098,0.2250840655104333,1.0,1.0,ok
Application_997592088,0.7881612228938764,0.4099821286859674,0.23631002911630225,1.0,1.0,ok
Application_998522150,0.9448061351492151,0.35312685250143744,0.2135845026226083,1.0,1.0,ok
Application_998666405,0.6977929169962099,0.4274925256133105,0.23811196818985936,1.0,1.0,ok
Application_998908852,0.9183937255169882,0.3599413190868369,0.21442593910833208,1.0,1.0,ok
