case:concept:name,pred_outcome,pred_sigmoid_mm_time,pred_uncertainty
Application_1003444518,0.8812740416641276,0.23596521233553508,0.22473184475828162
Application_1004385970,0.042198452066847025,0.13980088165775995,0.2624500691183792
Application_1006138809,0.7958211389025391,0.17730509406173103,0.16500098824468393
Application_1008663678,0.6764111021240443,0.09300855013492593,0.1103308782609549
Application_1012600292,0.010280759350824023,0.7418724482442525,0.017319505270077754
Application_101285063,0.6420999605830021,0.3756603135051429,0.27510417476505855
Application_1013192848,0.5985885400761116,0.2149768088150839,0.2364242957190291
Application_1016792765,0.8508090567979841,0.3714118060691414,0.24406327226860097
Application_1018266027,0.058014832939698294,0.11480255362643371,0.16715947320089733
Application_1018276550,0.06547984169269244,0.18057669273735186,0.2608919767858281
Application_101973919,0.5894028401551158,0.4483553298621305,0.39914048473205416
Application_1020696982,0.033949681504536255,0.19397355872010782,0.32459901060175583
Application_1020792873,0.007751012766389099,0.7509066093528234,0.019016192522411775
Application_1020819842,0.6324415713129545,0.18507836201247493,0.14869613222638242
Application_1022084723,0.04679469045870329,0.16865779229972996,0.23467451355746882
Application_1023037940,0.021886061823749667,0.10793381755864326,0.23770678694794
Application_102597720,0.7665387314015935,0.1931123212130055,0.18024429347997858
Application_1026777184,0.007059694916303214,0.7395234517351544,0.014246530430077562
Application_1027449105,0.00542858094333487,0.7140036636458155,0.018889695926330254
Application_1027859705,0.08082608031942096,0.2634817496096721,0.2947737734612617
Application_1028665365,0.5739752469641236,0.5036988612633649,0.30194882141000523
Application_1029674102,0.01252115445228595,0.7353052011553728,0.02666889217410202
Application_102977791,0.049403192624485545,0.13246047251747362,0.2801994299660505
Application_1031465496,0.019634366144435186,0.232018672782956,0.1977592676860938
Application_1032862024,0.8689834330027241,0.271242868901596,0.272344696232037
Application_1033036371,0.7781340353143398,0.35587047844606573,0.2710386345518417
Application_1033306842,0.01394681774077742,0.6886981160713976,0.03411859769896152
Application_1033574302,0.7893617606488382,0.4432143302094058,0.3010450640838563
Application_1034775753,0.02100715165073458,0.11119597726748384,0.2907950099537443
Application_1035618893,0.7649783367523404,0.4151507473856978,0.2576265141625237
Application_1037771791,0.007065090556315478,0.7385502333779772,0.01849048140722486
Application_1038302868,0.023587214342316507,0.1734289677101871,0.1960948596760997
Application_1038660996,0.004449532200542041,0.7806551012704548,0.023573644784646977
Application_1039200421,0.7533286405931054,0.3042732410778364,0.32211887806133144
Application_104061665,0.010738053714953922,0.7422288092515311,0.017620914891569646
Application_1041438098,,,
Application_104406636,0.006587836311250433,0.7117440070893568,0.019794869015696152
Application_1046222107,0.008108866566784145,0.7400662351386491,0.018879303116539632
Application_1046524820,0.089432715102031,0.17937630733342833,0.3129953416212762
Application_1048834285,0.7953250345641852,0.32297631875447863,0.30190496463293565
Application_104922918,0.01219251695924071,0.752991460554534,0.019589998868290045
Application_1050938301,,,
Application_105434976,0.05996003949510175,0.1644312110589467,0.2824423296092868
Application_1054777483,0.017365852976076047,0.051464824360312356,0.07006591178213296
Application_1056831748,,,
Application_1057881509,0.8439642665159275,0.3674182286695675,0.23056867485954527
Application_105906022,0.13064393404730715,0.10187997268911458,0.3080590905608361
Application_1064102675,,,
Application_1065401414,0.7368664083426741,0.43639359268986067,0.2824283135206201
Application_1069486579,0.049793238029177914,0.31311769510443765,0.35596026337781983
Application_1069511528,0.5141126238325122,0.3599158504469419,0.26577066717738224
Application_107048111,0.043050330852252496,0.20512891132204475,0.2843002792789631
Application_1070499420,0.016881729006493193,0.7123385573637129,0.03611043168122447
Application_1071392906,0.04585372811410527,0.16229135108198028,0.19084387985731383
Application_1072302976,0.6302308167337574,0.3900031490307794,0.27386822371817915
Application_1072740747,0.04181499252282523,0.09326771723753607,0.13195385705747706
Application_1073143855,0.7504632373832097,0.1851121729512199,0.24938937577714615
Application_1076592180,,,
Application_1077139293,0.019013678672810896,0.22954436526442162,0.18989227123067867
Application_1079472664,0.005269245051655327,0.7461509691307773,0.01756004078669636
Application_1079589,0.7779086801800139,0.33113265079648735,0.29884805555877386
Application_1081153991,0.09300592722316782,0.24659685202981474,0.2993246093035772
Application_1082188204,0.4828057637163234,0.11458407973517543,0.10349267332042786
Application_1083885618,0.032246580398442186,0.24635408065301295,0.27551648449374044
Application_1084197155,0.7611238284180636,0.4305881203616693,0.25611532442159646
Application_1084809711,0.006841718099745331,0.7430400180333651,0.017001004830540435
Application_1084951999,0.629779237090294,0.40804120676540295,0.28114889110524544
Application_1085916302,0.7714451249905327,0.3489329297593927,0.2375007352598263
Application_1086189813,0.07848725264298372,0.2453205202833446,0.2474368698556425
Application_1086358390,0.009496421897730917,0.7212981554147863,0.01976738594428121
Application_1087895834,0.021503177066377964,0.27638912460346043,0.19829287213674182
Application_1088555315,0.8202563759396343,0.29356293307325076,0.30589004313149176
Application_1089290640,0.03083585492423905,0.20422210418809,0.3045967240074244
Application_1090974006,0.6883982186272037,0.15567505358322428,0.15239152201003753
Application_1091454310,0.019221614356426234,0.6385448888549561,0.14956224845936703
Application_1092109071,0.04942096804625701,0.04882938764380457,0.10057029690407213
Application_1092918410,0.8168832443239,0.3595166237711771,0.2506215695912751
Application_1095263419,0.007724739432627461,0.7200250288402553,0.017848415821815986
Application_1096081779,0.09324707433020525,0.20294570991852415,0.2971068544169901
Application_109628015,0.8842342185829849,0.1950845747068925,0.2363891172181121
Application_1096460123,0.03130849187337965,0.24873287209317305,0.25410712854389006
Application_1096932592,0.08054764605157017,0.10567101802125903,0.11077583488850049
Application_109718783,0.011984972925575748,0.7416601910808864,0.01624456654707513
Application_109912668,0.04054439247140906,0.1986602598272059,0.16566270181138523
Application_1099430757,0.6110126743652042,0.32243027533186114,0.25067737927641826
Application_1099493178,0.018774193762141008,0.09398713456887406,0.1792516833813913
Application_1099663893,0.7132788262668934,0.49261158456153475,0.30331639251442644
Application_1100253381,0.10212257983669044,0.1983044698534032,0.3028387199934161
Application_1101636672,0.8126215924924638,0.3831109472820805,0.24663710953906134
Application_1102148836,0.03994839458923029,0.10882066657534784,0.25363818882613703
Application_1102289179,0.006945789999644448,0.7021434059329821,0.015440117857728398
Application_110355063,0.019784858244961005,0.14146982398562974,0.18345562686174893
Application_1103698005,0.7517443914381552,0.4402308532125347,0.2975187012347137
Application_1104110439,0.47865833934547,0.3614836162370318,0.25347763775237525
Application_1104349279,0.05254397565737812,0.23408971921337834,0.30280936164976807
Application_1104697616,0.7049161459483815,0.2829403041050031,0.2637481032409891
Application_1104784494,0.07573996387495616,0.22960769356100622,0.2751663036920483
Application_1104839673,0.04385818850001746,0.05140332798750341,0.11026413280253354
Application_1106610804,0.8647123830567236,0.32624091456915383,0.19746458631091007
Application_1107513596,0.02019595619074861,0.14204711691460853,0.19239097818083103
Application_1107974200,0.0759918757037697,0.25752915086336337,0.22283231386828425
Application_1108410496,0.038955412065315144,0.18675344847578945,0.2652045016834762
Application_1108553853,0.035146246409035166,0.19153445154683899,0.26555070140712284
Application_1109500523,0.0375873646123166,0.11700814546832344,0.3230150961893062
Application_1109722425,0.008863869585162255,0.7190961618761591,0.014905041012105845
Application_1110003824,0.35246429893283426,0.11588660570100251,0.09986134610567887
Application_1110334222,0.0381063231556926,0.13387065448228105,0.3018284519143412
Application_1110847631,0.7805809301720081,0.4086990958910507,0.2493242193400056
Application_1112791540,,,
Application_1114627184,0.02544893270165966,0.6161735190234834,0.18989321119010857
Application_1115275695,0.794044923066557,0.3633415891893883,0.23761173239262878
Application_111536511,0.024839300595796854,0.14738074059570058,0.1982562927457667
Application_1116596448,0.4257285850838826,0.1495822544786936,0.10286015851549576
Application_1116878017,0.5905479052254228,0.4008638974927011,0.3045450956365636
Application_1118317851,0.7243103824561157,0.3919163098595922,0.2600411343909373
Application_1118691851,0.47664934997717634,0.4923431340894677,0.17608710099940297
Application_1118794258,0.772524355803301,0.33740380121718666,0.2521545631334584
Application_1119128567,0.7383723660951541,0.3873436453354221,0.28709435139187117
Application_1119346613,0.044120171745868596,0.18843731785427234,0.27987776791821617
Application_1119704576,0.8855098197795561,0.109048146369291,0.14555336574717107
Application_1120624192,0.04086604005635791,0.11540690384853425,0.3173139227942086
Application_1121095468,0.2350566687940247,0.5222901611795949,0.13630019192039286
Application_112299550,0.45111395637101614,0.36573396329251484,0.25350826591136055
Application_1123320394,0.01835308294588689,0.7116208668550317,0.028214644536970236
Application_1123432099,0.27268859858575334,0.5122950203428598,0.13936217123559042
Application_1123655418,0.48230140326631743,0.30302101662332653,0.3033108395911806
Application_1124789802,0.7436503454870691,0.36177692607090456,0.23958600025314236
Application_1125229039,0.6399368568574049,0.37026487061709834,0.342660934373118
Application_1125299308,0.7579372972738914,0.3355764051517019,0.2582147941491238
Application_1131812437,0.4834405858985846,0.4527199507997205,0.3134757626993208
Application_1131974200,0.46049345917672374,0.4780887451479241,0.2894158629679163
Application_1132898010,0.010336788730115556,0.7422288092515311,0.017620914891569646
Application_1133826059,0.566896538497261,0.31736102155584794,0.2667587349903115
Application_113474586,0.7811046304560237,0.4549538177056681,0.29474050198509777
Application_1136138244,0.008872910295407741,0.7010727042464241,0.041777741258112476
Application_1136188668,0.7612000862162798,0.395003269403437,0.2577304379211127
Application_1136782466,0.44933524220981474,0.38470744205670737,0.32747907672296356
Application_1136942310,0.2968337805473752,0.3101759439684277,0.19434485240380228
Application_1138343850,0.35926695311971807,0.49816889512303225,0.1788496431769009
Application_1138441532,0.8774472769435367,0.14470725901139408,0.19194593158802328
Application_1138682900,0.04436487635981202,0.022915403139926793,0.10606122670985961
Application_1139095492,0.8831341969029923,0.09187649723359376,0.15248707429101804
Application_1140000103,0.7551985422091085,0.35054427744207417,0.2275328242201046
Application_1140214785,0.008457588715084577,0.7359040290829095,0.01685970088498876
Application_1140934167,0.005658855622212511,0.7548991520774779,0.02210983098899615
Application_1141437569,0.08207955797369583,0.051918283932400944,0.1015582976570852
Application_1141800606,0.21271225194399546,0.1710675559257828,0.3367957277300394
Application_1142291922,0.013284303880807759,0.7203546855874059,0.020295943888280293
Application_1143452352,0.8260511540321197,0.21319976819751305,0.24994370979268649
Application_1143725882,0.012522303374832693,0.7427827318807849,0.016197218358942
Application_1143749034,0.023909751779310148,0.30419046703432456,0.20165526022836122
Application_1144806380,0.8947471741568753,0.3541539662340626,0.30511349828733386
Application_1145195394,0.060440157004146136,0.1135308227791991,0.29994323290102237
Application_11454632,0.02792421898975185,0.10376821715518686,0.27215557098721654
Application_114551747,0.9288483777410258,0.19579843123990834,0.21715580329735398
Application_1145960664,0.006575937401002485,0.7407351685346379,0.01589366870698571
Application_1146017257,0.8082677920992517,0.42038336647751634,0.24093722539161574
Application_1146390793,0.7907035466696857,0.37404178279233624,0.3035448385842216
Application_114677449,0.01284487657394179,0.7218515471652198,0.040112718284499374
Application_1147242139,0.17495808558549295,0.5126241470797195,0.1312020036155972
Application_1147800670,0.5680191110750464,0.1789491856409097,0.12273983609259766
Application_1148505526,0.020793699963195383,0.1590353206190249,0.17459557081928018
Application_1149826505,0.05057407476448705,0.08628572699106166,0.2202114768247635
Application_1149882287,0.05102564436516346,0.10484481338215004,0.23802462411372222
Application_1151306652,0.7252258006143332,0.3973587569300014,0.2889311635934953
Application_1151718196,0.5953574069378104,0.18306924967919044,0.1861666914818559
Application_1152706558,0.7667687332587227,0.3712410380739193,0.24442972383518502
Application_1153327019,0.8391691296973712,0.13665062921322652,0.10463229172301752
Application_1153332543,0.8417765611831332,0.3311549773477297,0.2092902607984032
Application_115387399,0.7500632483238703,0.3992448968153788,0.25204422679105987
Application_1154947942,0.03825845304561018,0.10698693999026829,0.2856158035420459
Application_1155624509,0.054666075070675994,0.05466321770439475,0.06623633952499437
Application_1156380786,0.03138875918909835,0.214793464527746,0.24299175331720602
Application_1157095713,0.10421716032660222,0.25539159204515194,0.27074957227698615
Application_1157455039,0.01365690804006355,0.7439693956619349,0.015025553069604446
Application_1160716330,0.03472554676149675,0.2508933404263016,0.19806373803615263
Application_1164107164,0.3668076708891277,0.12869890001948525,0.10197383179553177
Application_116887817,0.012494421737249087,0.7324793917072883,0.01857395239231748
Application_1171197563,0.7856458103296332,0.3676236043330549,0.24887728198249756
Application_1172008352,0.7838231210720232,0.08399074566416198,0.07689785294950952
Application_1173149180,0.018539873522649086,0.1590407629318228,0.2008674754613793
Application_1173289988,0.034501517297393175,0.14841108482224488,0.28592584690647666
Application_1173481848,0.8302990952067053,0.17821524152448756,0.1846221848120207
Application_1174114825,0.7869947458647193,0.38945724010760807,0.24627839940547872
Application_1175285346,0.9112201323547364,0.11848850475158965,0.1184336127036522
Application_1175418215,0.01665594401915919,0.07308914897942015,0.10032137485080944
Application_117660615,0.01011292370592008,0.7399590439340233,0.015348794227508521
Application_11773925,0.5486501781967051,0.39830090765791104,0.27205831726284463
Application_118076535,0.03495602889879838,0.11033529976178241,0.2513988880512237
Application_1180779910,0.7733515896075132,0.36448088236445086,0.2574161185724513
Application_1182794641,0.040784139235462306,0.07929955756878512,0.09116688378766646
Application_1183136852,0.031771125533664867,0.2871089639065997,0.220677258099386
Application_1183476189,0.056620938096789294,0.10694228492855543,0.2995349851054243
Application_1183534481,0.019439909243319245,0.7000905530242191,0.029471481832235937
Application_1183954314,0.008916869226784013,0.6920918260590714,0.03418821799338971
Application_1184253258,0.35774503507516053,0.38714937312582715,0.3248006933254418
Application_1185560776,0.89832770693378,0.0874687317219986,0.13406572002976871
Application_1186011075,0.5438193771807154,0.11774290248588798,0.09478397655371609
Application_1187770735,0.17206116509541342,0.4094056617151023,0.1581952075651129
Application_1189444299,0.038124112989339626,0.16677654846255416,0.2835978856850482
Application_1189871359,0.7530248810235999,0.39575942472801173,0.2692224937572025
Application_1192817854,0.023275625543218468,0.1443732601842832,0.2884536989655012
Application_1193407725,0.015130723304691137,0.7314260803994703,0.017270203824950026
Application_1194573334,,,
Application_1196211316,0.1865642084567476,0.1358310941097763,0.2597938860616687
Application_1200105859,0.8686848474431026,0.4187693402579954,0.2550145216552828
Application_1201250492,0.8216329112541064,0.41407339703649737,0.2918899105595779
Application_1201267547,0.019067263188630355,0.16423199601993838,0.16683803225683067
Application_1202440901,0.3716065335416737,0.38262660198002746,0.30946413814300533
Application_1203000059,0.844638196259406,0.3409125227629577,0.2910667009971387
Application_120400056,0.9084834015721772,0.09768260993277231,0.14354710761298412
Application_1205027125,0.755728620645747,0.3801926348809238,0.28391156909450277
Application_1205291296,0.030266312602505993,0.3197347510102365,0.23882203141404856
Application_1207519267,0.05003530406436099,0.10647780161243478,0.2847787954283239
Application_1208202898,0.8541892132382486,0.12264964200835443,0.21858268595636363
Application_1208543050,0.09500953964482566,0.24709623524788882,0.2577410653712998
Application_1209476276,0.7400868990625344,0.35744145222082596,0.23289894023662458
Application_1210322027,0.7709973838175187,0.4022216195945904,0.2559921337126756
Application_1213205773,0.10401261824407226,0.3031842677927106,0.18861752268062787
Application_121670659,0.010735016761668891,0.7438860725990186,0.01733811209904543
Application_1216723425,,,
Application_1218203113,0.07407038874856657,0.13393698653834776,0.2667264807267214
Application_1218332981,0.025369962012114017,0.07837363477197909,0.09610699273761471
Application_1219055263,0.19670803485239258,0.392177745117301,0.15251331962401427
Application_1219949717,0.2831041238050025,0.5232359997651198,0.14634103158754921
Application_1220541878,0.707141401570607,0.08480577380361143,0.10745645060168062
Application_1221269355,0.8659631560194465,0.1144952637526589,0.23987555480249204
Application_1222039007,,,
Application_1224187740,0.8984972503034853,0.21878340862377926,0.2633519304253728
Application_1225769256,0.7739554435255884,0.1814240643207995,0.16676493221979946
Application_1226442731,0.7609596863957373,0.3747384814577293,0.2395856801844926
Application_1228403719,0.014180447089919931,0.7159610717033869,0.03241543933033846
Application_1234321250,0.06319894446115211,0.21091578212952866,0.27158348801819426
Application_1234365113,0.7462310854388027,0.29050350221651855,0.23791499336828706
Application_1235896381,0.03362718749377297,0.20896797100258035,0.19488520734859335
Application_1237086325,0.006689035482461038,0.7400703852527521,0.013986806769198475
Application_123834627,0.021655010107359495,0.1709338339019062,0.18132200328105746
Application_1239060176,0.6319493521983087,0.13364446428619695,0.1278767124034666
Application_1239627323,0.02250809954087971,0.2393425098911366,0.19749284623358096
Application_1240814574,0.17271834745727266,0.09914697036727724,0.3093305960817212
Application_1241865852,0.7648245543903409,0.3936207900429851,0.2684044252015708
Application_1241999769,0.06255767709914918,0.28762518889160293,0.20250450096316483
Application_1242315969,0.488956845057277,0.3540825670493495,0.23398335619030483
Application_1242352417,0.04753789269610657,0.1314225931135514,0.3016796097466201
Application_1242477998,0.024968436549978098,0.18142388212992253,0.21164734417211825
Application_1246865304,0.015823158859554307,0.7320144582475963,0.020885240235297194
Application_1246985104,0.7957699575007927,0.3061607845939593,0.24394627606051064
Application_1248242433,0.023682494781143214,0.7042009434399383,0.02763821321332545
Application_1248474304,,,
Application_1248532589,0.011071732112979234,0.7182950567295399,0.040251133434141606
Application_1248970009,0.5928619143428359,0.409397786702926,0.3215886449140628
Application_1250500817,0.03247813676351972,0.17174018405742206,0.1677398572196659
Application_125111453,0.008464838552088539,0.7334177084979108,0.019643619714475435
Application_1251689244,0.8325414228984263,0.4150915317444852,0.2918308052507956
Application_1252781397,0.03405385639360448,0.20521702002154388,0.17141565060625868
Application_1254474288,0.8746201687033002,0.4283953223400313,0.30233842212865863
Application_125498955,0.09999751032030588,0.17702613400568196,0.32806876340459473
Application_1255919690,0.027000572173604465,0.041563634050346465,0.13078966799767316
Application_1256531358,0.826736978629223,0.38777677802225563,0.294976778266122
Application_1256882757,0.02574494600323984,0.14444138551722802,0.17386131159004153
Application_125735546,0.009445696939405026,0.7337475792841949,0.02197505668767744
Application_1258084186,0.007701509119929784,0.745625472644813,0.015538240105934643
Application_125846800,0.012665461151906657,0.7427635317991201,0.017388795381529286
Application_1258641337,0.6252054555370258,0.41817000138208027,0.32310669077486887
Application_1260313275,0.008179042763244016,0.7520917937423925,0.014741848306010288
Application_1260511828,0.008418593561074786,0.7368580737422441,0.015799649641733422
Application_126161718,0.005727811031539524,0.7079098587428871,0.016539240782268844
Application_1263939811,0.80353695252778,0.18054997544490628,0.17087283270396375
Application_1263997961,,,
Application_1264408299,0.5325226525642085,0.36961496514052516,0.30481306358755667
Application_1264902566,0.831683781477029,0.36792736704740103,0.2312463511989557
Application_1265044597,0.009063874657430145,0.7327164056480047,0.02236250973803307
Application_1268164546,0.15534312270010933,0.3968179838021451,0.1635414103392113
Application_1269305141,,,
Application_1269620603,0.024634716865644442,0.188281793119192,0.16159446136827638
Application_1271570199,0.12476677844048334,0.5307978334221259,0.1466597759383855
Application_1272345729,0.5293828504090192,0.3728752400434678,0.31479753531980353
Application_1273109806,0.08398160923489706,0.1534902483607223,0.289367963170478
Application_1273243804,0.7253597643635806,0.31153208627778733,0.23088126555919405
Application_1273835556,0.8087234265337298,0.2018002739023504,0.22336350996871007
Application_1273931422,0.884914059693944,0.3205703311751997,0.21639554611196846
Application_1274166676,0.013336861560520661,0.12333821708749826,0.18884693531674682
Application_127457405,0.7936832297204003,0.39660570407583406,0.2407944630367435
Application_1274866621,0.007009688588510738,0.7453011992478915,0.017378190327007218
Application_1275065414,0.8217423588401152,0.3764995089437103,0.28482892995198617
Application_1275483894,0.7186821497141512,0.31960892085794507,0.24810090841306384
Application_1275708382,0.04869486860916595,0.2942347234378225,0.29644021276518506
Application_1276203911,0.9174822985717068,0.13072481569247035,0.14544223387818275
Application_1277202210,0.00934986953593048,0.7650753166825102,0.037079251876211666
Application_1278754356,0.03894113847037889,0.21677420153322735,0.1785465538396417
Application_1279149491,0.00898386058375378,0.7427635317991201,0.017388795381529286
Application_1281070255,0.828046068838705,0.30069368050437684,0.235515947556173
Application_1281219916,0.038334606576207644,0.1858758939121454,0.25529446646979476
Application_1281227660,0.7914042230668797,0.3837393927859722,0.2900831665221613
Application_1282231634,0.6809442140071711,0.3538814854408884,0.30592460723282683
Application_1282418399,0.006691825992989759,0.7471738243890946,0.016586404663484624
Application_128251318,0.05402490673103115,0.2771089368132115,0.21795023414350773
Application_1282746821,0.009930553672275251,0.7365641401159833,0.01670904525710162
Application_1283341810,0.02172803654548622,0.16695115847508357,0.14832578104356117
Application_1283651073,0.03919273753532111,0.13139838443448346,0.2864379275620145
Application_1283751278,0.8511924863734724,0.34739966609675677,0.29191370308793735
Application_1284230014,0.009022476550685348,0.7022198556854451,0.025402885819521482
Application_1286083897,0.1699535614146367,0.15026148897627772,0.09435198849531469
Application_1286125502,0.6473407431568263,0.18177249267281823,0.17277868963128992
Application_1286165737,0.591694260353392,0.3834500665617193,0.3412816199912416
Application_1288084480,0.8531173115845666,0.17395995036872672,0.1646261483701076
Application_1288647467,0.9115584073855125,0.13698481827864528,0.153806332580674
Application_1288727835,0.04709838263000871,0.26248875431174146,0.17923941655943346
Application_1289012778,0.10459689481765214,0.09376883562346669,0.2805512692962035
Application_1291280868,0.6511142608692925,0.36556620635441606,0.25350637172353346
Application_1291464093,0.03456094844411256,0.1696683217627411,0.2608641380474127
Application_1291843877,0.5850191315718234,0.4033035473851925,0.27735233788990027
Application_1291971664,0.21308402465917162,0.5968619443480017,0.14950914316121489
Application_1292771933,0.008242393676472413,0.7415860615455322,0.017556124552821593
Application_1293008903,0.0387683518237733,0.11293882539738229,0.2720629587578504
Application_1293120092,0.598675922718265,0.39432839177224377,0.31510940489192196
Application_1294558199,0.03599168950518397,0.16449778437426965,0.295034423999587
Application_1294597796,0.17243967723827164,0.12096490443436178,0.21899183568067945
Application_1295538492,0.4427816174020941,0.34538415200450456,0.23246929737072783
Application_129565630,0.02153654679706494,0.13074736371663911,0.18176131853392546
Application_129573767,0.054011979321156436,0.2156436139339306,0.18916773681731905
Application_1295911338,0.06864070245179059,0.22760927245485008,0.27295363961520624
Application_1296197799,0.07003923180054168,0.16892888657096575,0.3078298956701658
Application_1297559824,0.010969403381454801,0.7184952944957917,0.02056079819810702
Application_1299856399,0.03767902166852382,0.2477216573514146,0.19984274091682336
Application_1300309831,0.4052781500437248,0.37669942136982615,0.24144358034617291
Application_1300870804,0.5690322618529033,0.3797902412356308,0.3383059923507703
Application_1302829474,0.578199944121893,0.4834745412978309,0.3425330759384062
Application_1303460272,0.009491011868326304,0.7252190351504906,0.021320664435662273
Application_130463013,0.3222127709310776,0.5698000658167932,0.12525258097278213
Application_1304842887,0.051754971206290565,0.3494464938434728,0.280394729953431
Application_130658775,0.013896807756156334,0.7321113874550489,0.04087108811025306
Application_1307447876,0.049175638849966084,0.32997917050478,0.19501041122555315
Application_1307546210,0.828337732473696,0.4051741715142992,0.2490237090867307
Application_1307592624,0.02394889829745179,0.6916113700170361,0.034347417029652064
Application_130761111,0.9555876838208063,0.1731646664107181,0.33515132965938804
Application_1307722721,0.792699705309799,0.44631491210611757,0.27834151954431097
Application_1308025514,0.053664604910145276,0.3098397605958456,0.26799269757110833
Application_1309710626,0.7880056514661994,0.3895693014697176,0.2457432262165388
Application_131097851,0.03401031111704073,0.1432890591690618,0.25396236092013214
Application_1311228454,0.015356843954569235,0.6854142743132532,0.1527193402220596
Application_1312933469,0.2794816532350548,0.4735326023621526,0.35741817643253115
Application_1314374663,0.01640857066338238,0.7300081964634516,0.02092550549703267
Application_1314823602,0.03960473073328268,0.06026053097282458,0.10744183661418366
Application_1315782276,0.2907457840673568,0.3524996740203783,0.1961638784405733
Application_1316274797,0.044507903323778936,0.19121558053816343,0.22055057427967584
Application_1316346128,0.7500295428689577,0.3888357360776427,0.24574590237252403
Application_1316469526,0.37562173865818443,0.1449147424035858,0.10419118816398493
Application_1316556140,0.005854236401539668,0.7361283113311601,0.016736052083712358
Application_1316779443,,,
Application_1317388562,0.0885507343188964,0.10957859159566471,0.29544634613038034
Application_1318517683,0.427349894291818,0.3810961502723518,0.25091844434788224
Application_132038140,0.8132050030869606,0.39378972916312893,0.24538758666827554
Application_1321952381,0.899407142607997,0.15254348610362825,0.1565941798245637
Application_132220187,0.02884771572912273,0.2792246442802158,0.2248273474053064
Application_1322307011,,,
Application_1323283519,0.02631893935208471,0.17005018073799308,0.19042993427297308
Application_1323290543,0.01714245190957203,0.7096854493950356,0.024509072597976765
Application_1324210895,0.04485644460240041,0.152578501446495,0.27305852024536637
Application_1324391484,0.8246076321453844,0.3512591730698738,0.2922461391818452
Application_1324680297,0.09847926128332009,0.21893803224141734,0.26334634083248526
Application_1325360487,0.17533281814641719,0.09495191465776287,0.22876077276008475
Application_1327686952,0.7147497035329015,0.41920420261449,0.2664513955063619
Application_1328770574,0.035606243672096145,0.07475789100177965,0.09970476994983445
Application_1331144446,0.7466065023634859,0.4486712058161799,0.29663707365766756
Application_1331295233,0.8254207520754913,0.3583003990907611,0.20180477117792095
Application_1331492368,0.046359625187195524,0.09649246689321012,0.11831376386508917
Application_1331678337,0.728395944632534,0.3991288839874286,0.2929380592589057
Application_1331809820,,,
Application_1332066828,0.76954399272306,0.3551279259163226,0.24540711003897464
Application_1335180651,0.009926414069493685,0.7380920788389241,0.016340129503426167
Application_1335455949,0.06619635965132568,0.2001894306728993,0.2869870913560583
Application_1336423282,0.710679857266127,0.3614836162370318,0.25347763775237525
Application_1338322049,0.08009480555333597,0.19838087504863652,0.2848752602577356
Application_1339399261,0.8225682350419472,0.36294812842641133,0.22358203591339754
Application_1339681597,0.03276724435830105,0.13007661716509034,0.2801994464127146
Application_1339781817,0.8571319479443431,0.4199827860025825,0.3113563455967426
Application_1340459622,0.04464649005380483,0.10820815299174824,0.24840714889751858
Application_1341133743,0.08332692253945721,0.18556968957763598,0.2538753823495256
Application_134173506,0.029673141846024875,0.05880557607651182,0.27473055190236734
Application_1343184,0.3815401204077538,0.3779244103308646,0.24371767904778185
Application_1343349327,0.01452146644724934,0.736066682756132,0.020850877310943667
Application_1343884694,0.20481430258707098,0.10918230751494545,0.22139981938566736
Application_1345076352,0.04328250542816907,0.22347197011711292,0.17531997177838854
Application_1345333868,0.0443640653893399,0.27903138771898833,0.19122220642308305
Application_1347122551,0.05829426449544544,0.07417192596872885,0.24062690241501547
Application_1347988922,0.8662266842518483,0.11640953257638431,0.1937997642516999
Application_1349926412,0.0636910484533027,0.18358349068482302,0.2485349104775288
Application_1350728321,0.7162955666902205,0.39188706850455973,0.2470370239022219
Application_1352726942,0.6062195303872862,0.39415045589389974,0.32030081739126687
Application_1353447445,0.011346979615271115,0.7357803110938212,0.01910533655214279
Application_1353848792,0.2593065984366196,0.06735671359214057,0.21304002019784163
Application_1357377502,0.6133706673804427,0.41168336314943965,0.2950998552277301
Application_1358946869,0.011064479164219857,0.7297508460463711,0.0143673938614749
Application_1359737168,0.03988566156677403,0.17424189897500125,0.22115218014145333
Application_1359775338,0.7646945339902015,0.4627636887499858,0.30157816646328506
Application_1361444752,0.011363177490835588,0.7439678705218766,0.02054353350695569
Application_1361883922,0.8354030346418849,0.132251477879833,0.1949501460204852
Application_1365116675,0.8963687325342827,0.07661893935397338,0.11789383843735926
Application_1365152370,0.6921691942126087,0.3420389158322521,0.292101040951716
Application_1365437313,0.04626469717262977,0.18311891867324442,0.2515006611758301
Application_1366143473,0.07264049175987458,0.1615483605068339,0.31124095628947646
Application_1366769739,0.4887669800846069,0.30143478700604115,0.21426159103076864
Application_1366950042,,,
Application_1371434911,0.018497880301937455,0.16525971415783053,0.16260512406592775
Application_137438189,0.8029218870623862,0.3006430293279861,0.2552186842408123
Application_1375169811,,,
Application_1375435938,0.7545458671983951,0.38404810184669635,0.277390041564845
Application_137951178,0.008519698009193815,0.7245829653010497,0.023853689941001385
Application_1379975984,0.7939086148387923,0.33012884012274346,0.32907446665604506
Application_1380707551,0.835204881716761,0.40673051455865195,0.2752917293357963
Application_138110394,0.8749341198467834,0.25856144213,0.20556773574989687
Application_1381169658,0.009604452197626488,0.7399590439340233,0.015348794227508521
Application_1382009065,0.010173966123677037,0.7264572362196648,0.020455552063710403
Application_1382204301,0.04677328936107292,0.09511285154705032,0.2733939355031828
Application_1382937184,0.8160001563008042,0.3922018551928489,0.27147200569868013
Application_1384106962,0.04625109101869653,0.27249449477716275,0.25318675604757857
Application_1384343806,0.013298323456674853,0.7270210855097111,0.021263474948234443
Application_1385747357,0.48426588223068345,0.1526931174594655,0.12357941605658289
Application_1388031954,0.04304643913188417,0.19025739883940554,0.2597140402867498
Application_1389044798,0.03128448311082115,0.12009079666339853,0.26905319186935894
Application_1389412266,0.20340523815976588,0.14552757111813555,0.2553387535216533
Application_139141595,0.11479973671651955,0.1448110958259541,0.2738683469537704
Application_139153216,0.6968221729121347,0.4025300459735906,0.2904109388179939
Application_1392867246,0.05226460056964238,0.16824660846809614,0.27789005361095953
Application_1392931200,0.007785542126665844,0.7387882302385886,0.01565323927051768
Application_13944300,0.026493678729972322,0.7375185946327156,0.0410924111413575
Application_1394483322,0.03915815743962157,0.17999721950922104,0.239055500711248
Application_1395388115,0.04656065257640499,0.17664442413280648,0.2361787956212819
Application_1395429395,0.07312070000940397,0.2759421581447481,0.25530403306803984
Application_139724030,0.02923359189687508,0.14874600695753742,0.17173820608577764
Application_1397321296,0.03121689061737628,0.2743594080503991,0.2910404317131517
Application_1398266061,,,
Application_1398309462,0.025943748777343945,0.14233786836155077,0.28816140908521154
Application_1400741815,0.6727759760762241,0.16726498307025195,0.14869565528422662
Application_1401776769,0.009092272808253117,0.7225369444154814,0.016625375976477612
Application_1401798992,0.0634651987728216,0.042962992180487714,0.07291941906266396
Application_1403984783,0.05488198958782378,0.19063131161299762,0.2777035122766209
Application_140463362,0.09169538986129447,0.11394801272780167,0.22924822490587587
Application_140466456,0.819854787375436,0.4007078359067832,0.2529309995680129
Application_1406835873,0.88453912556838,0.10551527187965479,0.1289002428832854
Application_1408009203,0.01670272770609896,0.7172061948493064,0.02164986024562645
Application_1408362802,,,
Application_1411314331,0.4389828785086881,0.34853009944443,0.2167981931991037
Application_1411809915,0.7803200905293135,0.37111672440613447,0.26208529954050436
Application_1413720992,0.800095346790412,0.36714765799719196,0.24246506083455824
Application_1413836638,,,
Application_1415930985,0.15764921789837139,0.521361498279196,0.14396059947327855
Application_1417653464,0.7822711731456089,0.44467704634753513,0.3025373096355688
Application_1417750933,0.7908854271844804,0.46900626198033635,0.3006467963734838
Application_1422930581,0.4377888724809467,0.5476563191355195,0.20271164361356966
Application_1424659757,0.7878353883936023,0.40311034777804855,0.31134196698018296
Application_1425329540,,,
Application_1425800430,0.728032497390154,0.401794914524066,0.250077324413225
Application_1425820279,,,
Application_1427261936,0.027481973803031603,0.15306033911719927,0.31171578141894546
Application_1427438242,0.7594837780950094,0.35894654545525184,0.23650878991635543
Application_1427573691,0.48184864944888744,0.3896009179780521,0.2778476436028289
Application_1431000094,0.03025487381315593,0.2539349303990784,0.19980367958247086
Application_1432791901,0.5353597348484631,0.3943443552383896,0.25550918164926445
Application_1434518975,,,
Application_1435594188,0.008978346522078552,0.7402753130575555,0.01796027562412778
Application_1437497198,0.35896599068482565,0.6085998748930153,0.19127134194552167
Application_1437966300,0.21128641108441729,0.5485035841910353,0.11983831628204995
Application_1440477840,0.007439751452192302,0.7386533323777695,0.01419751335460545
Application_144137365,,,
Application_1444191625,0.04460165101210143,0.1958531960056507,0.26771339821328294
Application_1446757334,0.8236918877533406,0.3306322127894611,0.2038693728366097
Application_1446807165,0.06142136264107025,0.02846909714325896,0.0694567901197785
Application_1447107656,0.5456013508220275,0.366431968245982,0.32573615199851674
Application_1447384497,0.7838301972394851,0.3081488135487938,0.30686377968484857
Application_1448754624,0.03822120524885058,0.12802415216277574,0.25810535897913095
Application_1449066412,0.04039142326533647,0.2318037613569724,0.25289560608831096
Application_144911431,0.04370795777296194,0.15969928003063688,0.2548168510692791
Application_1449370855,0.8979263075421451,0.11274025049850708,0.14061701755401315
Application_1450319805,0.35053856394589655,0.5054455932782027,0.19564332953572194
Application_1450396663,0.8214304232935584,0.39072888981019605,0.24731200637603604
Application_1450689239,0.6709221162888589,0.12115067664953191,0.15265416242897173
Application_1452533285,0.052545061388768716,0.019033802987401538,0.0703768563177716
Application_1452854959,,,
Application_1453589065,0.1860093660762933,0.35208019579355726,0.27399329861017874
Application_1453812922,0.113149290543311,0.04732249606912009,0.2609475473484864
Application_1454220575,0.8418476330247461,0.32160332724972185,0.23385573258209405
Application_1458277433,0.053987573511008545,0.16228111227874176,0.30437424837263116
Application_146114459,0.07660016347631474,0.230602316166291,0.2445584676572799
Application_1464086854,0.03640561062948208,0.10725949130558718,0.21885531031251632
Application_146419660,0.008606898850018712,0.7218568207958918,0.02305264236906251
Application_1464780823,0.711203164003603,0.37313413740043844,0.24828430830215042
Application_1465025013,0.401412128212116,0.5183953856559118,0.1823467349663707
Application_1468750557,0.015356567879305736,0.7231919173845218,0.023529049198687518
Application_1469334320,0.812845121903652,0.3910190890591039,0.3039384918573059
Application_1471430106,0.0490135544732381,0.1609989798475641,0.13929735754127937
Application_1472969785,0.42857045140291034,0.3375805499750548,0.26573910887237445
Application_1473464035,0.5660844085401122,0.13700242773776147,0.13990421876662074
Application_1473625375,0.031836745474634665,0.1689027603201617,0.24765312811141013
Application_1473894342,0.008107125181734318,0.7410561939057373,0.016068319926147174
Application_1474055956,0.7775239359030125,0.3113161862229167,0.3032320784918582
Application_1475968760,0.09825834731225636,0.21273920054481787,0.30389393777165596
Application_1479752026,0.8542225561382352,0.23219066780384567,0.2589650349284277
Application_1480117653,0.06033884333915984,0.1571243068540567,0.3387940943325086
Application_1481242369,0.017768230695442068,0.05111636020206889,0.10854402819571621
Application_1481928502,0.8660674836486936,0.32235121977329095,0.20800435108729065
Application_1483046130,0.01324395215718004,0.7115787131221878,0.02494580391441059
Application_1484189145,0.8668694154020339,0.4252090239784387,0.2785339085387254
Application_1485367187,0.03795428717951246,0.08049866510905226,0.10138854190882406
Application_1485546748,0.04860538643210359,0.04437152063911792,0.09677086190370028
Application_1486220145,0.8520295711105845,0.1154363870692782,0.2411925308997078
Application_1487829407,0.8781437861678165,0.22875913322355798,0.23552935620428425
Application_1489341726,0.5486501781967051,0.39830090765791104,0.27205831726284463
Application_1489510821,0.022085330516883942,0.059729844677948174,0.2635297261597701
Application_1489786126,0.009110351401434288,0.7323764662863554,0.014778090653535882
Application_1491300788,0.886677886336544,0.07689865976894542,0.09777547752387827
Application_1492609631,0.014095855217573389,0.7097746591120295,0.03525965777040827
Application_1493979926,0.7495129047225259,0.40845915216831763,0.2974555580338731
Application_1494178086,0.7873592709326708,0.3597953440568261,0.23173551806910708
Application_1494414449,0.6348043881236994,0.3813808816586167,0.33281724444464106
Application_1495079062,,,
Application_1495262961,0.8622482123599553,0.3374642859756135,0.3117459659485606
Application_149591383,0.17437221561522415,0.06763292400412657,0.252411934906711
Application_1496349825,0.022615816600920713,0.25979292296363266,0.21502874559729335
Application_1496645833,,,
Application_1498001149,0.05129238499389643,0.1279119384436685,0.24406388643163598
Application_1498610522,0.6466257654685904,0.3937339726586677,0.33295962571428483
Application_1499935603,0.602313424045717,0.3907422353825005,0.32969122832438724
Application_1501636291,0.04196978573659833,0.09670493056810556,0.2306279350252592
Application_150329185,0.04449781342492196,0.19089984261361956,0.17240040501659937
Application_1503602511,0.7816387650687847,0.4058676338075498,0.2521655888161166
Application_1504307845,0.9199453656717314,0.19502194300749873,0.23907464190265784
Application_1504346428,0.09971922729719228,0.1901789043368567,0.25047368330770986
Application_150503991,0.8171569209504723,0.42088367750006855,0.2695666857505269
Application_1505059688,0.04429788326683078,0.13027275538043442,0.29460265425078624
Application_1508285623,0.006278845737553896,0.7425673948388345,0.024874875845263947
Application_1508659021,0.058167234018513626,0.0921880838947215,0.22185130053421728
Application_1509292111,0.008408619068496314,0.7221298672592573,0.02079618057876365
Application_1510765360,0.03883530484456076,0.19697771119180285,0.2541266156268929
Application_1511779865,0.5002759126043435,0.4124473815578676,0.16201316089601578
Application_151245494,0.009700968300233015,0.7494943126966711,0.014346433217899393
Application_151280488,0.1745290982077841,0.06374114472149311,0.2875879083785092
Application_1512972539,0.029169959586703532,0.2946776578190748,0.2839715252686226
Application_1513197861,0.021497129046092037,0.7212861066135992,0.03669090943118823
Application_1515604872,0.8166766463471857,0.41799667679863234,0.2570252457042331
Application_1518013035,0.039506206736760335,0.15261887873856875,0.25087911986635814
Application_1518048032,0.898355653101895,0.08906517099188574,0.1416349021557983
Application_1519909793,0.00968800697436833,0.7416256718416572,0.020404408548802804
Application_1522004111,0.024714852874718224,0.6828248402200556,0.16091578456281536
Application_1523406683,0.07291212570580695,0.2645450193520196,0.27208713258909417
Application_1523673583,0.0410318625667522,0.19434344599102835,0.1777850640194895
Application_1523736860,0.8740103325105917,0.26088017333815783,0.2154133091014277
Application_1524859554,0.010127415202913112,0.28986822417013025,0.2509748545452824
Application_1527338408,0.1049834409393483,0.11970994881691321,0.30123372498788514
Application_1527571617,0.10731763358276761,0.22714138554178687,0.29881743450222314
Application_1528161643,0.7159126227464504,0.3664473230252012,0.2523270508859527
Application_1529154801,0.5820196081672698,0.4281329327071227,0.29304844559537024
Application_1529928107,0.8878636325711716,0.08669454073316196,0.11314602965954912
Application_1530321110,0.7210625681440582,0.3981643300605605,0.29683355093681074
Application_1530932646,0.6028662675301836,0.4028330092605601,0.32409175437262927
Application_1531707627,0.011590874316928968,0.6633267578169127,0.15507622584887534
Application_1531851576,0.6280473828623521,0.5178376597627012,0.35011246599787765
Application_1533785960,0.4314105144022584,0.29067427255278205,0.27061234516886906
Application_1534847619,0.06006079862006347,0.16219207498939087,0.2856344087202389
Application_1536534288,0.025755587770383816,0.16352542708828616,0.22497000596719124
Application_1537507196,0.02669580525506171,0.7154961362158377,0.022763255349315108
Application_1538042026,0.278527572424752,0.3541395268669046,0.17804032354134736
Application_1541647337,0.009758778411943614,0.7309697628911265,0.02371776424748373
Application_154179391,,,
Application_1542614392,0.8404869610186546,0.37345548607585327,0.2302070120239598
Application_1544217945,0.8906070783752634,0.12623133553749494,0.13784646069793588
Application_1544460375,0.036329298014229496,0.10831023454505215,0.23792129698297523
Application_1545481822,0.6602050783032817,0.3500864786869042,0.25583917310901483
Application_1546052937,0.06791062533566468,0.21608268746574122,0.26316243572696657
Application_154623800,0.030971441935339593,0.09665430915891526,0.30819693526174724
Application_1546747591,0.7600581093938034,0.36522482491468133,0.25276535017339374
Application_1546890088,0.02822547911973147,0.7177159165835294,0.021582399399360973
Application_1549000634,0.10779139838729047,0.2693323416920093,0.22572090797608424
Application_1550643436,0.00663928254040012,0.7326663694404747,0.013436971655558565
Application_1555489073,0.7140906786913676,0.36177740888768883,0.25396136153490706
Application_1555975178,0.8372122440150002,0.43360730757255356,0.2994845339207645
Application_1557296300,0.5486501781967051,0.39830090765791104,0.27205831726284463
Application_1558264214,0.04281469246342515,0.11437380188417584,0.25852181799278834
Application_1559533192,0.6282841552720455,0.33322192219688784,0.24351173705713772
Application_1559916934,0.8954945151015768,0.17413810135971838,0.19854626434914208
Application_1562686459,0.030943593827539504,0.09661400334007991,0.32843071094660636
Application_1563418612,0.041021713357671,0.105293620363824,0.2886455857639165
Application_1564442059,0.6790893012986637,0.4399340655215356,0.28948446847536546
Application_1565590572,0.07715047480902607,0.19438835313847566,0.26993478287592
Application_1565653243,0.9129194044237818,0.14884887123656165,0.15376456207600087
Application_156618714,0.6935521826988714,0.09345342075645582,0.14684062840762582
Application_156768160,0.03224250870808031,0.20258763101920405,0.34430512480706627
Application_1567826735,0.13603471904878778,0.15238205056204465,0.2997759303092424
Application_1569475999,0.6622366390184344,0.16875312664868328,0.16243426176669468
Application_1569683122,0.06381529916585914,0.1898252657451102,0.3465282728964392
Application_1570331344,0.7321848969937849,0.3624714698320034,0.23679419774607635
Application_1571539418,0.8242887154168387,0.14051767061280943,0.19413551351234468
Application_157155173,0.9462442178624825,0.19439451890634749,0.28144072527742053
Application_1573876833,0.7126956892061047,0.0982668928210906,0.10629491229461568
Application_1575096564,0.028952135520161033,0.1118172094489249,0.2779542007665738
Application_1575815132,0.029299163934289517,0.15464778391602108,0.17628174160651097
Application_1575897956,0.009519015263772326,0.7252190351504906,0.021320664435662273
Application_1576631308,0.032303739557164694,0.14999090422657835,0.30079792392840965
Application_1577555565,0.7824385322796198,0.1319083383496208,0.15210138172006912
Application_1577667494,,,
Application_1578090032,0.05998585042352197,0.12823995952387923,0.2419021073797149
Application_1579516377,0.02243661029941052,0.2796121616367583,0.1903850095920066
Application_1579588184,0.9130977523467436,0.09530951953261033,0.17507169918800772
Application_1580298940,0.024360055731737017,0.14881717938301778,0.16800807374706042
Application_1580674851,0.034625698814849774,0.11663734903365425,0.3489942141773104
Application_158230798,0.00883494922479279,0.7278530085510941,0.014690683597913127
Application_1583297793,0.03562695979426455,0.24691738099765687,0.17045265776762075
Application_1583662374,0.3929267905414914,0.5379047627649677,0.202952745099146
Application_1584063031,0.893007243965437,0.17368326518806454,0.21277879529432814
Application_1585601222,0.05449603689921147,0.2006932079776792,0.32529696646204304
Application_1589247607,0.8688241235291614,0.18020277300193496,0.18379476891320193
Application_1591765651,0.01017053660869289,0.7555550323558826,0.018434144548960033
Application_1591900552,,,
Application_159263293,0.8276863815802322,0.43753879761613224,0.3005015574098048
Application_1594305363,0.13809673359325345,0.24355947139632828,0.19780480015482776
Application_159448414,0.04268560303123557,0.14516210465421797,0.2491620804951189
Application_1595937456,0.016500727415965512,0.6659386882840779,0.1537627719318537
Application_1597614471,0.08432467298894752,0.23540112166107785,0.3253941637635514
Application_1597735097,0.8430188660600264,0.17309466022693357,0.18984515456209738
Application_1598726895,0.03280843603374871,0.16403381302110917,0.2862835238935289
Application_1599405351,0.7865172545409933,0.4042356002229452,0.24582698152340532
Application_1600155880,0.7888803939909126,0.35271067831360775,0.254508870311767
Application_1600471037,0.9402135387409551,0.07934019194989403,0.12833045885100666
Application_1600982783,0.06589948304213822,0.2057210275737636,0.31985535236601376
Application_1601194488,0.6888725602110825,0.38256441687485404,0.2427612752190319
Application_1601395766,0.7440360032793603,0.36849588837392155,0.2367110896437215
Application_160157720,,,
Application_1602891050,0.006280445489979344,0.7334036731440331,0.01341201259230317
Application_1603793312,0.06995206534418826,0.197954286972059,0.24957736825633298
Application_1604619511,0.03244370476267001,0.18377902102831328,0.1765172514645346
Application_1604779942,,,
Application_1605473699,0.03740211264162785,0.054251066880742604,0.1069345103811964
Application_1606123452,0.6668353749443701,0.4185173797538706,0.305609175503274
Application_1607880476,,,
Application_1609027595,0.07789575004798586,0.18250555996000822,0.248576317270209
Application_1609568328,0.02232751483424418,0.6759042663411983,0.1556113368270634
Application_1610638954,0.04934716035159464,0.13237075670067924,0.2985500942406845
Application_1612452340,0.785478761284321,0.40459066598914684,0.28824271959459224
Application_1612709587,0.07824664126754878,0.1585795406135941,0.31967658721107284
Application_1613754741,0.12514318439971994,0.08939203319907807,0.257468222594228
Application_1614113082,0.006085909599986695,0.6973870324576397,0.018502693311881827
Application_1615509090,0.7806227862499533,0.3342678564275174,0.23516253609603002
Application_1616117711,0.11070309525274329,0.22529116976902738,0.23194006708344755
Application_1617657859,0.23224172790499198,0.39124973091576126,0.15415503282580992
Application_1618215402,0.7753077375900874,0.3827511415809837,0.2554244376183074
Application_1619897367,0.029188551005909447,0.10956279851919476,0.2516065468125712
Application_1620539143,0.47108934149163845,0.3692211290497874,0.26779055092408854
Application_1620675668,0.05534477450691714,0.2863761634800335,0.2724133738358808
Application_1622160130,0.6299984739860686,0.4131991512256824,0.28463131100773786
Application_1623687781,0.7261491747738833,0.3604764638536883,0.25417917644052773
Application_1623704275,0.031991023117231766,0.19598199323447044,0.315693789928943
Application_1623875695,0.02080224745727775,0.13840048363904572,0.1696385257797719
Application_1624152176,0.8805910462473846,0.3439546435133683,0.3144310064851108
Application_1625456407,0.005641110397153081,0.7485293820898237,0.015950126180547454
Application_1626417881,0.10874872619618176,0.06633598501206939,0.22240865330940124
Application_162990347,0.042271410985294,0.21541416056468177,0.2676454628736876
Application_1630913903,0.5511946508913399,0.5014817308856346,0.3686909048448982
Application_1630991786,0.04860040448080652,0.24114380923179665,0.28400436108404775
Application_1632505002,0.745905198728678,0.3802932200764326,0.27723036239061094
Application_163281313,0.04032693998999574,0.22502743922691534,0.3305278391267407
Application_1634751250,,,
Application_1636152294,0.7178210453372008,0.4375483655276171,0.34804729612154545
Application_163804730,0.03565462263463553,0.023593774475807572,0.06870596971105623
Application_1639814791,0.011943010143078747,0.7416601910808864,0.01624456654707513
Application_1639947439,0.03704829630069093,0.12905631102514578,0.27397562494741573
Application_1641565943,0.042893258494779256,0.1631687742537196,0.172327631742632
Application_1641722976,0.8378593390139653,0.44251409854729296,0.30404213463754326
Application_1641885593,0.007798832096059593,0.7423855538478532,0.017141317853817103
Application_164319398,0.024916802112120582,0.09621355883640167,0.11821538436487611
Application_1643995941,0.020728641292266876,0.15378013856852246,0.16945687066584453
Application_1644851848,0.04550341119853919,0.2360368095863598,0.3184675191563148
Application_1646642236,0.9249819826041493,0.2700710253004736,0.2743103029405975
Application_1647108674,0.05223840979328034,0.04098514741133924,0.10171244522825625
Application_164769477,0.3786692293981192,0.4021686719223503,0.2553978759547218
Application_164778672,0.9199198151881701,0.2102754805412261,0.21807184356509557
Application_1649699850,0.19515561832235523,0.5112588590838493,0.13825988549503124
Application_1650299745,0.22710231402947356,0.5019850676055633,0.14111694355519674
Application_1651085521,0.5364316048529194,0.11216135859055396,0.0992553230394801
Application_1651737074,0.08720524940531965,0.16435027878850075,0.2966840056331087
Application_1654318352,0.0407571780560947,0.27372855550385733,0.22156490979891838
Application_1654636815,,,
Application_1655641907,0.7414175032467494,0.36565764727845357,0.2773844294784244
Application_165594970,0.8941539675564033,0.5377962226791587,0.37567249984801815
Application_1656791018,0.04789103886102808,0.195200771078441,0.2410827919234782
Application_1659913497,0.03854996268258553,0.13884417009921327,0.2876550980289969
Application_1660705348,0.8535259791683573,0.3760411872394409,0.2553100364218371
Application_1662440609,0.6955806780037364,0.36037963128097156,0.25671020795074256
Application_1662487403,0.84737624419666,0.3562641552897125,0.30652608429468065
Application_1663925804,0.06713082413881191,0.14998829390042712,0.30747990350622534
Application_1664236078,0.007871236565105667,0.7439112346764893,0.018036528202163546
Application_1664858516,0.06354769432859046,0.08873548749154589,0.1183039702840056
Application_1665515241,0.8072886161548591,0.43662516014113967,0.28218691284860004
Application_1665584404,0.01872913327067066,0.11600874192179308,0.1643515627202402
Application_166588001,0.05150015804178173,0.1446428243333805,0.31053855329246133
Application_1666465764,0.07022098157718161,0.21368941175284456,0.33527602844883186
Application_1667989141,,,
Application_1669392427,0.0067276000634526115,0.7406160220368927,0.019273296341432777
Application_1669477442,0.044175127147150245,0.1443732601842832,0.2884536989655012
Application_1670585897,0.17883150878209758,0.5461197706947295,0.12953085534048353
Application_1671150390,0.7573144792508781,0.19545137446449662,0.2425679073083602
Application_1672037226,0.03508996790442836,0.10967766485069014,0.0985671367942468
Application_1675241784,0.008342003835061321,0.7334234739032666,0.0228907560484043
Application_1676999623,0.02494236482281666,0.23088499241228688,0.205634084742278
Application_1677049820,0.7933445910677585,0.3886355868931111,0.28874081947134494
Application_1679927360,0.0854318442919365,0.1932163152817351,0.32396901026686775
Application_1680183215,0.5940158256073966,0.4240639924949985,0.31535628916862474
Application_1680533625,0.745645609920719,0.3549526864067344,0.23479118637458715
Application_1681361801,0.072726244681873,0.17186990000445512,0.3477964648807964
Application_1682480934,0.5273881183931853,0.44404883074986495,0.3480997474053528
Application_1684306378,0.03478114758948358,0.6992150550116101,0.024723216020019777
Application_1684479121,0.7880745381496518,0.4150915317444852,0.2918308052507956
Application_1684641986,0.019013678672810896,0.25575482717817666,0.1916981564993534
Application_1685478310,0.03648183916336001,0.07349356489768272,0.22923505766554392
Application_1685691745,0.8688051401213431,0.1566546814237649,0.16682585327699784
Application_1686395823,0.03382437156077646,0.15571651975359044,0.25512132447443053
Application_1687448539,0.039906190105038666,0.12494550601311347,0.30196607945126896
Application_1687637096,0.03619624644584198,0.2651462338124873,0.17345579893852733
Application_1688232773,0.09851437645119525,0.1741191514849715,0.31046791232841947
Application_1689074281,0.9179898919800115,0.12469750177635536,0.1802853209188799
Application_1689701428,0.7880405768115535,0.41903954161488755,0.2693630551682525
Application_1690391662,0.04950985086995003,0.7105019790273969,0.022667980116830588
Application_1690998892,0.03145360268676685,0.11509004868657152,0.26933111472972104
Application_1691065242,0.03584468679501966,0.2341033152947044,0.21801688931650615
Application_1693078902,0.05944216226261233,0.24591035552707086,0.20755460880436558
Application_1695492315,0.03477235951551179,0.18187477081027156,0.2234355523717063
Application_1698334648,0.8090395147912722,0.40491556494288616,0.26084342605203337
Application_1698620256,,,
Application_17002468,0.016065580111657582,0.7097746591120295,0.03525965777040827
Application_170273491,0.008828328614498115,0.7356878626308219,0.015517433104085038
Application_1705844076,0.030083321097015555,0.2539349303990784,0.19980367958247086
Application_1706866981,0.08743268039327262,0.11993087107956424,0.1992773525996051
Application_1707866152,0.012300038374254653,0.282083476162714,0.2368729108253169
Application_1709823125,0.06253502985771024,0.1517453634494722,0.28905533374643294
Application_1711303027,0.043866530967604775,0.18280298515238982,0.2642881288358833
Application_1711861534,0.05613374430880647,0.20592946433469161,0.3268802200979089
Application_1712201753,0.03743749492737937,0.10834101012976294,0.1304518279424153
Application_1712515047,0.6272087902889997,0.47789626066829094,0.3117858721299575
Application_1713151358,0.15826803537553816,0.37520793700853566,0.1584059505089577
Application_1713552898,0.23019818077827586,0.13333917071474052,0.2528474076947011
Application_1714501335,0.028148780141740902,0.2665414437676934,0.18332763624145226
Application_1714608768,0.006485656330485233,0.7469567005893625,0.022126455484461273
Application_1715427761,0.8446576550425042,0.3816118029837523,0.2368979991710459
Application_1717915911,0.029256186478900124,0.20098579788568965,0.26238793188112874
Application_1717953510,0.06417016222702777,0.17169449701535797,0.246858310716756
Application_1719088576,0.5074189634479127,0.5012303435674738,0.3425709668131642
Application_1720955378,0.01340252030331925,0.6886149739580061,0.03717667249740202
Application_1721325720,0.02331664786300313,0.11148125515733645,0.19415753832446792
Application_1721495711,0.007832048909219805,0.7323886447656858,0.020176763510310558
Application_1722936368,0.03749008444167218,0.24527520251404758,0.37223878645242586
Application_1725718103,0.712344751952654,0.42212738593125027,0.29533966852687893
Application_1726057618,0.8545295723368104,0.3630927032678247,0.2741347750430488
Application_1726750534,0.7973379030014965,0.41799667679863234,0.2570252457042331
Application_1726806352,,,
Application_172695266,0.35029787799014656,0.5011761752519307,0.34272005633151725
Application_1728000220,0.0370830657852802,0.22087605540172772,0.17874716257322756
Application_1728090308,0.7082531586655353,0.48849236152603703,0.3117524027354241
Application_1730778542,0.03116797163976824,0.23312110017275717,0.27117685884838155
Application_173122257,0.038933026443156125,0.21436217278460176,0.2368522468637611
Application_1731267696,0.037537740845199445,0.677211110234083,0.03954311085883332
Application_1731879894,0.0322161001756252,0.6969576875733138,0.03366771590642224
Application_1732543782,0.9456845327620343,0.06083193500242379,0.13873551018717692
Application_173259774,0.3598764616745628,0.3375971923302141,0.2424055061001918
Application_1733106091,0.016838184173055184,0.05687066774238231,0.0802329672383516
Application_1733732825,0.8266191541956739,0.32009308095693,0.26117360489788644
Application_1733949639,0.039614172193736336,0.20568815794503495,0.2526879458580498
Application_1734771669,0.020533152857265848,0.08948561493677798,0.12500807260527738
Application_173483337,0.7298678930378517,0.36759431873596915,0.2965393820176344
Application_1734947142,0.7088985999582356,0.3678788120989915,0.23724981322293925
Application_1735095439,0.04735011455311229,0.18322709040211174,0.2823431311971426
Application_1735566698,0.011857076487089696,0.6769547291288811,0.13907332137616701
Application_1736444832,0.38230378180759567,0.5030463485203265,0.19037119135582287
Application_173679501,0.035580180051156096,0.12384738561646555,0.2504480595977529
Application_1736978527,0.8300045274689097,0.07256675721835798,0.09656343838367146
Application_1737095579,0.017250071879223543,0.7097746591120295,0.03525965777040827
Application_1738270116,0.015754652250929962,0.26907178341976923,0.2219962271019619
Application_1742866950,0.7374187965307869,0.4631658454032054,0.34112175243591447
Application_1743002787,0.6260544048955756,0.41721948955594584,0.36850192290199313
Application_1744217682,0.04935894416713221,0.20358578048753556,0.18787587273732717
Application_1744764747,0.7004838489123819,0.3434571908355021,0.3019868467545258
Application_1747759228,0.8909426890526282,0.2688777660481386,0.27563014557100946
Application_174900979,0.02941544970355672,0.19004897312458136,0.17862196029312397
Application_1750066014,0.04347226369759489,0.10067082634281621,0.2781567674954505
Application_1750611156,0.020027926402892925,0.14826204212396232,0.18245940758836482
Application_1750932659,0.852538348865412,0.12759499261368534,0.19339412496899383
Application_1751483231,0.8523483333624453,0.2598749132397005,0.25396269049653747
Application_1751490782,0.01173501631265204,0.7182058470125459,0.027978659291360557
Application_1751546737,0.07078960546012647,0.49819167431437855,0.17156513093128423
Application_1751763296,0.01699560246691364,0.7416601910808864,0.01624456654707513
Application_1751900898,0.08043232124984308,0.19121997192048665,0.23260854910167197
Application_1752144011,0.25809493117394994,0.4866041652773803,0.1300645390640785
Application_175406399,0.029140527974758492,0.1417833309688688,0.18245271583989836
Application_1754660645,0.7606418964812062,0.4046650331364657,0.24829393551527615
Application_1754878754,0.2641453530124217,0.537087884797257,0.15843505368862545
Application_175544437,0.02409527656704347,0.08402375434954376,0.12983153365433053
Application_1756143119,0.024686583040406808,0.1443732601842832,0.2884536989655012
Application_1756698619,0.38367738100305876,0.3543763597000066,0.23442987808118831
Application_1757112551,0.04604805189040544,0.1839504237097293,0.29903760997700124
Application_1757332206,0.7802402115475884,0.3589631949189365,0.2721159577931123
Application_1757787329,0.008187325262611159,0.670892959177406,0.034969572258109254
Application_1758466018,0.042196393146434426,0.11143183767230505,0.28066410747424086
Application_1758628504,0.0063769078774697854,0.7497828534519897,0.021975806501377038
Application_175918237,0.7100065688268752,0.415679834849758,0.2971306711315678
Application_1759206616,0.010681132891725321,0.7054126988837688,0.030232495872408668
Application_1760810906,0.054333096181068574,0.1939633549498275,0.23964460550893002
Application_1762899868,0.7988581860896212,0.40057580366090156,0.25121132128593837
Application_1764494728,0.06688525096442784,0.18161770737857225,0.31033041422954877
Application_1765577987,0.01467594796251559,0.7136588740534819,0.036508044873609355
Application_1766681398,0.0338790918398373,0.16818525753528665,0.29782582267724217
Application_1767608602,0.9473604398330372,0.16545774888970638,0.16943328577636024
Application_1768409536,0.0348084056031002,0.17778458319148494,0.23626603297796736
Application_1768718354,0.8316863820777071,0.38248138577472546,0.2884568225241157
Application_1769060911,0.007694248425289323,0.7282263420901055,0.01838538718359507
Application_1769939835,0.023088570629395393,0.2154835707870935,0.21495413588342246
Application_1770364291,0.17307940612634357,0.3910057177038628,0.1626555113205687
Application_1771092914,0.0293881233273031,0.18121011105206544,0.15366907005754096
Application_1771690507,0.05968011946541246,0.1025268692285119,0.3134627543050581
Application_1775620157,0.42298375684303824,0.3196403808233162,0.26050899479136597
Application_177572366,0.7237126200424884,0.38718596356026286,0.2552623877995243
Application_1775767690,0.041820292833320234,0.11462015117958255,0.261136466050645
Application_1777192556,0.024026177439922483,0.2430941932737294,0.1687631423677262
Application_1777715425,0.06342174719302966,0.12198105187228656,0.3126141610937886
Application_1778205577,0.3349212283585133,0.3698132715544111,0.25239018991623713
Application_1778799137,0.010250145746338396,0.7224628148801273,0.017967679872202064
Application_177897578,0.07255294799528704,0.18459682958536255,0.25740652684899246
Application_1780196758,0.032210161674331085,0.169779527420764,0.1662922506200451
Application_1780269777,0.08252015957975663,0.18416086786427263,0.2771559834583322
Application_1781081103,0.0704936933471854,0.28387437477817423,0.1776159529272796
Application_1781374917,0.6410505742171998,0.10113701950777967,0.13320958776821143
Application_1781623698,0.8461203880098052,0.36499047700898846,0.22788717251798432
Application_1781633903,0.39676568940184076,0.20338671630035857,0.14089867065608647
Application_1782952770,,,
Application_1784815865,0.802601632308965,0.3402875109365828,0.29297974223636664
Application_1785468553,0.020374405834625544,0.7342388623489534,0.04826294440497045
Application_1785650204,0.47499706929976904,0.3081775311595882,0.23715156832898726
Application_1785860221,0.8524809017779493,0.40984225565297955,0.24977130100640615
Application_1787983531,0.7059706314059606,0.35071314897834893,0.21022113860455588
Application_1789934601,0.0287216764652377,0.07779511218787119,0.10207576497000397
Application_1790721805,0.008486934033778313,0.7402556244137308,0.01914713515457986
Application_1791109196,0.038196371928324827,0.2180910612735107,0.17837349011225093
Application_1791210166,0.7049258664117757,0.3830472069654558,0.3093367063905847
Application_1792123382,0.04722913279772426,0.21362596981378462,0.21227797966480158
Application_1792327676,0.010974904750207327,0.7207166951958166,0.015075520677071517
Application_1793173151,0.886609453261876,0.24623936105594435,0.22809127902112544
Application_1795986679,0.6179944604330693,0.39238337612985624,0.323773029101075
Application_179601498,0.005882661641217459,0.7420483944012148,0.014868119845166866
Application_1796290207,0.20184139706871024,0.5234859390330824,0.15535102261331543
Application_179713283,0.03113221726897461,0.21268220447844138,0.19988796899851324
Application_1799331916,0.021777389461732716,0.14161101247103955,0.2854159546785058
Application_1799654594,0.03460469370357168,0.2726141538437554,0.18400003062954676
Application_1801593563,0.4686987325592967,0.3171541886830188,0.3011654922227096
Application_1801822059,0.5619700206012535,0.36541605231480884,0.3098057661988479
Application_1802283850,0.055276275098404846,0.28119215473502346,0.2341113604859843
Application_1803710713,0.01320458240133299,0.0234576932583781,0.06910483410724283
Application_1806449930,0.03056320990166146,0.28082737142739506,0.2507702843464573
Application_1808705800,0.597882696952097,0.3851882883815479,0.3129543489491905
Application_1811471028,0.021857839695607777,0.14688226690980422,0.1753674378680611
Application_1813502823,0.02354669226265684,0.1949072869028621,0.18813574806611655
Application_1817080595,0.02976754607312365,0.18825417985314236,0.28167012881940123
Application_1818700890,0.8436492426746355,0.1971060945451093,0.24803592309841996
Application_1819007640,0.8095161092342227,0.40473959429141804,0.2527088635763318
Application_1819504615,0.7794723095586964,0.4800211831672715,0.29292176891463795
Application_1819818177,0.02664045400485974,0.240412316093157,0.21745367952136602
Application_1820504290,0.7937347283778944,0.3791618813715665,0.28315934275397675
Application_182066441,0.2882938607265129,0.5798464780223581,0.13856415906949912
Application_1820733336,0.8076702807322964,0.387475325624087,0.23189211830361484
Application_1820883466,0.09736700303178834,0.18022236375157202,0.32520814079999033
Application_1824209977,0.0417475657614591,0.08869925164472808,0.09324348197891119
Application_1824747835,0.931750270196725,0.15494423437094249,0.16760811480568455
Application_1825309879,0.7014591551057562,0.18897922851291554,0.16370038157378672
Application_182597722,0.8269357162132546,0.40385329877232246,0.2559961977946408
Application_1826347954,0.8001263246046121,0.3876325976387706,0.28524289862829055
Application_1826390013,0.05946473664086969,0.21803349448854542,0.1752481731135198
Application_1826620975,,,
Application_182712917,0.15147557525931463,0.18979670401333995,0.11188510635208256
Application_1828404203,0.014132697337387012,0.6936679338379776,0.01721787933761272
Application_1828802183,0.042688742031943186,0.20906608012043723,0.2352446619560172
Application_1829392718,0.7790231615150515,0.40840703634899456,0.2424710217970048
Application_1829492040,0.011409246962513166,0.7341546159100006,0.021668766595022267
Application_1833582857,0.6760163354975243,0.35992870246452524,0.24119825064293418
Application_183481406,0.006576477075183484,0.7473222340332158,0.015658312480348935
Application_1835611863,0.9209137517257566,0.07618633825546217,0.1468086902867658
Application_1835983478,0.7849526958012905,0.40960564405559174,0.27228478249456334
Application_1836482704,0.7264626435061804,0.06562448702138857,0.10475777003328379
Application_1837286038,0.36228321695733845,0.5459143665871542,0.20715312102792735
Application_1838182698,0.9247267380463393,0.08011281000689632,0.2020692830858645
Application_1838195672,0.043537148490325195,0.361752685763257,0.2636502517783487
Application_1840472630,0.04914576359810027,0.2347112228812881,0.24754582109673318
Application_184143337,0.0073772596173404285,0.7183051227210584,0.01601697039449287
Application_1842271625,0.055506897052435014,0.17740695432536813,0.25794639601705077
Application_1842370876,0.021322454201059663,0.1998780373705346,0.19903587777200438
Application_1846291324,0.7313304510869443,0.4549538177056681,0.29474050198509777
Application_1846693519,0.5745149228640846,0.38694122198351705,0.31923782267591494
Application_1850153393,0.22680256563861667,0.17585243279567303,0.25766116263502165
Application_1850714835,0.08500281852102795,0.2210596167387453,0.32268093500893097
Application_1851360212,0.06901788258895737,0.0792589207378713,0.1674138215248672
Application_1852538604,0.019025338389525245,0.20891812879689156,0.17425400889060694
Application_1856006798,0.6645995649836776,0.42408167066501257,0.30437740515456463
Application_1856344011,0.8626455457531811,0.289071208857351,0.30724460821774957
Application_1857366417,0.010037182137495689,0.7125611006215824,0.021670469498067786
Application_1857513367,0.7826712357570057,0.46933298531890066,0.28005805265898026
Application_1858211642,0.1099241783923414,0.16627391167650935,0.30988173438198924
Application_1859387169,0.015241080533825134,0.7052793611684702,0.015585455091922678
Application_1859431929,0.2776742530825795,0.38224658417040763,0.17623414537205503
Application_1859537046,0.03152566998091206,0.2738213388030502,0.22765730834112133
Application_1859784683,0.7394934414612099,0.32088449673328784,0.2554821203610854
Application_185981374,0.5283183250672084,0.12065187845969177,0.1278370444700718
Application_186021788,0.6785664192411887,0.4018861105758033,0.25647328381758927
Application_1862468287,0.8388305493427585,0.4229192234592286,0.25158280487553225
Application_1863192115,0.3738303154182349,0.1104659151008878,0.2425414220488122
Application_186381818,0.06259106716967602,0.1334336873319886,0.29716564809007345
Application_1864868732,0.7725440537385874,0.40385329877232246,0.2559961977946408
Application_1865080562,0.017387060038755058,0.21592875642956816,0.20087645132165202
Application_1865256281,0.6674166983390701,0.3636769659134509,0.24871202536300824
Application_1866125313,0.024710841212730133,0.09043232967066878,0.13420265275081206
Application_1867093856,0.9032112048712629,0.16257067919802812,0.14734973095438453
Application_1867138516,0.0518710734493023,0.2421234581392871,0.27526124911645217
Application_1870118526,0.02884270700994131,0.09501396149260455,0.10175424311537956
Application_1871723330,0.011659459364850785,0.7254438908863177,0.030395858807972347
Application_1872244741,0.027856112776537257,0.1891056103434424,0.2241180990664759
Application_1872345916,0.03513230171950899,0.10969541056436247,0.26311489260807935
Application_1874674743,0.3324185793623674,0.5182127848004965,0.13607649547962974
Application_1875782782,0.03637475718692932,0.7100864799472071,0.034215630605136
Application_187611464,0.6724145968612812,0.3165819999392211,0.2078485662542039
Application_1876138473,0.8212942818784111,0.34042081910925864,0.22302276189803574
Application_1876836940,0.8759247259283028,0.18015065561235105,0.1572172474237151
Application_1877362067,0.7490966414315072,0.38407908594809237,0.24139976157123869
Application_187778549,0.014746532561368628,0.7396742714267495,0.04460723890012901
Application_1877814469,0.008321792841938154,0.7463685157542094,0.025125625651078266
Application_1879232225,0.010247688772671243,0.7428161953986328,0.014016673204300101
Application_1880895995,0.7114937701401758,0.36595472825489067,0.25558122710598885
Application_1885130117,0.07229621414689986,0.1693984480733804,0.32439965982518193
Application_188726425,0.07470134419169977,0.20195488641954645,0.3237786664100319
Application_1891680505,0.011735732982411255,0.7248083127532678,0.02607546976453
Application_1895159318,0.01991618377917415,0.11427744657776692,0.21254282216825018
Application_189631764,0.025898548413386468,0.6610553364309584,0.1507104284149993
Application_1896375934,0.8125325769500505,0.3535986044925372,0.24433429603266416
Application_1897975199,0.858804880173378,0.22613651644119467,0.2967827275752492
Application_1898457792,0.4554025770428416,0.3138792067282312,0.3019306429554074
Application_1901752708,0.40840069874292323,0.12762916273582495,0.13873619550888583
Application_1903689163,0.15270744066406838,0.1507618739311318,0.29872367725474386
Application_1903879559,0.8455623146268149,0.1649485433129608,0.17798469807949985
Application_1905372994,0.03988630620157723,0.15675822472645404,0.2908344256352107
Application_1905967471,0.08691000013581843,0.1925856029169424,0.32041366523401105
Application_1906109703,0.013791939289761055,0.7184913580802967,0.01586805929710645
Application_190734181,0.06190862936938359,0.27383155025379347,0.2788565975815985
Application_1909723515,0.7753727375901545,0.3701184972740208,0.24514424803884788
Application_1910023757,0.719526128785672,0.4203075422171066,0.2933232077374031
Application_1910885918,0.005937046502320815,0.7529409349675547,0.01773536858281717
Application_1911285022,0.4388882855057286,0.33308698421763133,0.2607986708351079
Application_1914483239,0.4463461554426271,0.3399354882277663,0.2039820163364908
Application_1917257899,0.04107230422562073,0.1930991032322581,0.36004995876760726
Application_1917346060,0.1329833368101841,0.09238282401358322,0.176145625068097
Application_1918491897,0.03927220037671337,0.10906968654395727,0.24870857331198512
Application_1918741535,0.03375363730873939,0.11061481950016105,0.2497416520063553
Application_1919362220,0.26423877551527747,0.5392543868919952,0.1237868639365007
Application_1919805494,0.08436543174535042,0.20422763117083217,0.29607349087789847
Application_1920062674,0.03607126602849092,0.10943367595480383,0.3017764823827356
Application_1920137077,0.010071038110105896,0.7415889029080134,0.016953425862108743
Application_1920432865,0.04952204848497786,0.16776629624905456,0.17980393118038115
Application_1920569696,0.018600513491035163,0.20081285175259922,0.15150611376506
Application_1920623384,0.8211069881821661,0.4081899575132172,0.2485935651116787
Application_1921489029,0.029419964028195085,0.08345335681203866,0.09462726504685119
Application_192191311,0.08046501220944752,0.05836287731496176,0.25180611171413486
Application_1924151739,0.0394233488223051,0.12038927271387995,0.30460944461666545
Application_1925108895,0.7943657343710779,0.41987422809968283,0.24023114957210748
Application_1925475950,0.05802612485984516,0.17018224759766498,0.2491521782737319
Application_1925894693,0.015422664856462924,0.7581958044013992,0.02027562751369401
Application_1926626369,0.6745551235839365,0.4289890816583652,0.25404498647263646
Application_19269284,0.8458832482573276,0.33146185852113386,0.18793096022129244
Application_192716320,0.6984551003003078,0.38819205841939397,0.2548273418421062
Application_1928577170,0.6289694746148733,0.15363567032055167,0.14648749339211647
Application_1930612093,0.8970329398739139,0.11568612006191326,0.11834317782111665
Application_1931050520,,,
Application_1931739679,0.040025500001599046,0.20298464985384423,0.24115566857251805
Application_1936633108,0.05783446333375648,0.07413908723252483,0.27508805797821634
Application_19378013,0.03653994377503749,0.13922632364070106,0.1965380237224377
Application_1938909971,0.5940274827982887,0.4227648990563854,0.32695223056710165
Application_1940707964,,,
Application_1941614665,0.06217076578237151,0.2108079583475174,0.25524341463167893
Application_1943498805,0.038249857642575984,0.31923792784578175,0.22123674845899138
Application_1943739799,0.6162286081412852,0.36015204153669933,0.2484122529865733
Application_1944447595,0.037244494554793284,0.1641892199605092,0.26410529648990655
Application_1944896918,0.07389057388735884,0.22155970819772314,0.2931536865198136
Application_1945451645,0.6267296460610972,0.3524503717961819,0.3031362598903085
Application_194564472,0.016810337937598997,0.11928342321520191,0.1987740169118998
Application_1946538188,0.5937917784718645,0.364481706278072,0.3077194679658931
Application_1947622904,0.7749641481648119,0.313326169916905,0.2319491713765214
Application_1951442644,0.3901970332412367,0.41309722478092664,0.2090784911908171
Application_1952474346,0.088357353168822,0.271901773625926,0.27450025227521874
Application_1953215776,0.6551718523512033,0.3609538983363971,0.3322571629700645
Application_1953871052,0.013215829515290517,0.19538216257321997,0.20150423400115386
Application_1954655928,0.007420202498809752,0.734186583531433,0.024682680840857663
Application_1956063682,0.5539460821867814,0.30444536645868203,0.2047151570739497
Application_1956665823,0.9097472103424651,0.18966949033801442,0.2562089204979711
Application_1957651168,0.040384670874872096,0.2687748164641789,0.18270081612367256
Application_1958611901,0.5020732904433053,0.3537741332740879,0.35104917983679174
Application_1959536677,0.904904088515117,0.1587852638553952,0.23578920211928064
Application_1959538261,0.9255318255310958,0.13245583037320316,0.15360014927567103
Application_1959777138,0.006664659141021583,0.7434991488886711,0.01742493009083436
Application_1959968858,0.011392348403073502,0.7180440334773021,0.0194081032412064
Application_1960245250,,,
Application_1963302945,0.023239692828767915,0.1426924011042016,0.1838082255416714
Application_1964644191,0.7450465887814294,0.38725473899590424,0.2860544002918627
Application_1965608734,0.033599826491028266,0.20577719959790844,0.253836469216964
Application_1966193141,0.01953628892034137,0.7408776939259807,0.015333832188594056
Application_1968934644,0.010825171381891796,0.7411257437711158,0.019213240855311068
Application_1969335807,0.021721546014456746,0.26573343327473015,0.20187004107861348
Application_196951548,0.9074088350085684,0.13833865693738193,0.17367113562741351
Application_1970086923,0.4200142322378166,0.4943133833979916,0.3862441557830886
Application_1970302335,0.009398265165761744,0.7274078627775254,0.038790726453901116
Application_1970703703,0.028363392070812076,0.2506447608953734,0.217814050925215
Application_1971226606,0.029132430059202057,0.14574369212396823,0.1690151337906172
Application_197126464,0.7894804216828148,0.42376618175546854,0.31116542725820284
Application_1971362714,0.8532230086945346,0.4197448926807645,0.30782148048524466
Application_1971989358,0.007647102869226672,0.7383280611156516,0.019966123213823128
Application_1972046847,0.08362196517812989,0.15321321563640392,0.21460736885097106
Application_1972637504,0.7793972036740476,0.3872418798294158,0.25057125161838667
Application_1973871032,0.009008842847515276,0.7391152861728716,0.020366750755028445
Application_1975160417,0.6212375813482656,0.46541589829171737,0.33159931542933546
Application_1975504088,,,
Application_1975819852,0.05741673825937489,0.08073903957977852,0.0978611236608453
Application_1976004129,0.8374677248830266,0.33117354560445667,0.3147193599495189
Application_1976127206,0.027730870789229218,0.16819663784701672,0.2132634797266648
Application_1977502639,0.29118957631916575,0.08186361944767295,0.25231780678116356
Application_1978331738,0.028593808927123685,0.20269698621903603,0.22294617652929313
Application_1980887074,0.18892458948778548,0.16081034912400843,0.091834141964511
Application_1981121598,0.04922506085065636,0.1941152624693218,0.28893866386994915
Application_198284297,0.03686298014642924,0.1737840743790299,0.25265963081506687
Application_1986394502,0.8038788117487323,0.3964646568125925,0.24597793989865488
Application_1986459524,0.025002902867549078,0.28498167546626274,0.3825195696147855
Application_1987831323,0.024582235042317168,0.11245850004723129,0.2484371643802135
Application_1988195018,0.7669764685499482,0.3656199667718723,0.26074006616239537
Application_1989234441,0.15550183175114907,0.1536626200174532,0.26098307067019566
Application_1991464898,0.08832668745976852,0.21756970891603042,0.24788966850094732
Application_1992619767,0.7883799499271994,0.38061809666798013,0.24842905205155325
Application_1992867148,0.049480391778218696,0.1815520417341484,0.18567269459235325
Application_199304010,0.7135555662580735,0.3650510238296144,0.2448461280650789
Application_1993192295,0.03637167546943541,0.13586797058020036,0.31586418169343056
Application_1995644843,0.7597837167439534,0.40121611903990234,0.20935102385501153
Application_199635820,0.8037042242448137,0.17558695337888353,0.19814570722741306
Application_1996843325,0.31024125808074987,0.2995202095829033,0.18417632222007307
Application_1998307400,0.7420956659641186,0.36595214688518696,0.24298782013447787
Application_2003767759,0.03275038440976826,0.05141357453605444,0.09636724314703107
Application_2004089393,0.658912689822083,0.40747799094237724,0.2540305625530682
Application_200417599,0.8708346008475197,0.08408759838311786,0.11410535028588616
Application_2004968371,0.012836819612313664,0.14023745536877358,0.18247434173606333
Application_2004973545,0.6937229377281998,0.4350598279758172,0.29334765987327976
Application_2006713022,0.006924031807579113,0.7433882427198664,0.015355215754463934
Application_2007562055,0.044572338157912506,0.11161068451015696,0.21336869274871284
Application_2008203162,0.5713859842845418,0.39214615815879394,0.3127820022661075
Application_200942443,0.7593104555181103,0.40060130589766374,0.24078562929312264
Application_200956558,0.7048912428473413,0.37031674260183145,0.25190226245124203
Application_2010104450,0.03432251018630331,0.2500401660854797,0.19067745312773016
Application_201115305,0.08864133325080238,0.1615483605068339,0.31124095628947646
Application_2013830829,0.036764681449030716,0.24389936180571314,0.18683757713134447
Application_2014671768,0.01981864332187421,0.15414122078053635,0.16572470518415144
Application_2015161420,0.009531177716567332,0.7386312303016516,0.019233865252834353
Application_2015423706,0.04225275584156497,0.1755283276788751,0.23992828579121728
Application_2016510614,0.8278794328871162,0.12148538420514615,0.14828574190282698
Application_2018809027,0.2300498234815689,0.5328574235493599,0.14763326800007853
Application_201975224,0.024663966766019257,0.16537326631696742,0.2002367289479414
Application_2020541045,0.017122977855325173,0.15315348944060847,0.17921319702817115
Application_2020581879,0.08632297673231207,0.23866708599132186,0.2958310825233187
Application_2021390880,0.9372395974648742,0.05994677272275872,0.13859759806855287
Application_2022118906,0.886049248024407,0.18794409529170583,0.265565753599206
Application_2022507317,0.03130196708560877,0.05340643427318731,0.08257121104450055
Application_2022755119,0.9108033043065011,0.09586566913773076,0.10076322528218988
Application_2023468525,0.02232021519482189,0.20280551190988264,0.1515860694517482
Application_2024244758,0.8884747823931876,0.31710192293512,0.20795955181402762
Application_2024477286,0.010974457455386404,0.6928824177625317,0.027403219824392346
Application_2025018320,0.0502285277480009,0.21032942306836322,0.19050688150746733
Application_2025703180,0.40827744462965837,0.24463462982970172,0.1251290425953082
Application_202572480,0.1974595509436911,0.1767032886419705,0.22205799546836796
Application_2026841022,0.7876378926446025,0.11026743594253499,0.12835095095565324
Application_2026952165,0.04106276553629995,0.12724070492276,0.2732674717454004
Application_2028180559,0.018428854829211996,0.29138495773706824,0.21576571135566236
Application_2028590322,,,
Application_2029271670,0.008457588715084577,0.7359040290829095,0.01685970088498876
Application_2031841757,0.05238967271045533,0.18172837013907936,0.22593646164150258
Application_2033120546,0.03346046095541714,0.35606237085888026,0.22075488783681513
Application_2034295537,0.03175633046774397,0.05703421477539594,0.10609248004337728
Application_203590810,0.1740452329343657,0.12101229804179012,0.24682723776343202
Application_2036474370,0.010173966123677037,0.7229007457839849,0.02052613711555935
Application_203678331,0.04662753907895246,0.13553004901535534,0.26477549269801975
Application_2037954458,0.8891000295652051,0.3122707827207487,0.3254559098475291
Application_2038146278,0.1968279285814928,0.08672430608872955,0.22921194750669532
Application_2039657007,0.02250257347290924,0.36531865698547145,0.09460142364742852
Application_2041306952,0.009816231737793404,0.7443364806274038,0.01895137632825355
Application_2042834818,0.05379670759117189,0.11158943804572424,0.22864999137855524
Application_2042847086,0.07273319983784594,0.15404111305406995,0.2877132084764279
Application_2043967522,,,
Application_2043974733,0.010828226885863634,0.7392901320229955,0.016119491652613723
Application_204408152,0.037405858879027365,0.17172373613505326,0.3034209012444111
Application_2045954559,0.04558842927321117,0.0649738008830209,0.33138315874895824
Application_2046501407,0.05489339404537858,0.1070838186728314,0.2359158196518572
Application_2046683533,0.3761918014502794,0.2551217964056894,0.09877469134192457
Application_2047886665,0.8449825903379031,0.18410906998342474,0.199217012879934
Application_2048027930,0.02289175929298039,0.16622335689306555,0.17490771876001832
Application_2048171626,0.7149930646386546,0.3149708622818969,0.25775361734529795
Application_2048278308,0.005574181252752925,0.7381432012287901,0.01640870072547554
Application_2048323360,0.0556688973073389,0.15535024118648824,0.33572102956299277
Application_2048381730,0.021296337712847495,0.271087052954437,0.17859264746564796
Application_2049849151,0.005280601678973637,0.7332093834736908,0.017412971441360243
Application_2051550880,0.13365608879395968,0.07927401886534988,0.2529272376132002
Application_2051799809,0.15975717850425136,0.11495937105875853,0.24964428393168184
Application_2051951033,0.010624653686941442,0.7385846117172916,0.015926392828755295
Application_2051974818,0.024226598282660543,0.26470616014263215,0.1720859420093038
Application_2053272389,0.057620941776207975,0.17004132166208052,0.25379796183238296
Application_2053888323,0.03215955877724492,0.17223004319332114,0.2993681814220186
Application_2055100599,0.0381063231556926,0.13387065448228105,0.3018284519143412
Application_2055157815,0.038627055624148365,0.11588033035401185,0.22779880807501227
Application_2055185181,0.006896759626607553,0.7351072209689677,0.017029773824287907
Application_2056174200,0.03292893361103459,0.18811327035221123,0.2454605391340176
Application_2059632280,0.04182087906833381,0.14235285135013506,0.2884449394386235
Application_2060708769,0.8722127770370748,0.10446312586553941,0.179233962907766
Application_2061020149,0.04401888617604411,0.11280760076906118,0.22143539791071845
Application_2061502784,0.01832239014579698,0.6578226086719867,0.15749287333986736
Application_2061784142,0.2214880798635933,0.49711616147344767,0.161910605844669
Application_206222910,0.013393149274349996,0.6871015653293229,0.16850889142147332
Application_2063179478,0.9033211630316339,0.16392977079189153,0.1443024701596374
Application_2063828851,0.768706343033588,0.3801452047400054,0.31036372775151916
Application_2064798594,0.06141008411207239,0.11380318928432173,0.12396203797478354
Application_2065559138,0.793676511714505,0.3786270952031143,0.23324051237793858
Application_2066939992,0.7122135807615491,0.3696187637850084,0.2554084740464492
Application_2067187791,0.02026950508555448,0.21740598111487427,0.2659823003894928
Application_2068853058,0.07709640848103734,0.19024738888343273,0.2597838101169188
Application_2069481439,0.050224153518596534,0.3014715260504804,0.2565639166855386
Application_2069545303,0.028519278912176014,0.06495540759990787,0.09064565572985746
Application_207185826,0.035760735409175105,0.2539915317212602,0.1889138756469021
Application_2071863649,0.07651794149121721,0.20213955340891498,0.2711945213771496
Application_2073034588,0.02867134073448151,0.7177159165835294,0.021582399399360973
Application_207339253,0.0252278495818172,0.16380611290294073,0.15174181608711348
Application_20738828,0.8399475529107637,0.3620646546218281,0.2995201861164954
Application_2075014351,0.032949642975502534,0.1090525848429634,0.1936454602887496
Application_2076314524,0.01941809622873594,0.15874286675658267,0.17159675248667308
Application_2081068908,0.013929952729130106,0.7108060426146261,0.03476821197726319
Application_2081457336,0.07287380860179118,0.2728521172777769,0.19710149042775915
Application_2083683673,0.07757568031950623,0.23992925634810713,0.2787706163168291
Application_2084259712,0.011119708239427328,0.7263666213241993,0.021438967072676087
Application_2084774321,0.8203485677257932,0.4098514839011031,0.26335456615468994
Application_2084907175,0.07249893091205623,0.08080136770251622,0.1259549022041452
Application_2086545012,0.823748180089014,0.41499647379507965,0.27987888851286347
Application_2086686091,0.03498365048007513,0.2608043626030963,0.2130772666060103
Application_2086754710,0.06783876729612164,0.23101551458588582,0.303937241779265
Application_2087006463,0.054149493586161605,0.26262874701300365,0.35477305324810454
Application_2087713022,0.024587017813315366,0.05125044168330045,0.11629138278470189
Application_2088099791,0.03670953328985101,0.2984853708829034,0.31491402344228775
Application_2088969676,0.040025500001599046,0.19837910586162452,0.24265055313409478
Application_2089315207,0.4073839707117275,0.2659235128358425,0.1851584102345081
Application_2089979544,,,
Application_2090544740,0.5262606548076656,0.2911271460574676,0.19513575811615563
Application_2090776603,0.39917329375806243,0.2118613141169737,0.1492161910363238
Application_2091145908,0.6522814988877302,0.3667411156758583,0.25280857894725206
Application_2091517201,0.036803201298263345,0.691351179351712,0.03848773342614805
Application_2092228035,0.7760862750513648,0.37975802551347726,0.24236621745464162
Application_2094441836,0.5527908940907794,0.4393504363394068,0.29503969151510673
Application_2095793548,0.028906138106401278,0.14116042372945634,0.1907110912302899
Application_2097115739,0.8210907382482597,0.33199343035449536,0.2878488657564262
Application_2097420356,0.43123506449597493,0.3565959205836498,0.2175065944311538
Application_2099334395,0.05139294551766544,0.2758114279199944,0.21558729786794578
Application_2099511368,,,
Application_2100311621,0.8224067771388496,0.30469139540174617,0.21429521075481028
Application_2106173395,0.008216154388036512,0.7430400180333651,0.017001004830540435
Application_2111973389,0.008886511367384638,0.7246335485499575,0.021018048903112603
Application_2112573494,0.03647911929791058,0.28089145121663367,0.2567873882404246
Application_2113040289,0.5261129586990478,0.4440748785511068,0.2871419142951762
Application_2114671174,0.012705668344240112,0.7416601910808864,0.01624456654707513
Application_2115042059,0.017300905210345007,0.1456753628603873,0.19462832357505253
Application_2116062822,0.010033852588575068,0.7368408574318801,0.026920029427127394
Application_2116148116,,,
Application_2116821761,0.011927655304028206,0.735340374768203,0.02114510467704074
Application_2116960252,0.050621902908414604,0.15920827858349,0.2926137077562549
Application_2118057291,0.5890440545208917,0.3914590564391741,0.2904019317746251
Application_2118887844,0.8235109351435441,0.32061825018831475,0.2159036377360755
Application_212002191,0.029545059467506688,0.2098810473392342,0.1753850327406951
Application_2120715071,0.1703221514545225,0.09702474756557886,0.26254403932401404
Application_2121891434,0.3239282366892757,0.4885493100939845,0.1811002314844389
Application_2122792904,0.04120132700633476,0.1680014199006439,0.17278210161479748
Application_2122822719,0.7307836255402986,0.36894681719036787,0.25193446836662103
Application_2122873300,0.059822003454975535,0.1881142197782019,0.2548798301490291
Application_2123204513,0.015288194668233442,0.1692961285146811,0.23181963353362867
Application_2124127933,0.9148572871307188,0.16503904381300455,0.19389802463317818
Application_2125694475,0.5846881695775799,0.3712410380739193,0.24442972383518502
Application_2128172349,0.5430744167659328,0.1699417224108131,0.20582477977087224
Application_2128191185,0.027716327511937307,0.1829418012959162,0.23256449693343953
Application_2130486641,0.3989093070118229,0.3090808865433236,0.2700648215979812
Application_213211686,0.04288123611239066,0.1031636213015702,0.31179705534268193
Application_2133089583,0.08775143242833465,0.17087872060505066,0.3149664971446375
Application_2133818678,0.9046340950730448,0.18500001240782088,0.18815493657739935
Application_2137992191,0.89809114953734,0.14772002077001808,0.23016062245929644
Application_2139692519,0.44891664213036603,0.2599836559716696,0.12212954709951936
Application_2140045431,0.7864399861925901,0.2593694266765424,0.29308120158041107
Application_2140770767,0.035084888373265156,0.2701457302344704,0.2956559970501047
Application_214156122,0.6249237089638049,0.3741848947583987,0.25704118954063143
Application_2141999798,0.04955421849727781,0.09083674561337576,0.14211342504775343
Application_2142719268,0.033960775304926895,0.1074947932590618,0.2495700137416414
Application_2143988715,0.014817717160281492,0.7159610717033869,0.03241543933033846
Application_214453134,0.630242065607578,0.3917274847029278,0.33013280407841944
Application_214453442,0.06306566381887857,0.16710961215993667,0.21378980015215746
Application_2144842406,0.20323639085067643,0.20742514442292234,0.42137028257259024
Application_2146296643,0.9374413805968708,0.13061669160991768,0.1804766190889686
Application_2147170228,0.014228416690215863,0.28900854061118875,0.18726548545600258
Application_216211515,0.01127139281026372,0.7279725575490945,0.01656741029298912
Application_21634890,0.07397549446376264,0.25933661051353335,0.2507568371224402
Application_216444008,0.9262941605629817,0.1066715410050374,0.14156709662215833
Application_218547280,0.01559981948013071,0.1808549787915982,0.21054037726999286
Application_218707596,0.07961081485933541,0.31000597860221346,0.3214266156396143
Application_219576331,0.04446205707943099,0.207272771820537,0.28837672382239865
Application_22019692,0.04244810585316831,0.06926445308653773,0.2334675903818331
Application_222629422,0.047689918784122154,0.1432890591690618,0.25396236092013214
Application_222827091,0.04271537754416546,0.19967058508464608,0.28472827914859833
Application_225586063,0.7072349371449079,0.3698132715544111,0.25239018991623713
Application_226209957,0.08921253287799853,0.16836066859674675,0.2614137621926334
Application_2264928,0.017176938957796855,0.10984145761686073,0.28316054464245466
Application_227170121,0.28673026228696646,0.5341031778444645,0.12312735771467817
Application_227670423,0.8089346512599469,0.40202942548432485,0.27853294704129644
Application_228373770,0.04439988452882757,0.13392196513893856,0.28143432702590704
Application_228928958,0.8926227767028212,0.12147585313699846,0.17716310362426574
Application_229012140,0.039527778359503364,0.1120111633758003,0.2857907143351876
Application_229606305,0.7732405181576456,0.39233521442637087,0.24309959159167524
Application_231527175,0.6779873266103823,0.40755977008137373,0.2991666276540569
Application_231751553,0.007560209586084097,0.7367884944875044,0.013137702730035106
Application_232254008,0.0413322418759365,0.12630058245239612,0.30940973736965705
Application_233064512,0.017416209029951932,0.26964880802229496,0.1741266437146765
Application_233989937,0.09929394633621665,0.1452771486905276,0.31455020238044246
Application_235535721,0.06393043189698795,0.17815302435145974,0.26044849589764296
Application_236717130,0.01633182197026483,0.14386757741054412,0.18011854020162102
Application_237775087,0.04229112367935703,0.10330068010955712,0.24101635313702116
Application_238546830,0.6465945651837006,0.18801446782951753,0.17204791101230768
Application_240111953,0.03919424436168425,0.1986382791899499,0.18661852299082432
Application_241318555,0.016910710355899007,0.7150303788894908,0.026486229818531232
Application_242709495,0.003752437649745086,0.7092834495585663,0.022961181634663635
Application_242826105,0.03859890600757954,0.2492762463074798,0.22971340656728534
Application_243887576,0.7304664114266679,0.42146254628519364,0.31539090268976017
Application_244396187,,,
Application_245123210,0.630242065607578,0.4015572556352581,0.32940907220597265
Application_246097895,0.031845753725642786,0.22899421037789341,0.1705173632972896
Application_247317164,0.027040043333204283,0.694293093236299,0.027487624196782724
Application_25063668,0.023970556237529524,0.10848481702963655,0.24439275550722547
Application_251097614,0.8162742594822764,0.4109521125032509,0.29577423672823894
Application_251304842,0.04196821783351499,0.1981153935475377,0.2932664824830615
Application_251670774,0.057089552513081405,0.1941816601229068,0.31358477923801353
Application_252272828,0.05289358367621272,0.20144991812087493,0.3128732364255549
Application_253227112,0.014604235169219486,0.7144016636061604,0.032737341880241036
Application_254824641,0.026541004421716776,0.19470009144009015,0.18456823101644992
Application_254836121,0.5486501781967051,0.39830090765791104,0.27205831726284463
Application_255370233,0.911873350288451,0.09080454076671038,0.1878075730839949
Application_255496047,0.9325058683158246,0.16369276467883342,0.22511048720068597
Application_257082685,0.7092370576213789,0.3659381846473677,0.25158759674411635
Application_257928635,0.35273973693839944,0.29996882862951707,0.21066868027508828
Application_2595810,0.7532011985802762,0.39303394606158837,0.3140472164676823
Application_260257809,0.7040684710626539,0.35449001857986734,0.247485569524541
Application_260635392,0.8927307291849446,0.20839689678167236,0.1788831551991118
Application_260702936,0.6967774634920854,0.3486516176413425,0.32108717394579256
Application_267475970,0.6617169387356406,0.40311650380863573,0.2657373443799159
Application_268406883,0.06963613722274173,0.2612999470019228,0.17832909758759896
Application_268523137,0.006893133051634717,0.7312406814263487,0.030488663637103716
Application_269341222,0.8528359513869161,0.3389429599281392,0.3102157753873761
Application_2694097,0.07012284579717011,0.11715481104101372,0.1564734672104864
Application_26954699,0.8096625288253997,0.39778327399874913,0.2540459193074299
Application_269862060,0.5381337503195319,0.395958640668779,0.24613152423255127
Application_270485252,0.01145675429515544,0.732260877869707,0.017190034087721268
Application_270506031,0.8498986813571492,0.378871207009756,0.2277822070190858
Application_270571049,,,
Application_272933056,0.05436993880561651,0.1756332838296202,0.21403785515710194
Application_274240684,,,
Application_276603327,0.7011594046941385,0.1374253188562538,0.10059839515009814
Application_276618599,0.07137526773863474,0.07297419731557225,0.1235819939201124
Application_277127069,0.7003593156302688,0.4134771672379969,0.31338689477578374
Application_277674975,0.8268560484189552,0.39122721467842053,0.2798552561059882
Application_281838380,0.03173108964596058,0.27241740292038447,0.22659036545476158
Application_282114630,0.7125696887183521,0.3591924779424336,0.2493541929555145
Application_282254984,0.6446928139088677,0.42408167066501257,0.30437740515456463
Application_286137335,0.07344898486178765,0.19394630470817006,0.2617318433790447
Application_288925921,0.04681624870946373,0.3064871133890173,0.19988614267949173
Application_28930757,0.7422326835027426,0.4562754597624772,0.25400700162818146
Application_291332257,0.8100823448309447,0.37774866620985753,0.2284480667088371
Application_292094395,0.015834697839255042,0.2341568632644584,0.22135902441121924
Application_292866700,0.7933192372125815,0.3816399490135042,0.2476223527673018
Application_293379010,0.04042291017331745,0.18795091119118587,0.36760740649751744
Application_294013307,0.014004945323381363,0.7355354765325064,0.026937151792039017
Application_294586112,0.055775292660893094,0.1636556414430945,0.28143781082398983
Application_295284443,0.475902379410832,0.39029122767853686,0.3010235141671302
Application_296888635,0.3660647040635748,0.3152478710530636,0.1996490710777091
Application_298129713,0.03411984675056096,0.24513308748771323,0.28708908177454956
Application_298744583,0.11676121186387314,0.25056957732960017,0.19236529447401074
Application_299068395,0.13859639044425096,0.24224643819330838,0.40913189705883857
Application_299209464,0.06947086766784365,0.27722318816580266,0.2507882562668884
Application_299698075,0.035729213781176626,0.2629202608439405,0.1080921289600149
Application_301727231,0.8083900718368751,0.36370447187938004,0.277567545397382
Application_303703837,0.6189938015249241,0.39999637440195407,0.2961703903439287
Application_303866233,0.041933421405334154,0.17162249269763505,0.20156704489585336
Application_304004510,0.00708857636621557,0.7548506876192678,0.017004929024824336
Application_306086229,0.035167181956660194,0.13262565296118822,0.27751239015980045
Application_306812685,0.0233803999387443,0.2009364916624794,0.15707561981045384
Application_307801348,0.05174690898600209,0.12415284340094884,0.2479806994072008
Application_308066254,0.6625311720431155,0.1640806219394149,0.14613678002091457
Application_308748254,0.0394800941299409,0.16866150760792292,0.17430661344369214
Application_309815171,0.8385704185585163,0.4203817388984672,0.2920608053085252
Application_310417357,0.05529034611995728,0.2101532549201367,0.30919885053472007
Application_312166095,0.01756225759925307,0.12060038919827601,0.18325211519999074
Application_312224974,0.016923328827808008,0.7221142334480168,0.017911808150855923
Application_313152544,0.03209832074178463,0.11058839279494778,0.2613660100683312
Application_313527996,0.055506897052435014,0.17740695432536813,0.25794639601705077
Application_314854055,0.020715243204679303,0.14219787991975974,0.19328885660647213
Application_31519304,0.023759221244716487,0.6601023751582813,0.17064302880879928
Application_315782607,0.06373897463377251,0.19475105782860394,0.3163075014453095
Application_31697623,0.030006662588789805,0.035918046473426335,0.07234304779709974
Application_317789291,,,
Application_319284701,0.110368150756279,0.20939393374291865,0.2516700176554187
Application_319847090,0.0054288285463694715,0.748019808887931,0.01998161434334846
Application_320538845,0.030050230369018643,0.28533033848812644,0.2892403361656013
Application_321053191,0.074826885511893,0.1925856029169424,0.32041366523401105
Application_322297326,0.5548193635861611,0.3677740409760149,0.30550325802593065
Application_323040575,0.0741788385668836,0.23655433749807564,0.265445171781698
Application_324026343,0.020981359338695927,0.13365861116788091,0.19575705301725646
Application_326473270,0.2528368063667353,0.5180683214532753,0.13252353054256538
Application_327072822,0.7605847209943718,0.3470449150470587,0.28765069937401566
Application_327149374,0.007604579403738305,0.7386533323777695,0.01419751335460545
Application_328046969,0.4708397422921319,0.3661662054390592,0.31796518055249345
Application_328120747,0.8737968376341548,0.10741971217764287,0.20401971769319563
Application_329140480,0.005870602513826645,0.7585447633291769,0.03055174666343908
Application_330251746,0.6086872882805546,0.32953545444717885,0.30888880847029854
Application_332704649,0.6708399046670795,0.20737311259948873,0.20042699982396792
Application_332811786,0.01330273123020072,0.7224206962146847,0.019709769761917843
Application_335537557,0.7283879747700477,0.3396384738080934,0.3010483569702951
Application_33745946,0.4195626400137559,0.10196647611965853,0.07104888748178897
Application_339123229,0.07211268377304837,0.03134891306397425,0.06926995723355839
Application_339123431,0.018193127444823463,0.1301128889890415,0.23819942828916219
Application_339327672,0.8594286397808953,0.31149000507703206,0.20744187914344397
Application_339730120,0.7814705141833957,0.368883759965354,0.27832476047978644
Application_340094554,0.006519267298746972,0.7484447748331143,0.01561267305235815
Application_340321174,0.9232494790753836,0.10581275177521379,0.1666952898693658
Application_341875321,0.7103815170408326,0.37767754828691535,0.28744077272539914
Application_343088948,0.8344668451383855,0.3939669386765041,0.23014648864131265
Application_343744148,0.15149092153212274,0.08073179363135699,0.305219616432156
Application_345264629,0.07647469974635847,0.2152947139139449,0.35272000129331826
Application_346568508,0.035380117963221484,0.13729074871516972,0.2890521489507957
Application_346829278,0.38442388744950456,0.32311791833816406,0.2272960261346653
Application_346848867,0.042361033945822274,0.29815213196793616,0.2607774869081641
Application_346988751,0.8787909500036845,0.10982885618867752,0.13935494600384335
Application_347922674,0.10855461156448064,0.05202900122068871,0.23048017349615854
Application_348990686,0.08866566282891529,0.2142207567518622,0.20197026622075878
Application_349515920,0.8129623166373062,0.5217828176880152,0.32998227389782364
Application_349709198,0.7178210453372008,0.41494110255823824,0.3384244178340426
Application_350793850,0.07120169828931296,0.23408971921337834,0.30280936164976807
Application_352165642,0.0062191770456144655,0.7261461814330379,0.02057723947010673
Application_354855594,0.07300687613909015,0.18849439714844557,0.27463683623829444
Application_354865116,0.05284906508627608,0.2724185192430946,0.21304018439647932
Application_354974392,,,
Application_355701690,0.7609080435126842,0.3892598011630382,0.25335776406592925
Application_356808628,0.027051885501491228,0.2808270415996312,0.2365455220402137
Application_35738339,0.030131677595961442,0.7139610294877825,0.026971859474615695
Application_35745002,0.10207722838616612,0.14480480323483594,0.2026444461826982
Application_357880380,0.014313202636824035,0.7126062145160676,0.029770107466813873
Application_359276048,0.8948513406140834,0.3453285452669574,0.22885249231653618
Application_360217923,0.26855903766448025,0.5196350920470568,0.18532365697007305
Application_361573979,,,
Application_362543186,0.06067906091358094,0.29323083077514006,0.2625477889364945
Application_365332446,0.6600068622384669,0.487076112946879,0.2907257265591077
Application_365485542,0.06312829993425334,0.1740132715223694,0.26718673268623283
Application_366121400,0.025343213291473363,0.17969636810757392,0.216743701962056
Application_367455904,0.05349263465709727,0.12073614782284989,0.24589448043708512
Application_368167256,0.4770574723516639,0.39029122767853686,0.3010235141671302
Application_36831628,0.6904688914435865,0.4054029933238743,0.2921075183057887
Application_368529383,0.030173883391845454,0.16174261954339908,0.2547162327818385
Application_368638647,0.8393166673286183,0.3306153959277404,0.22823975742167646
Application_370126110,0.21445631685539318,0.3796091956403361,0.1537401144028874
Application_372912766,0.13595078323949758,0.39014941377845946,0.15880794782085483
Application_373875255,0.029044960916726165,0.14574369212396823,0.1690151337906172
Application_376118809,0.05188805166657393,0.09877635438146021,0.31084444618280876
Application_377692746,0.03288953272146667,0.21858826137130788,0.1627945187808953
Application_37787490,0.55783992292633,0.4493485446935317,0.2643123339771073
Application_380097845,0.753656222853333,0.11123572549698507,0.1162269242262189
Application_380770908,0.8737974520519994,0.21192502535467098,0.23897486479292174
Application_38081486,0.07025827173001138,0.13850858961774454,0.2892610966043929
Application_380969432,0.8231017603227505,0.39628691335493166,0.2549687639507855
Application_381087716,0.006837319348582058,0.7548506876192678,0.017004929024824336
Application_384814296,0.29518792657410575,0.09953182361908086,0.24988617988139603
Application_384835333,,,
Application_385045680,0.03587389157054619,0.11184835387824096,0.2774729124888288
Application_38536393,0.8514623092545911,0.3652852267985638,0.24066196280184168
Application_386657742,0.21280554761164155,0.3910057177038628,0.1626555113205687
Application_387778376,0.04588929007372287,0.08837304627651626,0.09732393466820523
Application_389831964,0.8721090152258717,0.34878611791758707,0.30162647926623126
Application_389962709,0.9031310645294007,0.19003731052374112,0.17528956298352458
Application_391099640,0.02234694328331706,0.2357990498557433,0.16626602244395564
Application_392275405,0.007693336444465562,0.73123807259955,0.018725932603613226
Application_394037983,0.07261738307604486,0.15321623973335494,0.26837723611080166
Application_394946724,0.3522367384901053,0.5064712022607841,0.19149336335204367
Application_396027178,0.7496292421702283,0.12369643709008502,0.14709959989317606
Application_397038537,0.02403322285950564,0.14562666416054876,0.16210574879977416
Application_398065440,0.04345940014986454,0.15824595369278807,0.3115697067799894
Application_398250446,0.8620214998773275,0.15322613019952527,0.16852115284819716
Application_398311287,0.07683741008121774,0.1903852881447207,0.26119393726600404
Application_399001926,0.8803098397713748,0.08125451847575868,0.11437356430684631
Application_399934391,0.0495581564658913,0.24728559605344383,0.2484972405462347
Application_402938046,0.06791030282545188,0.22937906750560128,0.3281114413529138
Application_403304705,0.9360221895007724,0.14207960340032938,0.16684772185746696
Application_40403797,0.8259863425153995,0.07717037579867148,0.09133107882319648
Application_407461155,0.7737175232473129,0.087698685529255,0.11393380502537649
Application_408864407,0.05296808259644831,0.13343350495420886,0.2992945500549326
Application_409154003,0.029188551005909447,0.10956279851919476,0.2516065468125712
Application_410056038,0.006272141618467982,0.7214014155631483,0.02497206597875468
Application_412434860,0.8199717247470452,0.10708624362049204,0.13796390715209259
Application_413047262,0.5415431855313072,0.15374838424242043,0.13544743220582062
Application_413991815,0.15504309090711024,0.13446584216727378,0.2734477107808822
Application_414227837,0.6896665052900465,0.07858322817147403,0.11134333822427236
Application_416188880,0.058426620049436,0.219804226593997,0.21007909970994104
Application_416694962,0.4297410467372047,0.497330060764518,0.18002951147616725
Application_418738843,,,
Application_419933910,0.656318879799622,0.5073852282189564,0.2972957273099015
Application_420380783,0.9003307542506385,0.12770473763969142,0.20996558683646327
Application_420599570,0.37834716801495893,0.5646596693106234,0.11370873940225322
Application_421465179,0.17651190236396652,0.35754964388235466,0.2844778238241682
Application_422637212,0.46261667061006273,0.12625861375897468,0.10301732791166608
Application_42337394,0.8037085404452362,0.4443937806324466,0.3081465236274914
Application_424064154,0.03441773638007747,0.17837175138450106,0.2250163258491154
Application_424977058,0.05717345285009811,0.15535024118648824,0.33572102956299277
Application_427316676,0.03878624548101131,0.1485490046660908,0.188105786230887
Application_427975818,0.04769610997862129,0.12981723973752426,0.22383168966258118
Application_428745471,0.011225699596096712,0.7118781747120089,0.033993356094793856
Application_428955021,0.022540973623236576,0.11436123510534871,0.18625399197925205
Application_432430277,0.007519250071628828,0.7415963422267362,0.016221391246851263
Application_434354946,0.04029566076919297,0.10401694086634367,0.32282739317553444
Application_434840997,0.07026796609325484,0.19362876705880455,0.26219960784722296
Application_438711887,,,
Application_440695787,0.038494616831257225,0.18675344847578945,0.2652045016834762
Application_440813334,0.03176657753662547,0.07805912154499828,0.31272678207059423
Application_441853106,0.06704315236972558,0.06985227088307533,0.11308936229954653
Application_441988653,0.027960809221058435,0.1660556760733501,0.16492673237816474
Application_444595223,0.03934322313734987,0.09889182985827141,0.28276401465809103
Application_445609887,0.46951608468306466,0.36390455565772306,0.2570199939140649
Application_447126113,0.06217076578237151,0.2108079583475174,0.25524341463167893
Application_447138954,0.03837853429807375,0.21315745252645488,0.19595453870206087
Application_448145454,0.6957530910157653,0.36652972970016123,0.253925454917013
Application_44859446,0.5033112291343065,0.43216722343578556,0.18718488745894227
Application_44899860,0.016759447473491614,0.7595722271544618,0.022931118369865576
Application_449256078,0.018615515926683177,0.20863911683145614,0.21534962997307516
Application_450127919,0.008428576835332822,0.733455850077856,0.020444689110717805
Application_450250534,0.01705802466396883,0.725116795835218,0.020612254809417505
Application_450974072,0.4662116387207911,0.3271051629894518,0.25849130327958575
Application_451838490,0.7170659969847935,0.396518985406219,0.2490991314924407
Application_452728375,0.790644316345469,0.3551260621828103,0.2971124463564543
Application_453833865,,,
Application_453847467,0.719526128785672,0.4421334323457803,0.29487775550190276
Application_454064051,0.032627951761877196,0.102046577832211,0.1787936439149163
Application_455616073,0.858341090955214,0.18497607639220986,0.17023666134416943
Application_455972560,0.011700248856587542,0.7445295936818619,0.017333594218860944
Application_456023338,0.420393495590272,0.31638939408331274,0.22604567252645907
Application_457947056,0.08714633236412947,0.1925856029169424,0.32041366523401105
Application_458227713,0.031298694854558544,0.14681531142740678,0.25576158532382454
Application_460231462,0.8389977415959552,0.3477239873894399,0.2949246986271699
Application_460974455,0.04199209656768398,0.10536608006710874,0.24283100678123748
Application_461107030,0.3934989011680496,0.13830187862791252,0.1012664251466177
Application_461173805,,,
Application_462216549,0.011126811957696941,0.7174565390523062,0.03219780635131016
Application_462882090,0.00497428895318972,0.7394032863553504,0.017778334318740034
Application_465680144,0.018649206541547857,0.7248542188555614,0.03647632779181276
Application_465715339,0.037527515621588674,0.09511285154705032,0.2733939355031828
Application_466068830,0.005917119548823604,0.7507835433046355,0.0152656025712309
Application_467957342,0.7947979331920431,0.4096995289632802,0.25677258983268725
Application_470096249,0.03847370409820338,0.22228215888299863,0.3368402611853697
Application_472820667,0.03958346279783195,0.07142291276840129,0.27505115226051824
Application_474380883,0.8935657685744935,0.10209545316639712,0.1797516271672158
Application_474487263,0.779278355866066,0.41294777278197825,0.2708379558091418
Application_475062324,0.03613268929003583,0.10882087706011515,0.24342162860779826
Application_479645384,0.014854641718446865,0.7064244878443624,0.03219784899644629
Application_480070910,0.7422943286393944,0.16875404955038312,0.26915199799444683
Application_481277636,0.5269481788719714,0.441681764861395,0.27850367916206803
Application_483074478,0.05913251885122495,0.21794355186552306,0.2670244945571614
Application_483126363,,,
Application_483931042,0.7899462357872546,0.39903728642034253,0.28817089592412315
Application_485368165,0.8479324983790842,0.31896467091686354,0.25560722487505527
Application_485567867,0.04548003900077013,0.0878977073649837,0.10648278338882838
Application_48606429,0.48347009210546965,0.15889514412719416,0.11863703441320564
Application_489972645,0.05951770071156175,0.10694228492855543,0.2995349851054243
Application_491192717,0.44619230105110347,0.7545879257651842,0.2583699020086188
Application_492258182,0.047184211480200765,0.18737441738108004,0.17854360138076258
Application_492292182,0.8392379448263205,0.274596162033064,0.3031617738421797
Application_494960481,0.6295557134649228,0.42798098678811114,0.29219707623590524
Application_495428388,0.6925181299521928,0.3579024186864187,0.229682358691559
Application_496111899,0.906258711890083,0.19067837605813842,0.27204723839077033
Application_496532501,0.8502396293063436,0.0965270245143181,0.14347157155798562
Application_49717724,0.06166202123720855,0.19362876705880455,0.26219960784722296
Application_497474417,0.847779450396148,0.3420971812471164,0.20238800612011199
Application_498556066,0.019053855002564228,0.24357662819308762,0.21686862805406285
Application_5006458,0.07441383443635033,0.12208055282914529,0.2537773521993654
Application_505138130,0.5538280425544897,0.3707909848246595,0.30847871933885984
Application_507755204,0.06019640618645871,0.240517014868869,0.28142188693500875
Application_508938604,0.0780166963491545,0.13134902053767752,0.27663673861026344
Application_509693034,0.034465957878240035,0.11580966503774964,0.28300242451417107
Application_510096383,0.034071458400373664,0.2885157098665385,0.2036173853436175
Application_511259546,0.0160326757989709,0.16396494529410557,0.16863414099048515
Application_51182407,0.07666765087767229,0.1762252261087368,0.2531604279876481
Application_512079496,0.04318173389573353,0.17435082442305608,0.25345109914773156
Application_512884075,0.07951307441829214,0.1326062327140847,0.2871230104029946
Application_514052232,0.03831532957792443,0.21622651710987684,0.2523688962290629
Application_51430642,0.02356052449187568,0.7256663198242722,0.024312533565756234
Application_516500707,0.631309359558908,0.4460339318904143,0.2983055446978424
Application_518047810,0.008002255739891025,0.7439693956619349,0.015025553069604446
Application_518595534,0.025613305709160584,0.07305195335547271,0.09077603675963113
Application_518624776,0.029086149504858425,0.7177350090586976,0.031041891155426212
Application_518752038,0.031921952801696046,0.2616847908806291,0.2981880452610958
Application_5188726,0.04034860876121499,0.1275478867334354,0.369745808581696
Application_519214643,0.6937229377281998,0.4350598279758172,0.29334765987327976
Application_519801050,0.04629456800063565,0.19481647435854896,0.2445415797835803
Application_520506247,0.03891391649936287,0.127688831383918,0.27978877006418434
Application_521305631,0.2839549168622926,0.3914130123894253,0.25081527087195765
Application_522420767,0.06250777177663562,0.17661572218314214,0.30267661099418863
Application_525459142,,,
Application_526257863,0.050880671608982,0.10722186945224668,0.16364625270071215
Application_527482957,0.007910770657918823,0.27724618488932046,0.219314463831424
Application_528406867,0.06260451184635246,0.18012348407287163,0.30981150512683886
Application_528558455,,,
Application_532956567,0.019151469645144328,0.6928996806794517,0.024869602760692115
Application_533079487,0.009600283532357682,0.6905006755371914,0.022485176402503918
Application_53352885,0.050469245472433935,0.14683789056728108,0.2804551427105314
Application_536009009,0.632495025573982,0.09613080144493072,0.1063936335890393
Application_536051300,0.0509234451108871,0.11811512727647863,0.1329402562433898
Application_536638211,0.9202920266656774,0.12101150622072743,0.1425868929905936
Application_537005538,0.006736536553941985,0.7553355065670129,0.01702236484774578
Application_538311021,0.8815204165056426,0.1071644711338782,0.16102342697399788
Application_538869641,0.008480248503354092,0.6988103436509858,0.02706060464330694
Application_539120928,0.8588209676888118,0.057886983869946174,0.08906229043358024
Application_539162249,0.005548510953319398,0.7207176389479357,0.01535840589988889
Application_540373333,0.5852480108159094,0.1030152654114766,0.07845608167075825
Application_541146763,0.8761723228566509,0.2355070855617969,0.21350266248383853
Application_541694777,0.07127225418170707,0.1485544141345974,0.22286890041598337
Application_542632548,0.6295557134649228,0.42798098678811114,0.29219707623590524
Application_542782205,0.24459707454345914,0.4903382398639852,0.316710706893121
Application_543098684,0.7316313647111816,0.4011642129776196,0.29885725151377374
Application_543513898,0.8603072661170929,0.3598622298961879,0.20950561853418925
Application_545474396,0.08168792488617846,0.16820460782133978,0.31066922369677485
Application_547720957,0.036203158550997525,0.19926134793280775,0.18901716467691387
Application_547842527,0.05982225045294031,0.02656055052948819,0.0918856507969138
Application_548136507,0.8667979299956653,0.317953021058925,0.18917499639520624
Application_548377578,0.03347681476169762,0.20360770217405022,0.2788050129239447
Application_54902350,0.1617630806675266,0.160288821527941,0.09092463822851388
Application_549264279,0.4558611255821269,0.39109790109501813,0.25954891457568946
Application_549547786,0.39908937994261406,0.398138333005286,0.2542281229717322
Application_549826152,0.008130095837658882,0.7525783851503981,0.015439892743379917
Application_554480592,0.721806285762827,0.4304949790397845,0.2531616503835904
Application_558507947,0.0374628133030458,0.13381614057778163,0.2533569786689827
Application_559239075,0.8713852656629135,0.4045038842132562,0.29658283614172964
Application_559246751,0.0059982241625626855,0.7419649050759604,0.013717968563014564
Application_559380460,0.9134674975350805,0.24268861810328773,0.22724522842526204
Application_560070722,0.6569938324229672,0.3832402986193079,0.26922687379991406
Application_56106793,0.03906949873296213,0.14938242076784702,0.28156475226915795
Application_561835971,0.018422647079711182,0.18353517658645024,0.16545553406038696
Application_563590726,,,
Application_563891423,0.6252054555370258,0.4052799191737251,0.32227552373024004
Application_564834372,0.0703682490825122,0.18043990106341298,0.25721329878719396
Application_565667109,0.06723051753938755,0.13028567786068446,0.3363554250941771
Application_565689430,0.11438417999930199,0.4525890431927412,0.18683970998737454
Application_565743734,,,
Application_566347979,0.01414226819634857,0.07807824963426221,0.1234026099078772
Application_566670119,0.054827564635829905,0.17837175138450106,0.2250163258491154
Application_56691092,0.06292391665825334,0.19777787156163273,0.22559318868422826
Application_568127104,0.009655672016105298,0.7406978193531457,0.016885870592080177
Application_570165308,0.04171051580252289,0.036419322280047184,0.09469609029611879
Application_574500271,0.8356381625216499,0.26187682637798354,0.2743549256594748
Application_575764720,0.060146156022952944,0.12422245191743042,0.309952479176654
Application_576386053,0.6666212533741742,0.17201338913133793,0.18617563651261573
Application_577888910,0.46049345917672374,0.4780887451479241,0.2894158629679163
Application_578344284,0.778529808081276,0.3772825881084686,0.24461649030773994
Application_579153284,0.7015822651636179,0.3636769659134509,0.24871202536300824
Application_579275809,0.5188567758759907,0.4367588715288882,0.2718934755926996
Application_579349612,0.6702293809907848,0.41460784732492767,0.24016378511793962
Application_583747115,0.01635430337122434,0.2450459630381459,0.21177555727068256
Application_58375214,0.09197671931583926,0.32485028019185086,0.37659868873874514
Application_584583269,0.006457888294038969,0.7360236909757569,0.018573033510836088
Application_584717195,0.5961847162652751,0.3955613040639939,0.2635273390625229
Application_585298607,0.03172941483566599,0.2220433122846861,0.17515231959024585
Application_586839753,0.8172220198318134,0.10041263359057817,0.22057914029969788
Application_586877291,0.06092597718228236,0.1263018559877279,0.26779500285815705
Application_586969154,0.7663750644997019,0.15542327093610445,0.15051745095359484
Application_587119833,0.8143548740278941,0.3771723395031297,0.2280965195217924
Application_588758280,0.05837875967936743,0.19475105782860394,0.3163075014453095
Application_589041415,0.8436718677052113,0.32859698048745606,0.2634612765988094
Application_589186855,0.009619469237254426,0.7542453126217247,0.01533847167189227
Application_589719704,0.009519015263772326,0.7252190351504906,0.021320664435662273
Application_590010761,0.8776902259174821,0.2147249670324312,0.24467347266984776
Application_590215732,0.8838100299289379,0.12055723398488638,0.18552609709274706
Application_5904996,0.13760510915853919,0.23359893659373426,0.4060816287495173
Application_591439695,0.08982864090466118,0.046618034943984143,0.08297819213101151
Application_591454326,0.033639415715041046,0.09809139214943952,0.2986765458645968
Application_592481165,0.055506897052435014,0.17740695432536813,0.25794639601705077
Application_592605828,0.40990078951247305,0.5414998738274319,0.36052634335834177
Application_592613102,0.8756957758235756,0.13962545864831372,0.1681321517356893
Application_594581112,0.06326789346881222,0.29731126223430043,0.28526259472572735
Application_596049851,0.289571763509259,0.5114871701468553,0.130633895550723
Application_596574084,0.7823989832262171,0.3791618813715665,0.28315934275397675
Application_597065437,0.5703908754035074,0.45207440933870335,0.30060992174907497
Application_597372127,0.6070448930895974,0.36381958250577573,0.3172205241350027
Application_597486380,0.70327364479699,0.41950262907429786,0.30601849668175324
Application_597721884,0.03978361571054288,0.7062361558045545,0.050797915579776254
Application_598141849,0.02114738391537793,0.10976011950763248,0.18761746615981337
Application_59876773,0.07642933214598377,0.2161455838472224,0.26280268035429344
Application_601584106,0.8886829604880121,0.14611682806360582,0.19000710539240745
Application_604537136,0.7864262923102705,0.39979308129559804,0.25217435599351085
Application_604648984,0.9174306089306461,0.20817920429868456,0.21280211966722606
Application_604870238,0.03753011186446382,0.11303578571472758,0.23688226971942866
Application_606749031,0.3044110920981764,0.5681438835318006,0.14001060538507745
Application_608775916,0.04015906935875254,0.12367605391171221,0.2340407994881712
Application_608845327,0.05415333405963848,0.08154340221785339,0.19453185240016466
Application_609139308,0.8069335779948694,0.30542176253561026,0.22079618536634796
Application_609719509,0.012669219946900796,0.7131841711464888,0.03309966913834735
Application_610454003,0.03371183813932322,0.10850194564240528,0.2488811964179946
Application_614334599,0.05796548571951813,0.14610095013129346,0.2758298576401423
Application_614810920,0.6771351758878525,0.4157089161547692,0.2967985739087504
Application_616416650,0.8616175417843015,0.4238124061405222,0.3007869279598679
Application_616910723,0.007706989052916617,0.7387130937496036,0.013385088951024108
Application_617035933,0.40827744462965837,0.25446407623907363,0.11397578893841219
Application_617376389,0.00965355879611953,0.696088416138513,0.032717640187843906
Application_617431825,0.011040121612100587,0.7423858078746008,0.015979703869835295
Application_617539010,0.870184627419488,0.09633269430908559,0.13901505556519242
Application_620336293,0.021219720368254914,0.0545376568569495,0.0819827448840872
Application_622068312,0.05782756867276099,0.1442547667110752,0.32750444541090595
Application_622214446,0.009298549887844197,0.7331233298731469,0.021785066600928802
Application_622417263,0.05048710057799804,0.26750360697184666,0.20490731319332703
Application_622543878,0.7623081846849116,0.3239516782881421,0.22196812598195073
Application_625101684,0.06719372358934647,0.18754951126959837,0.2577030744821518
Application_625857025,0.22499216422713,0.32764060698235253,0.16536643215840963
Application_626884278,0.03553048368697162,0.3006415770882124,0.31514941753937337
Application_629693731,0.792452088998113,0.38312573625122404,0.2841802355454676
Application_631716992,0.038205044274811764,0.1981678569223257,0.22085872539223902
Application_631740354,0.5007431959763087,0.3771723395031297,0.2280965195217924
Application_631788418,0.5760797592330626,0.5580307410131289,0.33267861541974797
Application_632866158,0.022872106674742418,0.15145189839579673,0.2866286414851231
Application_632913675,0.04710254437057697,0.1970185945410508,0.3298524347149759
Application_633371797,0.039668885405533975,0.1633104950529068,0.25196112583875063
Application_633655173,0.009445392948363515,0.6842845821218322,0.02284015597870168
Application_634353469,0.9345958263613905,0.24562257397995743,0.3305615467849257
Application_634898760,0.007607270654504983,0.7548506876192678,0.017004929024824336
Application_635576510,0.8221733615610334,0.3457532663899004,0.3143977954450693
Application_637222323,0.899096019833095,0.3777031186982995,0.24329833159497216
Application_637297513,0.5071347142179105,0.3908009440564738,0.2609185063838211
Application_637712751,,,
Application_637748400,0.7752133340391177,0.39327605512333097,0.24308418570641854
Application_638041030,0.01566979623986537,0.7305401123439899,0.02296375021299401
Application_639747826,0.032684218866289576,0.3100441151719281,0.31297843963406896
Application_63986078,0.011693992338381289,0.719041487884907,0.02090665419272604
Application_640176586,0.014445653337177629,0.6990287587205171,0.03625861487199468
Application_641457453,0.8456660968906495,0.33159287866489295,0.24870436277870803
Application_642553020,0.03434183908691414,0.08008101697950398,0.1028517190709813
Application_642608905,0.7742685074378923,0.34528533564523084,0.26433680672286075
Application_643047755,0.3204769898354281,0.4780614578387471,0.17200309887519669
Application_644340095,0.008538170942472693,0.7367437578777312,0.016081801716951952
Application_644684670,0.04394706558991416,0.020286685432705953,0.0609350614488633
Application_645328035,0.8847325088457487,0.32048079378384975,0.20741811739543634
Application_646977549,,,
Application_653567105,,,
Application_656903784,0.15826959217720865,0.03931658325281162,0.182302020718465
Application_659941685,0.03810039459944788,0.660258447731078,0.1526642958085924
Application_661370338,0.0247720474561835,0.1733810739760468,0.2340242705454655
Application_661982228,0.27694137887436254,0.5325677579406954,0.19858939924498553
Application_663134091,0.046635364688115584,0.1279178742964573,0.12960477814384308
Application_664337168,0.04268132429511555,0.16961954892463266,0.20911244739683732
Application_66451278,0.005668705538635566,0.7427278286919214,0.015902056415995486
Application_665637236,0.8442587230441825,0.4475474884115761,0.3076165858293917
Application_666250035,0.01219374758373484,0.7142564314481115,0.0263103697990833
Application_668072382,0.022897742621052937,0.22244674370881196,0.1912331518939053
Application_668326847,0.07308045271074559,0.14938524259716332,0.24177879915348435
Application_670470325,,,
Application_671264692,0.048920091057556125,0.24341181528634104,0.17113891845977508
Application_671639584,0.025154923401876632,0.5832887141910261,0.17040508815696964
Application_671953999,0.012526596390098687,0.7418364597677738,0.01731095812168727
Application_673160372,0.6169479173406814,0.41817000138208027,0.32310669077486887
Application_673399253,0.5781647334663508,0.11713713956708222,0.16199047502602046
Application_676717540,0.6790893012986637,0.4399340655215356,0.28948446847536546
Application_676903448,0.02878094472750771,0.2079750187775194,0.17096857777466745
Application_677442195,0.6627378257930951,0.34975536791728223,0.24622608794262488
Application_679465044,0.03669722359764432,0.04701068254042823,0.08711483812721385
Application_680044383,0.7057701765754678,0.3247522854457079,0.3256081814472652
Application_680448181,0.795094271755243,0.34994419629732265,0.29306864798254667
Application_681649352,0.1657197369179668,0.12702871306338154,0.28710227175911085
Application_681711857,0.008929313442883545,0.7295461402521625,0.01738216234624478
Application_681746663,0.05156605345540416,0.24049713700783176,0.18616318160802173
Application_684221857,0.049580345253113806,0.19268720022055097,0.23945124009174593
Application_684289625,0.018999909082388144,0.1986677025900058,0.15744312144802758
Application_685130299,0.0095728992183303,0.7406974740673038,0.01845017203348405
Application_685452919,0.7622737998529249,0.36194870766506976,0.23730558047677594
Application_686829487,0.8947499928624589,0.19080105930767782,0.22731345201529166
Application_690024942,0.09814105403760216,0.17937630733342833,0.3129953416212762
Application_693050930,0.9323372543018372,0.17556218121561815,0.2264640176506301
Application_69370459,0.13793107219208564,0.22165974426582893,0.31541216652684934
Application_693955071,0.03041831198343263,0.059016102508494594,0.08464803747316695
Application_695381096,0.4054559311773496,0.2942321009432446,0.1941461330503364
Application_695960596,0.39759878300644497,0.5256572843412697,0.19293405802560903
Application_697031349,0.15327332809090854,0.11449514336470185,0.19768595269664105
Application_697297022,0.6998672746088153,0.35178607091912156,0.29648195772944247
Application_697324457,0.8201661890279309,0.3861282981599709,0.23580041573446273
Application_69735407,0.04724224163648262,0.17710613215952412,0.16499676730441928
Application_699052493,0.8767387845895981,0.35093876610179275,0.22367315079001504
Application_704597830,0.0514268154624378,0.19529180663963672,0.1846101656170361
Application_70563300,0.007458844158411013,0.7386806348077422,0.01823524609492494
Application_70606235,0.021950201399694204,0.12772267551191108,0.2055641767873419
Application_706198046,0.7009990535656253,0.4215016459205133,0.2572350934348273
Application_706504723,0.7684318861170807,0.378871207009756,0.2277822070190858
Application_706607240,0.01923745496452993,0.2351798364883697,0.18730730513526644
Application_707770540,0.8763142149263206,0.13384763972942262,0.15387150192995508
Application_710720262,0.4663402877715898,0.3172662165448495,0.2609325221170458
Application_711124829,0.022040641842553412,0.13370260325224115,0.18774401566766027
Application_713675823,0.769742294250309,0.07815686549570533,0.1354436256770347
Application_714768274,0.018401210873688234,0.19190099616314532,0.16267465352204924
Application_717400110,0.050309450616836886,0.10729669466710223,0.3003734173833466
Application_717693758,0.06659566987819014,0.16358343193870148,0.31397015519763843
Application_718602557,0.010096673131892997,0.1443093518310179,0.18393573111046854
Application_721895690,0.5723043599204983,0.38696778519241537,0.29116274255483504
Application_722212350,0.534977209403398,0.3827419946638664,0.3174518556033061
Application_724415088,0.03842998683305676,0.11923183993420608,0.2889959612176342
Application_724859129,0.011325790764966133,0.7570362373463714,0.03896305745916887
Application_725542335,0.33159908728827664,0.1208207056929752,0.26304447581446594
Application_727229570,0.761906518155591,0.4444022778313039,0.33228713660829684
Application_72874899,0.19106185565275743,0.15604321439672064,0.259153894641822
Application_728981441,0.019579855222549028,0.7231919173845218,0.023529049198687518
Application_734009956,0.4519714109399067,0.2100612712636188,0.1489030363641152
Application_734030906,0.034541302459477556,0.1590999192790342,0.2876712716468017
Application_735837174,0.7129068483101363,0.3632373846397072,0.2943367830652165
Application_737324367,0.04665548768234295,0.16727585486542923,0.3055779737534674
Application_738077974,0.015583274493743308,0.7504415224873151,0.015340142312505764
Application_738276182,0.04539368532444927,0.264050667130015,0.30105997538392104
Application_738335164,0.7924084664276241,0.40172880756480567,0.2944263814368073
Application_739325744,0.019062562036336057,0.09471782307934945,0.15243777477807216
Application_739670840,0.04641463608355746,0.07459729890043976,0.0833960215205223
Application_739726794,0.7064868251339029,0.31030405096382374,0.2466599282047893
Application_741297598,0.05585867663004161,0.19562513362070696,0.2617038784302765
Application_742173495,0.4245759010125308,0.3657746695443719,0.2541146810008471
Application_743200153,0.7669235039027492,0.3737152604866244,0.25151268886948364
Application_743474553,0.5850489625195407,0.3722380877681099,0.2500639781332357
Application_743594726,0.006200878101798918,0.7448223893745539,0.013376810808172874
Application_745883138,0.4948105581161372,0.3638112689297946,0.29150673503407043
Application_746403636,0.6710557121653445,0.2936457780704028,0.2536842923767157
Application_747812656,0.7610878263848682,0.36050502917125304,0.24156999049548158
Application_74864529,,,
Application_749027963,0.030688412634576792,0.10775183277681252,0.2657199791116349
Application_749860099,0.014954519781233855,0.8117007421184753,0.027466994704387366
Application_749923491,0.05073501358545217,0.13637792871760585,0.2978171049373125
Application_752373732,0.7230685001576777,0.337303399679557,0.2419437929182785
Application_752995473,0.5794127523600402,0.085699270364122,0.108334269390628
Application_753117730,0.7582127933590199,0.36655211472793087,0.2449736457670821
Application_755180147,0.06650239765835252,0.2576453293792391,0.2718939518183288
Application_755318436,0.026381855199883526,0.17808278658028884,0.18050215236061523
Application_757113787,0.09209281034845786,0.2340718889171593,0.19481082515437995
Application_757682522,0.77843417470069,0.4041684903643918,0.2963553154488146
Application_75877971,0.036172703848459144,0.19441584385891503,0.2819690838077847
Application_760288041,0.9186280015816122,0.21805383710314769,0.21524770617476105
Application_760306173,0.6649789680299231,0.13046483597348027,0.13796015236619533
Application_76083190,0.924180312262957,0.25158363577202064,0.23158253926680128
Application_760841149,0.1438522085087394,0.12195945937668853,0.19057069651315164
Application_761083149,0.015524829105975418,0.7277222890752917,0.020897975698738348
Application_761503872,0.1290075552829338,0.20981027104627953,0.29719181449883814
Application_762323305,0.10729798857744706,0.16957802918647932,0.24537214905185528
Application_763847627,0.023911633589967656,0.2347414222866057,0.19225873028387666
Application_763928658,0.025531956461227884,0.1896823593361819,0.20927479538812804
Application_764226645,0.7873560326939492,0.32201955522160236,0.23210690543384316
Application_765506387,0.022500182121928856,0.24046123631686436,0.19203423994137978
Application_765925420,0.7430852628908796,0.3684962229851099,0.2561550916576929
Application_767764149,0.8782848347083476,0.3355792382712387,0.20341114936618854
Application_768687683,0.6784641404168333,0.4487828292666846,0.2921461456583902
Application_768742802,0.02937044193330011,0.1590999192790342,0.2876712716468017
Application_770018911,0.7178210453372008,0.41494110255823824,0.3384244178340426
Application_771960759,0.026379723362756523,0.2158528379951182,0.19099096460082446
Application_772130537,0.017181969189957843,0.21909239576664263,0.16610276058212314
Application_773698744,0.04440489697620104,0.09254216200838317,0.26051684423321736
Application_775396942,0.5107211467958916,0.378598024649067,0.324709406716474
Application_775422920,0.6129267191659338,0.3995825234781841,0.32986456676726866
Application_776250710,0.3980340649367385,0.3174752147359908,0.2239430264983663
Application_776477117,0.5046936810941475,0.26588886200750955,0.12437662914033348
Application_777232558,0.04953028350931846,0.26226981799339044,0.2719281345025643
Application_778555928,0.02118264372230008,0.12306695884193591,0.19858450391755536
Application_78032372,0.38683472172545974,0.30252953358680235,0.20875902363435955
Application_780791841,0.8314741294878849,0.20727813659161853,0.24773415590513323
Application_78080859,0.6295557134649228,0.42798098678811114,0.29219707623590524
Application_781442980,0.015987982876967694,0.682819816869635,0.024887247463138022
Application_781529602,0.8611758967617644,0.33341718455576774,0.30471251984467945
Application_782253363,0.8045775547110765,0.3970867632297505,0.3057113134583426
Application_782627639,,,
Application_784244379,0.2240573205706967,0.3761838855178035,0.29040275496739454
Application_786731748,0.8787547658380845,0.11490869657806471,0.12675525103599353
Application_788699480,0.02875733169201313,0.7006739631481271,0.03859326038772794
Application_788925867,0.739770740599851,0.397924074794223,0.29267473984931947
Application_789108617,0.009292538367488036,0.7257785764487008,0.039797245576880906
Application_789334077,0.8995588836119204,0.12577049031101004,0.11521985695648451
Application_791089089,0.008461202727584336,0.7353929894699774,0.014747389437096492
Application_793038001,0.03522255409142612,0.6909589567301224,0.036298056071404544
Application_793873060,0.8574167283142002,0.20856760955321374,0.23570229767601816
Application_793997351,0.8740615020369082,0.3257710113183039,0.27261472723389907
Application_794504760,0.053625875131560544,0.11580966503774964,0.28300242451417107
Application_795733035,0.7519408809542336,0.343163398184845,0.301411648153825
Application_795804396,0.012124430300756982,0.7541041113191174,0.018453823094985985
Application_79681847,0.5193945984013167,0.39133336089294274,0.26017279063552784
Application_797190984,0.7879225380731957,0.3754212445695558,0.23293630057006842
Application_797995929,0.01625762699678647,0.7402190741533643,0.01449161485104034
Application_798496213,0.031183240444073463,0.19978785246938985,0.3250663009731467
Application_798879962,0.04598532643615185,0.1937897932813276,0.2669722674750579
Application_802752710,0.02312763942350148,0.7110787985961078,0.04457532940158199
Application_80286962,0.15195689955675068,0.1442436213112464,0.2230490988014035
Application_80298426,0.04523931336009832,0.13732316374220413,0.11534065479325344
Application_804273159,0.8252951616660642,0.40045480827593655,0.2740722266158568
Application_804644820,0.9163301637657782,0.3081043028636733,0.20556868168163195
Application_805828914,0.020689487644837645,0.21964826133680504,0.19228368215765268
Application_808224273,0.020057595687393702,0.1998780373705346,0.19903587777200438
Application_80850284,0.017525433089228916,0.05880453027519189,0.0894884051277607
Application_810658733,0.0086607351216411,0.7284692288994804,0.025841007085022436
Application_810901066,0.059363723590922964,0.1972599369027515,0.32489568483453324
Application_811679621,0.01103146284648177,0.7502299820113381,0.015678678589867316
Application_811825935,0.04407710185214361,0.06840215874393257,0.1076924928488229
Application_81196974,0.010711967801602978,0.700982232616069,0.022005898393655954
Application_812842800,0.7723514039320661,0.11929219471157523,0.1655653533086416
Application_815196626,0.9020473863214515,0.1945790665117984,0.18503894128145276
Application_815439845,0.40824345855869154,0.19178720539716812,0.11951037789491221
Application_817528841,0.5245870838838457,0.23267500477707448,0.1525338607029227
Application_818535320,0.4671952943087044,0.3628974032743796,0.2577313366224721
Application_820509737,0.006594119984138672,0.7285686111090354,0.016615976126406886
Application_821026605,0.8882268844576089,0.22428001037751993,0.2422415788204073
Application_82106546,0.02206808513588006,0.2084225746421055,0.24092814381036842
Application_821402088,0.008383848273323223,0.7263666213241993,0.021438967072676087
Application_822332970,0.3122109102627871,0.43294023507088564,0.21488947554325813
Application_823313933,0.05999548993172729,0.16458212151173246,0.3049181129473588
Application_823561619,0.31066694301324954,0.5156491392906991,0.133697872552553
Application_823830081,0.03723853665021512,0.22162340916315665,0.23772771306574295
Application_824575725,0.7890977087581188,0.44580784200790236,0.3006733828691414
Application_825284974,0.8192578628654454,0.4065580477744103,0.2704646232607165
Application_8255496,0.7966632939052098,0.37825780458769104,0.22911951025895044
Application_828330778,0.06615765306299404,0.04000952942755642,0.14283146196312577
Application_828739470,0.030271543608389847,0.21458891058531404,0.18936929684403633
Application_830101215,0.8091099763759845,0.3293140583649,0.27728224618698244
Application_831992514,0.029337092901886318,0.6682104680307714,0.15962288568617888
Application_832770467,0.8727827538360179,0.19150289881908916,0.2221305080213008
Application_833399908,0.061720248824799935,0.14764387619806774,0.22981609005378936
Application_835024653,0.03290077896100169,0.19075435117053044,0.1907007056220229
Application_835755263,0.6518566124358388,0.3893354157216511,0.27108454544940175
Application_836841943,0.05351724325238329,0.2897278483868059,0.2510610904143013
Application_836856058,0.7990336767853979,0.35828613969674095,0.244513508133385
Application_838884307,,,
Application_839952915,0.8807611606808488,0.11062733398932123,0.16921346350377792
Application_8404955,0.9629519165741831,0.0811861571101686,0.12868218677098003
Application_841240578,0.35978037421517145,0.29857087619641154,0.20168022709735736
Application_84195997,0.021808020273399408,0.18503259225400087,0.18354058017282646
Application_842022801,0.015125803297167176,0.7231920997623016,0.023361685512776235
Application_844514474,0.21510436677338193,0.1371067187289362,0.23961053443109526
Application_844831749,0.02292889320217452,0.23581493458893307,0.1931294027572395
Application_84533120,0.019350850360836325,0.2031775769201145,0.16064601413581278
Application_846209494,0.8997508789247842,0.16895695654366524,0.24724635047306556
Application_8497910,0.8518053460347376,0.30921353779341737,0.19488236068288084
Application_851895556,0.06910954237106263,0.33684417135651223,0.11763384961788122
Application_852183469,0.3239282366892757,0.4885493100939845,0.1811002314844389
Application_852716835,,,
Application_854280555,0.03246576147868818,0.13480229655250453,0.22454887456926942
Application_85502316,0.05662882899107034,0.16675573543027136,0.2831122389995064
Application_855239950,0.08627622891460197,0.2746114496151538,0.23481720538387732
Application_855901489,0.018231744141024377,0.2770931704504487,0.20166418961785737
Application_856935152,0.03477510498568863,0.11306105882304365,0.2482343795312806
Application_858239432,0.602313424045717,0.3907422353825005,0.32969122832438724
Application_858754330,0.017141455725566652,0.26523560169837257,0.1901638075623628
Application_858789639,0.8816767385510877,0.37391621458741914,0.31802435553517916
Application_858881040,0.7316504473072005,0.39115335888651914,0.2898893578633883
Application_859428294,0.008278493727558773,0.7449343376813261,0.015424831634634885
Application_861069239,0.042684251843008045,0.13839443065130477,0.2627828019541401
Application_864148389,0.7091637178066867,0.3634964024592545,0.3017699217422913
Application_866486447,0.963302836294822,0.24808802764472276,0.3017193170275793
Application_866670658,0.045387257503968235,0.19113161967820178,0.2694869417669802
Application_867400149,0.04402758007865902,0.2343085230325493,0.2090452116794403
Application_867435788,0.030874933721981995,0.6915496733409368,0.04858482404366326
Application_86905976,0.26848801501856173,0.37503316966920974,0.2617050708725515
Application_869335382,0.9390883811444221,0.18750076529693255,0.2372065400652878
Application_872415486,0.7104793879590461,0.4282190485918369,0.2684686857598422
Application_874039168,0.050581101706058146,0.2587357472039707,0.3046886832267736
Application_875614911,0.07784607932253211,0.2599412901938952,0.2423888057259318
Application_876077850,0.7600689806770115,0.30033706550074635,0.30818059766369504
Application_87659628,0.053036022242007805,0.2297278282412033,0.3224556859855878
Application_876712087,0.0063652672063246995,0.7453817328715981,0.018699499896197895
Application_877522071,0.9401443266221813,0.1548537488537789,0.18193291717136542
Application_877772414,0.9065254035153063,0.320904846135439,0.22652794553252922
Application_879553786,0.5126641484783827,0.4544007260683303,0.3803893136348422
Application_884271564,0.03288140514400096,0.07246885095176303,0.09440555552632494
Application_884403770,0.014461377799807955,0.1810479298632113,0.1866762577208377
Application_885012170,0.01775814698583984,0.7066344182811101,0.03224457673405157
Application_885372391,0.011789332126004035,0.7332311132287086,0.014749389170568523
Application_88952849,0.1560523459219798,0.12680463445924398,0.21936461991789394
Application_890075702,0.5306700747030783,0.25778225408638566,0.13735985367685283
Application_89083515,0.007193776551844624,0.6969029708116832,0.020748263901266082
Application_890963278,0.07093053555996938,0.15618167324134094,0.3081753276817896
Application_892427793,0.037687748210664,0.14075899903408542,0.2673191524354072
Application_894204901,0.8612604899359295,0.1498002696770702,0.17209936354091476
Application_894382241,0.09993786791844417,0.17219779573514915,0.3505288593394435
Application_897350750,0.038541845255231744,0.11062909241243951,0.2518786448539568
Application_900844990,0.6721498683080479,0.36177740888768883,0.25396136153490706
Application_903799216,0.03014455832466111,0.13648789648082804,0.1936675675330015
Application_904093739,0.7719929551589552,0.3549526864067344,0.23479118637458715
Application_905082437,0.035234489207690144,0.1700922446559862,0.16825517759772088
Application_905858527,0.7533228157141918,0.3710578423948676,0.24029776205554645
Application_90621717,0.7954248225158619,0.30930788287432737,0.24053050924726496
Application_906296960,,,
Application_907136885,0.01732250311444546,0.1117333418168514,0.31504710145904025
Application_907309048,0.881060712722231,0.3341835249656367,0.19905484350775093
Application_907359229,0.021915288079128598,0.2508047576882041,0.1728513572702518
Application_908012089,0.01043346417541917,0.733087177179733,0.019080386720661247
Application_910003252,0.2074570766438022,0.5220417858741984,0.14404743195896733
Application_910353899,0.7949602123451228,0.3412389106256516,0.3085217934738393
Application_913122133,0.06475267681763495,0.11639465298308763,0.2477560277091718
Application_914673270,0.8154669769529347,0.3691769509493772,0.2317676931542743
Application_917308364,0.816423367936409,0.37824451500471323,0.323093950281453
Application_918572133,0.8106131115187216,0.3595191116448032,0.2968928478282271
Application_918963277,0.5257624927018189,0.2841413541388455,0.19873243380634723
Application_918979468,,,
Application_919959748,0.8902892800075395,0.13562891299267785,0.16487801761125775
Application_92009906,0.7809581599797956,0.334763178750442,0.316718337105201
Application_92081663,0.641728165632017,0.14159052423450963,0.15734475344305088
Application_920967125,0.04564779009019496,0.12315041896654391,0.09982262517176595
Application_922011706,0.10971542236311552,0.09799556296334866,0.2703619671423829
Application_923730558,0.013669085492188043,0.7041320770147725,0.025105806141316186
Application_926052296,0.06900595196147143,0.17595707346106393,0.24472527672829097
Application_926094669,0.9166755903753574,0.1613808434259864,0.16572637620942765
Application_92624898,0.6726424631075674,0.2598347546617449,0.2123934924915643
Application_929015547,0.0797624629295776,0.17244538892049757,0.29967618322803635
Application_92984842,0.7938684041049215,0.3854633363295184,0.2557542579409727
Application_929931999,0.030135171234529447,0.21031662475766744,0.21181892659662493
Application_932158358,0.6817527970970312,0.10691248221735142,0.12568684315344653
Application_933464832,0.01947246144920942,0.7364248054926928,0.020573724704228254
Application_933548333,0.7744143333171714,0.40587826317208786,0.25379933708350877
Application_936141381,0.3129043919815373,0.49573646686289985,0.1788210689672283
Application_936279128,0.020531554878621783,0.6125631710770062,0.16396466584913028
Application_938318297,,,
Application_940496739,0.09453437263099133,0.15453451112374939,0.21748836726649906
Application_940705047,0.23795475510493322,0.5273445447449459,0.13553389252633288
Application_94127270,0.03868884231638897,0.1674872922858244,0.22681129825720361
Application_942057035,0.09876321322835577,0.13545862600594868,0.2726521346569047
Application_94215,0.045176897419373516,0.1447102166563748,0.19468138188661457
Application_943827704,0.6927505628460245,0.35071314897834893,0.21022113860455588
Application_943868855,0.8425518559785782,0.1322530337032741,0.137617927012015
Application_944654361,0.02626805768413758,0.2149848482585653,0.28042889022014306
Application_945696184,0.005697084652321765,0.7403151032493996,0.015564196311618672
Application_946739824,0.007921885229527373,0.728055848092317,0.019771668421006732
Application_946802204,0.011226806240315754,0.7327108489523191,0.01844601777388866
Application_946845929,0.07847746100818782,0.1056943830079912,0.3042991012475772
Application_946851059,0.0574510818646715,0.14266489666457152,0.31514687599846064
Application_948141705,0.3239733901312672,0.10813809335125896,0.2439869509788718
Application_949156991,0.5882952304970949,0.08368150700141391,0.08927498150777738
Application_951361217,0.03915815743962157,0.17999721950922104,0.239055500711248
Application_951427056,0.043088865955601185,0.19245635356843427,0.2804774118822535
Application_952114406,0.7724324803286925,0.40854741418051177,0.29388827850654176
Application_95311556,0.03228796503098811,0.12918791892856765,0.27888848473278816
Application_953179282,0.8393286859878679,0.4015311587216699,0.24766570893581186
Application_95477936,0.915518763814561,0.20736125254220675,0.21537264997274885
Application_955811445,0.8455048964163697,0.14026704318419803,0.1331455346068416
Application_956764835,0.913259025574445,0.17290227743518818,0.23101905803783626
Application_957614949,0.392181097992804,0.2103644462795915,0.1271473520318826
Application_957947349,0.8432888929681313,0.3847539203825495,0.26841397562837693
Application_957957984,0.011967226483674242,0.7258760115524874,0.03408906053126621
Application_958218647,0.009557715336298216,0.7491272821894721,0.015491763225528773
Application_962920598,0.8330636185146773,0.3480065248296593,0.3109889549816243
Application_963564266,0.009713827987990255,0.708160799615215,0.016959557530519625
Application_964208437,0.02975283886960288,0.010737904930371744,0.05981111979615991
Application_964309178,0.008188305068139829,0.7202598600569552,0.021089998976868866
Application_9650923,0.089432715102031,0.17937630733342833,0.3129953416212762
Application_965842748,0.8810585774266173,0.4993435904884669,0.3571126680683176
Application_966891264,0.6567247708073387,0.39881751975342794,0.2833174005447131
Application_96732613,0.01015734391672494,0.7619527197735637,0.01543913673721661
Application_970357595,0.07238612682057134,0.20625413498103098,0.3288159233541084
Application_971594478,0.06108760210557949,0.18589916919060226,0.2640246959903556
Application_972388617,0.023305085149962528,0.10635944656858462,0.23592317114367412
Application_972407424,0.8711319412111599,0.23239653106293778,0.26029326063966063
Application_972486124,0.09878790265807368,0.211062883957461,0.2070857000518726
Application_973075457,0.6302308167337574,0.3900031490307794,0.27386822371817915
Application_973398039,0.019497915164880704,0.7238642694650517,0.024377923693008854
Application_974380976,0.6937229377281998,0.4153511155204711,0.28646051474577594
Application_974485148,0.04682562837935985,0.08430927084095927,0.2938106848296331
Application_97480244,0.07612581599583647,0.17187869447445334,0.25784663219059517
Application_976227600,0.20483198238056666,0.5253456181228628,0.14438913466296302
Application_976453500,0.3468104772747341,0.5019495197437704,0.1777401756143561
Application_977273044,0.032783158615811346,0.18198880850494242,0.19782378288878255
Application_978274104,0.2871972057970293,0.07367042528086987,0.22716635768679772
Application_978279321,0.35781683215081994,0.09329670090166164,0.10652006238742617
Application_978787861,0.5162272668188641,0.4748706902030405,0.33519633949049427
Application_981954059,0.07284318641676876,0.1056943830079912,0.3042991012475772
Application_983083464,0.8126663562088093,0.06906836541412215,0.08462274465862184
Application_983620351,0.010249437759288441,0.6710691349889661,0.04740661205456803
Application_989692273,0.8339069934476745,0.34353368713027277,0.26032651039059373
Application_99096400,0.029047711582763026,0.314199689268971,0.31431459854001137
Application_991116281,0.21952019640282694,0.3841100185890252,0.15157983906856054
Application_993130220,0.010316637625086307,0.21072357055785934,0.21555304030194364
Application_993701683,0.043202090183433205,0.14747425047013804,0.32029193644722126
Application_994101872,0.8019485748458558,0.2708003320679483,0.29561514812342027
Application_995124359,0.006510277572714181,0.7049591620553121,0.052185625144721796
Application_995537269,0.6690522522799107,0.4156470301509687,0.29362882546304037
Application_99697167,0.052600078688149005,0.10343957635664669,0.25684721811092703
Application_997205131,0.2546578108470379,0.39476930914382335,0.2027759535200719
Application_997240244,0.07031893823606143,0.27762259277076246,0.16420129460618724
Application_997592088,0.010217353919737656,0.7144550874285402,0.02971541800711471
Application_998522150,0.8701108511504667,0.30272192474100024,0.19636051675415475
Application_998666405,0.009832760479379251,0.7683407025216691,0.021925118578085805
Application_998908852,0.06946998944868621,0.06791934663316718,0.19374500060043195
