case:concept:name,simulation_index,recommended_activity,recommended_resource,first_batch,match_recommendation,status
201810001660,1,Request completed with account closure,BOC,Request completed with account closure / BOC,True,ok
201810002650,1,Pending Request for Reservation Closure,BOCSER,Pending Request for Reservation Closure / BOCSER | Pending Liquidation Request / BOC,True,ok
201810006512,1,Pending Request for Reservation Closure,BOC,Pending Request for Reservation Closure / BOC,True,ok
201810008108,1,Request completed with account closure,BOC,Request completed with account closure / BOC,True,ok
201810008268,1,Service closure Request with BO responsibility,00829,Service closure Request with BO responsibility / 00829,True,ok
201810008485,1,Pending Request for Reservation Closure,BOC,Pending Request for Reservation Closure / BOC,True,ok
201810008899,1,Request completed with account closure,BOC,Request completed with account closure / BOC,True,ok
20181000902,1,Pending Request for Reservation Closure,BOC,Pending Request for Reservation Closure / BOC | Pending Liquidation Request / BOC,True,ok
201810010740,1,Pending Request for Reservation Closure,SDC,Pending Request for Reservation Closure / SDC,True,ok
201810011081,1,Service closure Request with BO responsibility,00835,Service closure Request with BO responsibility / 00835,True,ok
201810011583,1,Service closure Request with BO responsibility,00835,Service closure Request with BO responsibility / 00835,True,ok
20181012611,1,Pending Request for Reservation Closure,BOC,Pending Request for Reservation Closure / BOC,True,ok
20181013679,1,Pending Request for Reservation Closure,BOCSER,Pending Request for Reservation Closure / BOCSER,True,ok
201811000205,1,Service closure Request with BO responsibility,00829,Service closure Request with BO responsibility / 00829,True,ok
201811001580,1,Service closure Request with BO responsibility,00829,Service closure Request with BO responsibility / 00829,True,ok
201811001889,1,Service closure Request with BO responsibility,00837,Service closure Request with BO responsibility / 00837,True,ok
201811002881,1,Service closure Request with BO responsibility,00842,Service closure Request with BO responsibility / 00842,True,ok
201811003327,1,Pending Request for Reservation Closure,BOC,Pending Request for Reservation Closure / BOC,True,ok
201811003911,1,Pending Request for Reservation Closure,SDCRAP,Pending Request for Reservation Closure / SDCRAP,True,ok
201811004163,1,Pending Request for Reservation Closure,BOC,Pending Request for Reservation Closure / BOC,True,ok
201811004205,1,Pending Request for Reservation Closure,BOCSER,Pending Request for Reservation Closure / BOCSER,True,ok
201811004338,1,Service closure Request with BO responsibility,00849,Service closure Request with BO responsibility / 00849,True,ok
201811005226,1,Pending Request for Reservation Closure,BOCSER,Pending Request for Reservation Closure / BOCSER,True,ok
201811005422,1,Pending Request for Reservation Closure,BOC,Pending Request for Reservation Closure / BOC,True,ok
201811005747,1,Pending Request for acquittance of heirs,BOC,Pending Request for acquittance of heirs / BOC,True,ok
201811005954,1,Service closure Request with BO responsibility,00837,Service closure Request with BO responsibility / 00837,True,ok
201811006467,1,Request completed with account closure,BOC,Request completed with account closure / BOC,True,ok
201811006674,1,Evaluating Request (WITH registered letter),00045,Evaluating Request (WITH registered letter) / 00045,True,ok
201811006982,1,Request completed with account closure,BOC,Request completed with account closure / BOC,True,ok
201811007401,1,Evaluating Request (WITH registered letter),00594,Evaluating Request (WITH registered letter) / 00594,True,ok
201811008100,1,Pending Request for Reservation Closure,SDCRAP,Pending Request for Reservation Closure / SDCRAP,True,ok
201811008330,1,Pending Request for Reservation Closure,BOCSER,Pending Request for Reservation Closure / BOCSER | Pending Liquidation Request / BOC,True,ok
201811008338,1,Pending Request for Reservation Closure,BOC,Pending Request for Reservation Closure / BOC,True,ok
201811008394,1,Pending Request for acquittance of heirs,BOC,Pending Request for acquittance of heirs / BOC,True,ok
201811008598,1,Pending Request for Reservation Closure,BOC,Pending Request for Reservation Closure / BOC,True,ok
201811008631,1,Evaluating Request (WITH registered letter),00147,Service closure Request with BO responsibility / BOC,False,ok
201811008634,1,Pending Request for Reservation Closure,BOC,Pending Request for Reservation Closure / BOC,True,ok
201811009132,1,Service closure Request with network responsibility,00501,Service closure Request with network responsibility / 00501,True,ok
201811009434,1,Authorization Requested,00594,Authorization Requested / 00594,True,ok
201811009590,1,Request completed with account closure,BOC,Request completed with account closure / BOC,True,ok
201811009800,1,Pending Request for Reservation Closure,BOC,Pending Request for Reservation Closure / BOC | Pending Liquidation Request / BOC,True,ok
201811010119,1,Pending Request for acquittance of heirs,BOC,Pending Request for acquittance of heirs / BOC,True,ok
201811010142,1,Request completed with account closure,BOC,Request completed with account closure / BOC,True,ok
201811010681,1,Pending Request for Reservation Closure,BOCSER,Pending Request for Reservation Closure / BOCSER,True,ok
201811010732,1,Pending Request for Reservation Closure,BOC,Pending Request for Reservation Closure / BOC,True,ok
201811011699,1,Service closure Request with BO responsibility,00829,Service closure Request with BO responsibility / 00829,True,ok
201811011715,1,Service closure Request with BO responsibility,00829,Service closure Request with BO responsibility / 00829,True,ok
201811011742,1,Pending Request for Reservation Closure,BOCSER,Pending Request for Reservation Closure / BOCSER,True,ok
201811011907,1,Service closure Request with BO responsibility,00829,Service closure Request with BO responsibility / 00829,True,ok
201811011916,1,Pending Request for Reservation Closure,BOC,Pending Request for Reservation Closure / BOC,True,ok
201812000179,1,Service closure Request with BO responsibility,00842,Service closure Request with BO responsibility / 00842,True,ok
201812000181,1,Service closure Request with BO responsibility,00842,Service closure Request with BO responsibility / 00842,True,ok
201812000186,1,Service closure Request with BO responsibility,00829,Service closure Request with BO responsibility / 00829,True,ok
201812000605,1,Pending Request for Reservation Closure,BOC,Pending Request for Reservation Closure / BOC,True,ok
201812000606,1,Pending Request for Reservation Closure,BOC,Pending Request for Reservation Closure / BOC,True,ok
201812000900,1,Pending Request for Reservation Closure,BOC,Pending Request for Reservation Closure / BOC,True,ok
201812002344,1,Evaluating Request (WITH registered letter),00594,Service closure Request with BO responsibility / BOC,False,ok
201812002552,1,Pending Request for Reservation Closure,BOC,Pending Request for Reservation Closure / BOC,True,ok
201812002630,1,Pending Request for Reservation Closure,BOCSER,Pending Request for Reservation Closure / BOCSER,True,ok
201812002677,1,Pending Request for Reservation Closure,BOCSER,Pending Request for Reservation Closure / BOCSER | Pending Liquidation Request / BOC,True,ok
201812002837,1,Pending Request for Reservation Closure,BOC,Pending Request for Reservation Closure / BOC,True,ok
201812002893,1,Service closure Request with BO responsibility,00842,Service closure Request with BO responsibility / 00842,True,ok
201812003039,1,Service closure Request with BO responsibility,00829,Service closure Request with BO responsibility / 00829,True,ok
201812003088,1,Pending Request for Reservation Closure,BOC,Pending Request for Reservation Closure / BOC,True,ok
201812003287,1,Pending Request for acquittance of heirs,BOC,Pending Request for acquittance of heirs / BOC,True,ok
201812004065,1,Request completed with account closure,BOC,Request completed with account closure / BOC,True,ok
201812004155,1,Pending Request for Reservation Closure,BOC,Pending Request for Reservation Closure / BOC,True,ok
201812004198,1,Request completed with account closure,BOC,Request completed with account closure / BOC,True,ok
201812004271,1,Service closure Request with BO responsibility,00842,Service closure Request with BO responsibility / 00842,True,ok
201812004422,1,Pending Request for Reservation Closure,BOCSER,Pending Request for Reservation Closure / BOCSER,True,ok
201812004433,1,Pending Request for Reservation Closure,BOC,Pending Request for Reservation Closure / BOC,True,ok
201812004478,1,Pending Request for Reservation Closure,BOC,Pending Request for Reservation Closure / BOC,True,ok
201812004552,1,Pending Request for Reservation Closure,SDCRAP,Pending Request for Reservation Closure / SDCRAP,True,ok
201812004625,1,Pending Request for Reservation Closure,BOC,Pending Request for Reservation Closure / BOC,True,ok
201812004772,1,Pending Request for Reservation Closure,BOC,Pending Request for Reservation Closure / BOC,True,ok
201812004817,1,Request completed with account closure,BOC,Request completed with account closure / BOC,True,ok
201812004871,1,Service closure Request with BO responsibility,00837,Service closure Request with BO responsibility / 00837,True,ok
201812004921,1,Pending Liquidation Request,BOC,Pending Liquidation Request / BOC,True,ok
201812005259,1,Authorization Requested,00193,Authorization Requested / 00193,True,ok
201812005350,1,Request completed with account closure,BOCSER,Request completed with account closure / BOCSER,True,ok
201812005402,1,Evaluating Request (WITH registered letter),00849,Service closure Request with BO responsibility / BOC,False,ok
201812005434,1,Service closure Request with BO responsibility,00829,Service closure Request with BO responsibility / 00829,True,ok
201812005461,1,Pending Request for Reservation Closure,BOC,Pending Request for Reservation Closure / BOC,True,ok
201812005659,1,Pending Request for Reservation Closure,BOC,Pending Request for Reservation Closure / BOC,True,ok
201812005779,1,Pending Request for Reservation Closure,BOC,Pending Request for Reservation Closure / BOC,True,ok
201812005853,1,Request completed with account closure,BOC,Request completed with account closure / BOC,True,ok
201812005862,1,Service closure Request with BO responsibility,00849,Service closure Request with BO responsibility / 00849,True,ok
201812005898,1,Request completed with account closure,BOC,Request completed with account closure / BOC,True,ok
201812006094,1,Pending Request for acquittance of heirs,BOC,Pending Request for acquittance of heirs / BOC,True,ok
201812006124,1,Service closure Request with BO responsibility,00844,Service closure Request with BO responsibility / 00844,True,ok
201812006485,1,Pending Request for Reservation Closure,BOC,Pending Request for Reservation Closure / BOC,True,ok
201812006628,1,Pending Request for Reservation Closure,BOC,Pending Request for Reservation Closure / BOC,True,ok
201812006707,1,Request completed with account closure,BOCSER,Request completed with account closure / BOCSER,True,ok
201812006755,1,Request completed with account closure,BOCSER,Request completed with account closure / BOCSER,True,ok
201812006820,1,Pending Request for Reservation Closure,BOC,Pending Request for Reservation Closure / BOC,True,ok
201812006824,1,Pending Request for Reservation Closure,BOC,Pending Request for Reservation Closure / BOC,True,ok
201812007245,1,Pending Request for Reservation Closure,BOC,Pending Request for Reservation Closure / BOC,True,ok
201812007280,1,Pending Request for Reservation Closure,BOC,Pending Request for Reservation Closure / BOC | Pending Liquidation Request / BOC,True,ok
201812007319,1,Service closure Request with BO responsibility,00829,Service closure Request with BO responsibility / 00829,True,ok
201812007397,1,Pending Request for Reservation Closure,BOC,Pending Request for Reservation Closure / BOC,True,ok
201812007439,1,Pending Liquidation Request,BOCSER,Pending Liquidation Request / BOCSER,True,ok
201812007654,1,Authorization Requested,00501,Authorization Requested / 00501,True,ok
201812007664,1,Service closure Request with BO responsibility,00835,Service closure Request with BO responsibility / 00835,True,ok
201812007718,1,Pending Request for Reservation Closure,BOC,Pending Request for Reservation Closure / BOC,True,ok
201812007723,1,Pending Request for Reservation Closure,BOC,Pending Request for Reservation Closure / BOC,True,ok
201812007727,1,Pending Request for Reservation Closure,BOCSER,Pending Request for Reservation Closure / BOCSER,True,ok
201812007780,1,Request completed with account closure,BOCSER,Request completed with account closure / BOCSER,True,ok
201812007788,1,Service closure Request with BO responsibility,BOC,Service closure Request with BO responsibility / BOC,True,ok
201812007839,1,Pending Request for Reservation Closure,BOCSER,Pending Request for Reservation Closure / BOCSER,True,ok
201812007853,1,Pending Request for Reservation Closure,BOCSER,Pending Request for Reservation Closure / BOCSER,True,ok
201812008090,1,Request completed with account closure,BOC,Request completed with account closure / BOC,True,ok
201812008149,1,Pending Request for acquittance of heirs,BOC,Pending Request for acquittance of heirs / BOC,True,ok
201812008346,1,Pending Request for acquittance of heirs,BOC,Pending Request for acquittance of heirs / BOC,True,ok
201812008642,1,Evaluating Request (WITH registered letter),00147,Service closure Request with BO responsibility / BOC,False,ok
201812008657,1,Pending Request for Reservation Closure,SDCRAP,Pending Request for Reservation Closure / SDCRAP,True,ok
201812008694,1,Pending Request for Reservation Closure,BOC,Pending Request for Reservation Closure / BOC | Pending Liquidation Request / BOC,True,ok
201812008702,1,Service closure Request with BO responsibility,00829,Service closure Request with BO responsibility / 00829,True,ok
201812008708,1,Service closure Request with BO responsibility,00829,Service closure Request with BO responsibility / 00829,True,ok
201812008800,1,Service closure Request with BO responsibility,00849,Service closure Request with BO responsibility / 00849,True,ok
201812008953,1,Request completed with account closure,BOC,Request completed with account closure / BOC,True,ok
201812009363,1,Pending Request for Reservation Closure,BOC,Pending Request for Reservation Closure / BOC,True,ok
201812009485,1,Pending Request for acquittance of heirs,BOC,Pending Request for acquittance of heirs / BOC,True,ok
201812009515,1,Pending Request for Reservation Closure,BOCSER,Pending Request for Reservation Closure / BOCSER,True,ok
201812009556,1,Service closure Request with BO responsibility,00829,Service closure Request with BO responsibility / 00829,True,ok
201812009573,1,Pending Request for acquittance of heirs,BOC,Pending Request for acquittance of heirs / BOC,True,ok
201812009645,1,Evaluating Request (WITH registered letter),00594,Evaluating Request (WITH registered letter) / 00594,True,ok
201812009682,1,Pending Request for Reservation Closure,BOC,Pending Request for Reservation Closure / BOC,True,ok
201812009703,1,Pending Request for acquittance of heirs,BOC,Pending Request for acquittance of heirs / BOC,True,ok
201812009725,1,Request completed with account closure,BOC,Request completed with account closure / BOC,True,ok
201812009750,1,Service closure Request with BO responsibility,00829,Service closure Request with BO responsibility / 00829,True,ok
201812009753,1,Pending Request for Reservation Closure,SDCRAP,Pending Request for Reservation Closure / SDCRAP,True,ok
20182005961,1,Pending Request for Reservation Closure,SDCRAP,Pending Request for Reservation Closure / SDCRAP,True,ok
20182009106,1,Pending Request for Reservation Closure,BOC,Pending Request for Reservation Closure / BOC,True,ok
20183007131,1,Request completed with account closure,BOC,Request completed with account closure / BOC,True,ok
20184001796,1,Pending Request for Reservation Closure,BOC,Pending Request for Reservation Closure / BOC,True,ok
20185003342,1,Pending Request for Reservation Closure,BOC,Pending Request for Reservation Closure / BOC,True,ok
20186002647,1,Request completed with account closure,BOC,Request completed with account closure / BOC,True,ok
20186005840,1,Pending Request for Reservation Closure,BOC,Pending Request for Reservation Closure / BOC,True,ok
20186007767,1,Pending Request for Reservation Closure,SDCRAP,Pending Request for Reservation Closure / SDCRAP | Pending Liquidation Request / BOC,True,ok
20187001795,1,Service closure Request with BO responsibility,00829,Service closure Request with BO responsibility / 00829,True,ok
20187002397,1,Pending Request for Reservation Closure,BOC,Pending Request for Reservation Closure / BOC,True,ok
20187003190,1,Service closure Request with BO responsibility,00829,Service closure Request with BO responsibility / 00829,True,ok
20187003641,1,Pending Request for Reservation Closure,BOC,Pending Request for Reservation Closure / BOC,True,ok
20187006392,1,Pending Request for Reservation Closure,BOCSER,Pending Request for Reservation Closure / BOCSER,True,ok
20187006846,1,Pending Request for Reservation Closure,BOCSER,Pending Request for Reservation Closure / BOCSER,True,ok
20187007250,1,Pending Liquidation Request,BOC,Pending Liquidation Request / BOC,True,ok
20187010782,1,Pending Request for Reservation Closure,BOC,Pending Request for Reservation Closure / BOC,True,ok
20188002087,1,Pending Request for Reservation Closure,BOCSER,Pending Request for Reservation Closure / BOCSER,True,ok
20188002441,1,Service closure Request with BO responsibility,00829,Service closure Request with BO responsibility / 00829,True,ok
20188002645,1,Evaluating Request (WITH registered letter),00767,Evaluating Request (WITH registered letter) / 00767,True,ok
20188005486,1,Pending Request for Reservation Closure,BOC,Pending Request for Reservation Closure / BOC,True,ok
20189001829,1,Pending Request for Reservation Closure,BOC,Pending Request for Reservation Closure / BOC,True,ok
20189003084,1,Service closure Request with BO responsibility,00842,Service closure Request with BO responsibility / 00842,True,ok
20189003486,1,Pending Request for Reservation Closure,SDCRAP,Pending Request for Reservation Closure / SDCRAP,True,ok
20189004803,1,Pending Request for Reservation Closure,BOC,Pending Request for Reservation Closure / BOC,True,ok
20189006540,1,Request completed with account closure,BOC,Request completed with account closure / BOC,True,ok
20189007102,1,Service closure Request with BO responsibility,00829,Service closure Request with BO responsibility / 00829,True,ok
20189007821,1,Pending Request for Reservation Closure,BOC,Pending Request for Reservation Closure / BOC,True,ok
20189007982,1,Pending Request for Reservation Closure,BOC,Pending Request for Reservation Closure / BOC,True,ok
20189008206,1,Pending Request for Reservation Closure,BOC,Pending Request for Reservation Closure / BOC,True,ok
20189009645,1,Pending Request for Reservation Closure,BOC,Pending Request for Reservation Closure / BOC,True,ok
20191000037,1,Request completed with account closure,BOC,Request completed with account closure / BOC,True,ok
20191000127,1,Pending Request for Reservation Closure,SDCRAP,Pending Request for Reservation Closure / SDCRAP,True,ok
20191000242,1,Pending Request for Reservation Closure,BOC,Pending Request for Reservation Closure / BOC | Pending Liquidation Request / BOC,True,ok
20191000255,1,Service closure Request with BO responsibility,00829,Service closure Request with BO responsibility / 00829,True,ok
20191000260,1,Pending Request for Reservation Closure,BOC,Pending Request for Reservation Closure / BOC,True,ok
20191000269,1,Service closure Request with BO responsibility,00829,Service closure Request with BO responsibility / 00829,True,ok
20191000366,1,Service closure Request with BO responsibility,BOC,Service closure Request with BO responsibility / BOC,True,ok
20191000380,1,Request completed with account closure,BOC,Request completed with account closure / BOC,True,ok
20191000382,1,Pending Request for Reservation Closure,BOC,Pending Request for Reservation Closure / BOC,True,ok
20191000433,1,Pending Request for Reservation Closure,BOC,Pending Request for Reservation Closure / BOC,True,ok
20191000490,1,Pending Request for Reservation Closure,BOC,Pending Request for Reservation Closure / BOC,True,ok
20191000535,1,Pending Request for Reservation Closure,BOC,Pending Liquidation Request / BOC,False,ok
20191000546,1,Pending Request for Reservation Closure,BOC,Pending Request for Reservation Closure / BOC,True,ok
20191000553,1,Pending Liquidation Request,BOC,Pending Liquidation Request / BOC,True,ok
20191000568,1,Pending Request for Reservation Closure,SDCRAP,Pending Request for Reservation Closure / SDCRAP,True,ok
20191000676,1,Pending Request for Reservation Closure,BOC,Pending Request for Reservation Closure / BOC | Pending Liquidation Request / BOC,True,ok
20191000751,1,Pending Request for Reservation Closure,BOC,Pending Request for Reservation Closure / BOC,True,ok
20191000782,1,Pending Request for Reservation Closure,BOC,Pending Request for Reservation Closure / BOC | Pending Liquidation Request / BOC,True,ok
20191000845,1,Pending Request for Reservation Closure,BOCSER,Pending Request for Reservation Closure / BOCSER,True,ok
20191000920,1,Pending Liquidation Request,BOC,Pending Liquidation Request / BOC,True,ok
20191000928,1,Request completed with account closure,BOC,Request completed with account closure / BOC,True,ok
20191000957,1,Service closure Request with BO responsibility,00848,Service closure Request with BO responsibility / 00848,True,ok
20191001061,1,Pending Request for Reservation Closure,BOCSER,Pending Request for Reservation Closure / BOCSER,True,ok
20191001073,1,Request completed with account closure,BOC,Request completed with account closure / BOC,True,ok
20191001178,1,Request completed with account closure,BOC,Request completed with account closure / BOC,True,ok
20191001209,1,Pending Request for Reservation Closure,SDCRAP,Pending Request for Reservation Closure / SDCRAP,True,ok
20191001270,1,Request completed with account closure,BOCSER,Request completed with account closure / BOCSER,True,ok
20191001457,1,Pending Request for Reservation Closure,BOCSER,Pending Request for Reservation Closure / BOCSER,True,ok
20191001560,1,Authorization Requested,00501,Authorization Requested / 00501,True,ok
20191001584,1,Pending Request for Reservation Closure,BOC,Pending Request for Reservation Closure / BOC,True,ok
20191001595,1,Service closure Request with BO responsibility,00849,Service closure Request with BO responsibility / 00849,True,ok
20191001604,1,Request completed with account closure,BOC,Request completed with account closure / BOC,True,ok
20191001611,1,Request completed with account closure,BOC,Request completed with account closure / BOC,True,ok
20191001699,1,Service closure Request with network responsibility,00465,Service closure Request with network responsibility / 00465,True,ok
20191001826,1,Service closure Request with BO responsibility,00829,Service closure Request with BO responsibility / 00829,True,ok
20191001846,1,Pending Request for Reservation Closure,BOCSER,Pending Request for Reservation Closure / BOCSER,True,ok
20191001877,1,Pending Request for Reservation Closure,BOC,Pending Request for Reservation Closure / BOC,True,ok
20191001909,1,Pending Request for Reservation Closure,BOC,Pending Request for Reservation Closure / BOC | Pending Liquidation Request / BOC,True,ok
20191001991,1,Request completed with account closure,BOC,Request completed with account closure / BOC,True,ok
20191001992,1,Pending Request for Reservation Closure,SDCTCC,Pending Request for Reservation Closure / SDCTCC,True,ok
20191002027,1,Pending Request for Reservation Closure,BOCSER,Pending Request for Reservation Closure / BOCSER,True,ok
20191002029,1,Pending Request for acquittance of heirs,BOC,Pending Request for acquittance of heirs / BOC,True,ok
20191002074,1,Request completed with account closure,BOC,Request completed with account closure / BOC,True,ok
20191002078,1,Request completed with account closure,BOC,Request completed with account closure / BOC,True,ok
20191002091,1,Pending Request for acquittance of heirs,BOC,Pending Request for acquittance of heirs / BOC,True,ok
20191002111,1,Pending Request for Reservation Closure,SDCRAP,Pending Request for Reservation Closure / SDCRAP,True,ok
20191002163,1,Pending Liquidation Request,BOC,Pending Liquidation Request / BOC,True,ok
20191002211,1,Service closure Request with BO responsibility,00829,Service closure Request with BO responsibility / 00829,True,ok
20191002216,1,Service closure Request with BO responsibility,00829,Service closure Request with BO responsibility / 00829,True,ok
20191002277,1,Request completed with account closure,BOC,Request completed with account closure / BOC,True,ok
20191002297,1,Service closure Request with BO responsibility,00829,Service closure Request with BO responsibility / 00829,True,ok
20191002394,1,Pending Request for Reservation Closure,BOC,Pending Request for Reservation Closure / BOC,True,ok
20191002483,1,Evaluating Request (WITH registered letter),00441,Authorization Requested / 00749,False,ok
20191002503,1,Pending Request for Reservation Closure,BOC,Pending Request for Reservation Closure / BOC,True,ok
20191002511,1,Pending Liquidation Request,BOCSER,Pending Liquidation Request / BOCSER,True,ok
20191002521,1,Pending Liquidation Request,BOCSER,Pending Liquidation Request / BOCSER,True,ok
20191002534,1,Pending Request for Reservation Closure,BOC,Pending Liquidation Request / BOC,False,ok
20191002537,1,Service closure Request with BO responsibility,00829,Service closure Request with BO responsibility / 00829,True,ok
20191002706,1,Service closure Request with BO responsibility,00829,Service closure Request with BO responsibility / 00829,True,ok
20191002742,1,Pending Liquidation Request,BOC,Pending Liquidation Request / BOC,True,ok
20191002745,1,Pending Request for Reservation Closure,BOC,Pending Request for Reservation Closure / BOC,True,ok
20191002751,1,Request completed with account closure,BOCSER,Request completed with account closure / BOCSER,True,ok
20191002759,1,Pending Request for Reservation Closure,BOC,Pending Request for Reservation Closure / BOC,True,ok
20191002920,1,Service closure Request with BO responsibility,00842,Service closure Request with BO responsibility / 00842,True,ok
20191002939,1,Pending Request for Reservation Closure,BOC,Pending Request for Reservation Closure / BOC,True,ok
20191002953,1,Pending Request for Reservation Closure,BOC,Pending Request for Reservation Closure / BOC,True,ok
20191002956,1,Service closure Request with BO responsibility,00829,Service closure Request with BO responsibility / 00829,True,ok
20191002981,1,Pending Request for Reservation Closure,BOC,Pending Request for Reservation Closure / BOC,True,ok
20191003000,1,Pending Request for Reservation Closure,BOC,Pending Request for Reservation Closure / BOC,True,ok
20191003019,1,Service closure Request with BO responsibility,00829,Service closure Request with BO responsibility / 00829,True,ok
20191003043,1,Pending Request for Reservation Closure,BOC,Pending Request for Reservation Closure / BOC,True,ok
20191003077,1,Pending Request for Reservation Closure,BOC,Pending Request for Reservation Closure / BOC,True,ok
20191003263,1,Service closure Request with BO responsibility,00829,Service closure Request with BO responsibility / 00829,True,ok
20191003312,1,Request completed with account closure,BOC,Request completed with account closure / BOC,True,ok
20191003315,1,Pending Request for Reservation Closure,BOC,Pending Request for Reservation Closure / BOC,True,ok
20191003440,1,Pending Request for Reservation Closure,BOC,Pending Request for Reservation Closure / BOC,True,ok
20191003465,1,Pending Request for Reservation Closure,BOCSER,Pending Request for Reservation Closure / BOCSER,True,ok
20191003502,1,Service closure Request with BO responsibility,00829,Service closure Request with BO responsibility / 00829,True,ok
20191003540,1,Service closure Request with BO responsibility,00829,Service closure Request with BO responsibility / 00829,True,ok
20191003568,1,Pending Liquidation Request,BOC,Pending Liquidation Request / BOC,True,ok
20191003594,1,Pending Liquidation Request,BOC,Pending Liquidation Request / BOC,True,ok
20191003680,1,Request completed with account closure,BOC,Request completed with account closure / BOC,True,ok
20191003699,1,Pending Request for Reservation Closure,BOC,Pending Request for Reservation Closure / BOC,True,ok
20191003724,1,Pending Request for Reservation Closure,BOCSER,Pending Request for Reservation Closure / BOCSER,True,ok
20191003755,1,Service closure Request with BO responsibility,00829,Service closure Request with BO responsibility / 00829,True,ok
20191003756,1,Pending Request for Reservation Closure,BOCSER,Pending Request for Reservation Closure / BOCSER | Pending Liquidation Request / BOC,True,ok
20191003759,1,Request completed with account closure,BOC,Request completed with account closure / BOC,True,ok
20191003785,1,Pending Request for Reservation Closure,BOCSER,Pending Request for Reservation Closure / BOCSER,True,ok
20191003861,1,Request completed with account closure,BOC,Request completed with account closure / BOC,True,ok
20191003909,1,Pending Liquidation Request,BOC,Pending Liquidation Request / BOC,True,ok
20191003938,1,Pending Request for Reservation Closure,BOC,Pending Request for Reservation Closure / BOC,True,ok
20191004011,1,Pending Request for Reservation Closure,BOC,Pending Request for Reservation Closure / BOC,True,ok
20191004025,1,Pending Request for Reservation Closure,BOCSER,Pending Request for Reservation Closure / BOCSER,True,ok
20191004038,1,Request completed with account closure,BOC,Request completed with account closure / BOC,True,ok
20191004043,1,Pending Request for Reservation Closure,BOC,Pending Request for Reservation Closure / BOC,True,ok
20191004048,1,Authorization Requested,00595,Authorization Requested / 00595,True,ok
20191004109,1,Request completed with account closure,BOC,Request completed with account closure / BOC,True,ok
20191004146,1,Service closure Request with BO responsibility,00829,Service closure Request with BO responsibility / 00829,True,ok
20191004208,1,Service closure Request with BO responsibility,00829,Service closure Request with BO responsibility / 00829,True,ok
20191004220,1,Pending Request for Reservation Closure,SDCRAP,Pending Request for Reservation Closure / SDCRAP,True,ok
20191004224,1,Pending Request for Reservation Closure,BOC,Pending Request for Reservation Closure / BOC,True,ok
20191004227,1,Request completed with account closure,BOC,Request completed with account closure / BOC,True,ok
20191004251,1,Pending Request for Reservation Closure,BOCSER,Pending Request for Reservation Closure / BOCSER,True,ok
20191004267,1,Service closure Request with BO responsibility,00829,Service closure Request with BO responsibility / 00829,True,ok
20191004286,1,Authorization Requested,00384,Authorization Requested / 00384,True,ok
20191004364,1,Service closure Request with BO responsibility,00829,Service closure Request with BO responsibility / 00829,True,ok
20191004374,1,Authorization Requested,00501,Authorization Requested / 00501,True,ok
20191004402,1,Request completed with account closure,BOC,Request completed with account closure / BOC,True,ok
20191004432,1,Request completed with account closure,BOC,Request completed with account closure / BOC,True,ok
20191004440,1,Pending Request for Reservation Closure,BOC,Pending Request for Reservation Closure / BOC | Pending Liquidation Request / BOC,True,ok
20191004500,1,Request completed with account closure,BOC,Request completed with account closure / BOC,True,ok
20191004550,1,Service closure Request with BO responsibility,00849,Service closure Request with BO responsibility / 00849,True,ok
20191004556,1,Pending Request for Reservation Closure,BOC,Pending Request for Reservation Closure / BOC | Pending Liquidation Request / BOC,True,ok
20191004566,1,Service closure Request with BO responsibility,00849,Service closure Request with BO responsibility / 00849,True,ok
20191004680,1,Pending Request for Reservation Closure,BOC,Pending Request for Reservation Closure / BOC,True,ok
20191004710,1,Request completed with account closure,BOC,Request completed with account closure / BOC,True,ok
20191004805,1,Pending Request for Reservation Closure,BOC,Pending Request for Reservation Closure / BOC,True,ok
20191004843,1,Service closure Request with BO responsibility,00837,Service closure Request with BO responsibility / 00837,True,ok
20191004854,1,Pending Request for Reservation Closure,BOC,Pending Request for Reservation Closure / BOC,True,ok
20191004869,1,Service closure Request with BO responsibility,00835,Service closure Request with BO responsibility / 00835,True,ok
20191004891,1,Pending Request for Reservation Closure,BOC,Pending Request for Reservation Closure / BOC,True,ok
20191004909,1,Pending Request for Reservation Closure,BOC,Pending Request for Reservation Closure / BOC,True,ok
20191004957,1,Request completed with account closure,BOC,Request completed with account closure / BOC,True,ok
20191004983,1,Pending Request for Reservation Closure,BOC,Pending Request for Reservation Closure / BOC,True,ok
20191005120,1,Pending Request for Reservation Closure,BOC,Pending Request for Reservation Closure / BOC,True,ok
20191005134,1,Pending Request for Reservation Closure,BOC,Pending Request for Reservation Closure / BOC,True,ok
20191005248,1,Request completed with account closure,BOC,Request completed with account closure / BOC,True,ok
20191005294,1,Request completed with account closure,BOC,Request completed with account closure / BOC,True,ok
20191005303,1,Pending Request for Reservation Closure,BOC,Pending Request for Reservation Closure / BOC,True,ok
20191005314,1,Pending Request for Reservation Closure,BOC,Pending Request for Reservation Closure / BOC,True,ok
20191005347,1,Service closure Request with BO responsibility,00829,Service closure Request with BO responsibility / 00829,True,ok
20191005360,1,Authorization Requested,00501,Authorization Requested / 00501,True,ok
20191005375,1,Pending Request for Reservation Closure,BOC,Pending Request for Reservation Closure / BOC,True,ok
20191005395,1,Request completed with account closure,BOC,Request completed with account closure / BOC,True,ok
20191005409,1,Pending Request for Reservation Closure,BOC,Pending Request for Reservation Closure / BOC,True,ok
20191005427,1,Pending Request for acquittance of heirs,BOC,Pending Request for acquittance of heirs / BOC,True,ok
20191005428,1,Service closure Request with network responsibility,00767,Service closure Request with network responsibility / 00767 | Service closure Request with BO responsibility / BOC,True,ok
20191005462,1,Pending Request for Reservation Closure,BOC,Pending Request for Reservation Closure / BOC,True,ok
20191005480,1,Authorization Requested,00495,Authorization Requested / 00495,True,ok
20191005537,1,Request completed with account closure,BOCSER,Request completed with account closure / BOCSER,True,ok
20191005557,1,Pending Request for Reservation Closure,BOC,Pending Request for Reservation Closure / BOC,True,ok
20191005567,1,Request completed with account closure,BOCSER,Request completed with account closure / BOCSER,True,ok
20191005632,1,Request completed with account closure,BOCSER,Request completed with account closure / BOCSER,True,ok
20191005637,1,Evaluating Request (WITH registered letter),00594,Service closure Request with BO responsibility / BOC,False,ok
20191005681,1,Pending Request for acquittance of heirs,BOC,Pending Request for acquittance of heirs / BOC,True,ok
20191005698,1,Pending Request for Reservation Closure,BOC,Pending Request for Reservation Closure / BOC,True,ok
20191005733,1,Pending Request for Reservation Closure,BOC,Pending Request for Reservation Closure / BOC,True,ok
20191005769,1,Service closure Request with BO responsibility,00829,Service closure Request with BO responsibility / 00829,True,ok
20191005838,1,Service closure Request with BO responsibility,00842,Service closure Request with BO responsibility / 00842,True,ok
20191005903,1,Request completed with account closure,BOC,Request completed with account closure / BOC,True,ok
20191005922,1,Pending Liquidation Request,BOCSER,Pending Liquidation Request / BOCSER,True,ok
20191005924,1,Service closure Request with BO responsibility,00835,Service closure Request with BO responsibility / 00835,True,ok
20191005966,1,Pending Request for Reservation Closure,BOC,Pending Request for Reservation Closure / BOC,True,ok
20191006023,1,Pending Request for Reservation Closure,BOC,Pending Liquidation Request / BOC,False,ok
20191006058,1,Service closure Request with BO responsibility,00828,Service closure Request with BO responsibility / 00828,True,ok
20191006064,1,Request completed with account closure,BOC,Request completed with account closure / BOC,True,ok
20191006077,1,Pending Request for Reservation Closure,BOCSER,Pending Request for Reservation Closure / BOCSER,True,ok
20191006078,1,Pending Request for Reservation Closure,BOC,Pending Request for Reservation Closure / BOC,True,ok
20191006098,1,Authorization Requested,00147,Authorization Requested / 00147,True,ok
20191006110,1,Pending Request for Reservation Closure,BOC,Pending Request for Reservation Closure / BOC,True,ok
20191006142,1,Pending Request for Reservation Closure,BOCSER,Pending Request for Reservation Closure / BOCSER,True,ok
20191006145,1,Pending Request for Reservation Closure,BOC,Pending Request for Reservation Closure / BOC,True,ok
20191006188,1,Service closure Request with BO responsibility,00835,Service closure Request with BO responsibility / 00835,True,ok
20191006203,1,Service closure Request with BO responsibility,00842,Service closure Request with BO responsibility / 00842,True,ok
20191006207,1,Service closure Request with network responsibility,00137,Service closure Request with network responsibility / 00137,True,ok
20191006210,1,Service closure Request with BO responsibility,00842,Service closure Request with BO responsibility / 00842,True,ok
20191006217,1,Pending Request for Reservation Closure,BOC,Pending Request for Reservation Closure / BOC | Pending Liquidation Request / BOC,True,ok
20191006233,1,Pending Request for Reservation Closure,BOCSER,Pending Request for Reservation Closure / BOCSER,True,ok
20191006273,1,Service closure Request with BO responsibility,00829,Service closure Request with BO responsibility / 00829,True,ok
20191006292,1,Request completed with account closure,BOC,Request completed with account closure / BOC,True,ok
20191006301,1,Request completed with account closure,BOCSER,Request completed with account closure / BOCSER,True,ok
20191006309,1,Pending Request for Reservation Closure,BOC,Pending Request for Reservation Closure / BOC,True,ok
20191006333,1,Service closure Request with BO responsibility,00842,Service closure Request with BO responsibility / 00842,True,ok
20191006358,1,Pending Request for Reservation Closure,BOC,Pending Request for Reservation Closure / BOC,True,ok
20191006382,1,Pending Request for Reservation Closure,BOC,Pending Request for Reservation Closure / BOC,True,ok
20191006394,1,Service closure Request with BO responsibility,00829,Service closure Request with BO responsibility / 00829,True,ok
20191006436,1,Request completed with account closure,BOC,Request completed with account closure / BOC,True,ok
20191006502,1,Evaluating Request (WITH registered letter),00147,Service closure Request with BO responsibility / BOC,False,ok
20191006520,1,Service closure Request with BO responsibility,00829,Service closure Request with BO responsibility / 00829,True,ok
20191006539,1,Pending Request for Reservation Closure,BOC,Pending Request for Reservation Closure / BOC,True,ok
20191006585,1,Service closure Request with BO responsibility,00842,Service closure Request with BO responsibility / 00842,True,ok
20191006608,1,Pending Request for Reservation Closure,BOC,Pending Request for Reservation Closure / BOC,True,ok
20191006655,1,Pending Request for Reservation Closure,BOCSER,Pending Request for Reservation Closure / BOCSER,True,ok
20191006661,1,Request completed with account closure,BOCSER,Request completed with account closure / BOCSER,True,ok
20191006747,1,Evaluating Request (WITH registered letter),00849,Authorization Requested / 00566,False,ok
20191006756,1,Pending Request for Reservation Closure,BOC,Pending Request for Reservation Closure / BOC,True,ok
20191006771,1,Service closure Request with BO responsibility,00829,Service closure Request with BO responsibility / 00829,True,ok
20191006784,1,Service closure Request with BO responsibility,00829,Service closure Request with BO responsibility / 00829,True,ok
20191006788,1,Pending Request for Reservation Closure,BOCSER,Pending Request for Reservation Closure / BOCSER,True,ok
20191006789,1,Request completed with account closure,BOC,Request completed with account closure / BOC,True,ok
20191006870,1,Pending Request for Reservation Closure,BOC,Pending Request for Reservation Closure / BOC,True,ok
20191006871,1,Service closure Request with BO responsibility,00829,Service closure Request with BO responsibility / 00829,True,ok
20191006880,1,Pending Request for Reservation Closure,BOCSER,Pending Request for Reservation Closure / BOCSER,True,ok
20191006886,1,Pending Request for acquittance of heirs,BOC,Pending Request for acquittance of heirs / BOC,True,ok
20191006920,1,Evaluating Request (WITH registered letter),00849,Service closure Request with BO responsibility / BOC,False,ok
20191006922,1,Request completed with account closure,BOC,Request completed with account closure / BOC,True,ok
20191006956,1,Service closure Request with BO responsibility,00829,Service closure Request with BO responsibility / 00829,True,ok
20191006987,1,Service closure Request with BO responsibility,00829,Service closure Request with BO responsibility / 00829,True,ok
20191007056,1,Service closure Request with BO responsibility,00848,Service closure Request with BO responsibility / 00848,True,ok
20191007068,1,Request completed with account closure,BOC,Request completed with account closure / BOC,True,ok
20191007079,1,Pending Request for Reservation Closure,BOC,Pending Request for Reservation Closure / BOC | Pending Liquidation Request / BOC,True,ok
20191007149,1,Request completed with account closure,BOC,Request completed with account closure / BOC,True,ok
20191007166,1,Request completed with account closure,BOC,Request completed with account closure / BOC,True,ok
20191007291,1,Request completed with account closure,BOC,Request completed with account closure / BOC,True,ok
20191007305,1,Pending Request for Reservation Closure,BOC,Pending Request for Reservation Closure / BOC,True,ok
20191007344,1,Request completed with account closure,BOC,Request completed with account closure / BOC,True,ok
20191007413,1,Pending Request for Reservation Closure,BOC,Pending Request for Reservation Closure / BOC,True,ok
20191007453,1,Pending Request for Reservation Closure,BOC,Pending Request for Reservation Closure / BOC,True,ok
20191007463,1,Request completed with account closure,BOCSER,Request completed with account closure / BOCSER,True,ok
20191007469,1,Pending Request for Reservation Closure,BOCSER,Pending Request for Reservation Closure / BOCSER,True,ok
20191007472,1,Service closure Request with network responsibility,00501,Service closure Request with network responsibility / 00501,True,ok
20191007481,1,Pending Request for Reservation Closure,SDCRAP,Pending Request for Reservation Closure / SDCRAP,True,ok
20191007501,1,Pending Request for Reservation Closure,BOCSER,Pending Request for Reservation Closure / BOCSER,True,ok
20191007510,1,Service closure Request with BO responsibility,00842,Service closure Request with BO responsibility / 00842,True,ok
20191007558,1,Pending Request for Reservation Closure,BOC,Pending Liquidation Request / BOC,False,ok
20191007560,1,Pending Request for Reservation Closure,BOC,Pending Request for Reservation Closure / BOC | Pending Liquidation Request / BOC,True,ok
20191007564,1,Request completed with account closure,BOC,Request completed with account closure / BOC,True,ok
20191007570,1,Request completed with account closure,BOC,Request completed with account closure / BOC,True,ok
20191007587,1,Request completed with account closure,BOC,Request completed with account closure / BOC,True,ok
20191007597,1,Service closure Request with BO responsibility,00829,Service closure Request with BO responsibility / 00829,True,ok
20191007623,1,Request completed with account closure,BOC,Request completed with account closure / BOC,True,ok
20191007651,1,Pending Request for Reservation Closure,BOC,Pending Request for Reservation Closure / BOC,True,ok
20191007666,1,Request completed with account closure,BOC,Request completed with account closure / BOC,True,ok
20191007668,1,Request completed with account closure,BOC,Request completed with account closure / BOC,True,ok
20191007674,1,Pending Liquidation Request,BOC,Pending Liquidation Request / BOC,True,ok
20191007718,1,Service closure Request with BO responsibility,00850,Service closure Request with BO responsibility / 00850,True,ok
20191007810,1,Request completed with account closure,BOC,Request completed with account closure / BOC,True,ok
20191007859,1,Service closure Request with BO responsibility,00829,Service closure Request with BO responsibility / 00829,True,ok
20191007866,1,Pending Request for acquittance of heirs,BOC,Pending Request for acquittance of heirs / BOC,True,ok
20191007873,1,Request completed with account closure,BOC,Request completed with account closure / BOC,True,ok
20191007894,1,Pending Request for Reservation Closure,BOC,Pending Request for Reservation Closure / BOC,True,ok
20191007895,1,Request completed with account closure,BOC,Request completed with account closure / BOC,True,ok
20191007901,1,Pending Request for Reservation Closure,SDCTCC,Pending Request for Reservation Closure / SDCTCC,True,ok
20191007903,1,Service closure Request with network responsibility,00501,Service closure Request with network responsibility / 00501,True,ok
20191007908,1,Pending Request for Reservation Closure,BOC,Pending Request for Reservation Closure / BOC,True,ok
20191007911,1,Request completed with account closure,BOC,Request completed with account closure / BOC,True,ok
20191007912,1,Pending Request for Reservation Closure,BOC,Pending Request for Reservation Closure / BOC,True,ok
20191007948,1,Pending Request for Reservation Closure,BOC,Pending Request for Reservation Closure / BOC,True,ok
20191007964,1,Request completed with account closure,BOC,Request completed with account closure / BOC,True,ok
20191007970,1,Request completed with account closure,BOC,Request completed with account closure / BOC,True,ok
20191007975,1,Request completed with account closure,BOC,Request completed with account closure / BOC,True,ok
20191007993,1,Request completed with account closure,BOC,Request completed with account closure / BOC,True,ok
20191008000,1,Service closure Request with BO responsibility,00829,Service closure Request with BO responsibility / 00829,True,ok
20191008019,1,Service closure Request with BO responsibility,00829,Service closure Request with BO responsibility / 00829,True,ok
20191008041,1,Pending Request for acquittance of heirs,BOC,Pending Request for acquittance of heirs / BOC,True,ok
20191008066,1,Pending Request for Reservation Closure,BOC,Pending Request for Reservation Closure / BOC,True,ok
20191008071,1,Service closure Request with BO responsibility,00837,Service closure Request with BO responsibility / 00837,True,ok
20191008074,1,Request completed with account closure,BOC,Request completed with account closure / BOC,True,ok
20191008076,1,Request completed with account closure,BOC,Request completed with account closure / BOC,True,ok
20191008079,1,Service closure Request with BO responsibility,00837,Service closure Request with BO responsibility / 00837,True,ok
20191008080,1,Authorization Requested,00501,Authorization Requested / 00501,True,ok
20191008096,1,Request completed with account closure,BOC,Request completed with account closure / BOC,True,ok
20191008111,1,Pending Request for Reservation Closure,BOC,Pending Request for Reservation Closure / BOC,True,ok
20191008116,1,Pending Request for Reservation Closure,BOC,Pending Request for Reservation Closure / BOC,True,ok
20191008140,1,Pending Request for Reservation Closure,BOC,Pending Request for Reservation Closure / BOC,True,ok
20191008155,1,Pending Liquidation Request,BOC,Pending Liquidation Request / BOC,True,ok
20191008169,1,Pending Request for Reservation Closure,BOCSER,Pending Request for Reservation Closure / BOCSER,True,ok
20191008273,1,Pending Request for Reservation Closure,BOCSER,Pending Request for Reservation Closure / BOCSER | Pending Liquidation Request / BOC,True,ok
20191008283,1,Service closure Request with BO responsibility,00837,Service closure Request with BO responsibility / 00837,True,ok
20191008295,1,Pending Liquidation Request,BOC,Pending Liquidation Request / BOC,True,ok
20191008323,1,Service closure Request with BO responsibility,00849,Service closure Request with BO responsibility / 00849,True,ok
20191008334,1,Service closure Request with BO responsibility,00842,Service closure Request with BO responsibility / 00842,True,ok
20191008335,1,Request completed with account closure,BOC,Request completed with account closure / BOC,True,ok
20191008349,1,Request completed with account closure,BOC,Request completed with account closure / BOC,True,ok
20191008358,1,Pending Liquidation Request,BOC,Pending Liquidation Request / BOC,True,ok
20191008359,1,Request completed with account closure,BOC,Request completed with account closure / BOC,True,ok
20191008362,1,Request completed with account closure,BOC,Request completed with account closure / BOC,True,ok
20191008363,1,Pending Request for Reservation Closure,BOC,Pending Request for Reservation Closure / BOC,True,ok
20191008378,1,Pending Request for Reservation Closure,BOC,Pending Request for Reservation Closure / BOC,True,ok
20191008380,1,Pending Request for Reservation Closure,BOC,Pending Request for Reservation Closure / BOC,True,ok
20191008388,1,Request completed with account closure,BOC,Request completed with account closure / BOC,True,ok
20191008393,1,Request completed with account closure,BOC,Request completed with account closure / BOC,True,ok
20191008402,1,Request completed with account closure,BOC,Request completed with account closure / BOC,True,ok
20191008415,1,Pending Request for Reservation Closure,BOC,Pending Request for Reservation Closure / BOC,True,ok
20191008420,1,Authorization Requested,00501,Authorization Requested / 00501,True,ok
20191008442,1,Request completed with account closure,BOCSER,Request completed with account closure / BOCSER,True,ok
20191008443,1,Pending Request for Reservation Closure,BOC,Pending Liquidation Request / BOC,False,ok
20191008445,1,Request completed with account closure,BOC,Request completed with account closure / BOC,True,ok
20191008446,1,Pending Liquidation Request,BOCSER,Pending Liquidation Request / BOCSER,True,ok
20191008454,1,Authorization Requested,00487,Authorization Requested / 00487,True,ok
20191008456,1,Request completed with account closure,BOC,Request completed with account closure / BOC,True,ok
20191008469,1,Request completed with account closure,BOC,Request completed with account closure / BOC,True,ok
20191008473,1,Pending Request for Reservation Closure,BOCSER,Pending Request for Reservation Closure / BOCSER,True,ok
20191008481,1,Pending Request for Reservation Closure,BOCSER,Pending Request for Reservation Closure / BOCSER,True,ok
20191008500,1,Pending Request for Reservation Closure,BOC,Pending Request for Reservation Closure / BOC,True,ok
20191008537,1,Service closure Request with BO responsibility,00835,Service closure Request with BO responsibility / 00835,True,ok
20191008564,1,Service closure Request with BO responsibility,00837,Service closure Request with BO responsibility / 00837,True,ok
20191008566,1,Pending Request for Reservation Closure,BOC,Pending Request for Reservation Closure / BOC | Pending Liquidation Request / BOC,True,ok
20191008612,1,Request completed with account closure,BOC,Request completed with account closure / BOC,True,ok
20191008645,1,Authorization Requested,00594,Authorization Requested / 00594,True,ok
20191008646,1,Service closure Request with BO responsibility,00842,Service closure Request with BO responsibility / 00842,True,ok
20191008668,1,Pending Request for Reservation Closure,BOCSER,Pending Request for Reservation Closure / BOCSER,True,ok
20191008691,1,Request completed with account closure,BOC,Request completed with account closure / BOC,True,ok
20191008693,1,Pending Liquidation Request,BOC,Pending Liquidation Request / BOC,True,ok
20191008720,1,Service closure Request with BO responsibility,00835,Service closure Request with BO responsibility / 00835,True,ok
20191008742,1,Pending Request for Reservation Closure,BOC,Pending Request for Reservation Closure / BOC,True,ok
20191008751,1,Request completed with account closure,BOC,Request completed with account closure / BOC,True,ok
20191008755,1,Service closure Request with BO responsibility,00829,Service closure Request with BO responsibility / 00829,True,ok
20191008774,1,Service closure Request with BO responsibility,00842,Service closure Request with BO responsibility / 00842,True,ok
20191008797,1,Pending Request for Reservation Closure,BOC,Pending Request for Reservation Closure / BOC,True,ok
20191008808,1,Request completed with account closure,BOC,Request completed with account closure / BOC,True,ok
20191008812,1,Pending Request for Reservation Closure,BOC,Pending Request for Reservation Closure / BOC,True,ok
20191008816,1,Request completed with account closure,BOC,Request completed with account closure / BOC,True,ok
20191008827,1,Pending Request for Reservation Closure,BOC,Pending Request for Reservation Closure / BOC,True,ok
20191008833,1,Service closure Request with BO responsibility,00829,Service closure Request with BO responsibility / 00829,True,ok
20191008838,1,Pending Request for Reservation Closure,BOC,Pending Request for Reservation Closure / BOC,True,ok
20191008840,1,Request completed with account closure,BOC,Request completed with account closure / BOC,True,ok
20191008846,1,Pending Request for Reservation Closure,BOC,Pending Request for Reservation Closure / BOC,True,ok
20191008862,1,Pending Request for Reservation Closure,BOC,Pending Request for Reservation Closure / BOC | Pending Liquidation Request / BOC,True,ok
20191008891,1,Evaluating Request (WITH registered letter),00594,Service closure Request with BO responsibility / BOC,False,ok
20191008913,1,Service closure Request with BO responsibility,00829,Service closure Request with BO responsibility / 00829,True,ok
20191008924,1,Service closure Request with BO responsibility,00829,Service closure Request with BO responsibility / 00829,True,ok
20191008932,1,Pending Request for acquittance of heirs,BOC,Pending Request for acquittance of heirs / BOC,True,ok
20191008940,1,Pending Request for Reservation Closure,SDCRAP,Pending Request for Reservation Closure / SDCRAP,True,ok
20191008960,1,Pending Request for Reservation Closure,BOCSER,Pending Request for Reservation Closure / BOCSER,True,ok
20191008965,1,Pending Liquidation Request,BOC,Pending Liquidation Request / BOC,True,ok
20191008973,1,Pending Request for Reservation Closure,BOC,Pending Request for Reservation Closure / BOC | Pending Liquidation Request / BOC,True,ok
20191008981,1,Service closure Request with BO responsibility,00829,Service closure Request with BO responsibility / 00829,True,ok
20191008983,1,Request completed with account closure,BOCSER,Request completed with account closure / BOCSER,True,ok
20191008985,1,Pending Request for Reservation Closure,BOC,Pending Request for Reservation Closure / BOC,True,ok
20191008989,1,Service closure Request with BO responsibility,00829,Service closure Request with BO responsibility / 00829,True,ok
20191008994,1,Pending Request for Reservation Closure,BOCSER,Pending Request for Reservation Closure / BOCSER,True,ok
20191008995,1,Service closure Request with BO responsibility,00829,Service closure Request with BO responsibility / 00829,True,ok
20191009007,1,Request completed with account closure,BOC,Request completed with account closure / BOC,True,ok
20191009021,1,Pending Request for Reservation Closure,BOC,Pending Request for Reservation Closure / BOC,True,ok
20191009058,1,Service closure Request with BO responsibility,00829,Service closure Request with BO responsibility / 00829,True,ok
20191009071,1,Request completed with account closure,BOC,Request completed with account closure / BOC,True,ok
20191009078,1,Service closure Request with network responsibility,00767,Service closure Request with network responsibility / 00767,True,ok
20191009080,1,Pending Request for Reservation Closure,BOCSER,Pending Request for Reservation Closure / BOCSER,True,ok
20191009081,1,Pending Request for Reservation Closure,BOC,Pending Request for Reservation Closure / BOC,True,ok
20191009087,1,Request completed with account closure,BOC,Request completed with account closure / BOC,True,ok
20191009105,1,Pending Request for Reservation Closure,BOC,Pending Request for Reservation Closure / BOC,True,ok
20191009106,1,Service closure Request with BO responsibility,00829,Service closure Request with BO responsibility / 00829,True,ok
20191009120,1,Service closure Request with BO responsibility,00835,Service closure Request with BO responsibility / 00835,True,ok
20191009140,1,Authorization Requested,00501,Authorization Requested / 00501,True,ok
20191009168,1,Evaluating Request (WITH registered letter),00057,Authorization Requested / 00427,False,ok
20191009183,1,Pending Request for Reservation Closure,BOCSER,Pending Request for Reservation Closure / BOCSER,True,ok
20191009224,1,Authorization Requested,00590,Authorization Requested / 00590,True,ok
20191009239,1,Pending Request for Reservation Closure,BOC,Pending Request for Reservation Closure / BOC,True,ok
20191009269,1,Request completed with account closure,BOC,Request completed with account closure / BOC,True,ok
20191009273,1,Request completed with account closure,BOC,Request completed with account closure / BOC,True,ok
20191009284,1,Request completed with account closure,BOC,Request completed with account closure / BOC,True,ok
20191009285,1,Pending Request for Reservation Closure,BOC,Pending Request for Reservation Closure / BOC,True,ok
20191009303,1,Service closure Request with BO responsibility,00835,Service closure Request with BO responsibility / 00835,True,ok
20191009316,1,Request completed with account closure,BOC,Request completed with account closure / BOC,True,ok
20191009322,1,Pending Request for Reservation Closure,BOC,Pending Request for Reservation Closure / BOC,True,ok
20191009331,1,Request completed with account closure,BOC,Request completed with account closure / BOC,True,ok
20191009378,1,Authorization Requested,00147,Authorization Requested / 00147,True,ok
20191009379,1,Service closure Request with BO responsibility,00842,Service closure Request with BO responsibility / 00842,True,ok
20191009382,1,Authorization Requested,00147,Authorization Requested / 00147,True,ok
20191009391,1,Request completed with account closure,BOCSER,Request completed with account closure / BOCSER,True,ok
20191009423,1,Request completed with account closure,BOC,Request completed with account closure / BOC,True,ok
20191009426,1,Evaluating Request (WITH registered letter),00147,Service closure Request with BO responsibility / BOC,False,ok
20191009436,1,Pending Liquidation Request,BOC,Pending Liquidation Request / BOC,True,ok
20191009437,1,Pending Request for Reservation Closure,BOCSER,Pending Request for Reservation Closure / BOCSER,True,ok
20191009442,1,Request completed with account closure,BOC,Request completed with account closure / BOC,True,ok
20191009443,1,Request completed with account closure,BOC,Request completed with account closure / BOC,True,ok
20191009445,1,Request completed with account closure,BOC,Request completed with account closure / BOC,True,ok
20191009465,1,Pending Request for Reservation Closure,BOC,Pending Request for Reservation Closure / BOC | Pending Liquidation Request / BOC,True,ok
20191009485,1,Pending Request for Reservation Closure,BOC,Pending Request for Reservation Closure / BOC,True,ok
20191009496,1,Request completed with account closure,BOC,Request completed with account closure / BOC,True,ok
20191009505,1,Service closure Request with BO responsibility,00829,Service closure Request with BO responsibility / 00829,True,ok
20191009519,1,Pending Liquidation Request,BOC,Pending Liquidation Request / BOC,True,ok
20191009524,1,Pending Request for Reservation Closure,BOC,Pending Request for Reservation Closure / BOC,True,ok
20191009525,1,Service closure Request with BO responsibility,00829,Service closure Request with BO responsibility / 00829,True,ok
20191009535,1,Service closure Request with BO responsibility,00842,Service closure Request with BO responsibility / 00842,True,ok
20191009542,1,Request completed with account closure,BOCSER,Request completed with account closure / BOCSER,True,ok
20191009581,1,Pending Request for Reservation Closure,BOC,Pending Request for Reservation Closure / BOC,True,ok
20191009585,1,Pending Request for Reservation Closure,BOC,Pending Request for Reservation Closure / BOC,True,ok
20191009592,1,Request completed with account closure,BOC,Request completed with account closure / BOC,True,ok
20191009599,1,Pending Request for Reservation Closure,BOC,Pending Request for Reservation Closure / BOC,True,ok
20191009616,1,Service closure Request with BO responsibility,00842,Service closure Request with BO responsibility / 00842,True,ok
20191009626,1,Request completed with account closure,BOC,Request completed with account closure / BOC,True,ok
20191009630,1,Request completed with account closure,BOC,Request completed with account closure / BOC,True,ok
20191009638,1,Pending Request for Reservation Closure,BOCSER,Pending Request for Reservation Closure / BOCSER | Pending Liquidation Request / BOC,True,ok
20191009677,1,Authorization Requested,00147,Authorization Requested / 00147,True,ok
20191009680,1,Pending Liquidation Request,BOCSER,Pending Liquidation Request / BOCSER,True,ok
20191009681,1,Service closure Request with BO responsibility,00842,Service closure Request with BO responsibility / 00842,True,ok
20191009686,1,Pending Request for Reservation Closure,BOCSER,Pending Request for Reservation Closure / BOCSER,True,ok
20191009711,1,Pending Request for Reservation Closure,BOCSER,Pending Request for Reservation Closure / BOCSER | Pending Liquidation Request / BOC,True,ok
20191009713,1,Authorization Requested,00594,Authorization Requested / 00594,True,ok
20191009721,1,Pending Request for Reservation Closure,BOC,Pending Request for Reservation Closure / BOC,True,ok
20191009722,1,Pending Request for Reservation Closure,BOC,Pending Request for Reservation Closure / BOC,True,ok
20191009727,1,Service closure Request with BO responsibility,00829,Service closure Request with BO responsibility / 00829,True,ok
20191009734,1,Pending Request for Reservation Closure,BOCSER,Pending Request for Reservation Closure / BOCSER,True,ok
20191009739,1,Request completed with account closure,BOC,Request completed with account closure / BOC,True,ok
20191009759,1,Pending Request for Reservation Closure,BOC,Pending Request for Reservation Closure / BOC,True,ok
20191009788,1,Request completed with account closure,BOCSER,Request completed with account closure / BOCSER,True,ok
20191009789,1,Request completed with account closure,BOC,Request completed with account closure / BOC,True,ok
20191009797,1,Request completed with account closure,BOCSER,Request completed with account closure / BOCSER,True,ok
20191009815,1,Pending Request for acquittance of heirs,BOC,Pending Request for acquittance of heirs / BOC,True,ok
20191009817,1,Evaluating Request (WITH registered letter),00401,Authorization Requested / 00400,False,ok
20191009819,1,Service closure Request with BO responsibility,00842,Service closure Request with BO responsibility / 00842,True,ok
20191009830,1,Request completed with account closure,BOC,Request completed with account closure / BOC,True,ok
20191009831,1,Request completed with account closure,BOC,Request completed with account closure / BOC,True,ok
20191009836,1,Pending Request for Reservation Closure,BOC,Pending Request for Reservation Closure / BOC,True,ok
20191009841,1,Authorization Requested,00441,Authorization Requested / 00441,True,ok
20191009850,1,Service closure Request with BO responsibility,00842,Service closure Request with BO responsibility / 00842,True,ok
20191009868,1,Request completed with account closure,BOC,Request completed with account closure / BOC,True,ok
20191009939,1,Pending Request for Reservation Closure,BOC,Pending Request for Reservation Closure / BOC,True,ok
20191009945,1,Service closure Request with BO responsibility,00829,Service closure Request with BO responsibility / 00829,True,ok
20191009948,1,Request completed with account closure,BOC,Request completed with account closure / BOC,True,ok
20191009969,1,Request completed with account closure,BOC,Request completed with account closure / BOC,True,ok
20191009973,1,Pending Request for Reservation Closure,BOC,Pending Request for Reservation Closure / BOC,True,ok
20191009979,1,Pending Request for Reservation Closure,BOC,Pending Request for Reservation Closure / BOC,True,ok
20191009982,1,Request completed with account closure,BOCSER,Request completed with account closure / BOCSER,True,ok
20191009984,1,Request completed with account closure,BOC,Request completed with account closure / BOC,True,ok
20191010024,1,Pending Request for Reservation Closure,BOC,Pending Request for Reservation Closure / BOC,True,ok
20191010030,1,Service closure Request with BO responsibility,00829,Service closure Request with BO responsibility / 00829,True,ok
20191010039,1,Request completed with account closure,BOC,Request completed with account closure / BOC,True,ok
20191010046,1,Pending Request for Reservation Closure,BOC,Pending Request for Reservation Closure / BOC,True,ok
20191010048,1,Pending Request for Reservation Closure,BOC,Pending Request for Reservation Closure / BOC,True,ok
20191010053,1,Pending Request for Reservation Closure,BOC,Pending Request for Reservation Closure / BOC,True,ok
20191010054,1,Service closure Request with BO responsibility,00829,Service closure Request with BO responsibility / 00829,True,ok
20191010056,1,Request completed with account closure,BOC,Request completed with account closure / BOC,True,ok
20191010059,1,Pending Request for Reservation Closure,BOC,Pending Request for Reservation Closure / BOC | Pending Liquidation Request / BOC,True,ok
20191010079,1,Request completed with account closure,BOC,Request completed with account closure / BOC,True,ok
20191010088,1,Pending Request for Reservation Closure,BOC,Pending Request for Reservation Closure / BOC,True,ok
20191010116,1,Pending Request for Reservation Closure,BOC,Pending Request for Reservation Closure / BOC,True,ok
20191010121,1,Evaluating Request (WITH registered letter),00594,Evaluating Request (WITH registered letter) / 00594,True,ok
20191010124,1,Pending Request for Reservation Closure,BOC,Pending Request for Reservation Closure / BOC,True,ok
20191010126,1,Service closure Request with BO responsibility,00829,Service closure Request with BO responsibility / 00829,True,ok
20191010151,1,Request completed with account closure,BOC,Request completed with account closure / BOC,True,ok
20191010155,1,Request completed with account closure,BOC,Request completed with account closure / BOC,True,ok
20191010159,1,Service closure Request with BO responsibility,00829,Service closure Request with BO responsibility / 00829,True,ok
20191010179,1,Request completed with account closure,BOC,Request completed with account closure / BOC,True,ok
20191010185,1,Pending Request for Reservation Closure,BOC,Pending Request for Reservation Closure / BOC,True,ok
20191010206,1,Request completed with account closure,BOC,Request completed with account closure / BOC,True,ok
20191010208,1,Pending Request for Reservation Closure,BOCSER,Pending Request for Reservation Closure / BOCSER,True,ok
20191010213,1,Service closure Request with BO responsibility,00829,Service closure Request with BO responsibility / 00829,True,ok
20191010218,1,Request completed with account closure,BOC,Request completed with account closure / BOC,True,ok
20191010237,1,Request completed with account closure,BOC,Request completed with account closure / BOC,True,ok
20191010241,1,Pending Request for Reservation Closure,BOC,Pending Request for Reservation Closure / BOC | Pending Liquidation Request / BOC,True,ok
20191010250,1,Service closure Request with BO responsibility,00848,Service closure Request with BO responsibility / 00848,True,ok
20191010271,1,Service closure Request with BO responsibility,00829,Service closure Request with BO responsibility / 00829,True,ok
20191010273,1,Pending Request for Reservation Closure,BOC,Pending Request for Reservation Closure / BOC,True,ok
20191010278,1,Evaluating Request (WITH registered letter),00045,Service closure Request with BO responsibility / BOC,False,ok
20191010279,1,Request completed with account closure,BOC,Request completed with account closure / BOC,True,ok
20191010281,1,Service closure Request with network responsibility,00767,Service closure Request with network responsibility / 00767 | Service closure Request with BO responsibility / BOC,True,ok
20191010286,1,Service closure Request with BO responsibility,00829,Service closure Request with BO responsibility / 00829,True,ok
20191010289,1,Pending Request for Reservation Closure,BOC,Pending Request for Reservation Closure / BOC,True,ok
20191010292,1,Pending Request for Reservation Closure,BOC,Pending Request for Reservation Closure / BOC,True,ok
20191010296,1,Request completed with account closure,BOC,Request completed with account closure / BOC,True,ok
20191010299,1,Service closure Request with BO responsibility,00829,Service closure Request with BO responsibility / 00829,True,ok
20191010305,1,Request completed with account closure,BOC,Request completed with account closure / BOC,True,ok
20191010322,1,Service closure Request with BO responsibility,00829,Service closure Request with BO responsibility / 00829,True,ok
20191010328,1,Pending Request for Reservation Closure,BOC,Pending Request for Reservation Closure / BOC,True,ok
20191010329,1,Pending Request for Reservation Closure,BOCSER,Pending Request for Reservation Closure / BOCSER,True,ok
20191010335,1,Request completed with account closure,BOC,Request completed with account closure / BOC,True,ok
20191010347,1,Request completed with account closure,BOC,Request completed with account closure / BOC,True,ok
20191010350,1,Service closure Request with BO responsibility,00829,Service closure Request with BO responsibility / 00829,True,ok
20191010367,1,Request completed with account closure,BOC,Request completed with account closure / BOC,True,ok
20191010394,1,Pending Request for acquittance of heirs,BOC,Pending Request for acquittance of heirs / BOC,True,ok
20191010408,1,Request completed with account closure,BOC,Request completed with account closure / BOC,True,ok
20191010411,1,Request completed with account closure,BOC,Request completed with account closure / BOC,True,ok
20191010414,1,Request completed with account closure,BOC,Request completed with account closure / BOC,True,ok
20191010418,1,Pending Liquidation Request,BOC,Pending Liquidation Request / BOC,True,ok
20191010421,1,Pending Request for Reservation Closure,BOC,Pending Request for Reservation Closure / BOC,True,ok
20191010430,1,Request completed with account closure,BOC,Request completed with account closure / BOC,True,ok
20191010433,1,Pending Request for Reservation Closure,BOC,Pending Request for Reservation Closure / BOC,True,ok
20191010448,1,Pending Liquidation Request,BOC,Pending Liquidation Request / BOC,True,ok
20191010483,1,Request completed with account closure,BOCSER,Request completed with account closure / BOCSER,True,ok
20191010484,1,Pending Request for Reservation Closure,BOC,Pending Request for Reservation Closure / BOC,True,ok
20191010497,1,Pending Liquidation Request,BOC,Pending Liquidation Request / BOC,True,ok
20191010506,1,Pending Request for Reservation Closure,BOCSER,Pending Request for Reservation Closure / BOCSER,True,ok
20191010510,1,Request completed with account closure,BOC,Request completed with account closure / BOC,True,ok
20191010512,1,Request completed with account closure,BOCSER,Request completed with account closure / BOCSER,True,ok
20191010514,1,Evaluating Request (WITH registered letter),00147,Service closure Request with BO responsibility / BOC,False,ok
20191010516,1,Request completed with account closure,BOC,Request completed with account closure / BOC,True,ok
20191010529,1,Request completed with account closure,BOC,Request completed with account closure / BOC,True,ok
20191010532,1,Pending Request for Reservation Closure,BOC,Pending Request for Reservation Closure / BOC,True,ok
20191010543,1,Request completed with account closure,BOC,Request completed with account closure / BOC,True,ok
20191010555,1,Pending Request for Reservation Closure,BOC,Pending Request for Reservation Closure / BOC | Pending Liquidation Request / BOC,True,ok
20191010563,1,Pending Request for Reservation Closure,BOC,Pending Request for Reservation Closure / BOC,True,ok
20191010564,1,Pending Request for Reservation Closure,BOC,Pending Request for Reservation Closure / BOC,True,ok
20191010565,1,Service closure Request with BO responsibility,00849,Service closure Request with BO responsibility / 00849,True,ok
20191010567,1,Request completed with account closure,BOC,Request completed with account closure / BOC,True,ok
20191010580,1,Pending Request for Reservation Closure,BOC,Pending Request for Reservation Closure / BOC | Pending Liquidation Request / BOC,True,ok
20191010582,1,Request completed with account closure,BOC,Request completed with account closure / BOC,True,ok
20191010585,1,Request completed with account closure,BOC,Request completed with account closure / BOC,True,ok
20191010593,1,Evaluating Request (WITH registered letter),00594,Evaluating Request (WITH registered letter) / 00594,True,ok
20191010600,1,Service closure Request with BO responsibility,00829,Service closure Request with BO responsibility / 00829,True,ok
20191010603,1,Pending Request for Reservation Closure,BOCSER,Pending Request for Reservation Closure / BOCSER,True,ok
20191010606,1,Pending Request for Reservation Closure,BOC,Pending Request for Reservation Closure / BOC,True,ok
20191010609,1,Pending Request for Reservation Closure,BOC,Pending Request for Reservation Closure / BOC,True,ok
20191010610,1,Request completed with account closure,BOC,Request completed with account closure / BOC,True,ok
20191010611,1,Pending Request for Reservation Closure,BOCSER,Pending Request for Reservation Closure / BOCSER,True,ok
20191010613,1,Request completed with account closure,BOC,Request completed with account closure / BOC,True,ok
20191010619,1,Request completed with account closure,BOC,Request completed with account closure / BOC,True,ok
20191010620,1,Pending Request for Reservation Closure,BOC,Pending Request for Reservation Closure / BOC,True,ok
20191010628,1,Pending Request for Reservation Closure,BOC,Pending Request for Reservation Closure / BOC,True,ok
20191010631,1,Pending Request for Reservation Closure,BOCSER,Pending Request for Reservation Closure / BOCSER,True,ok
20191010640,1,Pending Request for Reservation Closure,BOC,Pending Request for Reservation Closure / BOC,True,ok
20191010647,1,Request completed with account closure,BOC,Request completed with account closure / BOC,True,ok
20191010699,1,Request completed with account closure,BOCSER,Request completed with account closure / BOCSER | Service closure Request with network responsibility / 00302,True,ok
20191010712,1,Request completed with account closure,BOCSER,Request completed with account closure / BOCSER | Service closure Request with network responsibility / NotDef,True,ok
20191010724,1,Pending Request for Reservation Closure,BOC,Pending Request for Reservation Closure / BOC,True,ok
20191010725,1,Pending Request for Reservation Closure,BOC,Pending Request for Reservation Closure / BOC,True,ok
20191010733,1,Request completed with account closure,BOC,Request completed with account closure / BOC,True,ok
20191010745,1,Pending Request for acquittance of heirs,BOC,Pending Request for acquittance of heirs / BOC,True,ok
20191010749,1,Request completed with account closure,BOC,Request completed with account closure / BOC,True,ok
20191010754,1,Request completed with account closure,BOC,Request completed with account closure / BOC,True,ok
20191010755,1,Request completed with account closure,BOC,Request completed with account closure / BOC,True,ok
20191010764,1,Pending Request for Reservation Closure,BOC,Pending Request for Reservation Closure / BOC | Pending Liquidation Request / BOC,True,ok
20191010782,1,Request completed with account closure,BOC,Request completed with account closure / BOC,True,ok
20191010795,1,Service closure Request with network responsibility,00501,Service closure Request with network responsibility / 00501 | Service closure Request with BO responsibility / BOC,True,ok
20191010801,1,Request completed with account closure,BOC,Request completed with account closure / BOC,True,ok
20191010808,1,Request completed with account closure,BOC,Request completed with account closure / BOC,True,ok
20191010818,1,Request completed with account closure,BOCSER,Request completed with account closure / BOCSER,True,ok
20191010820,1,Request completed with account closure,BOC,Request completed with account closure / BOC,True,ok
20191010821,1,Pending Request for Reservation Closure,SDCRAP,Pending Request for Reservation Closure / SDCRAP,True,ok
20191010841,1,Pending Request for Reservation Closure,BOC,Pending Request for Reservation Closure / BOC,True,ok
20191010843,1,Request completed with account closure,BOCSER,Request completed with account closure / BOCSER,True,ok
20191010846,1,Pending Request for Reservation Closure,BOC,Pending Request for Reservation Closure / BOC,True,ok
20191010862,1,Request completed with account closure,BOC,Request completed with account closure / BOC,True,ok
20191010875,1,Pending Request for Reservation Closure,BOC,Pending Request for Reservation Closure / BOC | Pending Liquidation Request / BOC,True,ok
20191010878,1,Pending Request for Reservation Closure,BOC,Pending Request for Reservation Closure / BOC,True,ok
20191010879,1,Service closure Request with BO responsibility,00850,Service closure Request with BO responsibility / 00850,True,ok
20191010881,1,Pending Request for Reservation Closure,BOC,Pending Request for Reservation Closure / BOC,True,ok
20191010888,1,Request completed with account closure,BOC,Request completed with account closure / BOC,True,ok
20191010896,1,Request completed with account closure,BOC,Request completed with account closure / BOC,True,ok
20191010902,1,Pending Liquidation Request,BOC,Pending Liquidation Request / BOC,True,ok
20191010904,1,Request completed with account closure,BOC,Request completed with account closure / BOC,True,ok
20191010911,1,Evaluating Request (WITH registered letter),00594,Authorization Requested / 00275,False,ok
20191010920,1,Request completed with account closure,BOC,Request completed with account closure / BOC | Service closure Request with network responsibility / 00753,True,ok
20191010932,1,Request completed with account closure,BOC,Request completed with account closure / BOC,True,ok
20191010936,1,Pending Request for Reservation Closure,BOC,Pending Request for Reservation Closure / BOC,True,ok
20191010937,1,Service closure Request with BO responsibility,00829,Service closure Request with BO responsibility / 00829,True,ok
20191010950,1,Request completed with account closure,BOC,Request completed with account closure / BOC,True,ok
20191010976,1,Service closure Request with BO responsibility,00829,Service closure Request with BO responsibility / 00829,True,ok
20191010981,1,Service closure Request with BO responsibility,00829,Service closure Request with BO responsibility / 00829,True,ok
20191010988,1,Pending Request for Reservation Closure,BOC,Pending Request for Reservation Closure / BOC,True,ok
20191010991,1,Pending Request for Reservation Closure,BOC,Pending Request for Reservation Closure / BOC | Pending Liquidation Request / BOC,True,ok
20191010994,1,Service closure Request with BO responsibility,00829,Service closure Request with BO responsibility / 00829,True,ok
20191011006,1,Service closure Request with BO responsibility,00829,Service closure Request with BO responsibility / 00829,True,ok
20191011012,1,Request completed with account closure,BOC,Request completed with account closure / BOC,True,ok
20191011018,1,Request completed with account closure,BOC,Request completed with account closure / BOC,True,ok
20191011019,1,Request completed with account closure,BOCSER,Request completed with account closure / BOCSER,True,ok
20191011026,1,Pending Request for Reservation Closure,SDCRAP,Pending Request for Reservation Closure / SDCRAP,True,ok
20191011033,1,Pending Request for Reservation Closure,BOC,Pending Request for Reservation Closure / BOC,True,ok
20191011038,1,Pending Request for Reservation Closure,BOC,Pending Request for Reservation Closure / BOC,True,ok
20191011044,1,Service closure Request with BO responsibility,00829,Service closure Request with BO responsibility / 00829,True,ok
20191011051,1,Pending Request for Reservation Closure,BOC,Pending Request for Reservation Closure / BOC,True,ok
20191011054,1,Request completed with account closure,BOC,Request completed with account closure / BOC,True,ok
20191011057,1,Service closure Request with BO responsibility,00829,Service closure Request with BO responsibility / 00829,True,ok
20191011062,1,Pending Request for Reservation Closure,BOC,Pending Request for Reservation Closure / BOC | Pending Liquidation Request / BOC,True,ok
20191011067,1,Pending Request for Reservation Closure,BOC,Pending Request for Reservation Closure / BOC,True,ok
20191011069,1,Request completed with account closure,BOCSER,Request completed with account closure / BOCSER,True,ok
20191011070,1,Service closure Request with BO responsibility,BOC,Service closure Request with BO responsibility / BOC,True,ok
20191011071,1,Service closure Request with BO responsibility,00829,Service closure Request with BO responsibility / 00829,True,ok
20191011098,1,Pending Request for Reservation Closure,BOC,Pending Request for Reservation Closure / BOC,True,ok
20191011113,1,Request completed with account closure,BOC,Request completed with account closure / BOC,True,ok
20191011125,1,Pending Liquidation Request,BOCSER,Pending Liquidation Request / BOCSER,True,ok
20191011126,1,Service closure Request with BO responsibility,00835,Service closure Request with BO responsibility / 00835,True,ok
20191011127,1,Pending Request for Reservation Closure,BOC,Pending Request for Reservation Closure / BOC,True,ok
20191011128,1,Request completed with account closure,BOC,Request completed with account closure / BOC,True,ok
20191011143,1,Request completed with account closure,BOC,Request completed with account closure / BOC,True,ok
20191011155,1,Pending Request for Reservation Closure,BOC,Pending Request for Reservation Closure / BOC,True,ok
20191011157,1,Request completed with account closure,BOC,Request completed with account closure / BOC,True,ok
20191011158,1,Request completed with account closure,BOCSER,Request completed with account closure / BOCSER,True,ok
20191011161,1,Request completed with account closure,BOC,Request completed with account closure / BOC,True,ok
20191011173,1,Service closure Request with network responsibility,00501,Service closure Request with network responsibility / 00501,True,ok
20191011176,1,Request completed with account closure,BOC,Request completed with account closure / BOC,True,ok
20191011177,1,Pending Request for Reservation Closure,BOC,Pending Request for Reservation Closure / BOC,True,ok
20191011178,1,Pending Liquidation Request,BOC,Pending Liquidation Request / BOC,True,ok
20191011196,1,Pending Request for Reservation Closure,BOC,Pending Request for Reservation Closure / BOC | Pending Liquidation Request / BOC,True,ok
20191011207,1,Request completed with account closure,BOC,Request completed with account closure / BOC,True,ok
20191011209,1,Pending Request for Reservation Closure,BOC,Pending Request for Reservation Closure / BOC,True,ok
20191011211,1,Pending Request for Reservation Closure,BOC,Pending Request for Reservation Closure / BOC,True,ok
20191011221,1,Request completed with account closure,BOC,Request completed with account closure / BOC,True,ok
20191011225,1,Request completed with account closure,BOC,Request completed with account closure / BOC,True,ok
20191011232,1,Evaluating Request (WITH registered letter),00147,Pending Request for Reservation Closure / BOC,False,ok
20191011258,1,Request completed with account closure,BOC,Request completed with account closure / BOC,True,ok
20191011264,1,Pending Request for Reservation Closure,SDCRAP,Pending Request for Reservation Closure / SDCRAP,True,ok
20191011267,1,Request completed with account closure,BOC,Request completed with account closure / BOC,True,ok
20191011272,1,Pending Request for Reservation Closure,BOC,Pending Request for Reservation Closure / BOC,True,ok
20191011273,1,Request completed with account closure,BOC,Request completed with account closure / BOC,True,ok
20191011277,1,Request completed with account closure,BOC,Request completed with account closure / BOC,True,ok
20191011291,1,Service closure Request with BO responsibility,00829,Service closure Request with BO responsibility / 00829,True,ok
20191011292,1,Request completed with account closure,BOC,Request completed with account closure / BOC,True,ok
20191011306,1,Pending Request for Reservation Closure,BOCSER,Pending Request for Reservation Closure / BOCSER,True,ok
20191011315,1,Request completed with account closure,BOC,Request completed with account closure / BOC,True,ok
20191011319,1,Service closure Request with BO responsibility,00829,Service closure Request with BO responsibility / 00829,True,ok
20191011321,1,Request completed with account closure,BOCSER,Request completed with account closure / BOCSER,True,ok
20191011322,1,Pending Request for acquittance of heirs,BOC,Pending Request for acquittance of heirs / BOC,True,ok
20191011325,1,Request completed with account closure,BOC,Request completed with account closure / BOC,True,ok
20191011353,1,Request completed with account closure,BOCSER,Request completed with account closure / BOCSER,True,ok
20191011354,1,Request completed with account closure,BOCSER,Request completed with account closure / BOCSER | Service closure Request with network responsibility / NotDef,True,ok
20191011355,1,Service closure Request with BO responsibility,00842,Service closure Request with BO responsibility / 00842,True,ok
20191011356,1,Request completed with account closure,BOCSER,Request completed with account closure / BOCSER | Service closure Request with network responsibility / 00629,True,ok
20191011357,1,Request completed with account closure,BOCSER,Request completed with account closure / BOCSER | Service closure Request with network responsibility / 00403 | Service closure Request with BO responsibility / BOC,True,ok
20191011358,1,Request completed with account closure,BOCSER,Request completed with account closure / BOCSER | Evaluating Request (NO registered letter) / 00075,True,ok
20191011359,1,Request completed with account closure,BOCSER,Request completed with account closure / BOCSER | Service closure Request with network responsibility / 00201,True,ok
20191011360,1,Request completed with account closure,BOCSER,Request completed with account closure / BOCSER | Service closure Request with network responsibility / 00651,True,ok
20191011361,1,Request completed with account closure,BOCSER,Request completed with account closure / BOCSER | Request deleted / NotDef,True,ok
20191011362,1,Request completed with account closure,BOCSER,Request completed with account closure / BOCSER | Request deleted / NotDef,True,ok
20191011363,1,Request completed with account closure,BOCSER,Request completed with account closure / BOCSER | Service closure Request with network responsibility / 00491 | Authorization Requested / 00341,True,ok
20191011364,1,Request completed with account closure,BOCSER,Request completed with account closure / BOCSER | Evaluating Request (NO registered letter) / 00695,True,ok
20191011365,1,Request completed with account closure,BOCSER,Request completed with account closure / BOCSER,True,ok
20191011366,1,Request completed with account closure,BOCSER,Request completed with account closure / BOCSER | Evaluating Request (NO registered letter) / 00643 | Service closure Request with network responsibility / NotDef,True,ok
20191011367,1,Request completed with account closure,BOCSER,Request completed with account closure / BOCSER | Service closure Request with network responsibility / 00465,True,ok
20191011368,1,Request completed with account closure,BOCSER,Request completed with account closure / BOCSER | Service closure Request with network responsibility / 00382,True,ok
20191011369,1,Request completed with account closure,BOCSER,Request completed with account closure / BOCSER | Request deleted / NotDef,True,ok
20191011370,1,Pending Liquidation Request,BOCSER,Pending Liquidation Request / BOCSER,True,ok
20191011371,1,Request completed with account closure,BOC,Request completed with account closure / BOC | Service closure Request with network responsibility / 00507,True,ok
20191011372,1,Pending Liquidation Request,BOCSER,Pending Liquidation Request / BOCSER,True,ok
20191011373,1,Request completed with account closure,BOCSER,Request completed with account closure / BOCSER | Service closure Request with network responsibility / NotDef,True,ok
20191011374,1,Request completed with account closure,BOCSER,Request completed with account closure / BOCSER | Evaluating Request (NO registered letter) / 00412,True,ok
20191011375,1,Request completed with account closure,BOCSER,Request completed with account closure / BOCSER | Service closure Request with network responsibility / NotDef,True,ok
20191011376,1,Request completed with account closure,BOCSER,Request completed with account closure / BOCSER | Service closure Request with network responsibility / NotDef,True,ok
20191011377,1,Request completed with account closure,BOCSER,Request completed with account closure / BOCSER | Request deleted / NotDef,True,ok
20191011378,1,Request completed with account closure,BOCSER,Request completed with account closure / BOCSER | Service closure Request with network responsibility / 00767,True,ok
20191011379,1,Request completed with account closure,BOC,Request completed with account closure / BOC | Evaluating Request (NO registered letter) / 00416,True,ok
20191011380,1,Request completed with account closure,BOC,Request completed with account closure / BOC | Evaluating Request (WITH registered letter) / 00305,True,ok
20191011381,1,Request completed with account closure,BOC,Request completed with account closure / BOC | Service closure Request with network responsibility / 00275,True,ok
20191011382,1,Request completed with account closure,BOC,Request completed with account closure / BOC | Service closure Request with network responsibility / NotDef,True,ok
20191011383,1,Request completed with account closure,BOC,Request completed with account closure / BOC | Evaluating Request (NO registered letter) / 00725,True,ok
20191011384,1,Request completed with account closure,BOC,Request completed with account closure / BOC | Evaluating Request (NO registered letter) / 00129,True,ok
20191011385,1,Request completed with account closure,BOC,Request completed with account closure / BOC | Service closure Request with network responsibility / 00567,True,ok
20191011386,1,Request completed with account closure,BOC,Request completed with account closure / BOC | Service closure Request with network responsibility / NotDef,True,ok
20191011387,1,Request completed with account closure,BOC,Request completed with account closure / BOC,True,ok
20191011388,1,Request completed with account closure,BOCSER,Request completed with account closure / BOCSER | Service closure Request with network responsibility / NotDef,True,ok
20191011389,1,Request completed with account closure,BOCSER,Request completed with account closure / BOCSER | Evaluating Request (NO registered letter) / 00559,True,ok
20191011390,1,Request completed with account closure,BOCSER,Request completed with account closure / BOCSER | Request deleted / NotDef,True,ok
20191011391,1,Request completed with account closure,BOCSER,Request completed with account closure / BOCSER | Evaluating Request (NO registered letter) / 00122,True,ok
20191011392,1,Request completed with account closure,BOCSER,Request completed with account closure / BOCSER | Evaluating Request (NO registered letter) / 00097,True,ok
20191011393,1,Request completed with account closure,BOCSER,Request completed with account closure / BOCSER | Request deleted / NotDef,True,ok
20191011399,1,Request completed with account closure,BOCSER,Request completed with account closure / BOCSER,True,ok
20191011404,1,Request completed with account closure,BOC,Request completed with account closure / BOC,True,ok
20191011406,1,Authorization Requested,00441,Authorization Requested / 00441,True,ok
20191011408,1,Pending Request for Reservation Closure,BOC,Pending Request for Reservation Closure / BOC | Pending Liquidation Request / BOC,True,ok
20191011412,1,Authorization Requested,00573,Authorization Requested / 00573,True,ok
20191011413,1,Request completed with account closure,BOC,Request completed with account closure / BOC,True,ok
20191011414,1,Pending Request for Reservation Closure,BOC,Pending Request for Reservation Closure / BOC,True,ok
20191011417,1,Pending Request for Reservation Closure,BOC,Pending Request for Reservation Closure / BOC | Pending Liquidation Request / BOC,True,ok
20191011419,1,Request completed with account closure,BOCSER,Request completed with account closure / BOCSER,True,ok
20191011424,1,Pending Request for Reservation Closure,BOC,Pending Request for Reservation Closure / BOC,True,ok
20191011429,1,Request completed with account closure,BOCSER,Request completed with account closure / BOCSER,True,ok
20191011434,1,Pending Liquidation Request,BOC,Pending Liquidation Request / BOC,True,ok
20191011438,1,Pending Request for Reservation Closure,BOC,Pending Request for Reservation Closure / BOC | Pending Liquidation Request / BOC,True,ok
20191011450,1,Pending Request for Reservation Closure,BOCCRF,Pending Request for Reservation Closure / BOCCRF,True,ok
20191011452,1,Request completed with account closure,BOCSER,Request completed with account closure / BOCSER,True,ok
20191011457,1,Request completed with account closure,BOCSER,Request completed with account closure / BOCSER,True,ok
20191011463,1,Service closure Request with BO responsibility,00835,Service closure Request with BO responsibility / 00835,True,ok
20191011470,1,Request completed with account closure,BOC,Request completed with account closure / BOC,True,ok
20191011492,1,Request completed with account closure,BOC,Request completed with account closure / BOC,True,ok
20191011493,1,Request completed with account closure,BOC,Request completed with account closure / BOC,True,ok
20191011494,1,Pending Request for Reservation Closure,BOC,Pending Request for Reservation Closure / BOC,True,ok
20191011496,1,Pending Request for Reservation Closure,BOC,Pending Request for Reservation Closure / BOC,True,ok
20191011498,1,Pending Liquidation Request,BOC,Pending Liquidation Request / BOC,True,ok
20191011512,1,Pending Liquidation Request,BOC,Pending Liquidation Request / BOC,True,ok
20191011514,1,Pending Request for Reservation Closure,BOC,Pending Request for Reservation Closure / BOC,True,ok
20191011522,1,Pending Request for Reservation Closure,BOC,Pending Request for Reservation Closure / BOC | Pending Liquidation Request / BOC,True,ok
20191011539,1,Request completed with account closure,BOC,Request completed with account closure / BOC,True,ok
20191011549,1,Pending Request for Reservation Closure,BOCSER,Pending Request for Reservation Closure / BOCSER,True,ok
20191011553,1,Pending Request for Reservation Closure,BOC,Pending Request for Reservation Closure / BOC,True,ok
20191011556,1,Service closure Request with BO responsibility,00837,Service closure Request with BO responsibility / 00837,True,ok
20191011559,1,Pending Request for Reservation Closure,BOC,Pending Request for Reservation Closure / BOC,True,ok
20191011560,1,Service closure Request with BO responsibility,00829,Service closure Request with BO responsibility / 00829,True,ok
20191011565,1,Request completed with account closure,BOC,Request completed with account closure / BOC,True,ok
20191011566,1,Pending Request for Reservation Closure,BOC,Pending Request for Reservation Closure / BOC | Pending Liquidation Request / BOC,True,ok
20191011570,1,Service closure Request with BO responsibility,00849,Service closure Request with BO responsibility / 00849,True,ok
20191011592,1,Pending Request for Reservation Closure,BOC,Pending Request for Reservation Closure / BOC,True,ok
20191011593,1,Request completed with account closure,BOC,Request completed with account closure / BOC,True,ok
20191011595,1,Pending Request for Reservation Closure,BOC,Pending Request for Reservation Closure / BOC | Pending Liquidation Request / BOCSER,True,ok
20191011600,1,Pending Request for Reservation Closure,BOC,Pending Request for Reservation Closure / BOC,True,ok
20191011601,1,Request completed with account closure,BOC,Request completed with account closure / BOC,True,ok
20191011604,1,Pending Request for Reservation Closure,BOC,Pending Request for Reservation Closure / BOC,True,ok
20191011607,1,Service closure Request with BO responsibility,00837,Service closure Request with BO responsibility / 00837,True,ok
20191011616,1,Request completed with account closure,BOC,Request completed with account closure / BOC,True,ok
20191011617,1,Pending Request for Reservation Closure,BOC,Pending Request for Reservation Closure / BOC,True,ok
20191011622,1,Request completed with account closure,BOC,Request completed with account closure / BOC,True,ok
20191011623,1,Service closure Request with BO responsibility,00837,Service closure Request with BO responsibility / 00837,True,ok
20191011624,1,Request completed with account closure,BOC,Request completed with account closure / BOC,True,ok
20191011638,1,Request completed with account closure,BOC,Request completed with account closure / BOC,True,ok
20191011640,1,Request completed with account closure,BOC,Request completed with account closure / BOC,True,ok
20191011645,1,Service closure Request with BO responsibility,00849,Service closure Request with BO responsibility / 00849,True,ok
20191011652,1,Request completed with account closure,BOC,Request completed with account closure / BOC,True,ok
20191011653,1,Pending Request for Reservation Closure,BOC,Pending Request for Reservation Closure / BOC,True,ok
20191011656,1,Pending Request for Reservation Closure,BOC,Pending Request for Reservation Closure / BOC,True,ok
20191011665,1,Service closure Request with BO responsibility,00837,Service closure Request with BO responsibility / 00837,True,ok
20191011677,1,Evaluating Request (WITH registered letter),00401,Service closure Request with BO responsibility / BOC,False,ok
20191011680,1,Pending Request for Reservation Closure,BOC,Pending Request for Reservation Closure / BOC,True,ok
20191011684,1,Request completed with account closure,BOC,Request completed with account closure / BOC,True,ok
20191011688,1,Service closure Request with BO responsibility,00837,Service closure Request with BO responsibility / 00837,True,ok
20191011695,1,Request completed with account closure,BOC,Request completed with account closure / BOC,True,ok
20191011702,1,Pending Request for Reservation Closure,BOC,Pending Request for Reservation Closure / BOC,True,ok
20191011711,1,Authorization Requested,00441,Authorization Requested / 00441,True,ok
20191011715,1,Pending Request for Reservation Closure,BOCSER,Pending Request for Reservation Closure / BOCSER,True,ok
20191011717,1,Request completed with account closure,BOC,Request completed with account closure / BOC,True,ok
20191011718,1,Service closure Request with BO responsibility,00837,Service closure Request with BO responsibility / 00837,True,ok
20191011725,1,Pending Request for Reservation Closure,BOC,Pending Request for Reservation Closure / BOC,True,ok
20191011735,1,Pending Request for Reservation Closure,BOC,Pending Request for Reservation Closure / BOC,True,ok
20191011739,1,Service closure Request with network responsibility,00767,Service closure Request with network responsibility / 00767,True,ok
20191011741,1,Request completed with account closure,BOCSER,Request completed with account closure / BOCSER,True,ok
20191011743,1,Authorization Requested,00501,Authorization Requested / 00501,True,ok
20191011745,1,Request completed with account closure,BOC,Request completed with account closure / BOC,True,ok
20191011749,1,Service closure Request with network responsibility,00767,Service closure Request with network responsibility / 00767 | Service closure Request with BO responsibility / BOC,True,ok
20191011775,1,Request completed with account closure,BOC,Request completed with account closure / BOC,True,ok
20191011778,1,Request completed with account closure,BOC,Request completed with account closure / BOC,True,ok
20191011779,1,Pending Request for Reservation Closure,BOC,Pending Request for Reservation Closure / BOC,True,ok
20191011789,1,Request completed with account closure,BOC,Request completed with account closure / BOC,True,ok
20191011790,1,Service closure Request with BO responsibility,00837,Service closure Request with BO responsibility / 00837,True,ok
20191011798,1,Pending Request for Reservation Closure,BOC,Pending Request for Reservation Closure / BOC,True,ok
20191011800,1,Request completed with account closure,BOC,Request completed with account closure / BOC,True,ok
20191011802,1,Request completed with account closure,BOCSER,Request completed with account closure / BOCSER,True,ok
20191011809,1,Pending Request for Reservation Closure,BOC,Pending Request for Reservation Closure / BOC | Pending Liquidation Request / BOC,True,ok
20191011828,1,Service closure Request with BO responsibility,00837,Service closure Request with BO responsibility / 00837,True,ok
20191011830,1,Pending Request for Reservation Closure,BOC,Pending Request for Reservation Closure / BOC,True,ok
20191011835,1,Pending Request for Reservation Closure,BOCSER,Pending Request for Reservation Closure / BOCSER,True,ok
20191011838,1,Pending Request for Reservation Closure,BOC,Pending Request for Reservation Closure / BOC,True,ok
20191011840,1,Pending Request for Reservation Closure,BOC,Pending Request for Reservation Closure / BOC,True,ok
20191011843,1,Service closure Request with BO responsibility,00849,Service closure Request with BO responsibility / 00849,True,ok
20191011846,1,Request completed with account closure,BOC,Request completed with account closure / BOC,True,ok
20191011851,1,Authorization Requested,00441,Authorization Requested / 00441,True,ok
20191011855,1,Request completed with account closure,BOC,Request completed with account closure / BOC,True,ok
20191011856,1,Service closure Request with BO responsibility,00837,Service closure Request with BO responsibility / 00837,True,ok
20191011858,1,Request completed with account closure,BOC,Request completed with account closure / BOC,True,ok
20191011862,1,Service closure Request with BO responsibility,00835,Service closure Request with BO responsibility / 00835,True,ok
20191011863,1,Pending Request for Reservation Closure,BOCSER,Pending Request for Reservation Closure / BOCSER,True,ok
20191011864,1,Service closure Request with BO responsibility,00837,Service closure Request with BO responsibility / 00837,True,ok
20191011866,1,Authorization Requested,00501,Authorization Requested / 00501,True,ok
20191011868,1,Pending Request for Reservation Closure,BOCSER,Pending Request for Reservation Closure / BOCSER,True,ok
20191011869,1,Evaluating Request (WITH registered letter),00147,Authorization Requested / 00569,False,ok
20191011870,1,Evaluating Request (WITH registered letter),00147,Service closure Request with BO responsibility / BOC,False,ok
20191011873,1,Pending Request for Reservation Closure,BOC,Pending Request for Reservation Closure / BOC,True,ok
20191011878,1,Pending Request for Reservation Closure,BOC,Pending Request for Reservation Closure / BOC,True,ok
20191011881,1,Service closure Request with network responsibility,00767,Service closure Request with network responsibility / 00767,True,ok
20191011885,1,Pending Request for Reservation Closure,BOC,Pending Request for Reservation Closure / BOC,True,ok
20191011889,1,Service closure Request with BO responsibility,00837,Service closure Request with BO responsibility / 00837,True,ok
20191011890,1,Authorization Requested,00441,Authorization Requested / 00441,True,ok
20191011892,1,Service closure Request with BO responsibility,00837,Service closure Request with BO responsibility / 00837,True,ok
20191011901,1,Pending Request for Reservation Closure,BOC,Pending Request for Reservation Closure / BOC,True,ok
20191011909,1,Pending Request for Reservation Closure,BOC,Pending Request for Reservation Closure / BOC,True,ok
20191011918,1,Request completed with account closure,BOC,Request completed with account closure / BOC,True,ok
20191011922,1,Request completed with account closure,BOC,Request completed with account closure / BOC,True,ok
20191011926,1,Pending Request for Reservation Closure,BOC,Pending Request for Reservation Closure / BOC | Pending Liquidation Request / BOC,True,ok
20191011931,1,Pending Liquidation Request,BOCSER,Pending Liquidation Request / BOCSER,True,ok
20191011939,1,Request completed with account closure,BOC,Request completed with account closure / BOC,True,ok
20191011943,1,Pending Request for Reservation Closure,BOC,Pending Request for Reservation Closure / BOC,True,ok
20191011944,1,Pending Request for Reservation Closure,BOC,Pending Request for Reservation Closure / BOC,True,ok
20191011948,1,Pending Request for Reservation Closure,BOC,Pending Request for Reservation Closure / BOC,True,ok
20191011951,1,Request completed with account closure,BOC,Request completed with account closure / BOC,True,ok
20191011963,1,Request completed with account closure,BOC,Request completed with account closure / BOC,True,ok
20191011964,1,Pending Liquidation Request,BOC,Pending Liquidation Request / BOC,True,ok
20191011968,1,Request completed with account closure,BOC,Request completed with account closure / BOC,True,ok
20191011976,1,Evaluating Request (WITH registered letter),00147,Service closure Request with BO responsibility / BOC,False,ok
20191011977,1,Request completed with account closure,BOC,Request completed with account closure / BOC,True,ok
20191011982,1,Pending Request for Reservation Closure,BOCSER,Pending Request for Reservation Closure / BOCSER,True,ok
20191011983,1,Request completed with account closure,BOC,Request completed with account closure / BOC,True,ok
20191011984,1,Service closure Request with BO responsibility,00837,Service closure Request with BO responsibility / 00837,True,ok
20191011987,1,Service closure Request with BO responsibility,00837,Service closure Request with BO responsibility / 00837,True,ok
20191011989,1,Request completed with account closure,BOC,Request completed with account closure / BOC,True,ok
20191011995,1,Request completed with account closure,BOC,Request completed with account closure / BOC | Evaluating Request (NO registered letter) / 00624,True,ok
20191011996,1,Request completed with account closure,BOC,Request completed with account closure / BOC | Evaluating Request (WITH registered letter) / 00835,True,ok
20191011997,1,Request completed with account closure,BOC,Request completed with account closure / BOC | Evaluating Request (NO registered letter) / 00490,True,ok
20191011998,1,Request completed with account closure,BOC,Request completed with account closure / BOC | Service closure Request with network responsibility / 00266,True,ok
20191011999,1,Request completed with account closure,BOC,Request completed with account closure / BOC | Evaluating Request (NO registered letter) / 00116,True,ok
20191012000,1,Request completed with account closure,BOC,Request completed with account closure / BOC | Evaluating Request (NO registered letter) / SB23,True,ok
20191012001,1,Request completed with account closure,BOC,Request completed with account closure / BOC | Evaluating Request (WITH registered letter) / 00844,True,ok
20191012002,1,Request completed with account closure,BOCSER,Request completed with account closure / BOCSER | Evaluating Request (NO registered letter) / SB10,True,ok
20191012006,1,Pending Request for Reservation Closure,SDCRAP,Pending Request for Reservation Closure / SDCRAP | Pending Liquidation Request / BOC,True,ok
20191012013,1,Request completed with account closure,BOC,Request completed with account closure / BOC,True,ok
20191012017,1,Request completed with account closure,BOC,Request completed with account closure / BOC,True,ok
20191012018,1,Request completed with account closure,BOC,Request completed with account closure / BOC,True,ok
20191012025,1,Request completed with account closure,BOC,Request completed with account closure / BOC,True,ok
20191012027,1,Request completed with account closure,BOC,Request completed with account closure / BOC,True,ok
20191012030,1,Service closure Request with BO responsibility,00829,Service closure Request with BO responsibility / 00829,True,ok
20191012033,1,Request completed with account closure,BOC,Request completed with account closure / BOC,True,ok
20191012037,1,Pending Request for Reservation Closure,BOC,Pending Request for Reservation Closure / BOC,True,ok
20191012040,1,Request completed with account closure,BOC,Request completed with account closure / BOC,True,ok
20191012049,1,Request completed with account closure,BOCSER,Request completed with account closure / BOCSER,True,ok
20191012055,1,Evaluating Request (WITH registered letter),00594,Service closure Request with BO responsibility / BOC,False,ok
20191012056,1,Request completed with account closure,BOC,Request completed with account closure / BOC,True,ok
20191012063,1,Pending Request for Reservation Closure,BOC,Pending Request for Reservation Closure / BOC | Pending Liquidation Request / SDCTCC,True,ok
20191012066,1,Request completed with account closure,BOCSER,Request completed with account closure / BOCSER,True,ok
20191012071,1,Request completed with account closure,BOC,Request completed with account closure / BOC,True,ok
20191012072,1,Request completed with account closure,BOC,Request completed with account closure / BOC,True,ok
20191012073,1,Service closure Request with BO responsibility,00842,Service closure Request with BO responsibility / 00842,True,ok
20191012077,1,Pending Request for Reservation Closure,BOC,Pending Request for Reservation Closure / BOC,True,ok
20191012084,1,Service closure Request with BO responsibility,00829,Service closure Request with BO responsibility / 00829,True,ok
20191012093,1,Request completed with account closure,BOC,Request completed with account closure / BOC,True,ok
20191012095,1,Pending Request for Reservation Closure,BOC,Pending Request for Reservation Closure / BOC,True,ok
20191012096,1,Pending Request for Reservation Closure,BOC,Pending Request for Reservation Closure / BOC,True,ok
20191012100,1,Request completed with account closure,BOC,Request completed with account closure / BOC,True,ok
20191012107,1,Request completed with account closure,BOC,Request completed with account closure / BOC,True,ok
20191012113,1,Request completed with account closure,BOC,Request completed with account closure / BOC,True,ok
20191012116,1,Request completed with account closure,BOC,Request completed with account closure / BOC,True,ok
20191012117,1,Request completed with account closure,BOC,Request completed with account closure / BOC,True,ok
20191012119,1,Request completed with account closure,BOC,Request completed with account closure / BOC,True,ok
20191012121,1,Service closure Request with BO responsibility,00829,Service closure Request with BO responsibility / 00829,True,ok
20191012125,1,Pending Request for Reservation Closure,BOC,Pending Request for Reservation Closure / BOC,True,ok
20191012126,1,Pending Request for Reservation Closure,BOCSER,Pending Request for Reservation Closure / BOCSER,True,ok
20191012128,1,Pending Liquidation Request,BOC,Pending Liquidation Request / BOC,True,ok
20191012131,1,Service closure Request with BO responsibility,00842,Service closure Request with BO responsibility / 00842,True,ok
20191012132,1,Pending Request for Reservation Closure,BOC,Pending Request for Reservation Closure / BOC,True,ok
20191012135,1,Pending Request for Reservation Closure,BOC,Pending Request for Reservation Closure / BOC,True,ok
20191012136,1,Request completed with account closure,BOC,Request completed with account closure / BOC,True,ok
20191012141,1,Service closure Request with BO responsibility,00829,Service closure Request with BO responsibility / 00829,True,ok
20191012142,1,Service closure Request with network responsibility,00767,Service closure Request with network responsibility / 00767,True,ok
20191012148,1,Pending Liquidation Request,BOC,Pending Liquidation Request / BOC,True,ok
20191012152,1,Request completed with account closure,BOC,Request completed with account closure / BOC,True,ok
20191012154,1,Request completed with account closure,BOC,Request completed with account closure / BOC,True,ok
20191012157,1,Pending Request for Reservation Closure,BOC,Pending Request for Reservation Closure / BOC,True,ok
20191012166,1,Pending Request for Reservation Closure,BOC,Pending Request for Reservation Closure / BOC,True,ok
20191012168,1,Authorization Requested,00501,Authorization Requested / 00501,True,ok
20191012175,1,Service closure Request with network responsibility,00767,Service closure Request with network responsibility / 00767,True,ok
20191012180,1,Pending Request for Reservation Closure,BOCSER,Pending Request for Reservation Closure / BOCSER | Pending Liquidation Request / BOC,True,ok
20191012182,1,Request completed with account closure,BOC,Request completed with account closure / BOC,True,ok
20191012184,1,Authorization Requested,00501,Authorization Requested / 00501,True,ok
20191012185,1,Service closure Request with BO responsibility,00829,Service closure Request with BO responsibility / 00829,True,ok
20191012193,1,Request completed with account closure,BOC,Request completed with account closure / BOC,True,ok
20191012195,1,Pending Request for Reservation Closure,BOCSER,Pending Request for Reservation Closure / BOCSER,True,ok
20191012203,1,Pending Request for Reservation Closure,BOCSER,Pending Request for Reservation Closure / BOCSER,True,ok
20191012210,1,Request completed with account closure,BOC,Request completed with account closure / BOC,True,ok
20191012216,1,Pending Request for Reservation Closure,BOC,Pending Request for Reservation Closure / BOC,True,ok
20191012218,1,Pending Request for Reservation Closure,BOC,Pending Request for Reservation Closure / BOC,True,ok
20191012221,1,Request completed with account closure,BOC,Request completed with account closure / BOC,True,ok
20191012225,1,Service closure Request with BO responsibility,00829,Service closure Request with BO responsibility / 00829,True,ok
20191012226,1,Request completed with account closure,BOC,Request completed with account closure / BOC,True,ok
20191012235,1,Pending Request for Reservation Closure,BOC,Pending Request for Reservation Closure / BOC,True,ok
20191012251,1,Pending Request for Reservation Closure,SDCRAP,Pending Request for Reservation Closure / SDCRAP | Pending Liquidation Request / BOC,True,ok
20191012255,1,Service closure Request with BO responsibility,00829,Service closure Request with BO responsibility / 00829,True,ok
20191012261,1,Service closure Request with BO responsibility,00829,Service closure Request with BO responsibility / 00829,True,ok
20191012263,1,Service closure Request with BO responsibility,00842,Service closure Request with BO responsibility / 00842,True,ok
20191012273,1,Pending Request for Reservation Closure,BOCSER,Pending Request for Reservation Closure / BOCSER | Pending Liquidation Request / BOC,True,ok
20191012276,1,Pending Request for Reservation Closure,SDCRAP,Pending Request for Reservation Closure / SDCRAP | Pending Liquidation Request / BOC,True,ok
20191012283,1,Service closure Request with BO responsibility,00842,Service closure Request with BO responsibility / 00842,True,ok
20191012285,1,Request completed with account closure,BOC,Request completed with account closure / BOC,True,ok
20191012293,1,Pending Request for Reservation Closure,BOCSER,Pending Request for Reservation Closure / BOCSER,True,ok
20191012294,1,Request completed with account closure,BOC,Request completed with account closure / BOC,True,ok
20191012302,1,Pending Request for Reservation Closure,BOCSER,Pending Request for Reservation Closure / BOCSER | Pending Liquidation Request / BOC,True,ok
20191012303,1,Request completed with account closure,BOC,Request completed with account closure / BOC,True,ok
20191012305,1,Pending Request for Reservation Closure,BOC,Pending Request for Reservation Closure / BOC,True,ok
20191012307,1,Service closure Request with BO responsibility,00829,Service closure Request with BO responsibility / 00829,True,ok
20191012313,1,Pending Liquidation Request,BOC,Pending Liquidation Request / BOC,True,ok
20191012315,1,Pending Request for Reservation Closure,BOC,Pending Request for Reservation Closure / BOC,True,ok
20191012317,1,Pending Request for Reservation Closure,BOCSER,Pending Request for Reservation Closure / BOCSER,True,ok
20191012318,1,Service closure Request with BO responsibility,00829,Service closure Request with BO responsibility / 00829,True,ok
20191012326,1,Request completed with account closure,BOCSER,Request completed with account closure / BOCSER,True,ok
20191012336,1,Request completed with account closure,BOC,Request completed with account closure / BOC,True,ok
20191012338,1,Pending Request for Reservation Closure,BOC,Pending Request for Reservation Closure / BOC,True,ok
20191012341,1,Service closure Request with BO responsibility,00829,Service closure Request with BO responsibility / 00829,True,ok
20191012349,1,Pending Request for Reservation Closure,BOCSER,Pending Request for Reservation Closure / BOCSER,True,ok
20191012350,1,Pending Request for Reservation Closure,BOC,Pending Request for Reservation Closure / BOC,True,ok
20191012354,1,Pending Request for Reservation Closure,BOC,Pending Request for Reservation Closure / BOC,True,ok
20191012357,1,Request completed with account closure,BOC,Request completed with account closure / BOC,True,ok
20191012359,1,Pending Request for Reservation Closure,BOCSER,Pending Request for Reservation Closure / BOCSER,True,ok
20191012361,1,Pending Request for Reservation Closure,BOC,Pending Request for Reservation Closure / BOC,True,ok
20191012370,1,Request completed with account closure,BOC,Request completed with account closure / BOC,True,ok
20191012372,1,Pending Request for Reservation Closure,BOCSER,Pending Request for Reservation Closure / BOCSER | Pending Liquidation Request / BOCSER,True,ok
20191012378,1,Pending Request for Reservation Closure,SDCRAP,Pending Request for Reservation Closure / SDCRAP | Pending Liquidation Request / BOC,True,ok
20191012379,1,Pending Request for Reservation Closure,BOC,Pending Request for Reservation Closure / BOC,True,ok
20191012381,1,Evaluating Request (WITH registered letter),00594,Authorization Requested / SB76,False,ok
20191012385,1,Pending Request for Reservation Closure,BOC,Pending Request for Reservation Closure / BOC,True,ok
20191012386,1,Pending Liquidation Request,BOC,Pending Liquidation Request / BOC,True,ok
20191012396,1,Service closure Request with BO responsibility,00829,Service closure Request with BO responsibility / 00829,True,ok
20191012400,1,Request completed with account closure,BOC,Request completed with account closure / BOC,True,ok
20191012406,1,Service closure Request with BO responsibility,00842,Service closure Request with BO responsibility / 00842,True,ok
20191012408,1,Request completed with account closure,BOC,Request completed with account closure / BOC,True,ok
20191012419,1,Request completed with account closure,BOC,Request completed with account closure / BOC,True,ok
20191012425,1,Service closure Request with BO responsibility,00829,Service closure Request with BO responsibility / 00829,True,ok
20191012427,1,Service closure Request with BO responsibility,00835,Service closure Request with BO responsibility / 00835,True,ok
20191012428,1,Pending Request for Reservation Closure,BOC,Pending Request for Reservation Closure / BOC,True,ok
20191012434,1,Request completed with account closure,BOC,Request completed with account closure / BOC,True,ok
20191012453,1,Service closure Request with BO responsibility,00829,Service closure Request with BO responsibility / 00829,True,ok
20191012456,1,Request completed with account closure,BOCSER,Request completed with account closure / BOCSER,True,ok
20191012464,1,Request completed with account closure,BOC,Request completed with account closure / BOC,True,ok
20191012468,1,Pending Liquidation Request,BOC,Pending Liquidation Request / BOC,True,ok
20191012473,1,Pending Request for Reservation Closure,BOCSER,Pending Request for Reservation Closure / BOCSER | Pending Liquidation Request / BOC,True,ok
20191012474,1,Pending Request for Reservation Closure,BOCSER,Pending Request for Reservation Closure / BOCSER,True,ok
20191012475,1,Request completed with account closure,BOC,Request completed with account closure / BOC,True,ok
20191012476,1,Pending Request for Reservation Closure,BOC,Pending Request for Reservation Closure / BOC,True,ok
20191012477,1,Pending Request for Reservation Closure,BOCSER,Pending Request for Reservation Closure / BOCSER,True,ok
20191012479,1,Pending Request for Reservation Closure,BOCSER,Pending Request for Reservation Closure / BOCSER,True,ok
20191012482,1,Pending Request for Reservation Closure,BOCSER,Pending Request for Reservation Closure / BOCSER,True,ok
20191012485,1,Pending Request for Reservation Closure,BOC,Pending Request for Reservation Closure / BOC,True,ok
20191012486,1,Request completed with account closure,BOC,Request completed with account closure / BOC,True,ok
20191012487,1,Service closure Request with BO responsibility,00829,Service closure Request with BO responsibility / 00829,True,ok
20191012490,1,Request completed with account closure,BOC,Request completed with account closure / BOC,True,ok
20191012498,1,Request completed with account closure,BOC,Request completed with account closure / BOC,True,ok
20191012510,1,Request completed with account closure,BOC,Request completed with account closure / BOC,True,ok
20191012511,1,Request completed with account closure,BOCSER,Request completed with account closure / BOCSER,True,ok
20191012521,1,Request completed with account closure,BOC,Request completed with account closure / BOC,True,ok
20191012522,1,Request completed with account closure,BOC,Request completed with account closure / BOC,True,ok
20191012525,1,Request completed with account closure,BOC,Request completed with account closure / BOC | Service closure Request with network responsibility / 00118,True,ok
20191012526,1,Request completed with account closure,BOC,Request completed with account closure / BOC | Request deleted / NotDef,True,ok
20191012527,1,Request completed with account closure,BOC,Request completed with account closure / BOC | Request deleted / NotDef,True,ok
20191012528,1,Request completed with account closure,BOC,Request completed with account closure / BOC | Evaluating Request (NO registered letter) / 00347,True,ok
20191012529,1,Request completed with account closure,BOC,Request completed with account closure / BOC | Service closure Request with network responsibility / NotDef,True,ok
20191012530,1,Request completed with account closure,BOC,Request completed with account closure / BOC | Service closure Request with network responsibility / 00378,True,ok
20191012531,1,Request completed with account closure,BOC,Request completed with account closure / BOC | Request deleted / NotDef,True,ok
20191012532,1,Request completed with account closure,BOC,Request completed with account closure / BOC | Evaluating Request (NO registered letter) / 00504,True,ok
20191012533,1,Request completed with account closure,BOC,Request completed with account closure / BOC | Request deleted / NotDef,True,ok
20191012534,1,Request completed with account closure,BOC,Request completed with account closure / BOC | Evaluating Request (NO registered letter) / 00445,True,ok
20191012535,1,Request completed with account closure,BOC,Request completed with account closure / BOC | Evaluating Request (NO registered letter) / SB13,True,ok
20191012536,1,Request completed with account closure,BOC,Request completed with account closure / BOC | Evaluating Request (NO registered letter) / 00380,True,ok
20191012537,1,Request completed with account closure,BOC,Request completed with account closure / BOC | Service closure Request with network responsibility / NotDef | Service closure Request with BO responsibility / 00854,True,ok
20191012538,1,Request completed with account closure,BOC,Request completed with account closure / BOC | Request deleted / NotDef,True,ok
20191012539,1,Request completed with account closure,BOC,Request completed with account closure / BOC | Evaluating Request (NO registered letter) / 00053,True,ok
20191012540,1,Pending Request for Reservation Closure,BOCSER,Pending Request for Reservation Closure / BOCSER,True,ok
20191012542,1,Request completed with account closure,BOC,Request completed with account closure / BOC,True,ok
20191012547,1,Pending Request for Reservation Closure,BOC,Pending Request for Reservation Closure / BOC,True,ok
20191012548,1,Authorization Requested,00147,Authorization Requested / 00147,True,ok
20191012555,1,Evaluating Request (WITH registered letter),00594,Service closure Request with BO responsibility / BOC,False,ok
20191012560,1,Request completed with account closure,BOC,Request completed with account closure / BOC,True,ok
20191012569,1,Pending Request for Reservation Closure,BOC,Pending Request for Reservation Closure / BOC | Pending Liquidation Request / BOC,True,ok
20191012571,1,Request completed with account closure,BOCSER,Request completed with account closure / BOCSER,True,ok
20191012573,1,Request completed with account closure,BOC,Request completed with account closure / BOC,True,ok
20191012574,1,Request completed with account closure,BOC,Request completed with account closure / BOC,True,ok
20191012580,1,Request completed with account closure,BOC,Request completed with account closure / BOC,True,ok
20191012581,1,Pending Request for Reservation Closure,BOCSER,Pending Request for Reservation Closure / BOCSER,True,ok
20191012585,1,Pending Request for Reservation Closure,BOC,Pending Request for Reservation Closure / BOC,True,ok
20191012587,1,Request completed with account closure,BOC,Request completed with account closure / BOC,True,ok
20191012590,1,Request completed with account closure,BOC,Request completed with account closure / BOC,True,ok
20191012591,1,Service closure Request with BO responsibility,00849,Service closure Request with BO responsibility / 00849,True,ok
20191012595,1,Pending Request for Reservation Closure,BOC,Pending Request for Reservation Closure / BOC,True,ok
20191012599,1,Pending Request for Reservation Closure,BOC,Pending Request for Reservation Closure / BOC | Pending Liquidation Request / BOC,True,ok
20191012600,1,Pending Liquidation Request,BOC,Pending Liquidation Request / BOC,True,ok
20191012602,1,Service closure Request with BO responsibility,00842,Service closure Request with BO responsibility / 00842,True,ok
20191012604,1,Request completed with account closure,BOCSER,Request completed with account closure / BOCSER,True,ok
20191012606,1,Request completed with account closure,BOC,Request completed with account closure / BOC,True,ok
20191012607,1,Pending Request for Reservation Closure,BOC,Pending Request for Reservation Closure / BOC,True,ok
20191012608,1,Request completed with account closure,BOC,Request completed with account closure / BOC,True,ok
20191012610,1,Request completed with account closure,BOC,Request completed with account closure / BOC,True,ok
20191012611,1,Request completed with account closure,BOC,Request completed with account closure / BOC,True,ok
20191012613,1,Pending Liquidation Request,BOC,Pending Liquidation Request / BOC,True,ok
20191012618,1,Request completed with account closure,BOCSER,Request completed with account closure / BOCSER,True,ok
20191012622,1,Pending Liquidation Request,BOC,Pending Liquidation Request / BOC,True,ok
20191012623,1,Service closure Request with BO responsibility,00842,Service closure Request with BO responsibility / 00842,True,ok
20191012629,1,Request completed with account closure,BOC,Request completed with account closure / BOC,True,ok
20191012631,1,Service closure Request with BO responsibility,00852,Service closure Request with BO responsibility / 00852,True,ok
20191012636,1,Request completed with account closure,BOC,Request completed with account closure / BOC,True,ok
20191012638,1,Pending Request for Reservation Closure,BOC,Pending Liquidation Request / BOC,False,ok
20191012640,1,Request completed with account closure,BOC,Request completed with account closure / BOC,True,ok
20191012647,1,Service closure Request with BO responsibility,00842,Service closure Request with BO responsibility / 00842,True,ok
20191012648,1,Request completed with account closure,BOC,Request completed with account closure / BOC,True,ok
20191012649,1,Request completed with account closure,BOC,Request completed with account closure / BOC,True,ok
20191012651,1,Pending Request for Reservation Closure,BOCCRF,Pending Request for Reservation Closure / BOCCRF,True,ok
20191012656,1,Request completed with account closure,BOC,Request completed with account closure / BOC,True,ok
20191012657,1,Pending Liquidation Request,BOC,Pending Liquidation Request / BOC,True,ok
20191012661,1,Request completed with account closure,BOCSER,Request completed with account closure / BOCSER,True,ok
20191012663,1,Pending Request for Reservation Closure,BOC,Pending Request for Reservation Closure / BOC,True,ok
20191012664,1,Request completed with account closure,BOC,Request completed with account closure / BOC,True,ok
20191012668,1,Request completed with account closure,BOC,Request completed with account closure / BOC,True,ok
20191012669,1,Service closure Request with BO responsibility,00842,Service closure Request with BO responsibility / 00842,True,ok
20191012671,1,Request completed with account closure,BOC,Request completed with account closure / BOC,True,ok
20191012673,1,Service closure Request with BO responsibility,00829,Service closure Request with BO responsibility / 00829,True,ok
20191012675,1,Request completed with account closure,BOC,Request completed with account closure / BOC,True,ok
20191012677,1,Evaluating Request (WITH registered letter),00147,Authorization Requested / 00574,False,ok
20191012683,1,Request completed with account closure,BOC,Request completed with account closure / BOC,True,ok
20191012685,1,Request completed with account closure,BOC,Request completed with account closure / BOC,True,ok
20191012687,1,Request completed with account closure,BOC,Request completed with account closure / BOC,True,ok
20191012692,1,Request completed with account closure,BOC,Request completed with account closure / BOC,True,ok
20191012698,1,Pending Request for Reservation Closure,BOC,Pending Request for Reservation Closure / BOC,True,ok
20191012700,1,Request completed with account closure,BOC,Request completed with account closure / BOC,True,ok
20191012708,1,Pending Request for Reservation Closure,BOC,Pending Request for Reservation Closure / BOC,True,ok
20191012711,1,Pending Request for Reservation Closure,BOC,Pending Request for Reservation Closure / BOC,True,ok
20191012714,1,Request completed with account closure,BOC,Request completed with account closure / BOC,True,ok
20191012720,1,Service closure Request with BO responsibility,00829,Service closure Request with BO responsibility / 00829,True,ok
20191012723,1,Request completed with account closure,BOC,Request completed with account closure / BOC,True,ok
20191012726,1,Request completed with account closure,BOC,Request completed with account closure / BOC,True,ok
20191012730,1,Service closure Request with BO responsibility,00842,Service closure Request with BO responsibility / 00842,True,ok
20191012732,1,Pending Request for Reservation Closure,BOCSER,Pending Request for Reservation Closure / BOCSER,True,ok
20191012733,1,Request completed with account closure,BOC,Request completed with account closure / BOC,True,ok
20191012737,1,Pending Request for Reservation Closure,BOC,Pending Request for Reservation Closure / BOC,True,ok
20191012739,1,Request completed with account closure,BOCSER,Request completed with account closure / BOCSER,True,ok
20191012746,1,Request completed with account closure,BOC,Request completed with account closure / BOC,True,ok
20191012747,1,Pending Request for Reservation Closure,BOC,Pending Request for Reservation Closure / BOC,True,ok
20191012748,1,Request completed with account closure,BOC,Request completed with account closure / BOC,True,ok
20191012749,1,Request completed with account closure,BOC,Request completed with account closure / BOC,True,ok
20191012751,1,Request completed with account closure,BOC,Request completed with account closure / BOC,True,ok
20191012752,1,Pending Request for Reservation Closure,BOC,Pending Request for Reservation Closure / BOC,True,ok
20191012753,1,Evaluating Request (WITH registered letter),00594,Service closure Request with BO responsibility / BOC,False,ok
20191012754,1,Request completed with account closure,BOC,Request completed with account closure / BOC,True,ok
20191012755,1,Service closure Request with BO responsibility,00844,Service closure Request with BO responsibility / 00844,True,ok
20191012758,1,Service closure Request with BO responsibility,00842,Service closure Request with BO responsibility / 00842,True,ok
20191012759,1,Evaluating Request (WITH registered letter),00401,Authorization Requested / 00594,False,ok
20191012761,1,Pending Request for Reservation Closure,BOC,Pending Request for Reservation Closure / BOC,True,ok
20191012766,1,Request completed with account closure,BOCSER,Request completed with account closure / BOCSER,True,ok
20191012767,1,Request completed with account closure,BOC,Request completed with account closure / BOC,True,ok
20191012771,1,Service closure Request with BO responsibility,00829,Service closure Request with BO responsibility / 00829,True,ok
20191012772,1,Service closure Request with BO responsibility,00829,Service closure Request with BO responsibility / 00829,True,ok
20191012776,1,Authorization Requested,00147,Authorization Requested / 00147,True,ok
20191012779,1,Service closure Request with BO responsibility,00829,Service closure Request with BO responsibility / 00829,True,ok
20191012780,1,Pending Liquidation Request,BOC,Pending Liquidation Request / BOC,True,ok
20191012781,1,Pending Request for Reservation Closure,BOC,Pending Request for Reservation Closure / BOC | Pending Liquidation Request / BOC,True,ok
20191012782,1,Request completed with account closure,BOCSER,Request completed with account closure / BOCSER,True,ok
20191012786,1,Request completed with account closure,BOC,Request completed with account closure / BOC,True,ok
20191012787,1,Request completed with account closure,BOC,Request completed with account closure / BOC,True,ok
20191012788,1,Pending Liquidation Request,BOC,Pending Liquidation Request / BOC,True,ok
20191012790,1,Pending Request for Reservation Closure,BOC,Pending Request for Reservation Closure / BOC,True,ok
20191012793,1,Pending Liquidation Request,BOC,Pending Liquidation Request / BOC,True,ok
20191012795,1,Request completed with account closure,BOC,Request completed with account closure / BOC,True,ok
20191012796,1,Request completed with account closure,BOC,Request completed with account closure / BOC,True,ok
20191012798,1,Service closure Request with BO responsibility,00842,Service closure Request with BO responsibility / 00842,True,ok
20191012799,1,Pending Liquidation Request,BOC,Pending Liquidation Request / BOC,True,ok
20191012800,1,Service closure Request with BO responsibility,00837,Service closure Request with BO responsibility / 00837,True,ok
20191012801,1,Request completed with account closure,BOC,Request completed with account closure / BOC,True,ok
20191012802,1,Request completed with account closure,BOC,Request completed with account closure / BOC,True,ok
20191012807,1,Request completed with account closure,BOC,Request completed with account closure / BOC,True,ok
20191012810,1,Request completed with account closure,BOCSER,Request completed with account closure / BOCSER,True,ok
20191012812,1,Request completed with account closure,BOC,Request completed with account closure / BOC,True,ok
20191012816,1,Request completed with account closure,BOC,Request completed with account closure / BOC,True,ok
20191012817,1,Request completed with account closure,BOCSER,Request completed with account closure / BOCSER | Service closure Request with network responsibility / NotDef,True,ok
20191012819,1,Request completed with account closure,BOC,Request completed with account closure / BOC,True,ok
20191012821,1,Service closure Request with BO responsibility,00835,Service closure Request with BO responsibility / 00835,True,ok
20191012822,1,Pending Liquidation Request,BOC,Pending Liquidation Request / BOC,True,ok
20191012834,1,Request completed with account closure,BOC,Request completed with account closure / BOC,True,ok
20191012839,1,Evaluating Request (WITH registered letter),00147,Authorization Requested / 00341,False,ok
20191012845,1,Pending Request for Reservation Closure,BOCCRF,Pending Request for Reservation Closure / BOCCRF,True,ok
20191012849,1,Request completed with account closure,BOC,Request completed with account closure / BOC,True,ok
20191012851,1,Request completed with account closure,BOC,Request completed with account closure / BOC,True,ok
20191012853,1,Request completed with account closure,BOC,Request completed with account closure / BOC,True,ok
20191012857,1,Request completed with account closure,BOC,Request completed with account closure / BOC,True,ok
20191012861,1,Pending Request for Reservation Closure,BOC,Pending Request for Reservation Closure / BOC,True,ok
20191012864,1,Request completed with account closure,BOC,Request completed with account closure / BOC,True,ok
20191012866,1,Request completed with account closure,BOC,Request completed with account closure / BOC,True,ok
20191012871,1,Service closure Request with BO responsibility,00829,Service closure Request with BO responsibility / 00829,True,ok
20191012873,1,Pending Liquidation Request,BOC,Pending Liquidation Request / BOC,True,ok
20191012877,1,Request completed with account closure,BOC,Request completed with account closure / BOC,True,ok
20191012881,1,Request completed with account closure,BOC,Request completed with account closure / BOC,True,ok
20191012882,1,Pending Request for Reservation Closure,BOCSER,Pending Request for Reservation Closure / BOCSER,True,ok
20191012883,1,Pending Request for Reservation Closure,BOC,Pending Request for Reservation Closure / BOC,True,ok
20191012893,1,Request completed with account closure,BOC,Request completed with account closure / BOC,True,ok
20191012894,1,Request completed with account closure,BOC,Request completed with account closure / BOC,True,ok
20191012896,1,Request completed with account closure,BOC,Request completed with account closure / BOC,True,ok
20191012906,1,Request completed with account closure,BOC,Request completed with account closure / BOC,True,ok
20191012907,1,Service closure Request with BO responsibility,00829,Service closure Request with BO responsibility / 00829,True,ok
20191012910,1,Request completed with account closure,BOC,Request completed with account closure / BOC,True,ok
20191012915,1,Request completed with account closure,BOC,Request completed with account closure / BOC,True,ok
20191012918,1,Request completed with account closure,BOCSER,Request completed with account closure / BOCSER,True,ok
20191012919,1,Pending Request for Reservation Closure,BOC,Pending Request for Reservation Closure / BOC,True,ok
20191012922,1,Request completed with account closure,BOC,Request completed with account closure / BOC,True,ok
20191012923,1,Request completed with account closure,BOC,Request completed with account closure / BOC,True,ok
20191012927,1,Pending Request for Reservation Closure,BOC,Pending Request for Reservation Closure / BOC,True,ok
20191012935,1,Request completed with account closure,BOC,Request completed with account closure / BOC,True,ok
20191012941,1,Pending Request for Reservation Closure,BOC,Pending Request for Reservation Closure / BOC,True,ok
20191012942,1,Pending Request for Reservation Closure,BOCSER,Pending Request for Reservation Closure / BOCSER,True,ok
20191012945,1,Pending Liquidation Request,BOC,Pending Liquidation Request / BOC,True,ok
20191012946,1,Request completed with account closure,BOC,Request completed with account closure / BOC,True,ok
20191012957,1,Service closure Request with BO responsibility,00842,Service closure Request with BO responsibility / 00842,True,ok
20191012959,1,Service closure Request with BO responsibility,00844,Service closure Request with BO responsibility / 00844,True,ok
20191012960,1,Service closure Request with BO responsibility,00842,Service closure Request with BO responsibility / 00842,True,ok
20191012964,1,Request completed with account closure,BOC,Request completed with account closure / BOC,True,ok
20191012966,1,Request completed with account closure,BOC,Request completed with account closure / BOC,True,ok
20191012967,1,Pending Request for Reservation Closure,BOCSER,Pending Request for Reservation Closure / BOCSER,True,ok
20191012970,1,Request completed with account closure,BOC,Request completed with account closure / BOC,True,ok
20191012971,1,Request completed with account closure,BOC,Request completed with account closure / BOC,True,ok
20191012972,1,Request completed with account closure,BOC,Request completed with account closure / BOC,True,ok
20191012973,1,Service closure Request with BO responsibility,00829,Service closure Request with BO responsibility / 00829,True,ok
20191012975,1,Service closure Request with BO responsibility,00842,Service closure Request with BO responsibility / 00842,True,ok
20191012979,1,Request completed with account closure,BOC,Request completed with account closure / BOC,True,ok
20191012980,1,Request completed with account closure,BOC,Request completed with account closure / BOC,True,ok
20191012981,1,Pending Request for Reservation Closure,BOCSER,Pending Request for Reservation Closure / BOCSER,True,ok
20191012986,1,Request completed with account closure,BOC,Request completed with account closure / BOC,True,ok
20191012987,1,Pending Request for Reservation Closure,BOC,Pending Request for Reservation Closure / BOC | Pending Liquidation Request / BOC,True,ok
20191012988,1,Pending Request for Reservation Closure,BOCSER,Pending Request for Reservation Closure / BOCSER,True,ok
20191012991,1,Request completed with account closure,BOC,Request completed with account closure / BOC,True,ok
20191012993,1,Pending Request for Reservation Closure,BOC,Pending Request for Reservation Closure / BOC,True,ok
20191012996,1,Request completed with account closure,BOC,Request completed with account closure / BOC,True,ok
20191012998,1,Request completed with account closure,BOC,Request completed with account closure / BOC,True,ok
20191013003,1,Service closure Request with BO responsibility,00842,Service closure Request with BO responsibility / 00842,True,ok
20191013005,1,Request completed with account closure,BOC,Request completed with account closure / BOC,True,ok
20191013012,1,Request completed with account closure,BOC,Request completed with account closure / BOC,True,ok
20191013016,1,Request completed with account closure,BOC,Request completed with account closure / BOC,True,ok
20191013018,1,Request completed with account closure,BOC,Request completed with account closure / BOC,True,ok
20191013020,1,Pending Request for Reservation Closure,BOCSER,Pending Request for Reservation Closure / BOCSER,True,ok
20191013023,1,Request completed with account closure,BOC,Request completed with account closure / BOC,True,ok
20191013025,1,Request completed with account closure,BOC,Request completed with account closure / BOC,True,ok
20191013027,1,Request completed with account closure,BOC,Request completed with account closure / BOC,True,ok
20191013029,1,Pending Request for Reservation Closure,BOC,Pending Request for Reservation Closure / BOC,True,ok
20191013030,1,Request completed with account closure,BOC,Request completed with account closure / BOC,True,ok
20191013038,1,Pending Request for Reservation Closure,BOC,Pending Request for Reservation Closure / BOC | Pending Liquidation Request / BOC,True,ok
20191013040,1,Request completed with account closure,BOC,Request completed with account closure / BOC,True,ok
20191013043,1,Request completed with account closure,BOC,Request completed with account closure / BOC,True,ok
20191013047,1,Request completed with account closure,BOC,Request completed with account closure / BOC,True,ok
20191013048,1,Pending Request for Reservation Closure,BOC,Pending Request for Reservation Closure / BOC | Pending Liquidation Request / BOC,True,ok
20191013049,1,Request completed with account closure,BOC,Request completed with account closure / BOC,True,ok
20191013053,1,Request completed with account closure,BOC,Request completed with account closure / BOC,True,ok
20191013055,1,Service closure Request with BO responsibility,00829,Service closure Request with BO responsibility / 00829,True,ok
20191013056,1,Request completed with account closure,BOC,Request completed with account closure / BOC,True,ok
20191013057,1,Request completed with account closure,BOC,Request completed with account closure / BOC,True,ok
20191013061,1,Pending Liquidation Request,BOC,Pending Liquidation Request / BOC,True,ok
20191013063,1,Request completed with account closure,BOC,Request completed with account closure / BOC,True,ok
20191013065,1,Service closure Request with network responsibility,00147,Service closure Request with network responsibility / 00147,True,ok
20191013067,1,Request completed with account closure,BOC,Request completed with account closure / BOC,True,ok
20191013071,1,Service closure Request with network responsibility,00147,Service closure Request with network responsibility / 00147,True,ok
20191013073,1,Request completed with account closure,BOC,Request completed with account closure / BOC,True,ok
20191013074,1,Pending Request for Reservation Closure,BOCSER,Pending Request for Reservation Closure / BOCSER,True,ok
20191013075,1,Service closure Request with BO responsibility,00842,Service closure Request with BO responsibility / 00842,True,ok
20191013076,1,Service closure Request with BO responsibility,00842,Service closure Request with BO responsibility / 00842,True,ok
20191013077,1,Pending Request for Reservation Closure,BOC,Pending Request for Reservation Closure / BOC,True,ok
20191013079,1,Request completed with account closure,BOC,Request completed with account closure / BOC,True,ok
20191013087,1,Request completed with account closure,BOC,Request completed with account closure / BOC,True,ok
20191013088,1,Service closure Request with BO responsibility,00842,Service closure Request with BO responsibility / 00842,True,ok
20191013089,1,Pending Request for Reservation Closure,BOCSER,Pending Request for Reservation Closure / BOCSER,True,ok
20191013091,1,Request completed with account closure,BOC,Request completed with account closure / BOC,True,ok
20191013096,1,Request completed with account closure,BOC,Request completed with account closure / BOC,True,ok
20191013102,1,Service closure Request with BO responsibility,00829,Service closure Request with BO responsibility / 00829,True,ok
20191013106,1,Pending Request for Reservation Closure,BOCSER,Pending Request for Reservation Closure / BOCSER,True,ok
20191013108,1,Service closure Request with BO responsibility,00842,Service closure Request with BO responsibility / 00842,True,ok
20191013109,1,Service closure Request with BO responsibility,00829,Service closure Request with BO responsibility / 00829,True,ok
20191013111,1,Service closure Request with BO responsibility,00842,Service closure Request with BO responsibility / 00842,True,ok
20191013112,1,Request completed with account closure,BOC,Request completed with account closure / BOC,True,ok
20191013115,1,Request completed with account closure,BOC,Request completed with account closure / BOC,True,ok
20191013117,1,Service closure Request with BO responsibility,00835,Service closure Request with BO responsibility / 00835,True,ok
20191013118,1,Pending Liquidation Request,BOCSER,Pending Liquidation Request / BOCSER,True,ok
20191013119,1,Request completed with account closure,BOC,Request completed with account closure / BOC,True,ok
20191013122,1,Service closure Request with BO responsibility,00829,Service closure Request with BO responsibility / 00829,True,ok
20191013124,1,Request completed with account closure,BOC,Request completed with account closure / BOC,True,ok
20191013125,1,Pending Liquidation Request,BOC,Pending Liquidation Request / BOC,True,ok
20191013127,1,Pending Liquidation Request,BOCSER,Pending Liquidation Request / BOCSER,True,ok
20191013129,1,Service closure Request with BO responsibility,00829,Service closure Request with BO responsibility / 00829,True,ok
20191013130,1,Request completed with account closure,BOC,Request completed with account closure / BOC,True,ok
20191013132,1,Request completed with account closure,BOC,Request completed with account closure / BOC,True,ok
20191013133,1,Authorization Requested,00147,Authorization Requested / 00147,True,ok
20191013137,1,Request completed with account closure,BOC,Request completed with account closure / BOC,True,ok
20191013146,1,Pending Liquidation Request,BOC,Pending Liquidation Request / BOC,True,ok
20191013148,1,Request completed with account closure,BOC,Request completed with account closure / BOC,True,ok
20191013150,1,Request completed with account closure,BOC,Request completed with account closure / BOC,True,ok
20191013153,1,Request completed with account closure,BOC,Request completed with account closure / BOC,True,ok
20191013165,1,Request completed with account closure,BOC,Request completed with account closure / BOC,True,ok
20191013169,1,Service closure Request with BO responsibility,00842,Service closure Request with BO responsibility / 00842,True,ok
20191013172,1,Request completed with account closure,BOC,Request completed with account closure / BOC,True,ok
20191013174,1,Request completed with account closure,BOC,Request completed with account closure / BOC,True,ok
20191013176,1,Request completed with account closure,BOC,Request completed with account closure / BOC,True,ok
20191013178,1,Request completed with account closure,BOC,Request completed with account closure / BOC,True,ok
20191013179,1,Request completed with account closure,BOC,Request completed with account closure / BOC,True,ok
20191013180,1,Request completed with account closure,BOC,Request completed with account closure / BOC,True,ok
20191013183,1,Pending Liquidation Request,BOC,Pending Liquidation Request / BOC,True,ok
20191013185,1,Pending Request for Reservation Closure,BOC,Pending Request for Reservation Closure / BOC,True,ok
20191013186,1,Request completed with account closure,BOC,Request completed with account closure / BOC,True,ok
20191013187,1,Pending Liquidation Request,BOCSER,Pending Liquidation Request / BOCSER,True,ok
20191013188,1,Pending Liquidation Request,BOCSER,Pending Liquidation Request / BOCSER,True,ok
20191013189,1,Pending Liquidation Request,BOCSER,Pending Liquidation Request / BOCSER,True,ok
20191013190,1,Pending Liquidation Request,BOCSER,Pending Liquidation Request / BOCSER,True,ok
20191013191,1,Pending Liquidation Request,BOCSER,Pending Liquidation Request / BOCSER,True,ok
20191013192,1,Pending Liquidation Request,BOCSER,Pending Liquidation Request / BOCSER,True,ok
20191013193,1,Pending Liquidation Request,BOCSER,Pending Liquidation Request / BOCSER,True,ok
20191013194,1,Pending Liquidation Request,BOCSER,Pending Liquidation Request / BOCSER,True,ok
20191013195,1,Pending Liquidation Request,BOCSER,Pending Liquidation Request / BOCSER,True,ok
20191013196,1,Pending Liquidation Request,BOCSER,Pending Liquidation Request / BOCSER,True,ok
20191013197,1,Pending Liquidation Request,BOCSER,Pending Liquidation Request / BOCSER,True,ok
20191013198,1,Pending Liquidation Request,BOCSER,Pending Liquidation Request / BOCSER,True,ok
20191013199,1,Pending Liquidation Request,BOCSER,Pending Liquidation Request / BOCSER,True,ok
20191013200,1,Pending Liquidation Request,BOCSER,Pending Liquidation Request / BOCSER,True,ok
20191013201,1,Pending Liquidation Request,BOCSER,Pending Liquidation Request / BOCSER,True,ok
20191013202,1,Pending Liquidation Request,BOCSER,Pending Liquidation Request / BOCSER,True,ok
20191013203,1,Pending Liquidation Request,BOCSER,Pending Liquidation Request / BOCSER,True,ok
20191013204,1,Pending Liquidation Request,BOCSER,Pending Liquidation Request / BOCSER,True,ok
20191013205,1,Request completed with account closure,BOC,Request completed with account closure / BOC,True,ok
20191013206,1,Request completed with account closure,BOC,Request completed with account closure / BOC,True,ok
20191013210,1,Request completed with account closure,BOC,Request completed with account closure / BOC,True,ok
20191013212,1,Pending Request for Reservation Closure,BOC,Pending Request for Reservation Closure / BOC | Pending Liquidation Request / BOC,True,ok
20191013214,1,Service closure Request with BO responsibility,00829,Service closure Request with BO responsibility / 00829,True,ok
20191013215,1,Request completed with account closure,BOC,Request completed with account closure / BOC,True,ok
20191013223,1,Service closure Request with BO responsibility,00829,Service closure Request with BO responsibility / 00829,True,ok
20191013224,1,Request completed with account closure,BOC,Request completed with account closure / BOC,True,ok
20191013225,1,Service closure Request with BO responsibility,00829,Service closure Request with BO responsibility / 00829,True,ok
20191013226,1,Pending Request for Reservation Closure,BOC,Pending Request for Reservation Closure / BOC,True,ok
20191013229,1,Request completed with account closure,BOC,Request completed with account closure / BOC,True,ok
20191013230,1,Pending Request for Reservation Closure,BOCSER,Pending Request for Reservation Closure / BOCSER,True,ok
20191013231,1,Pending Request for Reservation Closure,BOC,Pending Request for Reservation Closure / BOC | Pending Liquidation Request / BOC,True,ok
20191013233,1,Request completed with account closure,BOC,Request completed with account closure / BOC,True,ok
20191013234,1,Request completed with account closure,BOC,Request completed with account closure / BOC,True,ok
20191013237,1,Service closure Request with BO responsibility,00829,Service closure Request with BO responsibility / 00829,True,ok
20191013240,1,Request completed with account closure,BOC,Request completed with account closure / BOC,True,ok
20191013244,1,Service closure Request with BO responsibility,00839,Service closure Request with BO responsibility / 00839,True,ok
20191013245,1,Request completed with account closure,BOC,Request completed with account closure / BOC,True,ok
20191013246,1,Pending Request for Reservation Closure,BOCSER,Pending Request for Reservation Closure / BOCSER,True,ok
20191013251,1,Request completed with account closure,BOC,Request completed with account closure / BOC,True,ok
20191013252,1,Pending Request for Reservation Closure,BOC,Pending Request for Reservation Closure / BOC,True,ok
20191013253,1,Pending Request for Reservation Closure,BOCSER,Pending Request for Reservation Closure / BOCSER,True,ok
20191013256,1,Request completed with account closure,BOC,Request completed with account closure / BOC,True,ok
20191013259,1,Pending Request for Reservation Closure,BOC,Pending Request for Reservation Closure / BOC,True,ok
20191013260,1,Pending Request for Reservation Closure,BOC,Pending Request for Reservation Closure / BOC,True,ok
20191013261,1,Pending Request for Reservation Closure,BOC,Pending Request for Reservation Closure / BOC,True,ok
20191013263,1,Request completed with account closure,BOC,Request completed with account closure / BOC,True,ok
20191013269,1,Service closure Request with BO responsibility,00842,Service closure Request with BO responsibility / 00842,True,ok
20191013275,1,Pending Request for Reservation Closure,BOC,Pending Request for Reservation Closure / BOC,True,ok
20191013277,1,Request completed with account closure,BOC,Request completed with account closure / BOC,True,ok
20191013282,1,Request completed with account closure,BOC,Request completed with account closure / BOC,True,ok
20191013283,1,Request completed with account closure,BOC,Request completed with account closure / BOC,True,ok
20191013292,1,Service closure Request with BO responsibility,00842,Service closure Request with BO responsibility / 00842,True,ok
20191013294,1,Request completed with account closure,BOC,Request completed with account closure / BOC,True,ok
20191013295,1,Request completed with account closure,BOC,Request completed with account closure / BOC,True,ok
20191013303,1,Request completed with account closure,BOC,Request completed with account closure / BOC,True,ok
20191013306,1,Request completed with account closure,BOC,Request completed with account closure / BOC,True,ok
20191013308,1,Request completed with account closure,BOC,Request completed with account closure / BOC,True,ok
20191013309,1,Pending Request for Reservation Closure,BOCSER,Pending Request for Reservation Closure / BOCSER | Pending Liquidation Request / BOC,True,ok
20191013310,1,Request completed with account closure,BOC,Request completed with account closure / BOC,True,ok
20191013312,1,Pending Liquidation Request,BOC,Pending Liquidation Request / BOC,True,ok
20191013314,1,Request completed with account closure,BOC,Request completed with account closure / BOC,True,ok
20191013316,1,Pending Request for Reservation Closure,BOC,Pending Request for Reservation Closure / BOC,True,ok
20191013321,1,Pending Request for Reservation Closure,BOCSER,Pending Request for Reservation Closure / BOCSER,True,ok
20191013322,1,Request completed with account closure,BOC,Request completed with account closure / BOC,True,ok
20191013324,1,Request completed with account closure,BOC,Request completed with account closure / BOC,True,ok
20191013326,1,Pending Request for Reservation Closure,BOC,Pending Request for Reservation Closure / BOC | Pending Liquidation Request / BOCSER,True,ok
20191013327,1,Service closure Request with BO responsibility,00829,Service closure Request with BO responsibility / 00829,True,ok
20191013329,1,Request completed with account closure,BOC,Request completed with account closure / BOC,True,ok
20191013331,1,Request completed with account closure,BOC,Request completed with account closure / BOC,True,ok
20191013337,1,Service closure Request with BO responsibility,00829,Service closure Request with BO responsibility / 00829,True,ok
20191013340,1,Request completed with account closure,BOC,Request completed with account closure / BOC,True,ok
20191013342,1,Service closure Request with BO responsibility,00829,Service closure Request with BO responsibility / 00829,True,ok
20191013344,1,Request completed with account closure,BOC,Request completed with account closure / BOC,True,ok
20191013345,1,Request completed with account closure,BOC,Request completed with account closure / BOC,True,ok
20191013348,1,Request completed with account closure,BOC,Request completed with account closure / BOC,True,ok
20191013349,1,Pending Request for Reservation Closure,BOCSER,Pending Request for Reservation Closure / BOCSER,True,ok
20191013350,1,Service closure Request with BO responsibility,00829,Service closure Request with BO responsibility / 00829,True,ok
20191013351,1,Request completed with account closure,BOC,Request completed with account closure / BOC,True,ok
20191013354,1,Request completed with account closure,BOC,Request completed with account closure / BOC,True,ok
20191013356,1,Pending Liquidation Request,BOC,Pending Liquidation Request / BOC,True,ok
20191013358,1,Pending Request for Reservation Closure,BOC,Pending Request for Reservation Closure / BOC,True,ok
20191013359,1,Request completed with account closure,BOC,Request completed with account closure / BOC,True,ok
20191013361,1,Request completed with account closure,BOC,Request completed with account closure / BOC,True,ok
20191013367,1,Pending Request for Reservation Closure,BOC,Pending Request for Reservation Closure / BOC | Pending Liquidation Request / BOC,True,ok
20191013369,1,Request completed with account closure,BOC,Request completed with account closure / BOC,True,ok
20191013375,1,Pending Request for Reservation Closure,BOC,Pending Request for Reservation Closure / BOC,True,ok
20191013378,1,Request completed with account closure,BOC,Request completed with account closure / BOC,True,ok
20191013381,1,Service closure Request with BO responsibility,00829,Service closure Request with BO responsibility / 00829,True,ok
20191013382,1,Request completed with account closure,BOC,Request completed with account closure / BOC,True,ok
20191013387,1,Service closure Request with BO responsibility,00829,Service closure Request with BO responsibility / 00829,True,ok
20191013388,1,Service closure Request with BO responsibility,00848,Service closure Request with BO responsibility / 00848,True,ok
20191013389,1,Request completed with account closure,BOC,Request completed with account closure / BOC,True,ok
20191013390,1,Pending Liquidation Request,BOC,Pending Liquidation Request / BOC,True,ok
20191013391,1,Authorization Requested,00594,Authorization Requested / 00594,True,ok
20191013392,1,Request completed with account closure,BOC,Request completed with account closure / BOC,True,ok
20191013393,1,Pending Request for Reservation Closure,BOC,Pending Request for Reservation Closure / BOC,True,ok
20191013394,1,Request completed with account closure,BOC,Request completed with account closure / BOC,True,ok
20191013396,1,Service closure Request with BO responsibility,00842,Service closure Request with BO responsibility / 00842,True,ok
20191013398,1,Request completed with account closure,BOC,Request completed with account closure / BOC,True,ok
20191013400,1,Pending Request for Reservation Closure,BOC,Pending Request for Reservation Closure / BOC | Pending Liquidation Request / BOC,True,ok
20191013402,1,Request completed with account closure,BOC,Request completed with account closure / BOC,True,ok
20191013404,1,Authorization Requested,00509,Authorization Requested / 00509,True,ok
20191013406,1,Request completed with account closure,BOC,Request completed with account closure / BOC,True,ok
20191013407,1,Request completed with account closure,BOC,Request completed with account closure / BOC,True,ok
20191013412,1,Request completed with account closure,BOC,Request completed with account closure / BOC,True,ok
20191013413,1,Request completed with account closure,BOC,Request completed with account closure / BOC,True,ok
20191013414,1,Service closure Request with BO responsibility,00829,Service closure Request with BO responsibility / 00829,True,ok
20191013416,1,Request completed with account closure,BOC,Request completed with account closure / BOC,True,ok
20191013419,1,Service closure Request with BO responsibility,00829,Service closure Request with BO responsibility / 00829,True,ok
20191013423,1,Service closure Request with BO responsibility,00829,Service closure Request with BO responsibility / 00829,True,ok
20191013424,1,Authorization Requested,00441,Authorization Requested / 00441,True,ok
20191013428,1,Request completed with account closure,BOC,Request completed with account closure / BOC,True,ok
20191013433,1,Pending Request for Reservation Closure,BOC,Pending Request for Reservation Closure / BOC,True,ok
20191013439,1,Request completed with account closure,BOC,Request completed with account closure / BOC,True,ok
20191013441,1,Request completed with account closure,BOC,Request completed with account closure / BOC,True,ok
20191013442,1,Request completed with account closure,BOC,Request completed with account closure / BOC,True,ok
20191013446,1,Request completed with account closure,BOC,Request completed with account closure / BOC,True,ok
20191013448,1,Request completed with account closure,BOC,Request completed with account closure / BOC,True,ok
20191013449,1,Request completed with account closure,BOC,Request completed with account closure / BOC,True,ok
20191013450,1,Pending Request for Reservation Closure,BOC,Pending Request for Reservation Closure / BOC,True,ok
20191013452,1,Pending Request for Reservation Closure,BOCSER,Pending Request for Reservation Closure / BOCSER,True,ok
20191013453,1,Request completed with account closure,BOC,Request completed with account closure / BOC,True,ok
20191013457,1,Request completed with account closure,BOC,Request completed with account closure / BOC,True,ok
20191013460,1,Request completed with account closure,BOC,Request completed with account closure / BOC,True,ok
20191013461,1,Pending Request for Reservation Closure,BOC,Pending Request for Reservation Closure / BOC,True,ok
20191013463,1,Pending Request for Reservation Closure,BOC,Pending Request for Reservation Closure / BOC,True,ok
20191013464,1,Service closure Request with BO responsibility,00835,Service closure Request with BO responsibility / 00835,True,ok
20191013469,1,Request completed with account closure,BOC,Request completed with account closure / BOC,True,ok
20191013472,1,Pending Request for Reservation Closure,BOC,Pending Request for Reservation Closure / BOC,True,ok
20191013476,1,Request completed with account closure,BOC,Request completed with account closure / BOC,True,ok
20191013477,1,Request completed with account closure,BOC,Request completed with account closure / BOC,True,ok
20191013479,1,Request completed with account closure,BOC,Request completed with account closure / BOC,True,ok
20191013493,1,Pending Request for Reservation Closure,BOC,Pending Request for Reservation Closure / BOC,True,ok
20191013500,1,Pending Liquidation Request,BOC,Pending Liquidation Request / BOC,True,ok
20191013501,1,Pending Request for Reservation Closure,BOC,Pending Request for Reservation Closure / BOC,True,ok
20191013502,1,Request completed with account closure,BOC,Request completed with account closure / BOC,True,ok
20191013503,1,Request completed with account closure,BOC,Request completed with account closure / BOC,True,ok
20191013504,1,Request completed with account closure,BOC,Request completed with account closure / BOC,True,ok
20191013505,1,Pending Request for Reservation Closure,BOC,Pending Request for Reservation Closure / BOC,True,ok
20191013507,1,Service closure Request with BO responsibility,00829,Service closure Request with BO responsibility / 00829,True,ok
20191013509,1,Request completed with account closure,BOC,Request completed with account closure / BOC,True,ok
20191013511,1,Request completed with account closure,BOC,Request completed with account closure / BOC,True,ok
20191013515,1,Request completed with account closure,BOC,Request completed with account closure / BOC,True,ok
20191013520,1,Request completed with account closure,BOC,Request completed with account closure / BOC,True,ok
20191013524,1,Request completed with account closure,BOC,Request completed with account closure / BOC,True,ok
20191013525,1,Service closure Request with BO responsibility,00829,Service closure Request with BO responsibility / 00829,True,ok
20191013526,1,Pending Request for Reservation Closure,BOCSER,Pending Request for Reservation Closure / BOCSER | Pending Liquidation Request / BOC,True,ok
20191013530,1,Pending Request for Reservation Closure,BOC,Pending Request for Reservation Closure / BOC,True,ok
20191013532,1,Request completed with account closure,BOC,Request completed with account closure / BOC,True,ok
20191013534,1,Request completed with account closure,BOC,Request completed with account closure / BOC,True,ok
20191013535,1,Request completed with account closure,BOC,Request completed with account closure / BOC,True,ok
20191013541,1,Service closure Request with BO responsibility,00829,Service closure Request with BO responsibility / 00829,True,ok
20191013542,1,Request completed with account closure,BOC,Request completed with account closure / BOC,True,ok
20191013544,1,Request completed with account closure,BOC,Request completed with account closure / BOC,True,ok
20191013545,1,Service closure Request with BO responsibility,00829,Service closure Request with BO responsibility / 00829,True,ok
20191013546,1,Service closure Request with BO responsibility,00842,Service closure Request with BO responsibility / 00842,True,ok
20191013550,1,Request completed with account closure,BOC,Request completed with account closure / BOC,True,ok
20191013551,1,Request completed with account closure,BOC,Request completed with account closure / BOC,True,ok
20191013554,1,Request completed with account closure,BOC,Request completed with account closure / BOC,True,ok
20191013557,1,Pending Liquidation Request,BOC,Pending Liquidation Request / BOC,True,ok
20191013560,1,Request completed with account closure,BOC,Request completed with account closure / BOC,True,ok
20191013562,1,Request completed with account closure,BOC,Request completed with account closure / BOC,True,ok
20191013563,1,Request completed with account closure,BOC,Request completed with account closure / BOC,True,ok
20191013566,1,Request completed with account closure,BOC,Request completed with account closure / BOC,True,ok
20191013568,1,Request completed with account closure,BOC,Request completed with account closure / BOC,True,ok
20191013570,1,Request completed with account closure,BOC,Request completed with account closure / BOC,True,ok
20191013576,1,Request completed with account closure,BOC,Request completed with account closure / BOC,True,ok
20191013577,1,Pending Request for Reservation Closure,BOC,Pending Request for Reservation Closure / BOC,True,ok
20191013582,1,Pending Request for Reservation Closure,BOC,Pending Request for Reservation Closure / BOC,True,ok
20191013583,1,Pending Request for Reservation Closure,BOCSER,Pending Request for Reservation Closure / BOCSER,True,ok
20191013585,1,Request completed with account closure,BOC,Request completed with account closure / BOC,True,ok
20191013586,1,Pending Request for Reservation Closure,BOC,Pending Request for Reservation Closure / BOC,True,ok
20191013587,1,Request completed with account closure,BOC,Request completed with account closure / BOC,True,ok
20191013598,1,Pending Request for Reservation Closure,BOCSER,Pending Request for Reservation Closure / BOCSER,True,ok
20191013599,1,Request completed with account closure,BOC,Request completed with account closure / BOC,True,ok
20191013601,1,Request completed with account closure,BOC,Request completed with account closure / BOC,True,ok
20191013602,1,Request completed with account closure,BOC,Request completed with account closure / BOC,True,ok
20191013604,1,Request completed with account closure,BOC,Request completed with account closure / BOC,True,ok
20191013605,1,Request completed with account closure,BOC,Request completed with account closure / BOC,True,ok
20191013606,1,Service closure Request with BO responsibility,00829,Service closure Request with BO responsibility / 00829,True,ok
20191013611,1,Pending Request for Reservation Closure,BOC,Pending Request for Reservation Closure / BOC,True,ok
20191013612,1,Service closure Request with BO responsibility,00842,Service closure Request with BO responsibility / 00842,True,ok
20191013613,1,Pending Request for Reservation Closure,BOC,Pending Request for Reservation Closure / BOC,True,ok
20191013614,1,Request completed with account closure,BOC,Request completed with account closure / BOC,True,ok
20191013618,1,Pending Request for Reservation Closure,BOCSER,Pending Request for Reservation Closure / BOCSER,True,ok
20191013621,1,Pending Request for Reservation Closure,BOC,Pending Request for Reservation Closure / BOC,True,ok
20191013625,1,Service closure Request with BO responsibility,00829,Service closure Request with BO responsibility / 00829,True,ok
20191013626,1,Pending Request for Reservation Closure,BOC,Pending Request for Reservation Closure / BOC,True,ok
20191013636,1,Request completed with account closure,BOC,Request completed with account closure / BOC,True,ok
20191013638,1,Service closure Request with BO responsibility,00835,Service closure Request with BO responsibility / 00835,True,ok
20191013640,1,Request completed with account closure,BOC,Request completed with account closure / BOC,True,ok
20191013641,1,Request completed with account closure,BOC,Request completed with account closure / BOC,True,ok
20191013642,1,Pending Request for Reservation Closure,BOCSER,Pending Request for Reservation Closure / BOCSER,True,ok
20191013645,1,Request completed with account closure,BOC,Request completed with account closure / BOC,True,ok
20191013646,1,Pending Request for Reservation Closure,BOC,Pending Request for Reservation Closure / BOC,True,ok
20191013648,1,Service closure Request with BO responsibility,00835,Service closure Request with BO responsibility / 00835,True,ok
20191013649,1,Pending Request for Reservation Closure,BOCSER,Pending Request for Reservation Closure / BOCSER,True,ok
20191013653,1,Pending Request for Reservation Closure,BOC,Pending Request for Reservation Closure / BOC,True,ok
20191013655,1,Pending Request for Reservation Closure,BOCSER,Pending Request for Reservation Closure / BOCSER,True,ok
20191013657,1,Request completed with account closure,BOC,Request completed with account closure / BOC,True,ok
20191013660,1,Pending Liquidation Request,BOC,Pending Liquidation Request / BOC,True,ok
20191013662,1,Service closure Request with BO responsibility,00849,Service closure Request with BO responsibility / 00849,True,ok
20191013663,1,Pending Request for Reservation Closure,BOC,Pending Request for Reservation Closure / BOC,True,ok
20191013667,1,Request completed with account closure,BOC,Request completed with account closure / BOC,True,ok
20191013669,1,Pending Liquidation Request,BOC,Pending Liquidation Request / BOC,True,ok
20191013673,1,Service closure Request with BO responsibility,00829,Service closure Request with BO responsibility / 00829,True,ok
20191013674,1,Request completed with account closure,BOC,Request completed with account closure / BOC,True,ok
20191013677,1,Pending Liquidation Request,BOC,Pending Liquidation Request / BOC,True,ok
20191013679,1,Service closure Request with BO responsibility,00829,Service closure Request with BO responsibility / 00829,True,ok
20191013681,1,Pending Request for Reservation Closure,BOCSER,Pending Request for Reservation Closure / BOCSER,True,ok
20191013682,1,Pending Request for Reservation Closure,BOC,Pending Request for Reservation Closure / BOC,True,ok
20191013683,1,Pending Request for Reservation Closure,BOC,Pending Request for Reservation Closure / BOC,True,ok
20191013685,1,Pending Request for Reservation Closure,BOC,Pending Request for Reservation Closure / BOC,True,ok
20191013688,1,Pending Liquidation Request,BOC,Pending Liquidation Request / BOC,True,ok
20191013689,1,Request completed with account closure,BOC,Request completed with account closure / BOC,True,ok
20191013693,1,Pending Request for Reservation Closure,BOC,Pending Request for Reservation Closure / BOC,True,ok
20191013695,1,Request completed with account closure,BOC,Request completed with account closure / BOC,True,ok
20191013696,1,Pending Request for Reservation Closure,BOC,Pending Request for Reservation Closure / BOC,True,ok
20191013699,1,Pending Liquidation Request,BOCSER,Pending Liquidation Request / BOCSER,True,ok
20191013700,1,Evaluating Request (WITH registered letter),00147,Service closure Request with BO responsibility / BOC,False,ok
20191013703,1,Pending Request for Reservation Closure,SDCRAP,Pending Request for Reservation Closure / SDCRAP | Evaluating Request (NO registered letter) / 00651 | Pending Liquidation Request / BOC,True,ok
20191013707,1,Authorization Requested,00476,Authorization Requested / 00476,True,ok
20191013709,1,Pending Request for Reservation Closure,BOC,Pending Request for Reservation Closure / BOC,True,ok
20191013710,1,Request completed with account closure,BOC,Request completed with account closure / BOC,True,ok
20191013714,1,Pending Request for Reservation Closure,BOC,Pending Request for Reservation Closure / BOC,True,ok
20191013718,1,Service closure Request with BO responsibility,00829,Service closure Request with BO responsibility / 00829,True,ok
20191013719,1,Pending Liquidation Request,BOCSER,Pending Liquidation Request / BOCSER,True,ok
20191013721,1,Service closure Request with network responsibility,00767,Service closure Request with network responsibility / 00767 | Service closure Request with BO responsibility / BOC,True,ok
20191013723,1,Request completed with account closure,BOC,Request completed with account closure / BOC,True,ok
20191013724,1,Pending Request for Reservation Closure,BOCSER,Pending Request for Reservation Closure / BOCSER,True,ok
20191013726,1,Pending Liquidation Request,BOCSER,Pending Liquidation Request / BOCSER,True,ok
20191013728,1,Pending Request for Reservation Closure,BOC,Pending Request for Reservation Closure / BOC,True,ok
20191013730,1,Request completed with account closure,BOC,Request completed with account closure / BOC,True,ok
20191013732,1,Request completed with account closure,BOC,Request completed with account closure / BOC,True,ok
20191013733,1,Request completed with account closure,BOC,Request completed with account closure / BOC,True,ok
20191013737,1,Pending Liquidation Request,BOCSER,Pending Liquidation Request / BOCSER,True,ok
20191013738,1,Request completed with account closure,BOC,Request completed with account closure / BOC,True,ok
20191013741,1,Pending Liquidation Request,BOCSER,Pending Liquidation Request / BOCSER,True,ok
20191013743,1,Pending Liquidation Request,BOC,Pending Liquidation Request / BOC,True,ok
20191013744,1,Pending Request for Reservation Closure,BOCSER,Pending Request for Reservation Closure / BOCSER,True,ok
20191013748,1,Pending Liquidation Request,BOCSER,Pending Liquidation Request / BOCSER,True,ok
20191013750,1,Pending Liquidation Request,BOC,Pending Liquidation Request / BOC,True,ok
20191013751,1,Pending Request for Reservation Closure,BOC,Pending Request for Reservation Closure / BOC,True,ok
20191013755,1,Evaluating Request (WITH registered letter),00045,Authorization Requested / 00076,False,ok
20191013756,1,Request completed with account closure,BOC,Request completed with account closure / BOC,True,ok
20191013757,1,Evaluating Request (WITH registered letter),00147,Authorization Requested / SB70,False,ok
20191013759,1,Service closure Request with BO responsibility,00829,Service closure Request with BO responsibility / 00829,True,ok
20191013760,1,Pending Request for Reservation Closure,BOC,Pending Request for Reservation Closure / BOC,True,ok
20191013761,1,Authorization Requested,00441,Authorization Requested / 00441,True,ok
20191013762,1,Pending Liquidation Request,BOCSER,Pending Liquidation Request / BOCSER,True,ok
20191013763,1,Pending Request for Reservation Closure,BOCSER,Pending Request for Reservation Closure / BOCSER,True,ok
20191013767,1,Service closure Request with BO responsibility,00829,Service closure Request with BO responsibility / 00829,True,ok
20191013768,1,Evaluating Request (WITH registered letter),00147,Service closure Request with BO responsibility / BOC,False,ok
20191013769,1,Pending Request for Reservation Closure,BOCSER,Pending Request for Reservation Closure / BOCSER | Pending Liquidation Request / BOCSER,True,ok
20191013770,1,Request completed with account closure,BOC,Request completed with account closure / BOC,True,ok
20191013771,1,Request completed with account closure,BOC,Request completed with account closure / BOC,True,ok
20191013776,1,Request completed with account closure,BOC,Request completed with account closure / BOC,True,ok
20191013777,1,Request completed with account closure,BOC,Request completed with account closure / BOC,True,ok
20191013779,1,Service closure Request with BO responsibility,00829,Service closure Request with BO responsibility / 00829,True,ok
20191013784,1,Pending Request for Reservation Closure,BOC,Pending Request for Reservation Closure / BOC,True,ok
20191013790,1,Pending Request for Reservation Closure,BOC,Pending Request for Reservation Closure / BOC,True,ok
20191013795,1,Pending Request for Reservation Closure,BOC,Pending Request for Reservation Closure / BOC,True,ok
20191013796,1,Request completed with account closure,BOC,Request completed with account closure / BOC,True,ok
20191013797,1,Service closure Request with BO responsibility,00829,Service closure Request with BO responsibility / 00829,True,ok
20191013798,1,Service closure Request with BO responsibility,00829,Service closure Request with BO responsibility / 00829,True,ok
20191013802,1,Request completed with account closure,BOC,Request completed with account closure / BOC,True,ok
20191013803,1,Pending Liquidation Request,BOCSER,Pending Liquidation Request / BOCSER,True,ok
20191013805,1,Service closure Request with BO responsibility,00829,Service closure Request with BO responsibility / 00829,True,ok
20191013806,1,Service closure Request with BO responsibility,00829,Service closure Request with BO responsibility / 00829,True,ok
20191013811,1,Pending Request for Reservation Closure,BOC,Pending Request for Reservation Closure / BOC,True,ok
20191013812,1,Request completed with account closure,BOC,Request completed with account closure / BOC,True,ok
20191013815,1,Request completed with account closure,BOC,Request completed with account closure / BOC,True,ok
20191013817,1,Pending Liquidation Request,BOC,Pending Liquidation Request / BOC,True,ok
20191013818,1,Pending Liquidation Request,BOCSER,Pending Liquidation Request / BOCSER,True,ok
20191013820,1,Pending Request for Reservation Closure,BOCSER,Pending Request for Reservation Closure / BOCSER,True,ok
20191013821,1,Pending Liquidation Request,BOC,Pending Liquidation Request / BOC,True,ok
20191013822,1,Pending Request for Reservation Closure,BOC,Pending Request for Reservation Closure / BOC,True,ok
20191013823,1,Service closure Request with BO responsibility,00829,Service closure Request with BO responsibility / 00829,True,ok
20191013824,1,Pending Liquidation Request,BOC,Pending Liquidation Request / BOC,True,ok
20191013826,1,Request completed with account closure,BOC,Request completed with account closure / BOC,True,ok
20191013827,1,Pending Request for Reservation Closure,BOCSER,Pending Request for Reservation Closure / BOCSER,True,ok
20191013829,1,Authorization Requested,00476,Authorization Requested / 00476,True,ok
20191013831,1,Service closure Request with BO responsibility,00829,Service closure Request with BO responsibility / 00829,True,ok
20191013835,1,Request completed with account closure,BOC,Request completed with account closure / BOC,True,ok
20191013836,1,Pending Request for Reservation Closure,BOCSER,Pending Request for Reservation Closure / BOCSER,True,ok
20191013845,1,Service closure Request with BO responsibility,00829,Service closure Request with BO responsibility / 00829,True,ok
20191013846,1,Service closure Request with BO responsibility,00829,Service closure Request with BO responsibility / 00829,True,ok
20191013850,1,Pending Liquidation Request,BOCSER,Pending Liquidation Request / BOCSER,True,ok
20191013851,1,Pending Liquidation Request,BOCSER,Pending Liquidation Request / BOCSER,True,ok
20191013852,1,Pending Liquidation Request,BOCSER,Pending Liquidation Request / BOCSER,True,ok
20191013853,1,Pending Request for Reservation Closure,BOC,Pending Request for Reservation Closure / BOC,True,ok
20191013854,1,Service closure Request with BO responsibility,00829,Service closure Request with BO responsibility / 00829,True,ok
20191013855,1,Pending Request for Reservation Closure,BOC,Pending Request for Reservation Closure / BOC,True,ok
20191013856,1,Request completed with account closure,BOC,Request completed with account closure / BOC,True,ok
20191013859,1,Pending Request for Reservation Closure,BOCSER,Pending Request for Reservation Closure / BOCSER,True,ok
20191013863,1,Request completed with account closure,BOC,Request completed with account closure / BOC,True,ok
20191013864,1,Request completed with account closure,BOC,Request completed with account closure / BOC,True,ok
20191013866,1,Pending Liquidation Request,BOCSER,Pending Liquidation Request / BOCSER,True,ok
20191013868,1,Pending Liquidation Request,BOCSER,Pending Liquidation Request / BOCSER,True,ok
20191013870,1,Pending Liquidation Request,BOCSER,Pending Liquidation Request / BOCSER,True,ok
20191013871,1,Pending Liquidation Request,BOCSER,Pending Liquidation Request / BOCSER,True,ok
20191013872,1,Pending Liquidation Request,BOCSER,Pending Liquidation Request / BOCSER,True,ok
20191013873,1,Pending Liquidation Request,BOCSER,Pending Liquidation Request / BOCSER,True,ok
20191013874,1,Pending Liquidation Request,BOCSER,Pending Liquidation Request / BOCSER,True,ok
20191013875,1,Pending Liquidation Request,BOCSER,Pending Liquidation Request / BOCSER,True,ok
20191013876,1,Pending Liquidation Request,BOCSER,Pending Liquidation Request / BOCSER,True,ok
20191013877,1,Pending Liquidation Request,BOCSER,Pending Liquidation Request / BOCSER,True,ok
20191013878,1,Pending Liquidation Request,BOCSER,Pending Liquidation Request / BOCSER,True,ok
20191013879,1,Pending Liquidation Request,BOCSER,Pending Liquidation Request / BOCSER,True,ok
20191013880,1,Pending Liquidation Request,BOCSER,Pending Liquidation Request / BOCSER,True,ok
20191013881,1,Pending Liquidation Request,BOCSER,Pending Liquidation Request / BOCSER,True,ok
20191013882,1,Pending Liquidation Request,BOCSER,Pending Liquidation Request / BOCSER,True,ok
20191013883,1,Pending Liquidation Request,BOCSER,Pending Liquidation Request / BOCSER,True,ok
20191013884,1,Pending Liquidation Request,BOCSER,Pending Liquidation Request / BOCSER,True,ok
20191013885,1,Pending Liquidation Request,BOCSER,Pending Liquidation Request / BOCSER,True,ok
20191013886,1,Pending Request for Reservation Closure,BOC,Pending Request for Reservation Closure / BOC,True,ok
20191013890,1,Service closure Request with BO responsibility,00835,Service closure Request with BO responsibility / 00835,True,ok
20191013895,1,Pending Request for Reservation Closure,BOC,Pending Request for Reservation Closure / BOC,True,ok
20191013896,1,Request completed with account closure,BOC,Request completed with account closure / BOC,True,ok
20191013897,1,Pending Request for Reservation Closure,BOC,Pending Request for Reservation Closure / BOC,True,ok
20191013899,1,Request completed with account closure,BOC,Request completed with account closure / BOC,True,ok
20191013902,1,Pending Request for Reservation Closure,BOC,Pending Request for Reservation Closure / BOC,True,ok
20191013905,1,Pending Request for Reservation Closure,BOC,Pending Request for Reservation Closure / BOC,True,ok
20191013907,1,Pending Request for Reservation Closure,BOC,Pending Request for Reservation Closure / BOC,True,ok
20191013910,1,Request completed with account closure,BOC,Request completed with account closure / BOC,True,ok
20191013912,1,Pending Request for Reservation Closure,BOC,Pending Request for Reservation Closure / BOC,True,ok
20191013915,1,Service closure Request with network responsibility,00501,Service closure Request with network responsibility / 00501,True,ok
20191013919,1,Pending Request for Reservation Closure,BOC,Pending Request for Reservation Closure / BOC | Pending Liquidation Request / BOC,True,ok
20191013925,1,Pending Request for Reservation Closure,BOC,Pending Request for Reservation Closure / BOC,True,ok
20191013928,1,Pending Request for Reservation Closure,BOC,Pending Request for Reservation Closure / BOC,True,ok
20191013929,1,Evaluating Request (WITH registered letter),00147,Authorization Requested / 00211,False,ok
20191013931,1,Pending Request for Reservation Closure,BOC,Pending Request for Reservation Closure / BOC,True,ok
20191013933,1,Pending Request for Reservation Closure,BOC,Pending Request for Reservation Closure / BOC | Pending Liquidation Request / BOC,True,ok
20191013935,1,Request completed with account closure,BOC,Request completed with account closure / BOC,True,ok
20191013936,1,Request completed with account closure,BOC,Request completed with account closure / BOC,True,ok
20191013939,1,Request completed with account closure,BOC,Request completed with account closure / BOC,True,ok
20191013942,1,Service closure Request with BO responsibility,00829,Service closure Request with BO responsibility / 00829,True,ok
20191013943,1,Pending Request for Reservation Closure,BOC,Pending Request for Reservation Closure / BOC,True,ok
20191013945,1,Request completed with account closure,BOC,Request completed with account closure / BOC,True,ok
20191013948,1,Pending Request for Reservation Closure,BOC,Pending Request for Reservation Closure / BOC,True,ok
20191013950,1,Service closure Request with BO responsibility,00829,Service closure Request with BO responsibility / 00829,True,ok
20191013951,1,Pending Request for Reservation Closure,BOC,Pending Request for Reservation Closure / BOC,True,ok
20191013952,1,Service closure Request with BO responsibility,00829,Service closure Request with BO responsibility / 00829,True,ok
20191013953,1,Service closure Request with BO responsibility,00829,Service closure Request with BO responsibility / 00829,True,ok
20191013954,1,Pending Request for Reservation Closure,BOC,Pending Request for Reservation Closure / BOC,True,ok
20191013956,1,Pending Request for Reservation Closure,SDCRAP,Pending Request for Reservation Closure / SDCRAP,True,ok
20191013961,1,Request completed with account closure,BOCSER,Request completed with account closure / BOCSER,True,ok
20191013962,1,Request completed with account closure,BOC,Request completed with account closure / BOC,True,ok
20191013965,1,Pending Request for Reservation Closure,BOC,Pending Request for Reservation Closure / BOC,True,ok
20191013967,1,Pending Request for Reservation Closure,BOC,Pending Request for Reservation Closure / BOC | Pending Liquidation Request / BOC,True,ok
20191013971,1,Pending Request for Reservation Closure,BOC,Pending Request for Reservation Closure / BOC,True,ok
20191013972,1,Pending Request for Reservation Closure,BOC,Pending Request for Reservation Closure / BOC,True,ok
20191013973,1,Request completed with account closure,BOC,Request completed with account closure / BOC,True,ok
20191013976,1,Request completed with account closure,BOCSER,Request completed with account closure / BOCSER,True,ok
20191013977,1,Pending Request for Reservation Closure,BOC,Pending Request for Reservation Closure / BOC,True,ok
20191013979,1,Pending Request for Reservation Closure,BOC,Pending Request for Reservation Closure / BOC,True,ok
20191013980,1,Pending Request for Reservation Closure,BOC,Pending Request for Reservation Closure / BOC,True,ok
20191013983,1,Pending Request for Reservation Closure,BOC,Pending Request for Reservation Closure / BOC,True,ok
20191013985,1,Request completed with account closure,BOC,Request completed with account closure / BOC,True,ok
20191013986,1,Pending Request for Reservation Closure,BOCSER,Pending Request for Reservation Closure / BOCSER,True,ok
20191013987,1,Pending Request for Reservation Closure,BOC,Pending Request for Reservation Closure / BOC,True,ok
20191013989,1,Pending Request for Reservation Closure,BOCSER,Pending Request for Reservation Closure / BOCSER | Pending Liquidation Request / BOC,True,ok
20191013991,1,Pending Request for Reservation Closure,BOC,Pending Request for Reservation Closure / BOC,True,ok
20191013992,1,Request completed with account closure,BOC,Request completed with account closure / BOC,True,ok
20191013993,1,Pending Request for Reservation Closure,SDCRAP,Pending Request for Reservation Closure / SDCRAP,True,ok
20191013997,1,Pending Request for Reservation Closure,BOCSER,Pending Request for Reservation Closure / BOCSER,True,ok
20191014002,1,Pending Request for Reservation Closure,BOC,Pending Request for Reservation Closure / BOC | Pending Liquidation Request / BOC,True,ok
20191014003,1,Pending Request for Reservation Closure,BOC,Pending Request for Reservation Closure / BOC,True,ok
20191014006,1,Pending Request for Reservation Closure,BOC,Pending Request for Reservation Closure / BOC,True,ok
20191014008,1,Request completed with account closure,BOCSER,Request completed with account closure / BOCSER,True,ok
20191014011,1,Service closure Request with BO responsibility,00829,Service closure Request with BO responsibility / 00829,True,ok
20191014013,1,Request completed with account closure,BOC,Request completed with account closure / BOC,True,ok
20191014015,1,Service closure Request with BO responsibility,00829,Service closure Request with BO responsibility / 00829,True,ok
20191014016,1,Request completed with account closure,BOC,Request completed with account closure / BOC,True,ok
20191014019,1,Pending Request for Reservation Closure,BOC,Pending Request for Reservation Closure / BOC | Pending Liquidation Request / BOC,True,ok
20191014020,1,Request completed with account closure,BOC,Request completed with account closure / BOC,True,ok
20191014024,1,Request completed with account closure,BOC,Request completed with account closure / BOC,True,ok
20191014026,1,Pending Request for Reservation Closure,BOC,Pending Request for Reservation Closure / BOC,True,ok
20191014029,1,Pending Request for Reservation Closure,BOC,Pending Request for Reservation Closure / BOC | Pending Liquidation Request / BOC,True,ok
20191014033,1,Service closure Request with network responsibility,00501,Service closure Request with network responsibility / 00501 | Authorization Requested / 00916,True,ok
20191014059,1,Pending Request for Reservation Closure,BOC,Pending Request for Reservation Closure / BOC,True,ok
20191014064,1,Service closure Request with network responsibility,00501,Service closure Request with network responsibility / 00501,True,ok
20191014071,1,Pending Request for Reservation Closure,BOC,Pending Request for Reservation Closure / BOC,True,ok
20191014080,1,Request completed with account closure,BOC,Request completed with account closure / BOC,True,ok
20191014084,1,Pending Request for Reservation Closure,BOC,Pending Request for Reservation Closure / BOC,True,ok
20191014087,1,Pending Request for Reservation Closure,BOC,Pending Request for Reservation Closure / BOC,True,ok
20191014090,1,Request completed with account closure,BOC,Request completed with account closure / BOC,True,ok
20191014092,1,Pending Request for Reservation Closure,BOC,Pending Request for Reservation Closure / BOC,True,ok
20191014093,1,Pending Request for Reservation Closure,BOC,Pending Request for Reservation Closure / BOC,True,ok
20191014094,1,Pending Request for Reservation Closure,BOC,Pending Request for Reservation Closure / BOC,True,ok
20191014096,1,Request completed with account closure,BOC,Request completed with account closure / BOC,True,ok
20191014097,1,Pending Request for Reservation Closure,BOC,Pending Request for Reservation Closure / BOC,True,ok
20191014100,1,Service closure Request with BO responsibility,00829,Service closure Request with BO responsibility / 00829,True,ok
20191014101,1,Service closure Request with network responsibility,00767,Service closure Request with network responsibility / 00767,True,ok
20191014102,1,Pending Request for Reservation Closure,BOC,Pending Request for Reservation Closure / BOC,True,ok
20191014103,1,Pending Liquidation Request,SDCRAP,Pending Liquidation Request / SDCRAP,True,ok
20191014104,1,Pending Request for Reservation Closure,BOC,Pending Request for Reservation Closure / BOC,True,ok
20191014105,1,Pending Request for Reservation Closure,SDCRAP,Pending Request for Reservation Closure / SDCRAP,True,ok
20191014106,1,Request completed with account closure,BOC,Request completed with account closure / BOC,True,ok
20191014107,1,Service closure Request with BO responsibility,00849,Service closure Request with BO responsibility / 00849,True,ok
20191014109,1,Pending Request for Reservation Closure,BOC,Pending Request for Reservation Closure / BOC,True,ok
20191014110,1,Service closure Request with BO responsibility,00829,Service closure Request with BO responsibility / 00829,True,ok
20191014112,1,Request completed with account closure,BOCSER,Request completed with account closure / BOCSER,True,ok
20191014113,1,Pending Request for Reservation Closure,BOC,Pending Request for Reservation Closure / BOC,True,ok
20191014117,1,Evaluating Request (WITH registered letter),00147,Service closure Request with BO responsibility / BOC,False,ok
20191014118,1,Service closure Request with BO responsibility,00829,Service closure Request with BO responsibility / 00829,True,ok
20191014120,1,Request completed with account closure,BOC,Request completed with account closure / BOC,True,ok
20191014123,1,Pending Request for Reservation Closure,BOC,Pending Request for Reservation Closure / BOC,True,ok
20191014128,1,Pending Request for Reservation Closure,SDCRAP,Pending Request for Reservation Closure / SDCRAP,True,ok
20191014130,1,Pending Request for Reservation Closure,BOC,Pending Request for Reservation Closure / BOC,True,ok
20191014131,1,Pending Request for Reservation Closure,BOC,Pending Request for Reservation Closure / BOC,True,ok
20191014132,1,Service closure Request with BO responsibility,00829,Service closure Request with BO responsibility / 00829,True,ok
20191014134,1,Pending Request for Reservation Closure,BOC,Pending Request for Reservation Closure / BOC,True,ok
20191014136,1,Service closure Request with network responsibility,00501,Service closure Request with network responsibility / 00501,True,ok
20191014139,1,Pending Request for Reservation Closure,BOC,Pending Request for Reservation Closure / BOC | Pending Liquidation Request / BOC,True,ok
20191014141,1,Pending Request for Reservation Closure,BOC,Pending Request for Reservation Closure / BOC,True,ok
20191014142,1,Authorization Requested,00501,Authorization Requested / 00501,True,ok
20191014145,1,Pending Request for Reservation Closure,BOC,Pending Request for Reservation Closure / BOC,True,ok
20191014146,1,Request completed with account closure,BOC,Request completed with account closure / BOC,True,ok
20191014148,1,Pending Request for Reservation Closure,BOC,Pending Request for Reservation Closure / BOC,True,ok
20191014149,1,Pending Request for Reservation Closure,BOC,Pending Request for Reservation Closure / BOC,True,ok
20191014151,1,Pending Request for Reservation Closure,BOC,Pending Request for Reservation Closure / BOC,True,ok
20191014152,1,Pending Request for Reservation Closure,BOCSER,Pending Request for Reservation Closure / BOCSER,True,ok
20191014157,1,Pending Request for Reservation Closure,SDCRAP,Pending Request for Reservation Closure / SDCRAP,True,ok
20191014161,1,Pending Request for Reservation Closure,BOC,Pending Request for Reservation Closure / BOC,True,ok
20191014163,1,Pending Request for Reservation Closure,BOC,Pending Request for Reservation Closure / BOC,True,ok
20191014164,1,Request completed with account closure,BOC,Request completed with account closure / BOC,True,ok
20191014172,1,Pending Request for Reservation Closure,BOC,Pending Request for Reservation Closure / BOC,True,ok
20191014176,1,Pending Request for Reservation Closure,BOC,Pending Request for Reservation Closure / BOC,True,ok
20191014177,1,Request completed with account closure,BOC,Request completed with account closure / BOC,True,ok
20191014183,1,Request completed with account closure,BOC,Request completed with account closure / BOC,True,ok
20191014186,1,Pending Request for Reservation Closure,BOC,Pending Request for Reservation Closure / BOC,True,ok
20191014189,1,Service closure Request with BO responsibility,00829,Service closure Request with BO responsibility / 00829,True,ok
20191014190,1,Pending Request for Reservation Closure,SDCRAP,Pending Request for Reservation Closure / SDCRAP,True,ok
20191014192,1,Service closure Request with BO responsibility,00829,Service closure Request with BO responsibility / 00829,True,ok
20191014194,1,Request completed with account closure,BOC,Request completed with account closure / BOC,True,ok
20191014195,1,Pending Request for Reservation Closure,BOC,Pending Request for Reservation Closure / BOC,True,ok
20191014196,1,Request completed with account closure,BOCSER,Request completed with account closure / BOCSER,True,ok
20191014197,1,Pending Request for Reservation Closure,BOC,Pending Request for Reservation Closure / BOC,True,ok
20191014198,1,Pending Request for Reservation Closure,BOC,Pending Request for Reservation Closure / BOC,True,ok
20191014201,1,Pending Request for Reservation Closure,BOC,Pending Request for Reservation Closure / BOC,True,ok
20191014202,1,Pending Request for Reservation Closure,BOC,Pending Request for Reservation Closure / BOC,True,ok
20191014203,1,Pending Request for Reservation Closure,BOC,Pending Request for Reservation Closure / BOC,True,ok
20191014207,1,Pending Request for Reservation Closure,BOC,Pending Request for Reservation Closure / BOC,True,ok
20191014210,1,Evaluating Request (WITH registered letter),00504,Evaluating Request (WITH registered letter) / 00504,True,ok
20191014212,1,Evaluating Request (WITH registered letter),00501,Authorization Requested / 00427,False,ok
20191014215,1,Pending Request for Reservation Closure,BOC,Pending Request for Reservation Closure / BOC,True,ok
20191014219,1,Pending Request for Reservation Closure,BOC,Pending Request for Reservation Closure / BOC,True,ok
20191014220,1,Request completed with account closure,BOC,Request completed with account closure / BOC,True,ok
20191014221,1,Service closure Request with BO responsibility,00829,Service closure Request with BO responsibility / 00829,True,ok
20191014222,1,Pending Request for Reservation Closure,BOC,Pending Request for Reservation Closure / BOC,True,ok
20191014223,1,Service closure Request with network responsibility,00501,Service closure Request with network responsibility / 00501 | Service closure Request with BO responsibility / BOC,True,ok
20191014224,1,Pending Request for Reservation Closure,BOC,Pending Request for Reservation Closure / BOC,True,ok
20191014225,1,Pending Request for Reservation Closure,BOC,Pending Request for Reservation Closure / BOC,True,ok
20191014231,1,Pending Request for Reservation Closure,BOC,Pending Request for Reservation Closure / BOC | Pending Liquidation Request / BOC,True,ok
20191014235,1,Pending Request for Reservation Closure,BOC,Pending Request for Reservation Closure / BOC,True,ok
20191014236,1,Pending Request for Reservation Closure,BOC,Pending Request for Reservation Closure / BOC,True,ok
20191014238,1,Pending Request for Reservation Closure,BOC,Pending Request for Reservation Closure / BOC,True,ok
20191014241,1,Request completed with account closure,BOC,Request completed with account closure / BOC,True,ok
20191014246,1,Pending Request for Reservation Closure,BOC,Pending Request for Reservation Closure / BOC,True,ok
20191014247,1,Pending Request for Reservation Closure,BOC,Pending Request for Reservation Closure / BOC,True,ok
20191014248,1,Pending Request for Reservation Closure,BOC,Pending Request for Reservation Closure / BOC,True,ok
20191014250,1,Pending Request for Reservation Closure,BOC,Pending Request for Reservation Closure / BOC,True,ok
20191014252,1,Service closure Request with network responsibility,00501,Service closure Request with network responsibility / 00501,True,ok
20191014255,1,Service closure Request with BO responsibility,00829,Service closure Request with BO responsibility / 00829,True,ok
20191014257,1,Pending Request for Reservation Closure,BOC,Pending Request for Reservation Closure / BOC,True,ok
20191014258,1,Request completed with account closure,BOCSER,Request completed with account closure / BOCSER,True,ok
20191014259,1,Pending Request for Reservation Closure,BOC,Pending Request for Reservation Closure / BOC,True,ok
20191014261,1,Pending Request for Reservation Closure,BOC,Pending Request for Reservation Closure / BOC,True,ok
20191014263,1,Pending Request for Reservation Closure,BOC,Pending Request for Reservation Closure / BOC,True,ok
20191014264,1,Pending Request for Reservation Closure,BOC,Pending Request for Reservation Closure / BOC,True,ok
20191014265,1,Pending Request for Reservation Closure,SDCRAP,Pending Request for Reservation Closure / SDCRAP,True,ok
20191014266,1,Pending Liquidation Request,SDCRAP,Pending Liquidation Request / SDCRAP,True,ok
20191014268,1,Pending Request for Reservation Closure,BOC,Pending Request for Reservation Closure / BOC,True,ok
20191014274,1,Evaluating Request (WITH registered letter),00147,Authorization Requested / 00228,False,ok
20191014277,1,Pending Request for Reservation Closure,BOC,Pending Request for Reservation Closure / BOC,True,ok
20191014280,1,Pending Liquidation Request,BOC,Pending Liquidation Request / BOC,True,ok
20191014281,1,Pending Request for Reservation Closure,BOC,Pending Request for Reservation Closure / BOC,True,ok
20191014283,1,Pending Request for Reservation Closure,BOC,Pending Request for Reservation Closure / BOC,True,ok
20191014284,1,Service closure Request with BO responsibility,00829,Service closure Request with BO responsibility / 00829,True,ok
20191014285,1,Pending Request for Reservation Closure,BOC,Pending Request for Reservation Closure / BOC,True,ok
20191014288,1,Pending Request for Reservation Closure,SDCRAP,Pending Request for Reservation Closure / SDCRAP,True,ok
20191014289,1,Pending Request for Reservation Closure,BOC,Pending Request for Reservation Closure / BOC,True,ok
20191014291,1,Request completed with account closure,BOC,Request completed with account closure / BOC,True,ok
20191014292,1,Service closure Request with BO responsibility,00829,Service closure Request with BO responsibility / 00829,True,ok
20191014294,1,Service closure Request with BO responsibility,00835,Service closure Request with BO responsibility / 00835,True,ok
20191014297,1,Pending Request for Reservation Closure,BOC,Pending Request for Reservation Closure / BOC,True,ok
20191014298,1,Pending Request for Reservation Closure,BOC,Pending Request for Reservation Closure / BOC,True,ok
20191014300,1,Pending Request for Reservation Closure,BOC,Pending Request for Reservation Closure / BOC,True,ok
20191014302,1,Authorization Requested,00594,Authorization Requested / 00594,True,ok
20191014305,1,Request completed with account closure,BOCSER,Request completed with account closure / BOCSER,True,ok
20191014307,1,Request completed with account closure,BOC,Request completed with account closure / BOC,True,ok
20191014309,1,Service closure Request with BO responsibility,00829,Service closure Request with BO responsibility / 00829,True,ok
20191014310,1,Service closure Request with BO responsibility,00829,Service closure Request with BO responsibility / 00829,True,ok
20191014314,1,Pending Request for Reservation Closure,BOC,Pending Request for Reservation Closure / BOC | Pending Liquidation Request / BOC,True,ok
20191014317,1,Service closure Request with BO responsibility,00829,Service closure Request with BO responsibility / 00829,True,ok
20191014318,1,Pending Request for Reservation Closure,BOC,Pending Request for Reservation Closure / BOC,True,ok
20191014319,1,Pending Request for Reservation Closure,BOC,Pending Request for Reservation Closure / BOC,True,ok
20191014321,1,Request completed with account closure,BOC,Request completed with account closure / BOC,True,ok
20191014322,1,Pending Request for Reservation Closure,BOC,Pending Request for Reservation Closure / BOC,True,ok
20191014323,1,Pending Request for Reservation Closure,BOC,Pending Request for Reservation Closure / BOC,True,ok
20191014326,1,Service closure Request with BO responsibility,00829,Service closure Request with BO responsibility / 00829,True,ok
20191014327,1,Pending Request for Reservation Closure,BOC,Pending Request for Reservation Closure / BOC,True,ok
20191014331,1,Service closure Request with BO responsibility,00829,Service closure Request with BO responsibility / 00829,True,ok
20191014336,1,Pending Request for Reservation Closure,BOC,Pending Request for Reservation Closure / BOC,True,ok
20191014337,1,Pending Request for Reservation Closure,BOC,Pending Request for Reservation Closure / BOC,True,ok
20191014338,1,Pending Request for Reservation Closure,BOC,Pending Request for Reservation Closure / BOC,True,ok
20191014339,1,Service closure Request with BO responsibility,00829,Service closure Request with BO responsibility / 00829,True,ok
20191014340,1,Service closure Request with BO responsibility,00842,Service closure Request with BO responsibility / 00842,True,ok
20191014342,1,Service closure Request with BO responsibility,00829,Service closure Request with BO responsibility / 00829,True,ok
20191014343,1,Pending Request for Reservation Closure,BOC,Pending Request for Reservation Closure / BOC,True,ok
20191014347,1,Service closure Request with BO responsibility,00829,Service closure Request with BO responsibility / 00829,True,ok
20191014353,1,Pending Request for Reservation Closure,BOC,Pending Request for Reservation Closure / BOC,True,ok
20191014354,1,Service closure Request with BO responsibility,00829,Service closure Request with BO responsibility / 00829,True,ok
20191014355,1,Pending Request for Reservation Closure,BOC,Pending Request for Reservation Closure / BOC,True,ok
20191014357,1,Pending Request for Reservation Closure,BOC,Pending Request for Reservation Closure / BOC | Pending Liquidation Request / BOC,True,ok
20191014359,1,Evaluating Request (WITH registered letter),00147,Service closure Request with BO responsibility / BOC,False,ok
20191014360,1,Pending Request for Reservation Closure,BOC,Pending Request for Reservation Closure / BOC,True,ok
20191014363,1,Service closure Request with BO responsibility,00829,Service closure Request with BO responsibility / 00829,True,ok
20191014364,1,Pending Request for Reservation Closure,BOC,Pending Request for Reservation Closure / BOC,True,ok
20191014365,1,Pending Request for Reservation Closure,BOC,Pending Request for Reservation Closure / BOC,True,ok
20191014369,1,Pending Request for Reservation Closure,BOC,Pending Request for Reservation Closure / BOC,True,ok
20191014372,1,Pending Request for Reservation Closure,SDCRAP,Pending Request for Reservation Closure / SDCRAP,True,ok
20191014375,1,Pending Request for Reservation Closure,BOC,Pending Request for Reservation Closure / BOC,True,ok
20191014376,1,Evaluating Request (WITH registered letter),00501,Authorization Requested / 00044,False,ok
20191014382,1,Service closure Request with BO responsibility,00829,Service closure Request with BO responsibility / 00829,True,ok
20191014385,1,Pending Request for Reservation Closure,BOC,Pending Request for Reservation Closure / BOC,True,ok
20191014387,1,Pending Request for Reservation Closure,BOC,Pending Request for Reservation Closure / BOC | Pending Liquidation Request / BOC,True,ok
20191014388,1,Service closure Request with network responsibility,00501,Service closure Request with network responsibility / 00501 | Service closure Request with BO responsibility / BOC,True,ok
20191014389,1,Service closure Request with BO responsibility,00829,Service closure Request with BO responsibility / 00829,True,ok
20191014392,1,Pending Request for Reservation Closure,BOC,Pending Request for Reservation Closure / BOC,True,ok
20191014393,1,Service closure Request with BO responsibility,00829,Service closure Request with BO responsibility / 00829,True,ok
20191014395,1,Pending Request for Reservation Closure,BOC,Pending Request for Reservation Closure / BOC,True,ok
20191014396,1,Pending Request for Reservation Closure,BOC,Pending Request for Reservation Closure / BOC,True,ok
20191014397,1,Pending Request for Reservation Closure,BOC,Pending Request for Reservation Closure / BOC,True,ok
20191014400,1,Service closure Request with BO responsibility,00835,Service closure Request with BO responsibility / 00835,True,ok
20191014404,1,Pending Request for Reservation Closure,BOC,Pending Request for Reservation Closure / BOC,True,ok
20191014405,1,Pending Request for Reservation Closure,BOC,Pending Request for Reservation Closure / BOC,True,ok
20191014407,1,Service closure Request with BO responsibility,00829,Service closure Request with BO responsibility / 00829,True,ok
20191014413,1,Service closure Request with BO responsibility,00829,Service closure Request with BO responsibility / 00829,True,ok
20191014414,1,Pending Request for Reservation Closure,BOC,Pending Request for Reservation Closure / BOC,True,ok
20191014415,1,Pending Request for Reservation Closure,BOC,Pending Request for Reservation Closure / BOC | Pending Liquidation Request / BOC,True,ok
20191014416,1,Service closure Request with network responsibility,00501,Service closure Request with network responsibility / 00501,True,ok
20191014417,1,Pending Request for Reservation Closure,BOC,Pending Request for Reservation Closure / BOC,True,ok
20191014419,1,Service closure Request with BO responsibility,00829,Service closure Request with BO responsibility / 00829,True,ok
20191014420,1,Service closure Request with BO responsibility,00829,Service closure Request with BO responsibility / 00829,True,ok
20191014423,1,Pending Request for Reservation Closure,BOCSER,Pending Request for Reservation Closure / BOCSER,True,ok
20191014425,1,Pending Request for Reservation Closure,BOC,Pending Request for Reservation Closure / BOC,True,ok
20191014427,1,Pending Request for Reservation Closure,BOC,Pending Request for Reservation Closure / BOC,True,ok
20191014429,1,Service closure Request with BO responsibility,00829,Service closure Request with BO responsibility / 00829,True,ok
20191014430,1,Pending Request for Reservation Closure,BOC,Pending Request for Reservation Closure / BOC,True,ok
20191014431,1,Service closure Request with BO responsibility,00842,Service closure Request with BO responsibility / 00842,True,ok
20191014438,1,Pending Request for Reservation Closure,BOC,Pending Request for Reservation Closure / BOC | Pending Liquidation Request / BOC,True,ok
20191014441,1,Pending Request for Reservation Closure,BOC,Pending Request for Reservation Closure / BOC | Pending Liquidation Request / BOC,True,ok
20191014442,1,Service closure Request with BO responsibility,00829,Service closure Request with BO responsibility / 00829,True,ok
20191014448,1,Pending Request for Reservation Closure,BOC,Pending Request for Reservation Closure / BOC | Pending Liquidation Request / BOC,True,ok
20191014449,1,Pending Request for Reservation Closure,BOC,Pending Request for Reservation Closure / BOC,True,ok
20191014451,1,Service closure Request with network responsibility,00501,Service closure Request with network responsibility / 00501,True,ok
20191014452,1,Pending Request for Reservation Closure,BOC,Pending Request for Reservation Closure / BOC,True,ok
20191014456,1,Pending Request for Reservation Closure,BOC,Pending Request for Reservation Closure / BOC,True,ok
20191014458,1,Service closure Request with BO responsibility,00829,Service closure Request with BO responsibility / 00829,True,ok
20191014459,1,Pending Request for Reservation Closure,BOC,Pending Request for Reservation Closure / BOC,True,ok
20191014462,1,Service closure Request with BO responsibility,00829,Service closure Request with BO responsibility / 00829,True,ok
