case:concept:name,reason
201810008108,"alignment-based replay of the historical prefix needed at least one 'log move' -- a logged activity the model could not explain at all (a genuine deviation). Informational only: unlike the old token-based replay, the reconstructed marking is always legally reachable, so this does not by itself put the case at risk of an unrecoverable loop."
20181000902,"alignment-based replay of the historical prefix needed at least one 'log move' -- a logged activity the model could not explain at all (a genuine deviation). Informational only: unlike the old token-based replay, the reconstructed marking is always legally reachable, so this does not by itself put the case at risk of an unrecoverable loop."
20181012611,"alignment-based replay of the historical prefix needed at least one 'log move' -- a logged activity the model could not explain at all (a genuine deviation). Informational only: unlike the old token-based replay, the reconstructed marking is always legally reachable, so this does not by itself put the case at risk of an unrecoverable loop."
20181013679,"alignment-based replay of the historical prefix needed at least one 'log move' -- a logged activity the model could not explain at all (a genuine deviation). Informational only: unlike the old token-based replay, the reconstructed marking is always legally reachable, so this does not by itself put the case at risk of an unrecoverable loop."
201811005747,"alignment-based replay of the historical prefix needed at least one 'log move' -- a logged activity the model could not explain at all (a genuine deviation). Informational only: unlike the old token-based replay, the reconstructed marking is always legally reachable, so this does not by itself put the case at risk of an unrecoverable loop."
201811006467,"alignment-based replay of the historical prefix needed at least one 'log move' -- a logged activity the model could not explain at all (a genuine deviation). Informational only: unlike the old token-based replay, the reconstructed marking is always legally reachable, so this does not by itself put the case at risk of an unrecoverable loop."
201811008330,"alignment-based replay of the historical prefix needed at least one 'log move' -- a logged activity the model could not explain at all (a genuine deviation). Informational only: unlike the old token-based replay, the reconstructed marking is always legally reachable, so this does not by itself put the case at risk of an unrecoverable loop."
201811008394,"alignment-based replay of the historical prefix needed at least one 'log move' -- a logged activity the model could not explain at all (a genuine deviation). Informational only: unlike the old token-based replay, the reconstructed marking is always legally reachable, so this does not by itself put the case at risk of an unrecoverable loop."
201811008631,"alignment-based replay of the historical prefix needed at least one 'log move' -- a logged activity the model could not explain at all (a genuine deviation). Informational only: unlike the old token-based replay, the reconstructed marking is always legally reachable, so this does not by itself put the case at risk of an unrecoverable loop."
201811010119,"alignment-based replay of the historical prefix needed at least one 'log move' -- a logged activity the model could not explain at all (a genuine deviation). Informational only: unlike the old token-based replay, the reconstructed marking is always legally reachable, so this does not by itself put the case at risk of an unrecoverable loop."
201811011907,"alignment-based replay of the historical prefix needed at least one 'log move' -- a logged activity the model could not explain at all (a genuine deviation). Informational only: unlike the old token-based replay, the reconstructed marking is always legally reachable, so this does not by itself put the case at risk of an unrecoverable loop."
201812000900,"alignment-based replay of the historical prefix needed at least one 'log move' -- a logged activity the model could not explain at all (a genuine deviation). Informational only: unlike the old token-based replay, the reconstructed marking is always legally reachable, so this does not by itself put the case at risk of an unrecoverable loop."
201812002344,"alignment-based replay of the historical prefix needed at least one 'log move' -- a logged activity the model could not explain at all (a genuine deviation). Informational only: unlike the old token-based replay, the reconstructed marking is always legally reachable, so this does not by itself put the case at risk of an unrecoverable loop."
201812003088,"alignment-based replay of the historical prefix needed at least one 'log move' -- a logged activity the model could not explain at all (a genuine deviation). Informational only: unlike the old token-based replay, the reconstructed marking is always legally reachable, so this does not by itself put the case at risk of an unrecoverable loop."
201812004198,"alignment-based replay of the historical prefix needed at least one 'log move' -- a logged activity the model could not explain at all (a genuine deviation). Informational only: unlike the old token-based replay, the reconstructed marking is always legally reachable, so this does not by itself put the case at risk of an unrecoverable loop."
201812004817,"alignment-based replay of the historical prefix needed at least one 'log move' -- a logged activity the model could not explain at all (a genuine deviation). Informational only: unlike the old token-based replay, the reconstructed marking is always legally reachable, so this does not by itself put the case at risk of an unrecoverable loop."
201812004871,"alignment-based replay of the historical prefix needed at least one 'log move' -- a logged activity the model could not explain at all (a genuine deviation). Informational only: unlike the old token-based replay, the reconstructed marking is always legally reachable, so this does not by itself put the case at risk of an unrecoverable loop."
201812005259,"alignment-based replay of the historical prefix needed at least one 'log move' -- a logged activity the model could not explain at all (a genuine deviation). Informational only: unlike the old token-based replay, the reconstructed marking is always legally reachable, so this does not by itself put the case at risk of an unrecoverable loop."
201812005779,"alignment-based replay of the historical prefix needed at least one 'log move' -- a logged activity the model could not explain at all (a genuine deviation). Informational only: unlike the old token-based replay, the reconstructed marking is always legally reachable, so this does not by itself put the case at risk of an unrecoverable loop."
201812005898,"alignment-based replay of the historical prefix needed at least one 'log move' -- a logged activity the model could not explain at all (a genuine deviation). Informational only: unlike the old token-based replay, the reconstructed marking is always legally reachable, so this does not by itself put the case at risk of an unrecoverable loop."
201812006094,"alignment-based replay of the historical prefix needed at least one 'log move' -- a logged activity the model could not explain at all (a genuine deviation). Informational only: unlike the old token-based replay, the reconstructed marking is always legally reachable, so this does not by itself put the case at risk of an unrecoverable loop."
201812006485,"alignment-based replay of the historical prefix needed at least one 'log move' -- a logged activity the model could not explain at all (a genuine deviation). Informational only: unlike the old token-based replay, the reconstructed marking is always legally reachable, so this does not by itself put the case at risk of an unrecoverable loop."
201812006628,"alignment-based replay of the historical prefix needed at least one 'log move' -- a logged activity the model could not explain at all (a genuine deviation). Informational only: unlike the old token-based replay, the reconstructed marking is always legally reachable, so this does not by itself put the case at risk of an unrecoverable loop."
201812006707,"alignment-based replay of the historical prefix needed at least one 'log move' -- a logged activity the model could not explain at all (a genuine deviation). Informational only: unlike the old token-based replay, the reconstructed marking is always legally reachable, so this does not by itself put the case at risk of an unrecoverable loop."
201812006755,"alignment-based replay of the historical prefix needed at least one 'log move' -- a logged activity the model could not explain at all (a genuine deviation). Informational only: unlike the old token-based replay, the reconstructed marking is always legally reachable, so this does not by itself put the case at risk of an unrecoverable loop."
201812006820,"alignment-based replay of the historical prefix needed at least one 'log move' -- a logged activity the model could not explain at all (a genuine deviation). Informational only: unlike the old token-based replay, the reconstructed marking is always legally reachable, so this does not by itself put the case at risk of an unrecoverable loop."
201812007723,"alignment-based replay of the historical prefix needed at least one 'log move' -- a logged activity the model could not explain at all (a genuine deviation). Informational only: unlike the old token-based replay, the reconstructed marking is always legally reachable, so this does not by itself put the case at risk of an unrecoverable loop."
201812007780,"alignment-based replay of the historical prefix needed at least one 'log move' -- a logged activity the model could not explain at all (a genuine deviation). Informational only: unlike the old token-based replay, the reconstructed marking is always legally reachable, so this does not by itself put the case at risk of an unrecoverable loop."
201812007853,"alignment-based replay of the historical prefix needed at least one 'log move' -- a logged activity the model could not explain at all (a genuine deviation). Informational only: unlike the old token-based replay, the reconstructed marking is always legally reachable, so this does not by itself put the case at risk of an unrecoverable loop."
201812008149,"alignment-based replay of the historical prefix needed at least one 'log move' -- a logged activity the model could not explain at all (a genuine deviation). Informational only: unlike the old token-based replay, the reconstructed marking is always legally reachable, so this does not by itself put the case at risk of an unrecoverable loop."
201812008346,"alignment-based replay of the historical prefix needed at least one 'log move' -- a logged activity the model could not explain at all (a genuine deviation). Informational only: unlike the old token-based replay, the reconstructed marking is always legally reachable, so this does not by itself put the case at risk of an unrecoverable loop."
201812008642,"alignment-based replay of the historical prefix needed at least one 'log move' -- a logged activity the model could not explain at all (a genuine deviation). Informational only: unlike the old token-based replay, the reconstructed marking is always legally reachable, so this does not by itself put the case at risk of an unrecoverable loop."
201812008694,"alignment-based replay of the historical prefix needed at least one 'log move' -- a logged activity the model could not explain at all (a genuine deviation). Informational only: unlike the old token-based replay, the reconstructed marking is always legally reachable, so this does not by itself put the case at risk of an unrecoverable loop."
201812008800,"alignment-based replay of the historical prefix needed at least one 'log move' -- a logged activity the model could not explain at all (a genuine deviation). Informational only: unlike the old token-based replay, the reconstructed marking is always legally reachable, so this does not by itself put the case at risk of an unrecoverable loop."
201812008953,"alignment-based replay of the historical prefix needed at least one 'log move' -- a logged activity the model could not explain at all (a genuine deviation). Informational only: unlike the old token-based replay, the reconstructed marking is always legally reachable, so this does not by itself put the case at risk of an unrecoverable loop."
201812009363,"alignment-based replay of the historical prefix needed at least one 'log move' -- a logged activity the model could not explain at all (a genuine deviation). Informational only: unlike the old token-based replay, the reconstructed marking is always legally reachable, so this does not by itself put the case at risk of an unrecoverable loop."
201812009682,"alignment-based replay of the historical prefix needed at least one 'log move' -- a logged activity the model could not explain at all (a genuine deviation). Informational only: unlike the old token-based replay, the reconstructed marking is always legally reachable, so this does not by itself put the case at risk of an unrecoverable loop."
201812009703,"alignment-based replay of the historical prefix needed at least one 'log move' -- a logged activity the model could not explain at all (a genuine deviation). Informational only: unlike the old token-based replay, the reconstructed marking is always legally reachable, so this does not by itself put the case at risk of an unrecoverable loop."
201812009750,"alignment-based replay of the historical prefix needed at least one 'log move' -- a logged activity the model could not explain at all (a genuine deviation). Informational only: unlike the old token-based replay, the reconstructed marking is always legally reachable, so this does not by itself put the case at risk of an unrecoverable loop."
20182009106,"alignment-based replay of the historical prefix needed at least one 'log move' -- a logged activity the model could not explain at all (a genuine deviation). Informational only: unlike the old token-based replay, the reconstructed marking is always legally reachable, so this does not by itself put the case at risk of an unrecoverable loop."
20184001796,"alignment-based replay of the historical prefix needed at least one 'log move' -- a logged activity the model could not explain at all (a genuine deviation). Informational only: unlike the old token-based replay, the reconstructed marking is always legally reachable, so this does not by itself put the case at risk of an unrecoverable loop."
20187003190,"alignment-based replay of the historical prefix needed at least one 'log move' -- a logged activity the model could not explain at all (a genuine deviation). Informational only: unlike the old token-based replay, the reconstructed marking is always legally reachable, so this does not by itself put the case at risk of an unrecoverable loop."
20187006392,"alignment-based replay of the historical prefix needed at least one 'log move' -- a logged activity the model could not explain at all (a genuine deviation). Informational only: unlike the old token-based replay, the reconstructed marking is always legally reachable, so this does not by itself put the case at risk of an unrecoverable loop."
20189003084,"alignment-based replay of the historical prefix needed at least one 'log move' -- a logged activity the model could not explain at all (a genuine deviation). Informational only: unlike the old token-based replay, the reconstructed marking is always legally reachable, so this does not by itself put the case at risk of an unrecoverable loop."
20189006540,"alignment-based replay of the historical prefix needed at least one 'log move' -- a logged activity the model could not explain at all (a genuine deviation). Informational only: unlike the old token-based replay, the reconstructed marking is always legally reachable, so this does not by itself put the case at risk of an unrecoverable loop."
20189007982,"alignment-based replay of the historical prefix needed at least one 'log move' -- a logged activity the model could not explain at all (a genuine deviation). Informational only: unlike the old token-based replay, the reconstructed marking is always legally reachable, so this does not by itself put the case at risk of an unrecoverable loop."
20189008206,"alignment-based replay of the historical prefix needed at least one 'log move' -- a logged activity the model could not explain at all (a genuine deviation). Informational only: unlike the old token-based replay, the reconstructed marking is always legally reachable, so this does not by itself put the case at risk of an unrecoverable loop."
20191000242,"alignment-based replay of the historical prefix needed at least one 'log move' -- a logged activity the model could not explain at all (a genuine deviation). Informational only: unlike the old token-based replay, the reconstructed marking is always legally reachable, so this does not by itself put the case at risk of an unrecoverable loop."
20191000260,"alignment-based replay of the historical prefix needed at least one 'log move' -- a logged activity the model could not explain at all (a genuine deviation). Informational only: unlike the old token-based replay, the reconstructed marking is always legally reachable, so this does not by itself put the case at risk of an unrecoverable loop."
20191000546,"alignment-based replay of the historical prefix needed at least one 'log move' -- a logged activity the model could not explain at all (a genuine deviation). Informational only: unlike the old token-based replay, the reconstructed marking is always legally reachable, so this does not by itself put the case at risk of an unrecoverable loop."
20191000845,"alignment-based replay of the historical prefix needed at least one 'log move' -- a logged activity the model could not explain at all (a genuine deviation). Informational only: unlike the old token-based replay, the reconstructed marking is always legally reachable, so this does not by itself put the case at risk of an unrecoverable loop."
20191001178,"alignment-based replay of the historical prefix needed at least one 'log move' -- a logged activity the model could not explain at all (a genuine deviation). Informational only: unlike the old token-based replay, the reconstructed marking is always legally reachable, so this does not by itself put the case at risk of an unrecoverable loop."
20191001209,"alignment-based replay of the historical prefix needed at least one 'log move' -- a logged activity the model could not explain at all (a genuine deviation). Informational only: unlike the old token-based replay, the reconstructed marking is always legally reachable, so this does not by itself put the case at risk of an unrecoverable loop."
20191001270,"alignment-based replay of the historical prefix needed at least one 'log move' -- a logged activity the model could not explain at all (a genuine deviation). Informational only: unlike the old token-based replay, the reconstructed marking is always legally reachable, so this does not by itself put the case at risk of an unrecoverable loop."
20191001457,"alignment-based replay of the historical prefix needed at least one 'log move' -- a logged activity the model could not explain at all (a genuine deviation). Informational only: unlike the old token-based replay, the reconstructed marking is always legally reachable, so this does not by itself put the case at risk of an unrecoverable loop."
20191001584,"alignment-based replay of the historical prefix needed at least one 'log move' -- a logged activity the model could not explain at all (a genuine deviation). Informational only: unlike the old token-based replay, the reconstructed marking is always legally reachable, so this does not by itself put the case at risk of an unrecoverable loop."
20191001595,"alignment-based replay of the historical prefix needed at least one 'log move' -- a logged activity the model could not explain at all (a genuine deviation). Informational only: unlike the old token-based replay, the reconstructed marking is always legally reachable, so this does not by itself put the case at risk of an unrecoverable loop."
20191001991,"alignment-based replay of the historical prefix needed at least one 'log move' -- a logged activity the model could not explain at all (a genuine deviation). Informational only: unlike the old token-based replay, the reconstructed marking is always legally reachable, so this does not by itself put the case at risk of an unrecoverable loop."
20191002029,"alignment-based replay of the historical prefix needed at least one 'log move' -- a logged activity the model could not explain at all (a genuine deviation). Informational only: unlike the old token-based replay, the reconstructed marking is always legally reachable, so this does not by itself put the case at risk of an unrecoverable loop."
20191002091,"alignment-based replay of the historical prefix needed at least one 'log move' -- a logged activity the model could not explain at all (a genuine deviation). Informational only: unlike the old token-based replay, the reconstructed marking is always legally reachable, so this does not by itself put the case at risk of an unrecoverable loop."
20191002163,"alignment-based replay of the historical prefix needed at least one 'log move' -- a logged activity the model could not explain at all (a genuine deviation). Informational only: unlike the old token-based replay, the reconstructed marking is always legally reachable, so this does not by itself put the case at risk of an unrecoverable loop."
20191002745,"alignment-based replay of the historical prefix needed at least one 'log move' -- a logged activity the model could not explain at all (a genuine deviation). Informational only: unlike the old token-based replay, the reconstructed marking is always legally reachable, so this does not by itself put the case at risk of an unrecoverable loop."
20191003315,"alignment-based replay of the historical prefix needed at least one 'log move' -- a logged activity the model could not explain at all (a genuine deviation). Informational only: unlike the old token-based replay, the reconstructed marking is always legally reachable, so this does not by itself put the case at risk of an unrecoverable loop."
20191003680,"alignment-based replay of the historical prefix needed at least one 'log move' -- a logged activity the model could not explain at all (a genuine deviation). Informational only: unlike the old token-based replay, the reconstructed marking is always legally reachable, so this does not by itself put the case at risk of an unrecoverable loop."
20191003699,"alignment-based replay of the historical prefix needed at least one 'log move' -- a logged activity the model could not explain at all (a genuine deviation). Informational only: unlike the old token-based replay, the reconstructed marking is always legally reachable, so this does not by itself put the case at risk of an unrecoverable loop."
20191004025,"alignment-based replay of the historical prefix needed at least one 'log move' -- a logged activity the model could not explain at all (a genuine deviation). Informational only: unlike the old token-based replay, the reconstructed marking is always legally reachable, so this does not by itself put the case at risk of an unrecoverable loop."
20191004038,"alignment-based replay of the historical prefix needed at least one 'log move' -- a logged activity the model could not explain at all (a genuine deviation). Informational only: unlike the old token-based replay, the reconstructed marking is always legally reachable, so this does not by itself put the case at risk of an unrecoverable loop."
20191004146,"alignment-based replay of the historical prefix needed at least one 'log move' -- a logged activity the model could not explain at all (a genuine deviation). Informational only: unlike the old token-based replay, the reconstructed marking is always legally reachable, so this does not by itself put the case at risk of an unrecoverable loop."
20191004208,"alignment-based replay of the historical prefix needed at least one 'log move' -- a logged activity the model could not explain at all (a genuine deviation). Informational only: unlike the old token-based replay, the reconstructed marking is always legally reachable, so this does not by itself put the case at risk of an unrecoverable loop."
20191004251,"alignment-based replay of the historical prefix needed at least one 'log move' -- a logged activity the model could not explain at all (a genuine deviation). Informational only: unlike the old token-based replay, the reconstructed marking is always legally reachable, so this does not by itself put the case at risk of an unrecoverable loop."
20191004267,"alignment-based replay of the historical prefix needed at least one 'log move' -- a logged activity the model could not explain at all (a genuine deviation). Informational only: unlike the old token-based replay, the reconstructed marking is always legally reachable, so this does not by itself put the case at risk of an unrecoverable loop."
20191004286,"alignment-based replay of the historical prefix needed at least one 'log move' -- a logged activity the model could not explain at all (a genuine deviation). Informational only: unlike the old token-based replay, the reconstructed marking is always legally reachable, so this does not by itself put the case at risk of an unrecoverable loop."
20191004364,"alignment-based replay of the historical prefix needed at least one 'log move' -- a logged activity the model could not explain at all (a genuine deviation). Informational only: unlike the old token-based replay, the reconstructed marking is always legally reachable, so this does not by itself put the case at risk of an unrecoverable loop."
20191004374,"alignment-based replay of the historical prefix needed at least one 'log move' -- a logged activity the model could not explain at all (a genuine deviation). Informational only: unlike the old token-based replay, the reconstructed marking is always legally reachable, so this does not by itself put the case at risk of an unrecoverable loop."
20191004432,"alignment-based replay of the historical prefix needed at least one 'log move' -- a logged activity the model could not explain at all (a genuine deviation). Informational only: unlike the old token-based replay, the reconstructed marking is always legally reachable, so this does not by itself put the case at risk of an unrecoverable loop."
20191004556,"alignment-based replay of the historical prefix needed at least one 'log move' -- a logged activity the model could not explain at all (a genuine deviation). Informational only: unlike the old token-based replay, the reconstructed marking is always legally reachable, so this does not by itself put the case at risk of an unrecoverable loop."
20191004566,"alignment-based replay of the historical prefix needed at least one 'log move' -- a logged activity the model could not explain at all (a genuine deviation). Informational only: unlike the old token-based replay, the reconstructed marking is always legally reachable, so this does not by itself put the case at risk of an unrecoverable loop."
20191004710,"alignment-based replay of the historical prefix needed at least one 'log move' -- a logged activity the model could not explain at all (a genuine deviation). Informational only: unlike the old token-based replay, the reconstructed marking is always legally reachable, so this does not by itself put the case at risk of an unrecoverable loop."
20191004843,"alignment-based replay of the historical prefix needed at least one 'log move' -- a logged activity the model could not explain at all (a genuine deviation). Informational only: unlike the old token-based replay, the reconstructed marking is always legally reachable, so this does not by itself put the case at risk of an unrecoverable loop."
20191004854,"alignment-based replay of the historical prefix needed at least one 'log move' -- a logged activity the model could not explain at all (a genuine deviation). Informational only: unlike the old token-based replay, the reconstructed marking is always legally reachable, so this does not by itself put the case at risk of an unrecoverable loop."
20191004909,"alignment-based replay of the historical prefix needed at least one 'log move' -- a logged activity the model could not explain at all (a genuine deviation). Informational only: unlike the old token-based replay, the reconstructed marking is always legally reachable, so this does not by itself put the case at risk of an unrecoverable loop."
20191005248,"alignment-based replay of the historical prefix needed at least one 'log move' -- a logged activity the model could not explain at all (a genuine deviation). Informational only: unlike the old token-based replay, the reconstructed marking is always legally reachable, so this does not by itself put the case at risk of an unrecoverable loop."
20191005294,"alignment-based replay of the historical prefix needed at least one 'log move' -- a logged activity the model could not explain at all (a genuine deviation). Informational only: unlike the old token-based replay, the reconstructed marking is always legally reachable, so this does not by itself put the case at risk of an unrecoverable loop."
20191005303,"alignment-based replay of the historical prefix needed at least one 'log move' -- a logged activity the model could not explain at all (a genuine deviation). Informational only: unlike the old token-based replay, the reconstructed marking is always legally reachable, so this does not by itself put the case at risk of an unrecoverable loop."
20191005409,"alignment-based replay of the historical prefix needed at least one 'log move' -- a logged activity the model could not explain at all (a genuine deviation). Informational only: unlike the old token-based replay, the reconstructed marking is always legally reachable, so this does not by itself put the case at risk of an unrecoverable loop."
20191005427,"alignment-based replay of the historical prefix needed at least one 'log move' -- a logged activity the model could not explain at all (a genuine deviation). Informational only: unlike the old token-based replay, the reconstructed marking is always legally reachable, so this does not by itself put the case at risk of an unrecoverable loop."
20191005537,"alignment-based replay of the historical prefix needed at least one 'log move' -- a logged activity the model could not explain at all (a genuine deviation). Informational only: unlike the old token-based replay, the reconstructed marking is always legally reachable, so this does not by itself put the case at risk of an unrecoverable loop."
20191005632,"alignment-based replay of the historical prefix needed at least one 'log move' -- a logged activity the model could not explain at all (a genuine deviation). Informational only: unlike the old token-based replay, the reconstructed marking is always legally reachable, so this does not by itself put the case at risk of an unrecoverable loop."
20191005637,"alignment-based replay of the historical prefix needed at least one 'log move' -- a logged activity the model could not explain at all (a genuine deviation). Informational only: unlike the old token-based replay, the reconstructed marking is always legally reachable, so this does not by itself put the case at risk of an unrecoverable loop."
20191005681,"alignment-based replay of the historical prefix needed at least one 'log move' -- a logged activity the model could not explain at all (a genuine deviation). Informational only: unlike the old token-based replay, the reconstructed marking is always legally reachable, so this does not by itself put the case at risk of an unrecoverable loop."
20191005838,"alignment-based replay of the historical prefix needed at least one 'log move' -- a logged activity the model could not explain at all (a genuine deviation). Informational only: unlike the old token-based replay, the reconstructed marking is always legally reachable, so this does not by itself put the case at risk of an unrecoverable loop."
20191006110,"alignment-based replay of the historical prefix needed at least one 'log move' -- a logged activity the model could not explain at all (a genuine deviation). Informational only: unlike the old token-based replay, the reconstructed marking is always legally reachable, so this does not by itself put the case at risk of an unrecoverable loop."
20191006142,"alignment-based replay of the historical prefix needed at least one 'log move' -- a logged activity the model could not explain at all (a genuine deviation). Informational only: unlike the old token-based replay, the reconstructed marking is always legally reachable, so this does not by itself put the case at risk of an unrecoverable loop."
20191006145,"alignment-based replay of the historical prefix needed at least one 'log move' -- a logged activity the model could not explain at all (a genuine deviation). Informational only: unlike the old token-based replay, the reconstructed marking is always legally reachable, so this does not by itself put the case at risk of an unrecoverable loop."
20191006207,"alignment-based replay of the historical prefix needed at least one 'log move' -- a logged activity the model could not explain at all (a genuine deviation). Informational only: unlike the old token-based replay, the reconstructed marking is always legally reachable, so this does not by itself put the case at risk of an unrecoverable loop."
20191006292,"alignment-based replay of the historical prefix needed at least one 'log move' -- a logged activity the model could not explain at all (a genuine deviation). Informational only: unlike the old token-based replay, the reconstructed marking is always legally reachable, so this does not by itself put the case at risk of an unrecoverable loop."
20191006301,"alignment-based replay of the historical prefix needed at least one 'log move' -- a logged activity the model could not explain at all (a genuine deviation). Informational only: unlike the old token-based replay, the reconstructed marking is always legally reachable, so this does not by itself put the case at risk of an unrecoverable loop."
20191006382,"alignment-based replay of the historical prefix needed at least one 'log move' -- a logged activity the model could not explain at all (a genuine deviation). Informational only: unlike the old token-based replay, the reconstructed marking is always legally reachable, so this does not by itself put the case at risk of an unrecoverable loop."
20191006394,"alignment-based replay of the historical prefix needed at least one 'log move' -- a logged activity the model could not explain at all (a genuine deviation). Informational only: unlike the old token-based replay, the reconstructed marking is always legally reachable, so this does not by itself put the case at risk of an unrecoverable loop."
20191006502,"alignment-based replay of the historical prefix needed at least one 'log move' -- a logged activity the model could not explain at all (a genuine deviation). Informational only: unlike the old token-based replay, the reconstructed marking is always legally reachable, so this does not by itself put the case at risk of an unrecoverable loop."
20191006784,"alignment-based replay of the historical prefix needed at least one 'log move' -- a logged activity the model could not explain at all (a genuine deviation). Informational only: unlike the old token-based replay, the reconstructed marking is always legally reachable, so this does not by itself put the case at risk of an unrecoverable loop."
20191006789,"alignment-based replay of the historical prefix needed at least one 'log move' -- a logged activity the model could not explain at all (a genuine deviation). Informational only: unlike the old token-based replay, the reconstructed marking is always legally reachable, so this does not by itself put the case at risk of an unrecoverable loop."
20191006886,"alignment-based replay of the historical prefix needed at least one 'log move' -- a logged activity the model could not explain at all (a genuine deviation). Informational only: unlike the old token-based replay, the reconstructed marking is always legally reachable, so this does not by itself put the case at risk of an unrecoverable loop."
20191006920,"alignment-based replay of the historical prefix needed at least one 'log move' -- a logged activity the model could not explain at all (a genuine deviation). Informational only: unlike the old token-based replay, the reconstructed marking is always legally reachable, so this does not by itself put the case at risk of an unrecoverable loop."
20191007056,"alignment-based replay of the historical prefix needed at least one 'log move' -- a logged activity the model could not explain at all (a genuine deviation). Informational only: unlike the old token-based replay, the reconstructed marking is always legally reachable, so this does not by itself put the case at risk of an unrecoverable loop."
20191007291,"alignment-based replay of the historical prefix needed at least one 'log move' -- a logged activity the model could not explain at all (a genuine deviation). Informational only: unlike the old token-based replay, the reconstructed marking is always legally reachable, so this does not by itself put the case at risk of an unrecoverable loop."
20191007344,"alignment-based replay of the historical prefix needed at least one 'log move' -- a logged activity the model could not explain at all (a genuine deviation). Informational only: unlike the old token-based replay, the reconstructed marking is always legally reachable, so this does not by itself put the case at risk of an unrecoverable loop."
20191007866,"alignment-based replay of the historical prefix needed at least one 'log move' -- a logged activity the model could not explain at all (a genuine deviation). Informational only: unlike the old token-based replay, the reconstructed marking is always legally reachable, so this does not by itself put the case at risk of an unrecoverable loop."
20191007948,"alignment-based replay of the historical prefix needed at least one 'log move' -- a logged activity the model could not explain at all (a genuine deviation). Informational only: unlike the old token-based replay, the reconstructed marking is always legally reachable, so this does not by itself put the case at risk of an unrecoverable loop."
20191007970,"alignment-based replay of the historical prefix needed at least one 'log move' -- a logged activity the model could not explain at all (a genuine deviation). Informational only: unlike the old token-based replay, the reconstructed marking is always legally reachable, so this does not by itself put the case at risk of an unrecoverable loop."
20191008019,"alignment-based replay of the historical prefix needed at least one 'log move' -- a logged activity the model could not explain at all (a genuine deviation). Informational only: unlike the old token-based replay, the reconstructed marking is always legally reachable, so this does not by itself put the case at risk of an unrecoverable loop."
20191008041,"alignment-based replay of the historical prefix needed at least one 'log move' -- a logged activity the model could not explain at all (a genuine deviation). Informational only: unlike the old token-based replay, the reconstructed marking is always legally reachable, so this does not by itself put the case at risk of an unrecoverable loop."
20191008071,"alignment-based replay of the historical prefix needed at least one 'log move' -- a logged activity the model could not explain at all (a genuine deviation). Informational only: unlike the old token-based replay, the reconstructed marking is always legally reachable, so this does not by itself put the case at risk of an unrecoverable loop."
20191008074,"alignment-based replay of the historical prefix needed at least one 'log move' -- a logged activity the model could not explain at all (a genuine deviation). Informational only: unlike the old token-based replay, the reconstructed marking is always legally reachable, so this does not by itself put the case at risk of an unrecoverable loop."
20191008079,"alignment-based replay of the historical prefix needed at least one 'log move' -- a logged activity the model could not explain at all (a genuine deviation). Informational only: unlike the old token-based replay, the reconstructed marking is always legally reachable, so this does not by itself put the case at risk of an unrecoverable loop."
20191008283,"alignment-based replay of the historical prefix needed at least one 'log move' -- a logged activity the model could not explain at all (a genuine deviation). Informational only: unlike the old token-based replay, the reconstructed marking is always legally reachable, so this does not by itself put the case at risk of an unrecoverable loop."
20191008323,"alignment-based replay of the historical prefix needed at least one 'log move' -- a logged activity the model could not explain at all (a genuine deviation). Informational only: unlike the old token-based replay, the reconstructed marking is always legally reachable, so this does not by itself put the case at risk of an unrecoverable loop."
20191008359,"alignment-based replay of the historical prefix needed at least one 'log move' -- a logged activity the model could not explain at all (a genuine deviation). Informational only: unlike the old token-based replay, the reconstructed marking is always legally reachable, so this does not by itself put the case at risk of an unrecoverable loop."
20191008378,"alignment-based replay of the historical prefix needed at least one 'log move' -- a logged activity the model could not explain at all (a genuine deviation). Informational only: unlike the old token-based replay, the reconstructed marking is always legally reachable, so this does not by itself put the case at risk of an unrecoverable loop."
20191008442,"alignment-based replay of the historical prefix needed at least one 'log move' -- a logged activity the model could not explain at all (a genuine deviation). Informational only: unlike the old token-based replay, the reconstructed marking is always legally reachable, so this does not by itself put the case at risk of an unrecoverable loop."
20191008454,"alignment-based replay of the historical prefix needed at least one 'log move' -- a logged activity the model could not explain at all (a genuine deviation). Informational only: unlike the old token-based replay, the reconstructed marking is always legally reachable, so this does not by itself put the case at risk of an unrecoverable loop."
20191008473,"alignment-based replay of the historical prefix needed at least one 'log move' -- a logged activity the model could not explain at all (a genuine deviation). Informational only: unlike the old token-based replay, the reconstructed marking is always legally reachable, so this does not by itself put the case at risk of an unrecoverable loop."
20191008564,"alignment-based replay of the historical prefix needed at least one 'log move' -- a logged activity the model could not explain at all (a genuine deviation). Informational only: unlike the old token-based replay, the reconstructed marking is always legally reachable, so this does not by itself put the case at risk of an unrecoverable loop."
20191008668,"alignment-based replay of the historical prefix needed at least one 'log move' -- a logged activity the model could not explain at all (a genuine deviation). Informational only: unlike the old token-based replay, the reconstructed marking is always legally reachable, so this does not by itself put the case at risk of an unrecoverable loop."
20191008797,"alignment-based replay of the historical prefix needed at least one 'log move' -- a logged activity the model could not explain at all (a genuine deviation). Informational only: unlike the old token-based replay, the reconstructed marking is always legally reachable, so this does not by itself put the case at risk of an unrecoverable loop."
20191008816,"alignment-based replay of the historical prefix needed at least one 'log move' -- a logged activity the model could not explain at all (a genuine deviation). Informational only: unlike the old token-based replay, the reconstructed marking is always legally reachable, so this does not by itself put the case at risk of an unrecoverable loop."
20191008827,"alignment-based replay of the historical prefix needed at least one 'log move' -- a logged activity the model could not explain at all (a genuine deviation). Informational only: unlike the old token-based replay, the reconstructed marking is always legally reachable, so this does not by itself put the case at risk of an unrecoverable loop."
20191008932,"alignment-based replay of the historical prefix needed at least one 'log move' -- a logged activity the model could not explain at all (a genuine deviation). Informational only: unlike the old token-based replay, the reconstructed marking is always legally reachable, so this does not by itself put the case at risk of an unrecoverable loop."
20191008983,"alignment-based replay of the historical prefix needed at least one 'log move' -- a logged activity the model could not explain at all (a genuine deviation). Informational only: unlike the old token-based replay, the reconstructed marking is always legally reachable, so this does not by itself put the case at risk of an unrecoverable loop."
20191008985,"alignment-based replay of the historical prefix needed at least one 'log move' -- a logged activity the model could not explain at all (a genuine deviation). Informational only: unlike the old token-based replay, the reconstructed marking is always legally reachable, so this does not by itself put the case at risk of an unrecoverable loop."
20191008994,"alignment-based replay of the historical prefix needed at least one 'log move' -- a logged activity the model could not explain at all (a genuine deviation). Informational only: unlike the old token-based replay, the reconstructed marking is always legally reachable, so this does not by itself put the case at risk of an unrecoverable loop."
20191009081,"alignment-based replay of the historical prefix needed at least one 'log move' -- a logged activity the model could not explain at all (a genuine deviation). Informational only: unlike the old token-based replay, the reconstructed marking is always legally reachable, so this does not by itself put the case at risk of an unrecoverable loop."
20191009106,"alignment-based replay of the historical prefix needed at least one 'log move' -- a logged activity the model could not explain at all (a genuine deviation). Informational only: unlike the old token-based replay, the reconstructed marking is always legally reachable, so this does not by itself put the case at risk of an unrecoverable loop."
20191009120,"alignment-based replay of the historical prefix needed at least one 'log move' -- a logged activity the model could not explain at all (a genuine deviation). Informational only: unlike the old token-based replay, the reconstructed marking is always legally reachable, so this does not by itself put the case at risk of an unrecoverable loop."
20191009140,"alignment-based replay of the historical prefix needed at least one 'log move' -- a logged activity the model could not explain at all (a genuine deviation). Informational only: unlike the old token-based replay, the reconstructed marking is always legally reachable, so this does not by itself put the case at risk of an unrecoverable loop."
20191009168,"alignment-based replay of the historical prefix needed at least one 'log move' -- a logged activity the model could not explain at all (a genuine deviation). Informational only: unlike the old token-based replay, the reconstructed marking is always legally reachable, so this does not by itself put the case at risk of an unrecoverable loop."
20191009239,"alignment-based replay of the historical prefix needed at least one 'log move' -- a logged activity the model could not explain at all (a genuine deviation). Informational only: unlike the old token-based replay, the reconstructed marking is always legally reachable, so this does not by itself put the case at risk of an unrecoverable loop."
20191009284,"alignment-based replay of the historical prefix needed at least one 'log move' -- a logged activity the model could not explain at all (a genuine deviation). Informational only: unlike the old token-based replay, the reconstructed marking is always legally reachable, so this does not by itself put the case at risk of an unrecoverable loop."
20191009391,"alignment-based replay of the historical prefix needed at least one 'log move' -- a logged activity the model could not explain at all (a genuine deviation). Informational only: unlike the old token-based replay, the reconstructed marking is always legally reachable, so this does not by itself put the case at risk of an unrecoverable loop."
20191009426,"alignment-based replay of the historical prefix needed at least one 'log move' -- a logged activity the model could not explain at all (a genuine deviation). Informational only: unlike the old token-based replay, the reconstructed marking is always legally reachable, so this does not by itself put the case at risk of an unrecoverable loop."
20191009442,"alignment-based replay of the historical prefix needed at least one 'log move' -- a logged activity the model could not explain at all (a genuine deviation). Informational only: unlike the old token-based replay, the reconstructed marking is always legally reachable, so this does not by itself put the case at risk of an unrecoverable loop."
20191009496,"alignment-based replay of the historical prefix needed at least one 'log move' -- a logged activity the model could not explain at all (a genuine deviation). Informational only: unlike the old token-based replay, the reconstructed marking is always legally reachable, so this does not by itself put the case at risk of an unrecoverable loop."
20191009524,"alignment-based replay of the historical prefix needed at least one 'log move' -- a logged activity the model could not explain at all (a genuine deviation). Informational only: unlike the old token-based replay, the reconstructed marking is always legally reachable, so this does not by itself put the case at risk of an unrecoverable loop."
20191009581,"alignment-based replay of the historical prefix needed at least one 'log move' -- a logged activity the model could not explain at all (a genuine deviation). Informational only: unlike the old token-based replay, the reconstructed marking is always legally reachable, so this does not by itself put the case at risk of an unrecoverable loop."
20191009592,"alignment-based replay of the historical prefix needed at least one 'log move' -- a logged activity the model could not explain at all (a genuine deviation). Informational only: unlike the old token-based replay, the reconstructed marking is always legally reachable, so this does not by itself put the case at risk of an unrecoverable loop."
20191009616,"alignment-based replay of the historical prefix needed at least one 'log move' -- a logged activity the model could not explain at all (a genuine deviation). Informational only: unlike the old token-based replay, the reconstructed marking is always legally reachable, so this does not by itself put the case at risk of an unrecoverable loop."
20191009713,"alignment-based replay of the historical prefix needed at least one 'log move' -- a logged activity the model could not explain at all (a genuine deviation). Informational only: unlike the old token-based replay, the reconstructed marking is always legally reachable, so this does not by itself put the case at risk of an unrecoverable loop."
20191009721,"alignment-based replay of the historical prefix needed at least one 'log move' -- a logged activity the model could not explain at all (a genuine deviation). Informational only: unlike the old token-based replay, the reconstructed marking is always legally reachable, so this does not by itself put the case at risk of an unrecoverable loop."
20191009788,"alignment-based replay of the historical prefix needed at least one 'log move' -- a logged activity the model could not explain at all (a genuine deviation). Informational only: unlike the old token-based replay, the reconstructed marking is always legally reachable, so this does not by itself put the case at risk of an unrecoverable loop."
20191009797,"alignment-based replay of the historical prefix needed at least one 'log move' -- a logged activity the model could not explain at all (a genuine deviation). Informational only: unlike the old token-based replay, the reconstructed marking is always legally reachable, so this does not by itself put the case at risk of an unrecoverable loop."
20191009817,"alignment-based replay of the historical prefix needed at least one 'log move' -- a logged activity the model could not explain at all (a genuine deviation). Informational only: unlike the old token-based replay, the reconstructed marking is always legally reachable, so this does not by itself put the case at risk of an unrecoverable loop."
20191009819,"alignment-based replay of the historical prefix needed at least one 'log move' -- a logged activity the model could not explain at all (a genuine deviation). Informational only: unlike the old token-based replay, the reconstructed marking is always legally reachable, so this does not by itself put the case at risk of an unrecoverable loop."
20191009830,"alignment-based replay of the historical prefix needed at least one 'log move' -- a logged activity the model could not explain at all (a genuine deviation). Informational only: unlike the old token-based replay, the reconstructed marking is always legally reachable, so this does not by itself put the case at risk of an unrecoverable loop."
20191009831,"alignment-based replay of the historical prefix needed at least one 'log move' -- a logged activity the model could not explain at all (a genuine deviation). Informational only: unlike the old token-based replay, the reconstructed marking is always legally reachable, so this does not by itself put the case at risk of an unrecoverable loop."
20191009836,"alignment-based replay of the historical prefix needed at least one 'log move' -- a logged activity the model could not explain at all (a genuine deviation). Informational only: unlike the old token-based replay, the reconstructed marking is always legally reachable, so this does not by itself put the case at risk of an unrecoverable loop."
20191009868,"alignment-based replay of the historical prefix needed at least one 'log move' -- a logged activity the model could not explain at all (a genuine deviation). Informational only: unlike the old token-based replay, the reconstructed marking is always legally reachable, so this does not by itself put the case at risk of an unrecoverable loop."
20191009939,"alignment-based replay of the historical prefix needed at least one 'log move' -- a logged activity the model could not explain at all (a genuine deviation). Informational only: unlike the old token-based replay, the reconstructed marking is always legally reachable, so this does not by itself put the case at risk of an unrecoverable loop."
20191009979,"alignment-based replay of the historical prefix needed at least one 'log move' -- a logged activity the model could not explain at all (a genuine deviation). Informational only: unlike the old token-based replay, the reconstructed marking is always legally reachable, so this does not by itself put the case at risk of an unrecoverable loop."
20191009982,"alignment-based replay of the historical prefix needed at least one 'log move' -- a logged activity the model could not explain at all (a genuine deviation). Informational only: unlike the old token-based replay, the reconstructed marking is always legally reachable, so this does not by itself put the case at risk of an unrecoverable loop."
20191010030,"alignment-based replay of the historical prefix needed at least one 'log move' -- a logged activity the model could not explain at all (a genuine deviation). Informational only: unlike the old token-based replay, the reconstructed marking is always legally reachable, so this does not by itself put the case at risk of an unrecoverable loop."
20191010039,"alignment-based replay of the historical prefix needed at least one 'log move' -- a logged activity the model could not explain at all (a genuine deviation). Informational only: unlike the old token-based replay, the reconstructed marking is always legally reachable, so this does not by itself put the case at risk of an unrecoverable loop."
20191010046,"alignment-based replay of the historical prefix needed at least one 'log move' -- a logged activity the model could not explain at all (a genuine deviation). Informational only: unlike the old token-based replay, the reconstructed marking is always legally reachable, so this does not by itself put the case at risk of an unrecoverable loop."
20191010048,"alignment-based replay of the historical prefix needed at least one 'log move' -- a logged activity the model could not explain at all (a genuine deviation). Informational only: unlike the old token-based replay, the reconstructed marking is always legally reachable, so this does not by itself put the case at risk of an unrecoverable loop."
20191010053,"alignment-based replay of the historical prefix needed at least one 'log move' -- a logged activity the model could not explain at all (a genuine deviation). Informational only: unlike the old token-based replay, the reconstructed marking is always legally reachable, so this does not by itself put the case at risk of an unrecoverable loop."
20191010054,"alignment-based replay of the historical prefix needed at least one 'log move' -- a logged activity the model could not explain at all (a genuine deviation). Informational only: unlike the old token-based replay, the reconstructed marking is always legally reachable, so this does not by itself put the case at risk of an unrecoverable loop."
20191010059,"alignment-based replay of the historical prefix needed at least one 'log move' -- a logged activity the model could not explain at all (a genuine deviation). Informational only: unlike the old token-based replay, the reconstructed marking is always legally reachable, so this does not by itself put the case at risk of an unrecoverable loop."
20191010079,"alignment-based replay of the historical prefix needed at least one 'log move' -- a logged activity the model could not explain at all (a genuine deviation). Informational only: unlike the old token-based replay, the reconstructed marking is always legally reachable, so this does not by itself put the case at risk of an unrecoverable loop."
20191010124,"alignment-based replay of the historical prefix needed at least one 'log move' -- a logged activity the model could not explain at all (a genuine deviation). Informational only: unlike the old token-based replay, the reconstructed marking is always legally reachable, so this does not by itself put the case at risk of an unrecoverable loop."
20191010155,"alignment-based replay of the historical prefix needed at least one 'log move' -- a logged activity the model could not explain at all (a genuine deviation). Informational only: unlike the old token-based replay, the reconstructed marking is always legally reachable, so this does not by itself put the case at risk of an unrecoverable loop."
20191010206,"alignment-based replay of the historical prefix needed at least one 'log move' -- a logged activity the model could not explain at all (a genuine deviation). Informational only: unlike the old token-based replay, the reconstructed marking is always legally reachable, so this does not by itself put the case at risk of an unrecoverable loop."
20191010271,"alignment-based replay of the historical prefix needed at least one 'log move' -- a logged activity the model could not explain at all (a genuine deviation). Informational only: unlike the old token-based replay, the reconstructed marking is always legally reachable, so this does not by itself put the case at risk of an unrecoverable loop."
20191010278,"alignment-based replay of the historical prefix needed at least one 'log move' -- a logged activity the model could not explain at all (a genuine deviation). Informational only: unlike the old token-based replay, the reconstructed marking is always legally reachable, so this does not by itself put the case at risk of an unrecoverable loop."
20191010279,"alignment-based replay of the historical prefix needed at least one 'log move' -- a logged activity the model could not explain at all (a genuine deviation). Informational only: unlike the old token-based replay, the reconstructed marking is always legally reachable, so this does not by itself put the case at risk of an unrecoverable loop."
20191010292,"alignment-based replay of the historical prefix needed at least one 'log move' -- a logged activity the model could not explain at all (a genuine deviation). Informational only: unlike the old token-based replay, the reconstructed marking is always legally reachable, so this does not by itself put the case at risk of an unrecoverable loop."
20191010296,"alignment-based replay of the historical prefix needed at least one 'log move' -- a logged activity the model could not explain at all (a genuine deviation). Informational only: unlike the old token-based replay, the reconstructed marking is always legally reachable, so this does not by itself put the case at risk of an unrecoverable loop."
20191010305,"alignment-based replay of the historical prefix needed at least one 'log move' -- a logged activity the model could not explain at all (a genuine deviation). Informational only: unlike the old token-based replay, the reconstructed marking is always legally reachable, so this does not by itself put the case at risk of an unrecoverable loop."
20191010335,"alignment-based replay of the historical prefix needed at least one 'log move' -- a logged activity the model could not explain at all (a genuine deviation). Informational only: unlike the old token-based replay, the reconstructed marking is always legally reachable, so this does not by itself put the case at risk of an unrecoverable loop."
20191010367,"alignment-based replay of the historical prefix needed at least one 'log move' -- a logged activity the model could not explain at all (a genuine deviation). Informational only: unlike the old token-based replay, the reconstructed marking is always legally reachable, so this does not by itself put the case at risk of an unrecoverable loop."
20191010411,"alignment-based replay of the historical prefix needed at least one 'log move' -- a logged activity the model could not explain at all (a genuine deviation). Informational only: unlike the old token-based replay, the reconstructed marking is always legally reachable, so this does not by itself put the case at risk of an unrecoverable loop."
20191010414,"alignment-based replay of the historical prefix needed at least one 'log move' -- a logged activity the model could not explain at all (a genuine deviation). Informational only: unlike the old token-based replay, the reconstructed marking is always legally reachable, so this does not by itself put the case at risk of an unrecoverable loop."
20191010430,"alignment-based replay of the historical prefix needed at least one 'log move' -- a logged activity the model could not explain at all (a genuine deviation). Informational only: unlike the old token-based replay, the reconstructed marking is always legally reachable, so this does not by itself put the case at risk of an unrecoverable loop."
20191010484,"alignment-based replay of the historical prefix needed at least one 'log move' -- a logged activity the model could not explain at all (a genuine deviation). Informational only: unlike the old token-based replay, the reconstructed marking is always legally reachable, so this does not by itself put the case at risk of an unrecoverable loop."
20191010510,"alignment-based replay of the historical prefix needed at least one 'log move' -- a logged activity the model could not explain at all (a genuine deviation). Informational only: unlike the old token-based replay, the reconstructed marking is always legally reachable, so this does not by itself put the case at risk of an unrecoverable loop."
20191010514,"alignment-based replay of the historical prefix needed at least one 'log move' -- a logged activity the model could not explain at all (a genuine deviation). Informational only: unlike the old token-based replay, the reconstructed marking is always legally reachable, so this does not by itself put the case at risk of an unrecoverable loop."
20191010532,"alignment-based replay of the historical prefix needed at least one 'log move' -- a logged activity the model could not explain at all (a genuine deviation). Informational only: unlike the old token-based replay, the reconstructed marking is always legally reachable, so this does not by itself put the case at risk of an unrecoverable loop."
20191010555,"alignment-based replay of the historical prefix needed at least one 'log move' -- a logged activity the model could not explain at all (a genuine deviation). Informational only: unlike the old token-based replay, the reconstructed marking is always legally reachable, so this does not by itself put the case at risk of an unrecoverable loop."
20191010564,"alignment-based replay of the historical prefix needed at least one 'log move' -- a logged activity the model could not explain at all (a genuine deviation). Informational only: unlike the old token-based replay, the reconstructed marking is always legally reachable, so this does not by itself put the case at risk of an unrecoverable loop."
20191010565,"alignment-based replay of the historical prefix needed at least one 'log move' -- a logged activity the model could not explain at all (a genuine deviation). Informational only: unlike the old token-based replay, the reconstructed marking is always legally reachable, so this does not by itself put the case at risk of an unrecoverable loop."
20191010603,"alignment-based replay of the historical prefix needed at least one 'log move' -- a logged activity the model could not explain at all (a genuine deviation). Informational only: unlike the old token-based replay, the reconstructed marking is always legally reachable, so this does not by itself put the case at risk of an unrecoverable loop."
20191010609,"alignment-based replay of the historical prefix needed at least one 'log move' -- a logged activity the model could not explain at all (a genuine deviation). Informational only: unlike the old token-based replay, the reconstructed marking is always legally reachable, so this does not by itself put the case at risk of an unrecoverable loop."
20191010619,"alignment-based replay of the historical prefix needed at least one 'log move' -- a logged activity the model could not explain at all (a genuine deviation). Informational only: unlike the old token-based replay, the reconstructed marking is always legally reachable, so this does not by itself put the case at risk of an unrecoverable loop."
20191010620,"alignment-based replay of the historical prefix needed at least one 'log move' -- a logged activity the model could not explain at all (a genuine deviation). Informational only: unlike the old token-based replay, the reconstructed marking is always legally reachable, so this does not by itself put the case at risk of an unrecoverable loop."
20191010631,"alignment-based replay of the historical prefix needed at least one 'log move' -- a logged activity the model could not explain at all (a genuine deviation). Informational only: unlike the old token-based replay, the reconstructed marking is always legally reachable, so this does not by itself put the case at risk of an unrecoverable loop."
20191010647,"alignment-based replay of the historical prefix needed at least one 'log move' -- a logged activity the model could not explain at all (a genuine deviation). Informational only: unlike the old token-based replay, the reconstructed marking is always legally reachable, so this does not by itself put the case at risk of an unrecoverable loop."
20191010782,"alignment-based replay of the historical prefix needed at least one 'log move' -- a logged activity the model could not explain at all (a genuine deviation). Informational only: unlike the old token-based replay, the reconstructed marking is always legally reachable, so this does not by itself put the case at risk of an unrecoverable loop."
20191010820,"alignment-based replay of the historical prefix needed at least one 'log move' -- a logged activity the model could not explain at all (a genuine deviation). Informational only: unlike the old token-based replay, the reconstructed marking is always legally reachable, so this does not by itself put the case at risk of an unrecoverable loop."
20191010911,"alignment-based replay of the historical prefix needed at least one 'log move' -- a logged activity the model could not explain at all (a genuine deviation). Informational only: unlike the old token-based replay, the reconstructed marking is always legally reachable, so this does not by itself put the case at risk of an unrecoverable loop."
20191010988,"alignment-based replay of the historical prefix needed at least one 'log move' -- a logged activity the model could not explain at all (a genuine deviation). Informational only: unlike the old token-based replay, the reconstructed marking is always legally reachable, so this does not by itself put the case at risk of an unrecoverable loop."
20191011012,"alignment-based replay of the historical prefix needed at least one 'log move' -- a logged activity the model could not explain at all (a genuine deviation). Informational only: unlike the old token-based replay, the reconstructed marking is always legally reachable, so this does not by itself put the case at risk of an unrecoverable loop."
20191011019,"alignment-based replay of the historical prefix needed at least one 'log move' -- a logged activity the model could not explain at all (a genuine deviation). Informational only: unlike the old token-based replay, the reconstructed marking is always legally reachable, so this does not by itself put the case at risk of an unrecoverable loop."
20191011054,"alignment-based replay of the historical prefix needed at least one 'log move' -- a logged activity the model could not explain at all (a genuine deviation). Informational only: unlike the old token-based replay, the reconstructed marking is always legally reachable, so this does not by itself put the case at risk of an unrecoverable loop."
20191011057,"alignment-based replay of the historical prefix needed at least one 'log move' -- a logged activity the model could not explain at all (a genuine deviation). Informational only: unlike the old token-based replay, the reconstructed marking is always legally reachable, so this does not by itself put the case at risk of an unrecoverable loop."
20191011067,"alignment-based replay of the historical prefix needed at least one 'log move' -- a logged activity the model could not explain at all (a genuine deviation). Informational only: unlike the old token-based replay, the reconstructed marking is always legally reachable, so this does not by itself put the case at risk of an unrecoverable loop."
20191011069,"alignment-based replay of the historical prefix needed at least one 'log move' -- a logged activity the model could not explain at all (a genuine deviation). Informational only: unlike the old token-based replay, the reconstructed marking is always legally reachable, so this does not by itself put the case at risk of an unrecoverable loop."
20191011071,"alignment-based replay of the historical prefix needed at least one 'log move' -- a logged activity the model could not explain at all (a genuine deviation). Informational only: unlike the old token-based replay, the reconstructed marking is always legally reachable, so this does not by itself put the case at risk of an unrecoverable loop."
20191011098,"alignment-based replay of the historical prefix needed at least one 'log move' -- a logged activity the model could not explain at all (a genuine deviation). Informational only: unlike the old token-based replay, the reconstructed marking is always legally reachable, so this does not by itself put the case at risk of an unrecoverable loop."
20191011143,"alignment-based replay of the historical prefix needed at least one 'log move' -- a logged activity the model could not explain at all (a genuine deviation). Informational only: unlike the old token-based replay, the reconstructed marking is always legally reachable, so this does not by itself put the case at risk of an unrecoverable loop."
20191011177,"alignment-based replay of the historical prefix needed at least one 'log move' -- a logged activity the model could not explain at all (a genuine deviation). Informational only: unlike the old token-based replay, the reconstructed marking is always legally reachable, so this does not by itself put the case at risk of an unrecoverable loop."
20191011178,"alignment-based replay of the historical prefix needed at least one 'log move' -- a logged activity the model could not explain at all (a genuine deviation). Informational only: unlike the old token-based replay, the reconstructed marking is always legally reachable, so this does not by itself put the case at risk of an unrecoverable loop."
20191011232,"alignment-based replay of the historical prefix needed at least one 'log move' -- a logged activity the model could not explain at all (a genuine deviation). Informational only: unlike the old token-based replay, the reconstructed marking is always legally reachable, so this does not by itself put the case at risk of an unrecoverable loop."
20191011277,"alignment-based replay of the historical prefix needed at least one 'log move' -- a logged activity the model could not explain at all (a genuine deviation). Informational only: unlike the old token-based replay, the reconstructed marking is always legally reachable, so this does not by itself put the case at risk of an unrecoverable loop."
20191011319,"alignment-based replay of the historical prefix needed at least one 'log move' -- a logged activity the model could not explain at all (a genuine deviation). Informational only: unlike the old token-based replay, the reconstructed marking is always legally reachable, so this does not by itself put the case at risk of an unrecoverable loop."
20191011321,"alignment-based replay of the historical prefix needed at least one 'log move' -- a logged activity the model could not explain at all (a genuine deviation). Informational only: unlike the old token-based replay, the reconstructed marking is always legally reachable, so this does not by itself put the case at risk of an unrecoverable loop."
20191011399,"alignment-based replay of the historical prefix needed at least one 'log move' -- a logged activity the model could not explain at all (a genuine deviation). Informational only: unlike the old token-based replay, the reconstructed marking is always legally reachable, so this does not by itself put the case at risk of an unrecoverable loop."
20191011404,"alignment-based replay of the historical prefix needed at least one 'log move' -- a logged activity the model could not explain at all (a genuine deviation). Informational only: unlike the old token-based replay, the reconstructed marking is always legally reachable, so this does not by itself put the case at risk of an unrecoverable loop."
20191011408,"alignment-based replay of the historical prefix needed at least one 'log move' -- a logged activity the model could not explain at all (a genuine deviation). Informational only: unlike the old token-based replay, the reconstructed marking is always legally reachable, so this does not by itself put the case at risk of an unrecoverable loop."
20191011412,"alignment-based replay of the historical prefix needed at least one 'log move' -- a logged activity the model could not explain at all (a genuine deviation). Informational only: unlike the old token-based replay, the reconstructed marking is always legally reachable, so this does not by itself put the case at risk of an unrecoverable loop."
20191011413,"alignment-based replay of the historical prefix needed at least one 'log move' -- a logged activity the model could not explain at all (a genuine deviation). Informational only: unlike the old token-based replay, the reconstructed marking is always legally reachable, so this does not by itself put the case at risk of an unrecoverable loop."
20191011419,"alignment-based replay of the historical prefix needed at least one 'log move' -- a logged activity the model could not explain at all (a genuine deviation). Informational only: unlike the old token-based replay, the reconstructed marking is always legally reachable, so this does not by itself put the case at risk of an unrecoverable loop."
20191011424,"alignment-based replay of the historical prefix needed at least one 'log move' -- a logged activity the model could not explain at all (a genuine deviation). Informational only: unlike the old token-based replay, the reconstructed marking is always legally reachable, so this does not by itself put the case at risk of an unrecoverable loop."
20191011429,"alignment-based replay of the historical prefix needed at least one 'log move' -- a logged activity the model could not explain at all (a genuine deviation). Informational only: unlike the old token-based replay, the reconstructed marking is always legally reachable, so this does not by itself put the case at risk of an unrecoverable loop."
20191011434,"alignment-based replay of the historical prefix needed at least one 'log move' -- a logged activity the model could not explain at all (a genuine deviation). Informational only: unlike the old token-based replay, the reconstructed marking is always legally reachable, so this does not by itself put the case at risk of an unrecoverable loop."
20191011438,"alignment-based replay of the historical prefix needed at least one 'log move' -- a logged activity the model could not explain at all (a genuine deviation). Informational only: unlike the old token-based replay, the reconstructed marking is always legally reachable, so this does not by itself put the case at risk of an unrecoverable loop."
20191011452,"alignment-based replay of the historical prefix needed at least one 'log move' -- a logged activity the model could not explain at all (a genuine deviation). Informational only: unlike the old token-based replay, the reconstructed marking is always legally reachable, so this does not by itself put the case at risk of an unrecoverable loop."
20191011457,"alignment-based replay of the historical prefix needed at least one 'log move' -- a logged activity the model could not explain at all (a genuine deviation). Informational only: unlike the old token-based replay, the reconstructed marking is always legally reachable, so this does not by itself put the case at risk of an unrecoverable loop."
20191011492,"alignment-based replay of the historical prefix needed at least one 'log move' -- a logged activity the model could not explain at all (a genuine deviation). Informational only: unlike the old token-based replay, the reconstructed marking is always legally reachable, so this does not by itself put the case at risk of an unrecoverable loop."
20191011493,"alignment-based replay of the historical prefix needed at least one 'log move' -- a logged activity the model could not explain at all (a genuine deviation). Informational only: unlike the old token-based replay, the reconstructed marking is always legally reachable, so this does not by itself put the case at risk of an unrecoverable loop."
20191011512,"alignment-based replay of the historical prefix needed at least one 'log move' -- a logged activity the model could not explain at all (a genuine deviation). Informational only: unlike the old token-based replay, the reconstructed marking is always legally reachable, so this does not by itself put the case at risk of an unrecoverable loop."
20191011514,"alignment-based replay of the historical prefix needed at least one 'log move' -- a logged activity the model could not explain at all (a genuine deviation). Informational only: unlike the old token-based replay, the reconstructed marking is always legally reachable, so this does not by itself put the case at risk of an unrecoverable loop."
20191011539,"alignment-based replay of the historical prefix needed at least one 'log move' -- a logged activity the model could not explain at all (a genuine deviation). Informational only: unlike the old token-based replay, the reconstructed marking is always legally reachable, so this does not by itself put the case at risk of an unrecoverable loop."
20191011553,"alignment-based replay of the historical prefix needed at least one 'log move' -- a logged activity the model could not explain at all (a genuine deviation). Informational only: unlike the old token-based replay, the reconstructed marking is always legally reachable, so this does not by itself put the case at risk of an unrecoverable loop."
20191011556,"alignment-based replay of the historical prefix needed at least one 'log move' -- a logged activity the model could not explain at all (a genuine deviation). Informational only: unlike the old token-based replay, the reconstructed marking is always legally reachable, so this does not by itself put the case at risk of an unrecoverable loop."
20191011566,"alignment-based replay of the historical prefix needed at least one 'log move' -- a logged activity the model could not explain at all (a genuine deviation). Informational only: unlike the old token-based replay, the reconstructed marking is always legally reachable, so this does not by itself put the case at risk of an unrecoverable loop."
20191011592,"alignment-based replay of the historical prefix needed at least one 'log move' -- a logged activity the model could not explain at all (a genuine deviation). Informational only: unlike the old token-based replay, the reconstructed marking is always legally reachable, so this does not by itself put the case at risk of an unrecoverable loop."
20191011601,"alignment-based replay of the historical prefix needed at least one 'log move' -- a logged activity the model could not explain at all (a genuine deviation). Informational only: unlike the old token-based replay, the reconstructed marking is always legally reachable, so this does not by itself put the case at risk of an unrecoverable loop."
20191011604,"alignment-based replay of the historical prefix needed at least one 'log move' -- a logged activity the model could not explain at all (a genuine deviation). Informational only: unlike the old token-based replay, the reconstructed marking is always legally reachable, so this does not by itself put the case at risk of an unrecoverable loop."
20191011616,"alignment-based replay of the historical prefix needed at least one 'log move' -- a logged activity the model could not explain at all (a genuine deviation). Informational only: unlike the old token-based replay, the reconstructed marking is always legally reachable, so this does not by itself put the case at risk of an unrecoverable loop."
20191011624,"alignment-based replay of the historical prefix needed at least one 'log move' -- a logged activity the model could not explain at all (a genuine deviation). Informational only: unlike the old token-based replay, the reconstructed marking is always legally reachable, so this does not by itself put the case at risk of an unrecoverable loop."
20191011638,"alignment-based replay of the historical prefix needed at least one 'log move' -- a logged activity the model could not explain at all (a genuine deviation). Informational only: unlike the old token-based replay, the reconstructed marking is always legally reachable, so this does not by itself put the case at risk of an unrecoverable loop."
20191011665,"alignment-based replay of the historical prefix needed at least one 'log move' -- a logged activity the model could not explain at all (a genuine deviation). Informational only: unlike the old token-based replay, the reconstructed marking is always legally reachable, so this does not by itself put the case at risk of an unrecoverable loop."
20191011677,"alignment-based replay of the historical prefix needed at least one 'log move' -- a logged activity the model could not explain at all (a genuine deviation). Informational only: unlike the old token-based replay, the reconstructed marking is always legally reachable, so this does not by itself put the case at risk of an unrecoverable loop."
20191011684,"alignment-based replay of the historical prefix needed at least one 'log move' -- a logged activity the model could not explain at all (a genuine deviation). Informational only: unlike the old token-based replay, the reconstructed marking is always legally reachable, so this does not by itself put the case at risk of an unrecoverable loop."
20191011688,"alignment-based replay of the historical prefix needed at least one 'log move' -- a logged activity the model could not explain at all (a genuine deviation). Informational only: unlike the old token-based replay, the reconstructed marking is always legally reachable, so this does not by itself put the case at risk of an unrecoverable loop."
20191011718,"alignment-based replay of the historical prefix needed at least one 'log move' -- a logged activity the model could not explain at all (a genuine deviation). Informational only: unlike the old token-based replay, the reconstructed marking is always legally reachable, so this does not by itself put the case at risk of an unrecoverable loop."
20191011739,"alignment-based replay of the historical prefix needed at least one 'log move' -- a logged activity the model could not explain at all (a genuine deviation). Informational only: unlike the old token-based replay, the reconstructed marking is always legally reachable, so this does not by itself put the case at risk of an unrecoverable loop."
20191011775,"alignment-based replay of the historical prefix needed at least one 'log move' -- a logged activity the model could not explain at all (a genuine deviation). Informational only: unlike the old token-based replay, the reconstructed marking is always legally reachable, so this does not by itself put the case at risk of an unrecoverable loop."
20191011789,"alignment-based replay of the historical prefix needed at least one 'log move' -- a logged activity the model could not explain at all (a genuine deviation). Informational only: unlike the old token-based replay, the reconstructed marking is always legally reachable, so this does not by itself put the case at risk of an unrecoverable loop."
20191011790,"alignment-based replay of the historical prefix needed at least one 'log move' -- a logged activity the model could not explain at all (a genuine deviation). Informational only: unlike the old token-based replay, the reconstructed marking is always legally reachable, so this does not by itself put the case at risk of an unrecoverable loop."
20191011802,"alignment-based replay of the historical prefix needed at least one 'log move' -- a logged activity the model could not explain at all (a genuine deviation). Informational only: unlike the old token-based replay, the reconstructed marking is always legally reachable, so this does not by itself put the case at risk of an unrecoverable loop."
20191011828,"alignment-based replay of the historical prefix needed at least one 'log move' -- a logged activity the model could not explain at all (a genuine deviation). Informational only: unlike the old token-based replay, the reconstructed marking is always legally reachable, so this does not by itself put the case at risk of an unrecoverable loop."
20191011838,"alignment-based replay of the historical prefix needed at least one 'log move' -- a logged activity the model could not explain at all (a genuine deviation). Informational only: unlike the old token-based replay, the reconstructed marking is always legally reachable, so this does not by itself put the case at risk of an unrecoverable loop."
20191011856,"alignment-based replay of the historical prefix needed at least one 'log move' -- a logged activity the model could not explain at all (a genuine deviation). Informational only: unlike the old token-based replay, the reconstructed marking is always legally reachable, so this does not by itself put the case at risk of an unrecoverable loop."
20191011864,"alignment-based replay of the historical prefix needed at least one 'log move' -- a logged activity the model could not explain at all (a genuine deviation). Informational only: unlike the old token-based replay, the reconstructed marking is always legally reachable, so this does not by itself put the case at risk of an unrecoverable loop."
20191011869,"alignment-based replay of the historical prefix needed at least one 'log move' -- a logged activity the model could not explain at all (a genuine deviation). Informational only: unlike the old token-based replay, the reconstructed marking is always legally reachable, so this does not by itself put the case at risk of an unrecoverable loop."
20191011870,"alignment-based replay of the historical prefix needed at least one 'log move' -- a logged activity the model could not explain at all (a genuine deviation). Informational only: unlike the old token-based replay, the reconstructed marking is always legally reachable, so this does not by itself put the case at risk of an unrecoverable loop."
20191011890,"alignment-based replay of the historical prefix needed at least one 'log move' -- a logged activity the model could not explain at all (a genuine deviation). Informational only: unlike the old token-based replay, the reconstructed marking is always legally reachable, so this does not by itself put the case at risk of an unrecoverable loop."
20191011939,"alignment-based replay of the historical prefix needed at least one 'log move' -- a logged activity the model could not explain at all (a genuine deviation). Informational only: unlike the old token-based replay, the reconstructed marking is always legally reachable, so this does not by itself put the case at risk of an unrecoverable loop."
20191011948,"alignment-based replay of the historical prefix needed at least one 'log move' -- a logged activity the model could not explain at all (a genuine deviation). Informational only: unlike the old token-based replay, the reconstructed marking is always legally reachable, so this does not by itself put the case at risk of an unrecoverable loop."
20191011976,"alignment-based replay of the historical prefix needed at least one 'log move' -- a logged activity the model could not explain at all (a genuine deviation). Informational only: unlike the old token-based replay, the reconstructed marking is always legally reachable, so this does not by itself put the case at risk of an unrecoverable loop."
20191011984,"alignment-based replay of the historical prefix needed at least one 'log move' -- a logged activity the model could not explain at all (a genuine deviation). Informational only: unlike the old token-based replay, the reconstructed marking is always legally reachable, so this does not by itself put the case at risk of an unrecoverable loop."
20191011987,"alignment-based replay of the historical prefix needed at least one 'log move' -- a logged activity the model could not explain at all (a genuine deviation). Informational only: unlike the old token-based replay, the reconstructed marking is always legally reachable, so this does not by itself put the case at risk of an unrecoverable loop."
20191012013,"alignment-based replay of the historical prefix needed at least one 'log move' -- a logged activity the model could not explain at all (a genuine deviation). Informational only: unlike the old token-based replay, the reconstructed marking is always legally reachable, so this does not by itself put the case at risk of an unrecoverable loop."
20191012025,"alignment-based replay of the historical prefix needed at least one 'log move' -- a logged activity the model could not explain at all (a genuine deviation). Informational only: unlike the old token-based replay, the reconstructed marking is always legally reachable, so this does not by itself put the case at risk of an unrecoverable loop."
20191012037,"alignment-based replay of the historical prefix needed at least one 'log move' -- a logged activity the model could not explain at all (a genuine deviation). Informational only: unlike the old token-based replay, the reconstructed marking is always legally reachable, so this does not by itself put the case at risk of an unrecoverable loop."
20191012040,"alignment-based replay of the historical prefix needed at least one 'log move' -- a logged activity the model could not explain at all (a genuine deviation). Informational only: unlike the old token-based replay, the reconstructed marking is always legally reachable, so this does not by itself put the case at risk of an unrecoverable loop."
20191012049,"alignment-based replay of the historical prefix needed at least one 'log move' -- a logged activity the model could not explain at all (a genuine deviation). Informational only: unlike the old token-based replay, the reconstructed marking is always legally reachable, so this does not by itself put the case at risk of an unrecoverable loop."
20191012055,"alignment-based replay of the historical prefix needed at least one 'log move' -- a logged activity the model could not explain at all (a genuine deviation). Informational only: unlike the old token-based replay, the reconstructed marking is always legally reachable, so this does not by itself put the case at risk of an unrecoverable loop."
20191012073,"alignment-based replay of the historical prefix needed at least one 'log move' -- a logged activity the model could not explain at all (a genuine deviation). Informational only: unlike the old token-based replay, the reconstructed marking is always legally reachable, so this does not by itself put the case at risk of an unrecoverable loop."
20191012100,"alignment-based replay of the historical prefix needed at least one 'log move' -- a logged activity the model could not explain at all (a genuine deviation). Informational only: unlike the old token-based replay, the reconstructed marking is always legally reachable, so this does not by itself put the case at risk of an unrecoverable loop."
20191012107,"alignment-based replay of the historical prefix needed at least one 'log move' -- a logged activity the model could not explain at all (a genuine deviation). Informational only: unlike the old token-based replay, the reconstructed marking is always legally reachable, so this does not by itself put the case at risk of an unrecoverable loop."
20191012113,"alignment-based replay of the historical prefix needed at least one 'log move' -- a logged activity the model could not explain at all (a genuine deviation). Informational only: unlike the old token-based replay, the reconstructed marking is always legally reachable, so this does not by itself put the case at risk of an unrecoverable loop."
20191012116,"alignment-based replay of the historical prefix needed at least one 'log move' -- a logged activity the model could not explain at all (a genuine deviation). Informational only: unlike the old token-based replay, the reconstructed marking is always legally reachable, so this does not by itself put the case at risk of an unrecoverable loop."
20191012119,"alignment-based replay of the historical prefix needed at least one 'log move' -- a logged activity the model could not explain at all (a genuine deviation). Informational only: unlike the old token-based replay, the reconstructed marking is always legally reachable, so this does not by itself put the case at risk of an unrecoverable loop."
20191012125,"alignment-based replay of the historical prefix needed at least one 'log move' -- a logged activity the model could not explain at all (a genuine deviation). Informational only: unlike the old token-based replay, the reconstructed marking is always legally reachable, so this does not by itself put the case at risk of an unrecoverable loop."
20191012131,"alignment-based replay of the historical prefix needed at least one 'log move' -- a logged activity the model could not explain at all (a genuine deviation). Informational only: unlike the old token-based replay, the reconstructed marking is always legally reachable, so this does not by itself put the case at risk of an unrecoverable loop."
20191012136,"alignment-based replay of the historical prefix needed at least one 'log move' -- a logged activity the model could not explain at all (a genuine deviation). Informational only: unlike the old token-based replay, the reconstructed marking is always legally reachable, so this does not by itself put the case at risk of an unrecoverable loop."
20191012141,"alignment-based replay of the historical prefix needed at least one 'log move' -- a logged activity the model could not explain at all (a genuine deviation). Informational only: unlike the old token-based replay, the reconstructed marking is always legally reachable, so this does not by itself put the case at risk of an unrecoverable loop."
20191012152,"alignment-based replay of the historical prefix needed at least one 'log move' -- a logged activity the model could not explain at all (a genuine deviation). Informational only: unlike the old token-based replay, the reconstructed marking is always legally reachable, so this does not by itself put the case at risk of an unrecoverable loop."
20191012156,"alignment-based replay of the historical prefix needed at least one 'log move' -- a logged activity the model could not explain at all (a genuine deviation). Informational only: unlike the old token-based replay, the reconstructed marking is always legally reachable, so this does not by itself put the case at risk of an unrecoverable loop."
20191012168,"alignment-based replay of the historical prefix needed at least one 'log move' -- a logged activity the model could not explain at all (a genuine deviation). Informational only: unlike the old token-based replay, the reconstructed marking is always legally reachable, so this does not by itself put the case at risk of an unrecoverable loop."
20191012184,"alignment-based replay of the historical prefix needed at least one 'log move' -- a logged activity the model could not explain at all (a genuine deviation). Informational only: unlike the old token-based replay, the reconstructed marking is always legally reachable, so this does not by itself put the case at risk of an unrecoverable loop."
20191012195,"alignment-based replay of the historical prefix needed at least one 'log move' -- a logged activity the model could not explain at all (a genuine deviation). Informational only: unlike the old token-based replay, the reconstructed marking is always legally reachable, so this does not by itself put the case at risk of an unrecoverable loop."
20191012203,"alignment-based replay of the historical prefix needed at least one 'log move' -- a logged activity the model could not explain at all (a genuine deviation). Informational only: unlike the old token-based replay, the reconstructed marking is always legally reachable, so this does not by itself put the case at risk of an unrecoverable loop."
20191012221,"alignment-based replay of the historical prefix needed at least one 'log move' -- a logged activity the model could not explain at all (a genuine deviation). Informational only: unlike the old token-based replay, the reconstructed marking is always legally reachable, so this does not by itself put the case at risk of an unrecoverable loop."
20191012255,"alignment-based replay of the historical prefix needed at least one 'log move' -- a logged activity the model could not explain at all (a genuine deviation). Informational only: unlike the old token-based replay, the reconstructed marking is always legally reachable, so this does not by itself put the case at risk of an unrecoverable loop."
20191012263,"alignment-based replay of the historical prefix needed at least one 'log move' -- a logged activity the model could not explain at all (a genuine deviation). Informational only: unlike the old token-based replay, the reconstructed marking is always legally reachable, so this does not by itself put the case at risk of an unrecoverable loop."
20191012273,"alignment-based replay of the historical prefix needed at least one 'log move' -- a logged activity the model could not explain at all (a genuine deviation). Informational only: unlike the old token-based replay, the reconstructed marking is always legally reachable, so this does not by itself put the case at risk of an unrecoverable loop."
20191012381,"alignment-based replay of the historical prefix needed at least one 'log move' -- a logged activity the model could not explain at all (a genuine deviation). Informational only: unlike the old token-based replay, the reconstructed marking is always legally reachable, so this does not by itself put the case at risk of an unrecoverable loop."
20191012434,"alignment-based replay of the historical prefix needed at least one 'log move' -- a logged activity the model could not explain at all (a genuine deviation). Informational only: unlike the old token-based replay, the reconstructed marking is always legally reachable, so this does not by itself put the case at risk of an unrecoverable loop."
20191012475,"alignment-based replay of the historical prefix needed at least one 'log move' -- a logged activity the model could not explain at all (a genuine deviation). Informational only: unlike the old token-based replay, the reconstructed marking is always legally reachable, so this does not by itself put the case at risk of an unrecoverable loop."
20191012486,"alignment-based replay of the historical prefix needed at least one 'log move' -- a logged activity the model could not explain at all (a genuine deviation). Informational only: unlike the old token-based replay, the reconstructed marking is always legally reachable, so this does not by itself put the case at risk of an unrecoverable loop."
20191012487,"alignment-based replay of the historical prefix needed at least one 'log move' -- a logged activity the model could not explain at all (a genuine deviation). Informational only: unlike the old token-based replay, the reconstructed marking is always legally reachable, so this does not by itself put the case at risk of an unrecoverable loop."
20191012498,"alignment-based replay of the historical prefix needed at least one 'log move' -- a logged activity the model could not explain at all (a genuine deviation). Informational only: unlike the old token-based replay, the reconstructed marking is always legally reachable, so this does not by itself put the case at risk of an unrecoverable loop."
20191012547,"alignment-based replay of the historical prefix needed at least one 'log move' -- a logged activity the model could not explain at all (a genuine deviation). Informational only: unlike the old token-based replay, the reconstructed marking is always legally reachable, so this does not by itself put the case at risk of an unrecoverable loop."
20191012555,"alignment-based replay of the historical prefix needed at least one 'log move' -- a logged activity the model could not explain at all (a genuine deviation). Informational only: unlike the old token-based replay, the reconstructed marking is always legally reachable, so this does not by itself put the case at risk of an unrecoverable loop."
20191012560,"alignment-based replay of the historical prefix needed at least one 'log move' -- a logged activity the model could not explain at all (a genuine deviation). Informational only: unlike the old token-based replay, the reconstructed marking is always legally reachable, so this does not by itself put the case at risk of an unrecoverable loop."
20191012574,"alignment-based replay of the historical prefix needed at least one 'log move' -- a logged activity the model could not explain at all (a genuine deviation). Informational only: unlike the old token-based replay, the reconstructed marking is always legally reachable, so this does not by itself put the case at risk of an unrecoverable loop."
20191012590,"alignment-based replay of the historical prefix needed at least one 'log move' -- a logged activity the model could not explain at all (a genuine deviation). Informational only: unlike the old token-based replay, the reconstructed marking is always legally reachable, so this does not by itself put the case at risk of an unrecoverable loop."
20191012591,"alignment-based replay of the historical prefix needed at least one 'log move' -- a logged activity the model could not explain at all (a genuine deviation). Informational only: unlike the old token-based replay, the reconstructed marking is always legally reachable, so this does not by itself put the case at risk of an unrecoverable loop."
20191012602,"alignment-based replay of the historical prefix needed at least one 'log move' -- a logged activity the model could not explain at all (a genuine deviation). Informational only: unlike the old token-based replay, the reconstructed marking is always legally reachable, so this does not by itself put the case at risk of an unrecoverable loop."
20191012607,"alignment-based replay of the historical prefix needed at least one 'log move' -- a logged activity the model could not explain at all (a genuine deviation). Informational only: unlike the old token-based replay, the reconstructed marking is always legally reachable, so this does not by itself put the case at risk of an unrecoverable loop."
20191012618,"alignment-based replay of the historical prefix needed at least one 'log move' -- a logged activity the model could not explain at all (a genuine deviation). Informational only: unlike the old token-based replay, the reconstructed marking is always legally reachable, so this does not by itself put the case at risk of an unrecoverable loop."
20191012638,"alignment-based replay of the historical prefix needed at least one 'log move' -- a logged activity the model could not explain at all (a genuine deviation). Informational only: unlike the old token-based replay, the reconstructed marking is always legally reachable, so this does not by itself put the case at risk of an unrecoverable loop."
20191012677,"alignment-based replay of the historical prefix needed at least one 'log move' -- a logged activity the model could not explain at all (a genuine deviation). Informational only: unlike the old token-based replay, the reconstructed marking is always legally reachable, so this does not by itself put the case at risk of an unrecoverable loop."
20191012711,"alignment-based replay of the historical prefix needed at least one 'log move' -- a logged activity the model could not explain at all (a genuine deviation). Informational only: unlike the old token-based replay, the reconstructed marking is always legally reachable, so this does not by itself put the case at risk of an unrecoverable loop."
20191012739,"alignment-based replay of the historical prefix needed at least one 'log move' -- a logged activity the model could not explain at all (a genuine deviation). Informational only: unlike the old token-based replay, the reconstructed marking is always legally reachable, so this does not by itself put the case at risk of an unrecoverable loop."
20191012754,"alignment-based replay of the historical prefix needed at least one 'log move' -- a logged activity the model could not explain at all (a genuine deviation). Informational only: unlike the old token-based replay, the reconstructed marking is always legally reachable, so this does not by itself put the case at risk of an unrecoverable loop."
20191012758,"alignment-based replay of the historical prefix needed at least one 'log move' -- a logged activity the model could not explain at all (a genuine deviation). Informational only: unlike the old token-based replay, the reconstructed marking is always legally reachable, so this does not by itself put the case at risk of an unrecoverable loop."
20191012759,"alignment-based replay of the historical prefix needed at least one 'log move' -- a logged activity the model could not explain at all (a genuine deviation). Informational only: unlike the old token-based replay, the reconstructed marking is always legally reachable, so this does not by itself put the case at risk of an unrecoverable loop."
20191012771,"alignment-based replay of the historical prefix needed at least one 'log move' -- a logged activity the model could not explain at all (a genuine deviation). Informational only: unlike the old token-based replay, the reconstructed marking is always legally reachable, so this does not by itself put the case at risk of an unrecoverable loop."
20191012782,"alignment-based replay of the historical prefix needed at least one 'log move' -- a logged activity the model could not explain at all (a genuine deviation). Informational only: unlike the old token-based replay, the reconstructed marking is always legally reachable, so this does not by itself put the case at risk of an unrecoverable loop."
20191012790,"alignment-based replay of the historical prefix needed at least one 'log move' -- a logged activity the model could not explain at all (a genuine deviation). Informational only: unlike the old token-based replay, the reconstructed marking is always legally reachable, so this does not by itself put the case at risk of an unrecoverable loop."
20191012796,"alignment-based replay of the historical prefix needed at least one 'log move' -- a logged activity the model could not explain at all (a genuine deviation). Informational only: unlike the old token-based replay, the reconstructed marking is always legally reachable, so this does not by itself put the case at risk of an unrecoverable loop."
20191012812,"alignment-based replay of the historical prefix needed at least one 'log move' -- a logged activity the model could not explain at all (a genuine deviation). Informational only: unlike the old token-based replay, the reconstructed marking is always legally reachable, so this does not by itself put the case at risk of an unrecoverable loop."
20191012817,"alignment-based replay of the historical prefix needed at least one 'log move' -- a logged activity the model could not explain at all (a genuine deviation). Informational only: unlike the old token-based replay, the reconstructed marking is always legally reachable, so this does not by itself put the case at risk of an unrecoverable loop."
20191012853,"alignment-based replay of the historical prefix needed at least one 'log move' -- a logged activity the model could not explain at all (a genuine deviation). Informational only: unlike the old token-based replay, the reconstructed marking is always legally reachable, so this does not by itself put the case at risk of an unrecoverable loop."
20191012864,"alignment-based replay of the historical prefix needed at least one 'log move' -- a logged activity the model could not explain at all (a genuine deviation). Informational only: unlike the old token-based replay, the reconstructed marking is always legally reachable, so this does not by itself put the case at risk of an unrecoverable loop."
20191012883,"alignment-based replay of the historical prefix needed at least one 'log move' -- a logged activity the model could not explain at all (a genuine deviation). Informational only: unlike the old token-based replay, the reconstructed marking is always legally reachable, so this does not by itself put the case at risk of an unrecoverable loop."
20191012894,"alignment-based replay of the historical prefix needed at least one 'log move' -- a logged activity the model could not explain at all (a genuine deviation). Informational only: unlike the old token-based replay, the reconstructed marking is always legally reachable, so this does not by itself put the case at risk of an unrecoverable loop."
20191012896,"alignment-based replay of the historical prefix needed at least one 'log move' -- a logged activity the model could not explain at all (a genuine deviation). Informational only: unlike the old token-based replay, the reconstructed marking is always legally reachable, so this does not by itself put the case at risk of an unrecoverable loop."
20191012918,"alignment-based replay of the historical prefix needed at least one 'log move' -- a logged activity the model could not explain at all (a genuine deviation). Informational only: unlike the old token-based replay, the reconstructed marking is always legally reachable, so this does not by itself put the case at risk of an unrecoverable loop."
20191012966,"alignment-based replay of the historical prefix needed at least one 'log move' -- a logged activity the model could not explain at all (a genuine deviation). Informational only: unlike the old token-based replay, the reconstructed marking is always legally reachable, so this does not by itself put the case at risk of an unrecoverable loop."
20191012980,"alignment-based replay of the historical prefix needed at least one 'log move' -- a logged activity the model could not explain at all (a genuine deviation). Informational only: unlike the old token-based replay, the reconstructed marking is always legally reachable, so this does not by itself put the case at risk of an unrecoverable loop."
20191012986,"alignment-based replay of the historical prefix needed at least one 'log move' -- a logged activity the model could not explain at all (a genuine deviation). Informational only: unlike the old token-based replay, the reconstructed marking is always legally reachable, so this does not by itself put the case at risk of an unrecoverable loop."
20191012991,"alignment-based replay of the historical prefix needed at least one 'log move' -- a logged activity the model could not explain at all (a genuine deviation). Informational only: unlike the old token-based replay, the reconstructed marking is always legally reachable, so this does not by itself put the case at risk of an unrecoverable loop."
20191012998,"alignment-based replay of the historical prefix needed at least one 'log move' -- a logged activity the model could not explain at all (a genuine deviation). Informational only: unlike the old token-based replay, the reconstructed marking is always legally reachable, so this does not by itself put the case at risk of an unrecoverable loop."
20191013030,"alignment-based replay of the historical prefix needed at least one 'log move' -- a logged activity the model could not explain at all (a genuine deviation). Informational only: unlike the old token-based replay, the reconstructed marking is always legally reachable, so this does not by itself put the case at risk of an unrecoverable loop."
20191013040,"alignment-based replay of the historical prefix needed at least one 'log move' -- a logged activity the model could not explain at all (a genuine deviation). Informational only: unlike the old token-based replay, the reconstructed marking is always legally reachable, so this does not by itself put the case at risk of an unrecoverable loop."
20191013047,"alignment-based replay of the historical prefix needed at least one 'log move' -- a logged activity the model could not explain at all (a genuine deviation). Informational only: unlike the old token-based replay, the reconstructed marking is always legally reachable, so this does not by itself put the case at risk of an unrecoverable loop."
20191013055,"alignment-based replay of the historical prefix needed at least one 'log move' -- a logged activity the model could not explain at all (a genuine deviation). Informational only: unlike the old token-based replay, the reconstructed marking is always legally reachable, so this does not by itself put the case at risk of an unrecoverable loop."
20191013056,"alignment-based replay of the historical prefix needed at least one 'log move' -- a logged activity the model could not explain at all (a genuine deviation). Informational only: unlike the old token-based replay, the reconstructed marking is always legally reachable, so this does not by itself put the case at risk of an unrecoverable loop."
20191013063,"alignment-based replay of the historical prefix needed at least one 'log move' -- a logged activity the model could not explain at all (a genuine deviation). Informational only: unlike the old token-based replay, the reconstructed marking is always legally reachable, so this does not by itself put the case at risk of an unrecoverable loop."
20191013076,"alignment-based replay of the historical prefix needed at least one 'log move' -- a logged activity the model could not explain at all (a genuine deviation). Informational only: unlike the old token-based replay, the reconstructed marking is always legally reachable, so this does not by itself put the case at risk of an unrecoverable loop."
20191013077,"alignment-based replay of the historical prefix needed at least one 'log move' -- a logged activity the model could not explain at all (a genuine deviation). Informational only: unlike the old token-based replay, the reconstructed marking is always legally reachable, so this does not by itself put the case at risk of an unrecoverable loop."
20191013079,"alignment-based replay of the historical prefix needed at least one 'log move' -- a logged activity the model could not explain at all (a genuine deviation). Informational only: unlike the old token-based replay, the reconstructed marking is always legally reachable, so this does not by itself put the case at risk of an unrecoverable loop."
20191013096,"alignment-based replay of the historical prefix needed at least one 'log move' -- a logged activity the model could not explain at all (a genuine deviation). Informational only: unlike the old token-based replay, the reconstructed marking is always legally reachable, so this does not by itself put the case at risk of an unrecoverable loop."
20191013106,"alignment-based replay of the historical prefix needed at least one 'log move' -- a logged activity the model could not explain at all (a genuine deviation). Informational only: unlike the old token-based replay, the reconstructed marking is always legally reachable, so this does not by itself put the case at risk of an unrecoverable loop."
20191013112,"alignment-based replay of the historical prefix needed at least one 'log move' -- a logged activity the model could not explain at all (a genuine deviation). Informational only: unlike the old token-based replay, the reconstructed marking is always legally reachable, so this does not by itself put the case at risk of an unrecoverable loop."
20191013115,"alignment-based replay of the historical prefix needed at least one 'log move' -- a logged activity the model could not explain at all (a genuine deviation). Informational only: unlike the old token-based replay, the reconstructed marking is always legally reachable, so this does not by itself put the case at risk of an unrecoverable loop."
20191013148,"alignment-based replay of the historical prefix needed at least one 'log move' -- a logged activity the model could not explain at all (a genuine deviation). Informational only: unlike the old token-based replay, the reconstructed marking is always legally reachable, so this does not by itself put the case at risk of an unrecoverable loop."
20191013150,"alignment-based replay of the historical prefix needed at least one 'log move' -- a logged activity the model could not explain at all (a genuine deviation). Informational only: unlike the old token-based replay, the reconstructed marking is always legally reachable, so this does not by itself put the case at risk of an unrecoverable loop."
20191013153,"alignment-based replay of the historical prefix needed at least one 'log move' -- a logged activity the model could not explain at all (a genuine deviation). Informational only: unlike the old token-based replay, the reconstructed marking is always legally reachable, so this does not by itself put the case at risk of an unrecoverable loop."
20191013172,"alignment-based replay of the historical prefix needed at least one 'log move' -- a logged activity the model could not explain at all (a genuine deviation). Informational only: unlike the old token-based replay, the reconstructed marking is always legally reachable, so this does not by itself put the case at risk of an unrecoverable loop."
20191013178,"alignment-based replay of the historical prefix needed at least one 'log move' -- a logged activity the model could not explain at all (a genuine deviation). Informational only: unlike the old token-based replay, the reconstructed marking is always legally reachable, so this does not by itself put the case at risk of an unrecoverable loop."
20191013185,"alignment-based replay of the historical prefix needed at least one 'log move' -- a logged activity the model could not explain at all (a genuine deviation). Informational only: unlike the old token-based replay, the reconstructed marking is always legally reachable, so this does not by itself put the case at risk of an unrecoverable loop."
