case:concept:name,reason
201810010740,"alignment-based replay of the historical prefix needed at least one 'log move' -- a logged activity the model could not explain at all (a genuine deviation). Informational only: unlike the old token-based replay, the reconstructed marking is always legally reachable, so this does not by itself put the case at risk of an unrecoverable loop."
201810011583,"alignment-based replay of the historical prefix needed at least one 'log move' -- a logged activity the model could not explain at all (a genuine deviation). Informational only: unlike the old token-based replay, the reconstructed marking is always legally reachable, so this does not by itself put the case at risk of an unrecoverable loop."
201811001580,"alignment-based replay of the historical prefix needed at least one 'log move' -- a logged activity the model could not explain at all (a genuine deviation). Informational only: unlike the old token-based replay, the reconstructed marking is always legally reachable, so this does not by itself put the case at risk of an unrecoverable loop."
201811001889,"alignment-based replay of the historical prefix needed at least one 'log move' -- a logged activity the model could not explain at all (a genuine deviation). Informational only: unlike the old token-based replay, the reconstructed marking is always legally reachable, so this does not by itself put the case at risk of an unrecoverable loop."
201811003911,"alignment-based replay of the historical prefix needed at least one 'log move' -- a logged activity the model could not explain at all (a genuine deviation). Informational only: unlike the old token-based replay, the reconstructed marking is always legally reachable, so this does not by itself put the case at risk of an unrecoverable loop."
201811004205,"alignment-based replay of the historical prefix needed at least one 'log move' -- a logged activity the model could not explain at all (a genuine deviation). Informational only: unlike the old token-based replay, the reconstructed marking is always legally reachable, so this does not by itself put the case at risk of an unrecoverable loop."
201811005226,"alignment-based replay of the historical prefix needed at least one 'log move' -- a logged activity the model could not explain at all (a genuine deviation). Informational only: unlike the old token-based replay, the reconstructed marking is always legally reachable, so this does not by itself put the case at risk of an unrecoverable loop."
201811008100,"alignment-based replay of the historical prefix needed at least one 'log move' -- a logged activity the model could not explain at all (a genuine deviation). Informational only: unlike the old token-based replay, the reconstructed marking is always legally reachable, so this does not by itself put the case at risk of an unrecoverable loop."
201811011699,"alignment-based replay of the historical prefix needed at least one 'log move' -- a logged activity the model could not explain at all (a genuine deviation). Informational only: unlike the old token-based replay, the reconstructed marking is always legally reachable, so this does not by itself put the case at risk of an unrecoverable loop."
201811011715,"alignment-based replay of the historical prefix needed at least one 'log move' -- a logged activity the model could not explain at all (a genuine deviation). Informational only: unlike the old token-based replay, the reconstructed marking is always legally reachable, so this does not by itself put the case at risk of an unrecoverable loop."
201811011742,"alignment-based replay of the historical prefix needed at least one 'log move' -- a logged activity the model could not explain at all (a genuine deviation). Informational only: unlike the old token-based replay, the reconstructed marking is always legally reachable, so this does not by itself put the case at risk of an unrecoverable loop."
201812000605,"alignment-based replay of the historical prefix needed at least one 'log move' -- a logged activity the model could not explain at all (a genuine deviation). Informational only: unlike the old token-based replay, the reconstructed marking is always legally reachable, so this does not by itself put the case at risk of an unrecoverable loop."
201812002677,"alignment-based replay of the historical prefix needed at least one 'log move' -- a logged activity the model could not explain at all (a genuine deviation). Informational only: unlike the old token-based replay, the reconstructed marking is always legally reachable, so this does not by itself put the case at risk of an unrecoverable loop."
201812004433,"alignment-based replay of the historical prefix needed at least one 'log move' -- a logged activity the model could not explain at all (a genuine deviation). Informational only: unlike the old token-based replay, the reconstructed marking is always legally reachable, so this does not by itself put the case at risk of an unrecoverable loop."
201812004552,"alignment-based replay of the historical prefix needed at least one 'log move' -- a logged activity the model could not explain at all (a genuine deviation). Informational only: unlike the old token-based replay, the reconstructed marking is always legally reachable, so this does not by itself put the case at risk of an unrecoverable loop."
201812005434,"alignment-based replay of the historical prefix needed at least one 'log move' -- a logged activity the model could not explain at all (a genuine deviation). Informational only: unlike the old token-based replay, the reconstructed marking is always legally reachable, so this does not by itself put the case at risk of an unrecoverable loop."
201812006824,"alignment-based replay of the historical prefix needed at least one 'log move' -- a logged activity the model could not explain at all (a genuine deviation). Informational only: unlike the old token-based replay, the reconstructed marking is always legally reachable, so this does not by itself put the case at risk of an unrecoverable loop."
201812007723,"alignment-based replay of the historical prefix needed at least one 'log move' -- a logged activity the model could not explain at all (a genuine deviation). Informational only: unlike the old token-based replay, the reconstructed marking is always legally reachable, so this does not by itself put the case at risk of an unrecoverable loop."
201812007839,"alignment-based replay of the historical prefix needed at least one 'log move' -- a logged activity the model could not explain at all (a genuine deviation). Informational only: unlike the old token-based replay, the reconstructed marking is always legally reachable, so this does not by itself put the case at risk of an unrecoverable loop."
201812008642,"alignment-based replay of the historical prefix needed at least one 'log move' -- a logged activity the model could not explain at all (a genuine deviation). Informational only: unlike the old token-based replay, the reconstructed marking is always legally reachable, so this does not by itself put the case at risk of an unrecoverable loop."
201812009515,"alignment-based replay of the historical prefix needed at least one 'log move' -- a logged activity the model could not explain at all (a genuine deviation). Informational only: unlike the old token-based replay, the reconstructed marking is always legally reachable, so this does not by itself put the case at risk of an unrecoverable loop."
201812009556,"alignment-based replay of the historical prefix needed at least one 'log move' -- a logged activity the model could not explain at all (a genuine deviation). Informational only: unlike the old token-based replay, the reconstructed marking is always legally reachable, so this does not by itself put the case at risk of an unrecoverable loop."
201812009750,"alignment-based replay of the historical prefix needed at least one 'log move' -- a logged activity the model could not explain at all (a genuine deviation). Informational only: unlike the old token-based replay, the reconstructed marking is always legally reachable, so this does not by itself put the case at risk of an unrecoverable loop."
201812009753,"alignment-based replay of the historical prefix needed at least one 'log move' -- a logged activity the model could not explain at all (a genuine deviation). Informational only: unlike the old token-based replay, the reconstructed marking is always legally reachable, so this does not by itself put the case at risk of an unrecoverable loop."
20184001796,"alignment-based replay of the historical prefix needed at least one 'log move' -- a logged activity the model could not explain at all (a genuine deviation). Informational only: unlike the old token-based replay, the reconstructed marking is always legally reachable, so this does not by itself put the case at risk of an unrecoverable loop."
20186007767,"alignment-based replay of the historical prefix needed at least one 'log move' -- a logged activity the model could not explain at all (a genuine deviation). Informational only: unlike the old token-based replay, the reconstructed marking is always legally reachable, so this does not by itself put the case at risk of an unrecoverable loop."
20187006846,"alignment-based replay of the historical prefix needed at least one 'log move' -- a logged activity the model could not explain at all (a genuine deviation). Informational only: unlike the old token-based replay, the reconstructed marking is always legally reachable, so this does not by itself put the case at risk of an unrecoverable loop."
20187010782,"alignment-based replay of the historical prefix needed at least one 'log move' -- a logged activity the model could not explain at all (a genuine deviation). Informational only: unlike the old token-based replay, the reconstructed marking is always legally reachable, so this does not by itself put the case at risk of an unrecoverable loop."
20188002087,"alignment-based replay of the historical prefix needed at least one 'log move' -- a logged activity the model could not explain at all (a genuine deviation). Informational only: unlike the old token-based replay, the reconstructed marking is always legally reachable, so this does not by itself put the case at risk of an unrecoverable loop."
20188002441,"alignment-based replay of the historical prefix needed at least one 'log move' -- a logged activity the model could not explain at all (a genuine deviation). Informational only: unlike the old token-based replay, the reconstructed marking is always legally reachable, so this does not by itself put the case at risk of an unrecoverable loop."
20189003084,"alignment-based replay of the historical prefix needed at least one 'log move' -- a logged activity the model could not explain at all (a genuine deviation). Informational only: unlike the old token-based replay, the reconstructed marking is always legally reachable, so this does not by itself put the case at risk of an unrecoverable loop."
20189003486,"alignment-based replay of the historical prefix needed at least one 'log move' -- a logged activity the model could not explain at all (a genuine deviation). Informational only: unlike the old token-based replay, the reconstructed marking is always legally reachable, so this does not by itself put the case at risk of an unrecoverable loop."
20189004803,"alignment-based replay of the historical prefix needed at least one 'log move' -- a logged activity the model could not explain at all (a genuine deviation). Informational only: unlike the old token-based replay, the reconstructed marking is always legally reachable, so this does not by itself put the case at risk of an unrecoverable loop."
20191000242,"alignment-based replay of the historical prefix needed at least one 'log move' -- a logged activity the model could not explain at all (a genuine deviation). Informational only: unlike the old token-based replay, the reconstructed marking is always legally reachable, so this does not by itself put the case at risk of an unrecoverable loop."
20191000546,"alignment-based replay of the historical prefix needed at least one 'log move' -- a logged activity the model could not explain at all (a genuine deviation). Informational only: unlike the old token-based replay, the reconstructed marking is always legally reachable, so this does not by itself put the case at risk of an unrecoverable loop."
20191000568,"alignment-based replay of the historical prefix needed at least one 'log move' -- a logged activity the model could not explain at all (a genuine deviation). Informational only: unlike the old token-based replay, the reconstructed marking is always legally reachable, so this does not by itself put the case at risk of an unrecoverable loop."
20191000676,"alignment-based replay of the historical prefix needed at least one 'log move' -- a logged activity the model could not explain at all (a genuine deviation). Informational only: unlike the old token-based replay, the reconstructed marking is always legally reachable, so this does not by itself put the case at risk of an unrecoverable loop."
20191001595,"alignment-based replay of the historical prefix needed at least one 'log move' -- a logged activity the model could not explain at all (a genuine deviation). Informational only: unlike the old token-based replay, the reconstructed marking is always legally reachable, so this does not by itself put the case at risk of an unrecoverable loop."
20191001877,"alignment-based replay of the historical prefix needed at least one 'log move' -- a logged activity the model could not explain at all (a genuine deviation). Informational only: unlike the old token-based replay, the reconstructed marking is always legally reachable, so this does not by itself put the case at risk of an unrecoverable loop."
20191002027,"alignment-based replay of the historical prefix needed at least one 'log move' -- a logged activity the model could not explain at all (a genuine deviation). Informational only: unlike the old token-based replay, the reconstructed marking is always legally reachable, so this does not by itself put the case at risk of an unrecoverable loop."
20191002111,"alignment-based replay of the historical prefix needed at least one 'log move' -- a logged activity the model could not explain at all (a genuine deviation). Informational only: unlike the old token-based replay, the reconstructed marking is always legally reachable, so this does not by itself put the case at risk of an unrecoverable loop."
20191002211,"alignment-based replay of the historical prefix needed at least one 'log move' -- a logged activity the model could not explain at all (a genuine deviation). Informational only: unlike the old token-based replay, the reconstructed marking is always legally reachable, so this does not by itself put the case at risk of an unrecoverable loop."
20191002216,"alignment-based replay of the historical prefix needed at least one 'log move' -- a logged activity the model could not explain at all (a genuine deviation). Informational only: unlike the old token-based replay, the reconstructed marking is always legally reachable, so this does not by itself put the case at risk of an unrecoverable loop."
20191002503,"alignment-based replay of the historical prefix needed at least one 'log move' -- a logged activity the model could not explain at all (a genuine deviation). Informational only: unlike the old token-based replay, the reconstructed marking is always legally reachable, so this does not by itself put the case at risk of an unrecoverable loop."
20191002939,"alignment-based replay of the historical prefix needed at least one 'log move' -- a logged activity the model could not explain at all (a genuine deviation). Informational only: unlike the old token-based replay, the reconstructed marking is always legally reachable, so this does not by itself put the case at risk of an unrecoverable loop."
20191003019,"alignment-based replay of the historical prefix needed at least one 'log move' -- a logged activity the model could not explain at all (a genuine deviation). Informational only: unlike the old token-based replay, the reconstructed marking is always legally reachable, so this does not by itself put the case at risk of an unrecoverable loop."
20191003440,"alignment-based replay of the historical prefix needed at least one 'log move' -- a logged activity the model could not explain at all (a genuine deviation). Informational only: unlike the old token-based replay, the reconstructed marking is always legally reachable, so this does not by itself put the case at risk of an unrecoverable loop."
20191003502,"alignment-based replay of the historical prefix needed at least one 'log move' -- a logged activity the model could not explain at all (a genuine deviation). Informational only: unlike the old token-based replay, the reconstructed marking is always legally reachable, so this does not by itself put the case at risk of an unrecoverable loop."
20191004043,"alignment-based replay of the historical prefix needed at least one 'log move' -- a logged activity the model could not explain at all (a genuine deviation). Informational only: unlike the old token-based replay, the reconstructed marking is always legally reachable, so this does not by itself put the case at risk of an unrecoverable loop."
20191004251,"alignment-based replay of the historical prefix needed at least one 'log move' -- a logged activity the model could not explain at all (a genuine deviation). Informational only: unlike the old token-based replay, the reconstructed marking is always legally reachable, so this does not by itself put the case at risk of an unrecoverable loop."
20191004364,"alignment-based replay of the historical prefix needed at least one 'log move' -- a logged activity the model could not explain at all (a genuine deviation). Informational only: unlike the old token-based replay, the reconstructed marking is always legally reachable, so this does not by itself put the case at risk of an unrecoverable loop."
20191004566,"alignment-based replay of the historical prefix needed at least one 'log move' -- a logged activity the model could not explain at all (a genuine deviation). Informational only: unlike the old token-based replay, the reconstructed marking is always legally reachable, so this does not by itself put the case at risk of an unrecoverable loop."
20191004843,"alignment-based replay of the historical prefix needed at least one 'log move' -- a logged activity the model could not explain at all (a genuine deviation). Informational only: unlike the old token-based replay, the reconstructed marking is always legally reachable, so this does not by itself put the case at risk of an unrecoverable loop."
20191005409,"alignment-based replay of the historical prefix needed at least one 'log move' -- a logged activity the model could not explain at all (a genuine deviation). Informational only: unlike the old token-based replay, the reconstructed marking is always legally reachable, so this does not by itself put the case at risk of an unrecoverable loop."
20191005428,"alignment-based replay of the historical prefix needed at least one 'log move' -- a logged activity the model could not explain at all (a genuine deviation). Informational only: unlike the old token-based replay, the reconstructed marking is always legally reachable, so this does not by itself put the case at risk of an unrecoverable loop."
20191005637,"alignment-based replay of the historical prefix needed at least one 'log move' -- a logged activity the model could not explain at all (a genuine deviation). Informational only: unlike the old token-based replay, the reconstructed marking is always legally reachable, so this does not by itself put the case at risk of an unrecoverable loop."
20191005698,"alignment-based replay of the historical prefix needed at least one 'log move' -- a logged activity the model could not explain at all (a genuine deviation). Informational only: unlike the old token-based replay, the reconstructed marking is always legally reachable, so this does not by itself put the case at risk of an unrecoverable loop."
20191005769,"alignment-based replay of the historical prefix needed at least one 'log move' -- a logged activity the model could not explain at all (a genuine deviation). Informational only: unlike the old token-based replay, the reconstructed marking is always legally reachable, so this does not by itself put the case at risk of an unrecoverable loop."
20191005838,"alignment-based replay of the historical prefix needed at least one 'log move' -- a logged activity the model could not explain at all (a genuine deviation). Informational only: unlike the old token-based replay, the reconstructed marking is always legally reachable, so this does not by itself put the case at risk of an unrecoverable loop."
20191005966,"alignment-based replay of the historical prefix needed at least one 'log move' -- a logged activity the model could not explain at all (a genuine deviation). Informational only: unlike the old token-based replay, the reconstructed marking is always legally reachable, so this does not by itself put the case at risk of an unrecoverable loop."
20191006145,"alignment-based replay of the historical prefix needed at least one 'log move' -- a logged activity the model could not explain at all (a genuine deviation). Informational only: unlike the old token-based replay, the reconstructed marking is always legally reachable, so this does not by itself put the case at risk of an unrecoverable loop."
20191006394,"alignment-based replay of the historical prefix needed at least one 'log move' -- a logged activity the model could not explain at all (a genuine deviation). Informational only: unlike the old token-based replay, the reconstructed marking is always legally reachable, so this does not by itself put the case at risk of an unrecoverable loop."
20191006502,"alignment-based replay of the historical prefix needed at least one 'log move' -- a logged activity the model could not explain at all (a genuine deviation). Informational only: unlike the old token-based replay, the reconstructed marking is always legally reachable, so this does not by itself put the case at risk of an unrecoverable loop."
20191006539,"alignment-based replay of the historical prefix needed at least one 'log move' -- a logged activity the model could not explain at all (a genuine deviation). Informational only: unlike the old token-based replay, the reconstructed marking is always legally reachable, so this does not by itself put the case at risk of an unrecoverable loop."
20191006655,"alignment-based replay of the historical prefix needed at least one 'log move' -- a logged activity the model could not explain at all (a genuine deviation). Informational only: unlike the old token-based replay, the reconstructed marking is always legally reachable, so this does not by itself put the case at risk of an unrecoverable loop."
20191006747,"alignment-based replay of the historical prefix needed at least one 'log move' -- a logged activity the model could not explain at all (a genuine deviation). Informational only: unlike the old token-based replay, the reconstructed marking is always legally reachable, so this does not by itself put the case at risk of an unrecoverable loop."
20191006784,"alignment-based replay of the historical prefix needed at least one 'log move' -- a logged activity the model could not explain at all (a genuine deviation). Informational only: unlike the old token-based replay, the reconstructed marking is always legally reachable, so this does not by itself put the case at risk of an unrecoverable loop."
20191006788,"alignment-based replay of the historical prefix needed at least one 'log move' -- a logged activity the model could not explain at all (a genuine deviation). Informational only: unlike the old token-based replay, the reconstructed marking is always legally reachable, so this does not by itself put the case at risk of an unrecoverable loop."
20191006880,"alignment-based replay of the historical prefix needed at least one 'log move' -- a logged activity the model could not explain at all (a genuine deviation). Informational only: unlike the old token-based replay, the reconstructed marking is always legally reachable, so this does not by itself put the case at risk of an unrecoverable loop."
20191006920,"alignment-based replay of the historical prefix needed at least one 'log move' -- a logged activity the model could not explain at all (a genuine deviation). Informational only: unlike the old token-based replay, the reconstructed marking is always legally reachable, so this does not by itself put the case at risk of an unrecoverable loop."
20191006987,"alignment-based replay of the historical prefix needed at least one 'log move' -- a logged activity the model could not explain at all (a genuine deviation). Informational only: unlike the old token-based replay, the reconstructed marking is always legally reachable, so this does not by itself put the case at risk of an unrecoverable loop."
20191007472,"alignment-based replay of the historical prefix needed at least one 'log move' -- a logged activity the model could not explain at all (a genuine deviation). Informational only: unlike the old token-based replay, the reconstructed marking is always legally reachable, so this does not by itself put the case at risk of an unrecoverable loop."
20191007481,"alignment-based replay of the historical prefix needed at least one 'log move' -- a logged activity the model could not explain at all (a genuine deviation). Informational only: unlike the old token-based replay, the reconstructed marking is always legally reachable, so this does not by itself put the case at risk of an unrecoverable loop."
20191007560,"alignment-based replay of the historical prefix needed at least one 'log move' -- a logged activity the model could not explain at all (a genuine deviation). Informational only: unlike the old token-based replay, the reconstructed marking is always legally reachable, so this does not by itself put the case at risk of an unrecoverable loop."
20191007859,"alignment-based replay of the historical prefix needed at least one 'log move' -- a logged activity the model could not explain at all (a genuine deviation). Informational only: unlike the old token-based replay, the reconstructed marking is always legally reachable, so this does not by itself put the case at risk of an unrecoverable loop."
20191007903,"alignment-based replay of the historical prefix needed at least one 'log move' -- a logged activity the model could not explain at all (a genuine deviation). Informational only: unlike the old token-based replay, the reconstructed marking is always legally reachable, so this does not by itself put the case at risk of an unrecoverable loop."
20191007912,"alignment-based replay of the historical prefix needed at least one 'log move' -- a logged activity the model could not explain at all (a genuine deviation). Informational only: unlike the old token-based replay, the reconstructed marking is always legally reachable, so this does not by itself put the case at risk of an unrecoverable loop."
20191008000,"alignment-based replay of the historical prefix needed at least one 'log move' -- a logged activity the model could not explain at all (a genuine deviation). Informational only: unlike the old token-based replay, the reconstructed marking is always legally reachable, so this does not by itself put the case at risk of an unrecoverable loop."
20191008071,"alignment-based replay of the historical prefix needed at least one 'log move' -- a logged activity the model could not explain at all (a genuine deviation). Informational only: unlike the old token-based replay, the reconstructed marking is always legally reachable, so this does not by itself put the case at risk of an unrecoverable loop."
20191008079,"alignment-based replay of the historical prefix needed at least one 'log move' -- a logged activity the model could not explain at all (a genuine deviation). Informational only: unlike the old token-based replay, the reconstructed marking is always legally reachable, so this does not by itself put the case at risk of an unrecoverable loop."
20191008323,"alignment-based replay of the historical prefix needed at least one 'log move' -- a logged activity the model could not explain at all (a genuine deviation). Informational only: unlike the old token-based replay, the reconstructed marking is always legally reachable, so this does not by itself put the case at risk of an unrecoverable loop."
20191008500,"alignment-based replay of the historical prefix needed at least one 'log move' -- a logged activity the model could not explain at all (a genuine deviation). Informational only: unlike the old token-based replay, the reconstructed marking is always legally reachable, so this does not by itself put the case at risk of an unrecoverable loop."
20191008668,"alignment-based replay of the historical prefix needed at least one 'log move' -- a logged activity the model could not explain at all (a genuine deviation). Informational only: unlike the old token-based replay, the reconstructed marking is always legally reachable, so this does not by itself put the case at risk of an unrecoverable loop."
20191008720,"alignment-based replay of the historical prefix needed at least one 'log move' -- a logged activity the model could not explain at all (a genuine deviation). Informational only: unlike the old token-based replay, the reconstructed marking is always legally reachable, so this does not by itself put the case at risk of an unrecoverable loop."
20191008827,"alignment-based replay of the historical prefix needed at least one 'log move' -- a logged activity the model could not explain at all (a genuine deviation). Informational only: unlike the old token-based replay, the reconstructed marking is always legally reachable, so this does not by itself put the case at risk of an unrecoverable loop."
20191008846,"alignment-based replay of the historical prefix needed at least one 'log move' -- a logged activity the model could not explain at all (a genuine deviation). Informational only: unlike the old token-based replay, the reconstructed marking is always legally reachable, so this does not by itself put the case at risk of an unrecoverable loop."
20191008862,"alignment-based replay of the historical prefix needed at least one 'log move' -- a logged activity the model could not explain at all (a genuine deviation). Informational only: unlike the old token-based replay, the reconstructed marking is always legally reachable, so this does not by itself put the case at risk of an unrecoverable loop."
20191008891,"alignment-based replay of the historical prefix needed at least one 'log move' -- a logged activity the model could not explain at all (a genuine deviation). Informational only: unlike the old token-based replay, the reconstructed marking is always legally reachable, so this does not by itself put the case at risk of an unrecoverable loop."
20191008913,"alignment-based replay of the historical prefix needed at least one 'log move' -- a logged activity the model could not explain at all (a genuine deviation). Informational only: unlike the old token-based replay, the reconstructed marking is always legally reachable, so this does not by itself put the case at risk of an unrecoverable loop."
20191008924,"alignment-based replay of the historical prefix needed at least one 'log move' -- a logged activity the model could not explain at all (a genuine deviation). Informational only: unlike the old token-based replay, the reconstructed marking is always legally reachable, so this does not by itself put the case at risk of an unrecoverable loop."
20191008960,"alignment-based replay of the historical prefix needed at least one 'log move' -- a logged activity the model could not explain at all (a genuine deviation). Informational only: unlike the old token-based replay, the reconstructed marking is always legally reachable, so this does not by itself put the case at risk of an unrecoverable loop."
20191008973,"alignment-based replay of the historical prefix needed at least one 'log move' -- a logged activity the model could not explain at all (a genuine deviation). Informational only: unlike the old token-based replay, the reconstructed marking is always legally reachable, so this does not by itself put the case at risk of an unrecoverable loop."
20191008985,"alignment-based replay of the historical prefix needed at least one 'log move' -- a logged activity the model could not explain at all (a genuine deviation). Informational only: unlike the old token-based replay, the reconstructed marking is always legally reachable, so this does not by itself put the case at risk of an unrecoverable loop."
20191009021,"alignment-based replay of the historical prefix needed at least one 'log move' -- a logged activity the model could not explain at all (a genuine deviation). Informational only: unlike the old token-based replay, the reconstructed marking is always legally reachable, so this does not by itself put the case at risk of an unrecoverable loop."
20191009078,"alignment-based replay of the historical prefix needed at least one 'log move' -- a logged activity the model could not explain at all (a genuine deviation). Informational only: unlike the old token-based replay, the reconstructed marking is always legally reachable, so this does not by itself put the case at risk of an unrecoverable loop."
20191009140,"alignment-based replay of the historical prefix needed at least one 'log move' -- a logged activity the model could not explain at all (a genuine deviation). Informational only: unlike the old token-based replay, the reconstructed marking is always legally reachable, so this does not by itself put the case at risk of an unrecoverable loop."
20191009183,"alignment-based replay of the historical prefix needed at least one 'log move' -- a logged activity the model could not explain at all (a genuine deviation). Informational only: unlike the old token-based replay, the reconstructed marking is always legally reachable, so this does not by itself put the case at risk of an unrecoverable loop."
20191009224,"alignment-based replay of the historical prefix needed at least one 'log move' -- a logged activity the model could not explain at all (a genuine deviation). Informational only: unlike the old token-based replay, the reconstructed marking is always legally reachable, so this does not by itself put the case at risk of an unrecoverable loop."
20191009285,"alignment-based replay of the historical prefix needed at least one 'log move' -- a logged activity the model could not explain at all (a genuine deviation). Informational only: unlike the old token-based replay, the reconstructed marking is always legally reachable, so this does not by itself put the case at risk of an unrecoverable loop."
20191009322,"alignment-based replay of the historical prefix needed at least one 'log move' -- a logged activity the model could not explain at all (a genuine deviation). Informational only: unlike the old token-based replay, the reconstructed marking is always legally reachable, so this does not by itself put the case at risk of an unrecoverable loop."
20191009426,"alignment-based replay of the historical prefix needed at least one 'log move' -- a logged activity the model could not explain at all (a genuine deviation). Informational only: unlike the old token-based replay, the reconstructed marking is always legally reachable, so this does not by itself put the case at risk of an unrecoverable loop."
20191009524,"alignment-based replay of the historical prefix needed at least one 'log move' -- a logged activity the model could not explain at all (a genuine deviation). Informational only: unlike the old token-based replay, the reconstructed marking is always legally reachable, so this does not by itself put the case at risk of an unrecoverable loop."
20191009734,"alignment-based replay of the historical prefix needed at least one 'log move' -- a logged activity the model could not explain at all (a genuine deviation). Informational only: unlike the old token-based replay, the reconstructed marking is always legally reachable, so this does not by itself put the case at risk of an unrecoverable loop."
20191009939,"alignment-based replay of the historical prefix needed at least one 'log move' -- a logged activity the model could not explain at all (a genuine deviation). Informational only: unlike the old token-based replay, the reconstructed marking is always legally reachable, so this does not by itself put the case at risk of an unrecoverable loop."
20191009973,"alignment-based replay of the historical prefix needed at least one 'log move' -- a logged activity the model could not explain at all (a genuine deviation). Informational only: unlike the old token-based replay, the reconstructed marking is always legally reachable, so this does not by itself put the case at risk of an unrecoverable loop."
20191009979,"alignment-based replay of the historical prefix needed at least one 'log move' -- a logged activity the model could not explain at all (a genuine deviation). Informational only: unlike the old token-based replay, the reconstructed marking is always legally reachable, so this does not by itself put the case at risk of an unrecoverable loop."
20191010053,"alignment-based replay of the historical prefix needed at least one 'log move' -- a logged activity the model could not explain at all (a genuine deviation). Informational only: unlike the old token-based replay, the reconstructed marking is always legally reachable, so this does not by itself put the case at risk of an unrecoverable loop."
20191010116,"alignment-based replay of the historical prefix needed at least one 'log move' -- a logged activity the model could not explain at all (a genuine deviation). Informational only: unlike the old token-based replay, the reconstructed marking is always legally reachable, so this does not by itself put the case at risk of an unrecoverable loop."
20191010159,"alignment-based replay of the historical prefix needed at least one 'log move' -- a logged activity the model could not explain at all (a genuine deviation). Informational only: unlike the old token-based replay, the reconstructed marking is always legally reachable, so this does not by itself put the case at risk of an unrecoverable loop."
20191010208,"alignment-based replay of the historical prefix needed at least one 'log move' -- a logged activity the model could not explain at all (a genuine deviation). Informational only: unlike the old token-based replay, the reconstructed marking is always legally reachable, so this does not by itself put the case at risk of an unrecoverable loop."
20191010278,"alignment-based replay of the historical prefix needed at least one 'log move' -- a logged activity the model could not explain at all (a genuine deviation). Informational only: unlike the old token-based replay, the reconstructed marking is always legally reachable, so this does not by itself put the case at risk of an unrecoverable loop."
20191010292,"alignment-based replay of the historical prefix needed at least one 'log move' -- a logged activity the model could not explain at all (a genuine deviation). Informational only: unlike the old token-based replay, the reconstructed marking is always legally reachable, so this does not by itself put the case at risk of an unrecoverable loop."
20191010328,"alignment-based replay of the historical prefix needed at least one 'log move' -- a logged activity the model could not explain at all (a genuine deviation). Informational only: unlike the old token-based replay, the reconstructed marking is always legally reachable, so this does not by itself put the case at risk of an unrecoverable loop."
20191010532,"alignment-based replay of the historical prefix needed at least one 'log move' -- a logged activity the model could not explain at all (a genuine deviation). Informational only: unlike the old token-based replay, the reconstructed marking is always legally reachable, so this does not by itself put the case at risk of an unrecoverable loop."
20191010580,"alignment-based replay of the historical prefix needed at least one 'log move' -- a logged activity the model could not explain at all (a genuine deviation). Informational only: unlike the old token-based replay, the reconstructed marking is always legally reachable, so this does not by itself put the case at risk of an unrecoverable loop."
20191010603,"alignment-based replay of the historical prefix needed at least one 'log move' -- a logged activity the model could not explain at all (a genuine deviation). Informational only: unlike the old token-based replay, the reconstructed marking is always legally reachable, so this does not by itself put the case at risk of an unrecoverable loop."
20191010606,"alignment-based replay of the historical prefix needed at least one 'log move' -- a logged activity the model could not explain at all (a genuine deviation). Informational only: unlike the old token-based replay, the reconstructed marking is always legally reachable, so this does not by itself put the case at risk of an unrecoverable loop."
20191010631,"alignment-based replay of the historical prefix needed at least one 'log move' -- a logged activity the model could not explain at all (a genuine deviation). Informational only: unlike the old token-based replay, the reconstructed marking is always legally reachable, so this does not by itself put the case at risk of an unrecoverable loop."
20191010724,"alignment-based replay of the historical prefix needed at least one 'log move' -- a logged activity the model could not explain at all (a genuine deviation). Informational only: unlike the old token-based replay, the reconstructed marking is always legally reachable, so this does not by itself put the case at risk of an unrecoverable loop."
20191010795,"alignment-based replay of the historical prefix needed at least one 'log move' -- a logged activity the model could not explain at all (a genuine deviation). Informational only: unlike the old token-based replay, the reconstructed marking is always legally reachable, so this does not by itself put the case at risk of an unrecoverable loop."
20191010875,"alignment-based replay of the historical prefix needed at least one 'log move' -- a logged activity the model could not explain at all (a genuine deviation). Informational only: unlike the old token-based replay, the reconstructed marking is always legally reachable, so this does not by itself put the case at risk of an unrecoverable loop."
20191010937,"alignment-based replay of the historical prefix needed at least one 'log move' -- a logged activity the model could not explain at all (a genuine deviation). Informational only: unlike the old token-based replay, the reconstructed marking is always legally reachable, so this does not by itself put the case at risk of an unrecoverable loop."
20191010991,"alignment-based replay of the historical prefix needed at least one 'log move' -- a logged activity the model could not explain at all (a genuine deviation). Informational only: unlike the old token-based replay, the reconstructed marking is always legally reachable, so this does not by itself put the case at risk of an unrecoverable loop."
20191010994,"alignment-based replay of the historical prefix needed at least one 'log move' -- a logged activity the model could not explain at all (a genuine deviation). Informational only: unlike the old token-based replay, the reconstructed marking is always legally reachable, so this does not by itself put the case at risk of an unrecoverable loop."
20191011033,"alignment-based replay of the historical prefix needed at least one 'log move' -- a logged activity the model could not explain at all (a genuine deviation). Informational only: unlike the old token-based replay, the reconstructed marking is always legally reachable, so this does not by itself put the case at risk of an unrecoverable loop."
20191011126,"alignment-based replay of the historical prefix needed at least one 'log move' -- a logged activity the model could not explain at all (a genuine deviation). Informational only: unlike the old token-based replay, the reconstructed marking is always legally reachable, so this does not by itself put the case at risk of an unrecoverable loop."
20191011173,"alignment-based replay of the historical prefix needed at least one 'log move' -- a logged activity the model could not explain at all (a genuine deviation). Informational only: unlike the old token-based replay, the reconstructed marking is always legally reachable, so this does not by itself put the case at risk of an unrecoverable loop."
20191011211,"alignment-based replay of the historical prefix needed at least one 'log move' -- a logged activity the model could not explain at all (a genuine deviation). Informational only: unlike the old token-based replay, the reconstructed marking is always legally reachable, so this does not by itself put the case at risk of an unrecoverable loop."
20191011232,"alignment-based replay of the historical prefix needed at least one 'log move' -- a logged activity the model could not explain at all (a genuine deviation). Informational only: unlike the old token-based replay, the reconstructed marking is always legally reachable, so this does not by itself put the case at risk of an unrecoverable loop."
20191011264,"alignment-based replay of the historical prefix needed at least one 'log move' -- a logged activity the model could not explain at all (a genuine deviation). Informational only: unlike the old token-based replay, the reconstructed marking is always legally reachable, so this does not by itself put the case at risk of an unrecoverable loop."
20191011306,"alignment-based replay of the historical prefix needed at least one 'log move' -- a logged activity the model could not explain at all (a genuine deviation). Informational only: unlike the old token-based replay, the reconstructed marking is always legally reachable, so this does not by itself put the case at risk of an unrecoverable loop."
20191011408,"alignment-based replay of the historical prefix needed at least one 'log move' -- a logged activity the model could not explain at all (a genuine deviation). Informational only: unlike the old token-based replay, the reconstructed marking is always legally reachable, so this does not by itself put the case at risk of an unrecoverable loop."
20191011450,"alignment-based replay of the historical prefix needed at least one 'log move' -- a logged activity the model could not explain at all (a genuine deviation). Informational only: unlike the old token-based replay, the reconstructed marking is always legally reachable, so this does not by itself put the case at risk of an unrecoverable loop."
20191011549,"alignment-based replay of the historical prefix needed at least one 'log move' -- a logged activity the model could not explain at all (a genuine deviation). Informational only: unlike the old token-based replay, the reconstructed marking is always legally reachable, so this does not by itself put the case at risk of an unrecoverable loop."
20191011566,"alignment-based replay of the historical prefix needed at least one 'log move' -- a logged activity the model could not explain at all (a genuine deviation). Informational only: unlike the old token-based replay, the reconstructed marking is always legally reachable, so this does not by itself put the case at risk of an unrecoverable loop."
20191011604,"alignment-based replay of the historical prefix needed at least one 'log move' -- a logged activity the model could not explain at all (a genuine deviation). Informational only: unlike the old token-based replay, the reconstructed marking is always legally reachable, so this does not by itself put the case at risk of an unrecoverable loop."
20191011645,"alignment-based replay of the historical prefix needed at least one 'log move' -- a logged activity the model could not explain at all (a genuine deviation). Informational only: unlike the old token-based replay, the reconstructed marking is always legally reachable, so this does not by itself put the case at risk of an unrecoverable loop."
20191011665,"alignment-based replay of the historical prefix needed at least one 'log move' -- a logged activity the model could not explain at all (a genuine deviation). Informational only: unlike the old token-based replay, the reconstructed marking is always legally reachable, so this does not by itself put the case at risk of an unrecoverable loop."
20191011688,"alignment-based replay of the historical prefix needed at least one 'log move' -- a logged activity the model could not explain at all (a genuine deviation). Informational only: unlike the old token-based replay, the reconstructed marking is always legally reachable, so this does not by itself put the case at risk of an unrecoverable loop."
20191011718,"alignment-based replay of the historical prefix needed at least one 'log move' -- a logged activity the model could not explain at all (a genuine deviation). Informational only: unlike the old token-based replay, the reconstructed marking is always legally reachable, so this does not by itself put the case at risk of an unrecoverable loop."
20191011725,"alignment-based replay of the historical prefix needed at least one 'log move' -- a logged activity the model could not explain at all (a genuine deviation). Informational only: unlike the old token-based replay, the reconstructed marking is always legally reachable, so this does not by itself put the case at risk of an unrecoverable loop."
20191011739,"alignment-based replay of the historical prefix needed at least one 'log move' -- a logged activity the model could not explain at all (a genuine deviation). Informational only: unlike the old token-based replay, the reconstructed marking is always legally reachable, so this does not by itself put the case at risk of an unrecoverable loop."
20191011749,"alignment-based replay of the historical prefix needed at least one 'log move' -- a logged activity the model could not explain at all (a genuine deviation). Informational only: unlike the old token-based replay, the reconstructed marking is always legally reachable, so this does not by itself put the case at risk of an unrecoverable loop."
20191011790,"alignment-based replay of the historical prefix needed at least one 'log move' -- a logged activity the model could not explain at all (a genuine deviation). Informational only: unlike the old token-based replay, the reconstructed marking is always legally reachable, so this does not by itself put the case at risk of an unrecoverable loop."
20191011798,"alignment-based replay of the historical prefix needed at least one 'log move' -- a logged activity the model could not explain at all (a genuine deviation). Informational only: unlike the old token-based replay, the reconstructed marking is always legally reachable, so this does not by itself put the case at risk of an unrecoverable loop."
20191011838,"alignment-based replay of the historical prefix needed at least one 'log move' -- a logged activity the model could not explain at all (a genuine deviation). Informational only: unlike the old token-based replay, the reconstructed marking is always legally reachable, so this does not by itself put the case at risk of an unrecoverable loop."
20191011843,"alignment-based replay of the historical prefix needed at least one 'log move' -- a logged activity the model could not explain at all (a genuine deviation). Informational only: unlike the old token-based replay, the reconstructed marking is always legally reachable, so this does not by itself put the case at risk of an unrecoverable loop."
20191011856,"alignment-based replay of the historical prefix needed at least one 'log move' -- a logged activity the model could not explain at all (a genuine deviation). Informational only: unlike the old token-based replay, the reconstructed marking is always legally reachable, so this does not by itself put the case at risk of an unrecoverable loop."
20191011864,"alignment-based replay of the historical prefix needed at least one 'log move' -- a logged activity the model could not explain at all (a genuine deviation). Informational only: unlike the old token-based replay, the reconstructed marking is always legally reachable, so this does not by itself put the case at risk of an unrecoverable loop."
20191011869,"alignment-based replay of the historical prefix needed at least one 'log move' -- a logged activity the model could not explain at all (a genuine deviation). Informational only: unlike the old token-based replay, the reconstructed marking is always legally reachable, so this does not by itself put the case at risk of an unrecoverable loop."
20191011870,"alignment-based replay of the historical prefix needed at least one 'log move' -- a logged activity the model could not explain at all (a genuine deviation). Informational only: unlike the old token-based replay, the reconstructed marking is always legally reachable, so this does not by itself put the case at risk of an unrecoverable loop."
20191011878,"alignment-based replay of the historical prefix needed at least one 'log move' -- a logged activity the model could not explain at all (a genuine deviation). Informational only: unlike the old token-based replay, the reconstructed marking is always legally reachable, so this does not by itself put the case at risk of an unrecoverable loop."
20191011881,"alignment-based replay of the historical prefix needed at least one 'log move' -- a logged activity the model could not explain at all (a genuine deviation). Informational only: unlike the old token-based replay, the reconstructed marking is always legally reachable, so this does not by itself put the case at risk of an unrecoverable loop."
20191011890,"alignment-based replay of the historical prefix needed at least one 'log move' -- a logged activity the model could not explain at all (a genuine deviation). Informational only: unlike the old token-based replay, the reconstructed marking is always legally reachable, so this does not by itself put the case at risk of an unrecoverable loop."
20191011976,"alignment-based replay of the historical prefix needed at least one 'log move' -- a logged activity the model could not explain at all (a genuine deviation). Informational only: unlike the old token-based replay, the reconstructed marking is always legally reachable, so this does not by itself put the case at risk of an unrecoverable loop."
20191012030,"alignment-based replay of the historical prefix needed at least one 'log move' -- a logged activity the model could not explain at all (a genuine deviation). Informational only: unlike the old token-based replay, the reconstructed marking is always legally reachable, so this does not by itself put the case at risk of an unrecoverable loop."
20191012055,"alignment-based replay of the historical prefix needed at least one 'log move' -- a logged activity the model could not explain at all (a genuine deviation). Informational only: unlike the old token-based replay, the reconstructed marking is always legally reachable, so this does not by itself put the case at risk of an unrecoverable loop."
20191012084,"alignment-based replay of the historical prefix needed at least one 'log move' -- a logged activity the model could not explain at all (a genuine deviation). Informational only: unlike the old token-based replay, the reconstructed marking is always legally reachable, so this does not by itself put the case at risk of an unrecoverable loop."
20191012096,"alignment-based replay of the historical prefix needed at least one 'log move' -- a logged activity the model could not explain at all (a genuine deviation). Informational only: unlike the old token-based replay, the reconstructed marking is always legally reachable, so this does not by itself put the case at risk of an unrecoverable loop."
20191012121,"alignment-based replay of the historical prefix needed at least one 'log move' -- a logged activity the model could not explain at all (a genuine deviation). Informational only: unlike the old token-based replay, the reconstructed marking is always legally reachable, so this does not by itself put the case at risk of an unrecoverable loop."
20191012131,"alignment-based replay of the historical prefix needed at least one 'log move' -- a logged activity the model could not explain at all (a genuine deviation). Informational only: unlike the old token-based replay, the reconstructed marking is always legally reachable, so this does not by itself put the case at risk of an unrecoverable loop."
20191012132,"alignment-based replay of the historical prefix needed at least one 'log move' -- a logged activity the model could not explain at all (a genuine deviation). Informational only: unlike the old token-based replay, the reconstructed marking is always legally reachable, so this does not by itself put the case at risk of an unrecoverable loop."
20191012142,"alignment-based replay of the historical prefix needed at least one 'log move' -- a logged activity the model could not explain at all (a genuine deviation). Informational only: unlike the old token-based replay, the reconstructed marking is always legally reachable, so this does not by itself put the case at risk of an unrecoverable loop."
20191012157,"alignment-based replay of the historical prefix needed at least one 'log move' -- a logged activity the model could not explain at all (a genuine deviation). Informational only: unlike the old token-based replay, the reconstructed marking is always legally reachable, so this does not by itself put the case at risk of an unrecoverable loop."
20191012166,"alignment-based replay of the historical prefix needed at least one 'log move' -- a logged activity the model could not explain at all (a genuine deviation). Informational only: unlike the old token-based replay, the reconstructed marking is always legally reachable, so this does not by itself put the case at risk of an unrecoverable loop."
20191012175,"alignment-based replay of the historical prefix needed at least one 'log move' -- a logged activity the model could not explain at all (a genuine deviation). Informational only: unlike the old token-based replay, the reconstructed marking is always legally reachable, so this does not by itself put the case at risk of an unrecoverable loop."
20191012195,"alignment-based replay of the historical prefix needed at least one 'log move' -- a logged activity the model could not explain at all (a genuine deviation). Informational only: unlike the old token-based replay, the reconstructed marking is always legally reachable, so this does not by itself put the case at risk of an unrecoverable loop."
20191012216,"alignment-based replay of the historical prefix needed at least one 'log move' -- a logged activity the model could not explain at all (a genuine deviation). Informational only: unlike the old token-based replay, the reconstructed marking is always legally reachable, so this does not by itself put the case at risk of an unrecoverable loop."
20191012235,"alignment-based replay of the historical prefix needed at least one 'log move' -- a logged activity the model could not explain at all (a genuine deviation). Informational only: unlike the old token-based replay, the reconstructed marking is always legally reachable, so this does not by itself put the case at risk of an unrecoverable loop."
20191012255,"alignment-based replay of the historical prefix needed at least one 'log move' -- a logged activity the model could not explain at all (a genuine deviation). Informational only: unlike the old token-based replay, the reconstructed marking is always legally reachable, so this does not by itself put the case at risk of an unrecoverable loop."
20191012302,"alignment-based replay of the historical prefix needed at least one 'log move' -- a logged activity the model could not explain at all (a genuine deviation). Informational only: unlike the old token-based replay, the reconstructed marking is always legally reachable, so this does not by itself put the case at risk of an unrecoverable loop."
20191012307,"alignment-based replay of the historical prefix needed at least one 'log move' -- a logged activity the model could not explain at all (a genuine deviation). Informational only: unlike the old token-based replay, the reconstructed marking is always legally reachable, so this does not by itself put the case at risk of an unrecoverable loop."
20191012315,"alignment-based replay of the historical prefix needed at least one 'log move' -- a logged activity the model could not explain at all (a genuine deviation). Informational only: unlike the old token-based replay, the reconstructed marking is always legally reachable, so this does not by itself put the case at risk of an unrecoverable loop."
20191012341,"alignment-based replay of the historical prefix needed at least one 'log move' -- a logged activity the model could not explain at all (a genuine deviation). Informational only: unlike the old token-based replay, the reconstructed marking is always legally reachable, so this does not by itself put the case at risk of an unrecoverable loop."
20191012361,"alignment-based replay of the historical prefix needed at least one 'log move' -- a logged activity the model could not explain at all (a genuine deviation). Informational only: unlike the old token-based replay, the reconstructed marking is always legally reachable, so this does not by itself put the case at risk of an unrecoverable loop."
20191012379,"alignment-based replay of the historical prefix needed at least one 'log move' -- a logged activity the model could not explain at all (a genuine deviation). Informational only: unlike the old token-based replay, the reconstructed marking is always legally reachable, so this does not by itself put the case at risk of an unrecoverable loop."
20191012381,"alignment-based replay of the historical prefix needed at least one 'log move' -- a logged activity the model could not explain at all (a genuine deviation). Informational only: unlike the old token-based replay, the reconstructed marking is always legally reachable, so this does not by itself put the case at risk of an unrecoverable loop."
20191012385,"alignment-based replay of the historical prefix needed at least one 'log move' -- a logged activity the model could not explain at all (a genuine deviation). Informational only: unlike the old token-based replay, the reconstructed marking is always legally reachable, so this does not by itself put the case at risk of an unrecoverable loop."
20191012396,"alignment-based replay of the historical prefix needed at least one 'log move' -- a logged activity the model could not explain at all (a genuine deviation). Informational only: unlike the old token-based replay, the reconstructed marking is always legally reachable, so this does not by itself put the case at risk of an unrecoverable loop."
20191012427,"alignment-based replay of the historical prefix needed at least one 'log move' -- a logged activity the model could not explain at all (a genuine deviation). Informational only: unlike the old token-based replay, the reconstructed marking is always legally reachable, so this does not by itself put the case at risk of an unrecoverable loop."
20191012453,"alignment-based replay of the historical prefix needed at least one 'log move' -- a logged activity the model could not explain at all (a genuine deviation). Informational only: unlike the old token-based replay, the reconstructed marking is always legally reachable, so this does not by itself put the case at risk of an unrecoverable loop."
20191012737,"alignment-based replay of the historical prefix needed at least one 'log move' -- a logged activity the model could not explain at all (a genuine deviation). Informational only: unlike the old token-based replay, the reconstructed marking is always legally reachable, so this does not by itself put the case at risk of an unrecoverable loop."
20191012753,"alignment-based replay of the historical prefix needed at least one 'log move' -- a logged activity the model could not explain at all (a genuine deviation). Informational only: unlike the old token-based replay, the reconstructed marking is always legally reachable, so this does not by itself put the case at risk of an unrecoverable loop."
20191012759,"alignment-based replay of the historical prefix needed at least one 'log move' -- a logged activity the model could not explain at all (a genuine deviation). Informational only: unlike the old token-based replay, the reconstructed marking is always legally reachable, so this does not by itself put the case at risk of an unrecoverable loop."
20191012771,"alignment-based replay of the historical prefix needed at least one 'log move' -- a logged activity the model could not explain at all (a genuine deviation). Informational only: unlike the old token-based replay, the reconstructed marking is always legally reachable, so this does not by itself put the case at risk of an unrecoverable loop."
20191012839,"alignment-based replay of the historical prefix needed at least one 'log move' -- a logged activity the model could not explain at all (a genuine deviation). Informational only: unlike the old token-based replay, the reconstructed marking is always legally reachable, so this does not by itself put the case at risk of an unrecoverable loop."
20191012941,"alignment-based replay of the historical prefix needed at least one 'log move' -- a logged activity the model could not explain at all (a genuine deviation). Informational only: unlike the old token-based replay, the reconstructed marking is always legally reachable, so this does not by itself put the case at risk of an unrecoverable loop."
20191013029,"alignment-based replay of the historical prefix needed at least one 'log move' -- a logged activity the model could not explain at all (a genuine deviation). Informational only: unlike the old token-based replay, the reconstructed marking is always legally reachable, so this does not by itself put the case at risk of an unrecoverable loop."
20191013048,"alignment-based replay of the historical prefix needed at least one 'log move' -- a logged activity the model could not explain at all (a genuine deviation). Informational only: unlike the old token-based replay, the reconstructed marking is always legally reachable, so this does not by itself put the case at risk of an unrecoverable loop."
20191013055,"alignment-based replay of the historical prefix needed at least one 'log move' -- a logged activity the model could not explain at all (a genuine deviation). Informational only: unlike the old token-based replay, the reconstructed marking is always legally reachable, so this does not by itself put the case at risk of an unrecoverable loop."
20191013111,"alignment-based replay of the historical prefix needed at least one 'log move' -- a logged activity the model could not explain at all (a genuine deviation). Informational only: unlike the old token-based replay, the reconstructed marking is always legally reachable, so this does not by itself put the case at risk of an unrecoverable loop."
20191013212,"alignment-based replay of the historical prefix needed at least one 'log move' -- a logged activity the model could not explain at all (a genuine deviation). Informational only: unlike the old token-based replay, the reconstructed marking is always legally reachable, so this does not by itself put the case at risk of an unrecoverable loop."
20191013226,"alignment-based replay of the historical prefix needed at least one 'log move' -- a logged activity the model could not explain at all (a genuine deviation). Informational only: unlike the old token-based replay, the reconstructed marking is always legally reachable, so this does not by itself put the case at risk of an unrecoverable loop."
20191013252,"alignment-based replay of the historical prefix needed at least one 'log move' -- a logged activity the model could not explain at all (a genuine deviation). Informational only: unlike the old token-based replay, the reconstructed marking is always legally reachable, so this does not by itself put the case at risk of an unrecoverable loop."
20191013259,"alignment-based replay of the historical prefix needed at least one 'log move' -- a logged activity the model could not explain at all (a genuine deviation). Informational only: unlike the old token-based replay, the reconstructed marking is always legally reachable, so this does not by itself put the case at risk of an unrecoverable loop."
20191013260,"alignment-based replay of the historical prefix needed at least one 'log move' -- a logged activity the model could not explain at all (a genuine deviation). Informational only: unlike the old token-based replay, the reconstructed marking is always legally reachable, so this does not by itself put the case at risk of an unrecoverable loop."
20191013261,"alignment-based replay of the historical prefix needed at least one 'log move' -- a logged activity the model could not explain at all (a genuine deviation). Informational only: unlike the old token-based replay, the reconstructed marking is always legally reachable, so this does not by itself put the case at risk of an unrecoverable loop."
20191013321,"alignment-based replay of the historical prefix needed at least one 'log move' -- a logged activity the model could not explain at all (a genuine deviation). Informational only: unlike the old token-based replay, the reconstructed marking is always legally reachable, so this does not by itself put the case at risk of an unrecoverable loop."
20191013337,"alignment-based replay of the historical prefix needed at least one 'log move' -- a logged activity the model could not explain at all (a genuine deviation). Informational only: unlike the old token-based replay, the reconstructed marking is always legally reachable, so this does not by itself put the case at risk of an unrecoverable loop."
20191013358,"alignment-based replay of the historical prefix needed at least one 'log move' -- a logged activity the model could not explain at all (a genuine deviation). Informational only: unlike the old token-based replay, the reconstructed marking is always legally reachable, so this does not by itself put the case at risk of an unrecoverable loop."
20191013367,"alignment-based replay of the historical prefix needed at least one 'log move' -- a logged activity the model could not explain at all (a genuine deviation). Informational only: unlike the old token-based replay, the reconstructed marking is always legally reachable, so this does not by itself put the case at risk of an unrecoverable loop."
20191013387,"alignment-based replay of the historical prefix needed at least one 'log move' -- a logged activity the model could not explain at all (a genuine deviation). Informational only: unlike the old token-based replay, the reconstructed marking is always legally reachable, so this does not by itself put the case at risk of an unrecoverable loop."
20191013391,"alignment-based replay of the historical prefix needed at least one 'log move' -- a logged activity the model could not explain at all (a genuine deviation). Informational only: unlike the old token-based replay, the reconstructed marking is always legally reachable, so this does not by itself put the case at risk of an unrecoverable loop."
20191013396,"alignment-based replay of the historical prefix needed at least one 'log move' -- a logged activity the model could not explain at all (a genuine deviation). Informational only: unlike the old token-based replay, the reconstructed marking is always legally reachable, so this does not by itself put the case at risk of an unrecoverable loop."
20191013400,"alignment-based replay of the historical prefix needed at least one 'log move' -- a logged activity the model could not explain at all (a genuine deviation). Informational only: unlike the old token-based replay, the reconstructed marking is always legally reachable, so this does not by itself put the case at risk of an unrecoverable loop."
20191013464,"alignment-based replay of the historical prefix needed at least one 'log move' -- a logged activity the model could not explain at all (a genuine deviation). Informational only: unlike the old token-based replay, the reconstructed marking is always legally reachable, so this does not by itself put the case at risk of an unrecoverable loop."
20191013472,"alignment-based replay of the historical prefix needed at least one 'log move' -- a logged activity the model could not explain at all (a genuine deviation). Informational only: unlike the old token-based replay, the reconstructed marking is always legally reachable, so this does not by itself put the case at risk of an unrecoverable loop."
20191013541,"alignment-based replay of the historical prefix needed at least one 'log move' -- a logged activity the model could not explain at all (a genuine deviation). Informational only: unlike the old token-based replay, the reconstructed marking is always legally reachable, so this does not by itself put the case at risk of an unrecoverable loop."
20191013545,"alignment-based replay of the historical prefix needed at least one 'log move' -- a logged activity the model could not explain at all (a genuine deviation). Informational only: unlike the old token-based replay, the reconstructed marking is always legally reachable, so this does not by itself put the case at risk of an unrecoverable loop."
20191013582,"alignment-based replay of the historical prefix needed at least one 'log move' -- a logged activity the model could not explain at all (a genuine deviation). Informational only: unlike the old token-based replay, the reconstructed marking is always legally reachable, so this does not by itself put the case at risk of an unrecoverable loop."
20191013611,"alignment-based replay of the historical prefix needed at least one 'log move' -- a logged activity the model could not explain at all (a genuine deviation). Informational only: unlike the old token-based replay, the reconstructed marking is always legally reachable, so this does not by itself put the case at risk of an unrecoverable loop."
20191013612,"alignment-based replay of the historical prefix needed at least one 'log move' -- a logged activity the model could not explain at all (a genuine deviation). Informational only: unlike the old token-based replay, the reconstructed marking is always legally reachable, so this does not by itself put the case at risk of an unrecoverable loop."
20191013621,"alignment-based replay of the historical prefix needed at least one 'log move' -- a logged activity the model could not explain at all (a genuine deviation). Informational only: unlike the old token-based replay, the reconstructed marking is always legally reachable, so this does not by itself put the case at risk of an unrecoverable loop."
20191013625,"alignment-based replay of the historical prefix needed at least one 'log move' -- a logged activity the model could not explain at all (a genuine deviation). Informational only: unlike the old token-based replay, the reconstructed marking is always legally reachable, so this does not by itself put the case at risk of an unrecoverable loop."
20191013649,"alignment-based replay of the historical prefix needed at least one 'log move' -- a logged activity the model could not explain at all (a genuine deviation). Informational only: unlike the old token-based replay, the reconstructed marking is always legally reachable, so this does not by itself put the case at risk of an unrecoverable loop."
20191013655,"alignment-based replay of the historical prefix needed at least one 'log move' -- a logged activity the model could not explain at all (a genuine deviation). Informational only: unlike the old token-based replay, the reconstructed marking is always legally reachable, so this does not by itself put the case at risk of an unrecoverable loop."
20191013662,"alignment-based replay of the historical prefix needed at least one 'log move' -- a logged activity the model could not explain at all (a genuine deviation). Informational only: unlike the old token-based replay, the reconstructed marking is always legally reachable, so this does not by itself put the case at risk of an unrecoverable loop."
20191013663,"alignment-based replay of the historical prefix needed at least one 'log move' -- a logged activity the model could not explain at all (a genuine deviation). Informational only: unlike the old token-based replay, the reconstructed marking is always legally reachable, so this does not by itself put the case at risk of an unrecoverable loop."
20191013696,"alignment-based replay of the historical prefix needed at least one 'log move' -- a logged activity the model could not explain at all (a genuine deviation). Informational only: unlike the old token-based replay, the reconstructed marking is always legally reachable, so this does not by itself put the case at risk of an unrecoverable loop."
20191013700,"alignment-based replay of the historical prefix needed at least one 'log move' -- a logged activity the model could not explain at all (a genuine deviation). Informational only: unlike the old token-based replay, the reconstructed marking is always legally reachable, so this does not by itself put the case at risk of an unrecoverable loop."
20191013709,"alignment-based replay of the historical prefix needed at least one 'log move' -- a logged activity the model could not explain at all (a genuine deviation). Informational only: unlike the old token-based replay, the reconstructed marking is always legally reachable, so this does not by itself put the case at risk of an unrecoverable loop."
20191013721,"alignment-based replay of the historical prefix needed at least one 'log move' -- a logged activity the model could not explain at all (a genuine deviation). Informational only: unlike the old token-based replay, the reconstructed marking is always legally reachable, so this does not by itself put the case at risk of an unrecoverable loop."
20191013757,"alignment-based replay of the historical prefix needed at least one 'log move' -- a logged activity the model could not explain at all (a genuine deviation). Informational only: unlike the old token-based replay, the reconstructed marking is always legally reachable, so this does not by itself put the case at risk of an unrecoverable loop."
20191013760,"alignment-based replay of the historical prefix needed at least one 'log move' -- a logged activity the model could not explain at all (a genuine deviation). Informational only: unlike the old token-based replay, the reconstructed marking is always legally reachable, so this does not by itself put the case at risk of an unrecoverable loop."
20191013761,"alignment-based replay of the historical prefix needed at least one 'log move' -- a logged activity the model could not explain at all (a genuine deviation). Informational only: unlike the old token-based replay, the reconstructed marking is always legally reachable, so this does not by itself put the case at risk of an unrecoverable loop."
20191013763,"alignment-based replay of the historical prefix needed at least one 'log move' -- a logged activity the model could not explain at all (a genuine deviation). Informational only: unlike the old token-based replay, the reconstructed marking is always legally reachable, so this does not by itself put the case at risk of an unrecoverable loop."
20191013768,"alignment-based replay of the historical prefix needed at least one 'log move' -- a logged activity the model could not explain at all (a genuine deviation). Informational only: unlike the old token-based replay, the reconstructed marking is always legally reachable, so this does not by itself put the case at risk of an unrecoverable loop."
20191013797,"alignment-based replay of the historical prefix needed at least one 'log move' -- a logged activity the model could not explain at all (a genuine deviation). Informational only: unlike the old token-based replay, the reconstructed marking is always legally reachable, so this does not by itself put the case at risk of an unrecoverable loop."
20191013811,"alignment-based replay of the historical prefix needed at least one 'log move' -- a logged activity the model could not explain at all (a genuine deviation). Informational only: unlike the old token-based replay, the reconstructed marking is always legally reachable, so this does not by itself put the case at risk of an unrecoverable loop."
20191013855,"alignment-based replay of the historical prefix needed at least one 'log move' -- a logged activity the model could not explain at all (a genuine deviation). Informational only: unlike the old token-based replay, the reconstructed marking is always legally reachable, so this does not by itself put the case at risk of an unrecoverable loop."
20191013890,"alignment-based replay of the historical prefix needed at least one 'log move' -- a logged activity the model could not explain at all (a genuine deviation). Informational only: unlike the old token-based replay, the reconstructed marking is always legally reachable, so this does not by itself put the case at risk of an unrecoverable loop."
20191013915,"alignment-based replay of the historical prefix needed at least one 'log move' -- a logged activity the model could not explain at all (a genuine deviation). Informational only: unlike the old token-based replay, the reconstructed marking is always legally reachable, so this does not by itself put the case at risk of an unrecoverable loop."
20191013929,"alignment-based replay of the historical prefix needed at least one 'log move' -- a logged activity the model could not explain at all (a genuine deviation). Informational only: unlike the old token-based replay, the reconstructed marking is always legally reachable, so this does not by itself put the case at risk of an unrecoverable loop."
20191013956,"alignment-based replay of the historical prefix needed at least one 'log move' -- a logged activity the model could not explain at all (a genuine deviation). Informational only: unlike the old token-based replay, the reconstructed marking is always legally reachable, so this does not by itself put the case at risk of an unrecoverable loop."
20191013986,"alignment-based replay of the historical prefix needed at least one 'log move' -- a logged activity the model could not explain at all (a genuine deviation). Informational only: unlike the old token-based replay, the reconstructed marking is always legally reachable, so this does not by itself put the case at risk of an unrecoverable loop."
20191013993,"alignment-based replay of the historical prefix needed at least one 'log move' -- a logged activity the model could not explain at all (a genuine deviation). Informational only: unlike the old token-based replay, the reconstructed marking is always legally reachable, so this does not by itself put the case at risk of an unrecoverable loop."
20191014006,"alignment-based replay of the historical prefix needed at least one 'log move' -- a logged activity the model could not explain at all (a genuine deviation). Informational only: unlike the old token-based replay, the reconstructed marking is always legally reachable, so this does not by itself put the case at risk of an unrecoverable loop."
20191014019,"alignment-based replay of the historical prefix needed at least one 'log move' -- a logged activity the model could not explain at all (a genuine deviation). Informational only: unlike the old token-based replay, the reconstructed marking is always legally reachable, so this does not by itself put the case at risk of an unrecoverable loop."
20191014026,"alignment-based replay of the historical prefix needed at least one 'log move' -- a logged activity the model could not explain at all (a genuine deviation). Informational only: unlike the old token-based replay, the reconstructed marking is always legally reachable, so this does not by itself put the case at risk of an unrecoverable loop."
20191014033,"alignment-based replay of the historical prefix needed at least one 'log move' -- a logged activity the model could not explain at all (a genuine deviation). Informational only: unlike the old token-based replay, the reconstructed marking is always legally reachable, so this does not by itself put the case at risk of an unrecoverable loop."
20191014064,"alignment-based replay of the historical prefix needed at least one 'log move' -- a logged activity the model could not explain at all (a genuine deviation). Informational only: unlike the old token-based replay, the reconstructed marking is always legally reachable, so this does not by itself put the case at risk of an unrecoverable loop."
20191014071,"alignment-based replay of the historical prefix needed at least one 'log move' -- a logged activity the model could not explain at all (a genuine deviation). Informational only: unlike the old token-based replay, the reconstructed marking is always legally reachable, so this does not by itself put the case at risk of an unrecoverable loop."
20191014087,"alignment-based replay of the historical prefix needed at least one 'log move' -- a logged activity the model could not explain at all (a genuine deviation). Informational only: unlike the old token-based replay, the reconstructed marking is always legally reachable, so this does not by itself put the case at risk of an unrecoverable loop."
20191014093,"alignment-based replay of the historical prefix needed at least one 'log move' -- a logged activity the model could not explain at all (a genuine deviation). Informational only: unlike the old token-based replay, the reconstructed marking is always legally reachable, so this does not by itself put the case at risk of an unrecoverable loop."
20191014101,"alignment-based replay of the historical prefix needed at least one 'log move' -- a logged activity the model could not explain at all (a genuine deviation). Informational only: unlike the old token-based replay, the reconstructed marking is always legally reachable, so this does not by itself put the case at risk of an unrecoverable loop."
20191014104,"alignment-based replay of the historical prefix needed at least one 'log move' -- a logged activity the model could not explain at all (a genuine deviation). Informational only: unlike the old token-based replay, the reconstructed marking is always legally reachable, so this does not by itself put the case at risk of an unrecoverable loop."
20191014105,"alignment-based replay of the historical prefix needed at least one 'log move' -- a logged activity the model could not explain at all (a genuine deviation). Informational only: unlike the old token-based replay, the reconstructed marking is always legally reachable, so this does not by itself put the case at risk of an unrecoverable loop."
20191014107,"alignment-based replay of the historical prefix needed at least one 'log move' -- a logged activity the model could not explain at all (a genuine deviation). Informational only: unlike the old token-based replay, the reconstructed marking is always legally reachable, so this does not by itself put the case at risk of an unrecoverable loop."
20191014110,"alignment-based replay of the historical prefix needed at least one 'log move' -- a logged activity the model could not explain at all (a genuine deviation). Informational only: unlike the old token-based replay, the reconstructed marking is always legally reachable, so this does not by itself put the case at risk of an unrecoverable loop."
20191014117,"alignment-based replay of the historical prefix needed at least one 'log move' -- a logged activity the model could not explain at all (a genuine deviation). Informational only: unlike the old token-based replay, the reconstructed marking is always legally reachable, so this does not by itself put the case at risk of an unrecoverable loop."
20191014118,"alignment-based replay of the historical prefix needed at least one 'log move' -- a logged activity the model could not explain at all (a genuine deviation). Informational only: unlike the old token-based replay, the reconstructed marking is always legally reachable, so this does not by itself put the case at risk of an unrecoverable loop."
20191014123,"alignment-based replay of the historical prefix needed at least one 'log move' -- a logged activity the model could not explain at all (a genuine deviation). Informational only: unlike the old token-based replay, the reconstructed marking is always legally reachable, so this does not by itself put the case at risk of an unrecoverable loop."
20191014130,"alignment-based replay of the historical prefix needed at least one 'log move' -- a logged activity the model could not explain at all (a genuine deviation). Informational only: unlike the old token-based replay, the reconstructed marking is always legally reachable, so this does not by itself put the case at risk of an unrecoverable loop."
20191014136,"alignment-based replay of the historical prefix needed at least one 'log move' -- a logged activity the model could not explain at all (a genuine deviation). Informational only: unlike the old token-based replay, the reconstructed marking is always legally reachable, so this does not by itself put the case at risk of an unrecoverable loop."
20191014141,"alignment-based replay of the historical prefix needed at least one 'log move' -- a logged activity the model could not explain at all (a genuine deviation). Informational only: unlike the old token-based replay, the reconstructed marking is always legally reachable, so this does not by itself put the case at risk of an unrecoverable loop."
20191014172,"alignment-based replay of the historical prefix needed at least one 'log move' -- a logged activity the model could not explain at all (a genuine deviation). Informational only: unlike the old token-based replay, the reconstructed marking is always legally reachable, so this does not by itself put the case at risk of an unrecoverable loop."
20191014176,"alignment-based replay of the historical prefix needed at least one 'log move' -- a logged activity the model could not explain at all (a genuine deviation). Informational only: unlike the old token-based replay, the reconstructed marking is always legally reachable, so this does not by itself put the case at risk of an unrecoverable loop."
20191014212,"alignment-based replay of the historical prefix needed at least one 'log move' -- a logged activity the model could not explain at all (a genuine deviation). Informational only: unlike the old token-based replay, the reconstructed marking is always legally reachable, so this does not by itself put the case at risk of an unrecoverable loop."
20191014221,"alignment-based replay of the historical prefix needed at least one 'log move' -- a logged activity the model could not explain at all (a genuine deviation). Informational only: unlike the old token-based replay, the reconstructed marking is always legally reachable, so this does not by itself put the case at risk of an unrecoverable loop."
20191014223,"alignment-based replay of the historical prefix needed at least one 'log move' -- a logged activity the model could not explain at all (a genuine deviation). Informational only: unlike the old token-based replay, the reconstructed marking is always legally reachable, so this does not by itself put the case at risk of an unrecoverable loop."
20191014231,"alignment-based replay of the historical prefix needed at least one 'log move' -- a logged activity the model could not explain at all (a genuine deviation). Informational only: unlike the old token-based replay, the reconstructed marking is always legally reachable, so this does not by itself put the case at risk of an unrecoverable loop."
20191014247,"alignment-based replay of the historical prefix needed at least one 'log move' -- a logged activity the model could not explain at all (a genuine deviation). Informational only: unlike the old token-based replay, the reconstructed marking is always legally reachable, so this does not by itself put the case at risk of an unrecoverable loop."
20191014265,"alignment-based replay of the historical prefix needed at least one 'log move' -- a logged activity the model could not explain at all (a genuine deviation). Informational only: unlike the old token-based replay, the reconstructed marking is always legally reachable, so this does not by itself put the case at risk of an unrecoverable loop."
20191014274,"alignment-based replay of the historical prefix needed at least one 'log move' -- a logged activity the model could not explain at all (a genuine deviation). Informational only: unlike the old token-based replay, the reconstructed marking is always legally reachable, so this does not by itself put the case at risk of an unrecoverable loop."
20191014281,"alignment-based replay of the historical prefix needed at least one 'log move' -- a logged activity the model could not explain at all (a genuine deviation). Informational only: unlike the old token-based replay, the reconstructed marking is always legally reachable, so this does not by itself put the case at risk of an unrecoverable loop."
20191014284,"alignment-based replay of the historical prefix needed at least one 'log move' -- a logged activity the model could not explain at all (a genuine deviation). Informational only: unlike the old token-based replay, the reconstructed marking is always legally reachable, so this does not by itself put the case at risk of an unrecoverable loop."
20191014288,"alignment-based replay of the historical prefix needed at least one 'log move' -- a logged activity the model could not explain at all (a genuine deviation). Informational only: unlike the old token-based replay, the reconstructed marking is always legally reachable, so this does not by itself put the case at risk of an unrecoverable loop."
20191014314,"alignment-based replay of the historical prefix needed at least one 'log move' -- a logged activity the model could not explain at all (a genuine deviation). Informational only: unlike the old token-based replay, the reconstructed marking is always legally reachable, so this does not by itself put the case at risk of an unrecoverable loop."
20191014317,"alignment-based replay of the historical prefix needed at least one 'log move' -- a logged activity the model could not explain at all (a genuine deviation). Informational only: unlike the old token-based replay, the reconstructed marking is always legally reachable, so this does not by itself put the case at risk of an unrecoverable loop."
20191014322,"alignment-based replay of the historical prefix needed at least one 'log move' -- a logged activity the model could not explain at all (a genuine deviation). Informational only: unlike the old token-based replay, the reconstructed marking is always legally reachable, so this does not by itself put the case at risk of an unrecoverable loop."
20191014323,"alignment-based replay of the historical prefix needed at least one 'log move' -- a logged activity the model could not explain at all (a genuine deviation). Informational only: unlike the old token-based replay, the reconstructed marking is always legally reachable, so this does not by itself put the case at risk of an unrecoverable loop."
20191014326,"alignment-based replay of the historical prefix needed at least one 'log move' -- a logged activity the model could not explain at all (a genuine deviation). Informational only: unlike the old token-based replay, the reconstructed marking is always legally reachable, so this does not by itself put the case at risk of an unrecoverable loop."
20191014340,"alignment-based replay of the historical prefix needed at least one 'log move' -- a logged activity the model could not explain at all (a genuine deviation). Informational only: unlike the old token-based replay, the reconstructed marking is always legally reachable, so this does not by itself put the case at risk of an unrecoverable loop."
20191014342,"alignment-based replay of the historical prefix needed at least one 'log move' -- a logged activity the model could not explain at all (a genuine deviation). Informational only: unlike the old token-based replay, the reconstructed marking is always legally reachable, so this does not by itself put the case at risk of an unrecoverable loop."
20191014343,"alignment-based replay of the historical prefix needed at least one 'log move' -- a logged activity the model could not explain at all (a genuine deviation). Informational only: unlike the old token-based replay, the reconstructed marking is always legally reachable, so this does not by itself put the case at risk of an unrecoverable loop."
20191014354,"alignment-based replay of the historical prefix needed at least one 'log move' -- a logged activity the model could not explain at all (a genuine deviation). Informational only: unlike the old token-based replay, the reconstructed marking is always legally reachable, so this does not by itself put the case at risk of an unrecoverable loop."
20191014357,"alignment-based replay of the historical prefix needed at least one 'log move' -- a logged activity the model could not explain at all (a genuine deviation). Informational only: unlike the old token-based replay, the reconstructed marking is always legally reachable, so this does not by itself put the case at risk of an unrecoverable loop."
20191014363,"alignment-based replay of the historical prefix needed at least one 'log move' -- a logged activity the model could not explain at all (a genuine deviation). Informational only: unlike the old token-based replay, the reconstructed marking is always legally reachable, so this does not by itself put the case at risk of an unrecoverable loop."
20191014372,"alignment-based replay of the historical prefix needed at least one 'log move' -- a logged activity the model could not explain at all (a genuine deviation). Informational only: unlike the old token-based replay, the reconstructed marking is always legally reachable, so this does not by itself put the case at risk of an unrecoverable loop."
20191014376,"alignment-based replay of the historical prefix needed at least one 'log move' -- a logged activity the model could not explain at all (a genuine deviation). Informational only: unlike the old token-based replay, the reconstructed marking is always legally reachable, so this does not by itself put the case at risk of an unrecoverable loop."
20191014387,"alignment-based replay of the historical prefix needed at least one 'log move' -- a logged activity the model could not explain at all (a genuine deviation). Informational only: unlike the old token-based replay, the reconstructed marking is always legally reachable, so this does not by itself put the case at risk of an unrecoverable loop."
20191014388,"alignment-based replay of the historical prefix needed at least one 'log move' -- a logged activity the model could not explain at all (a genuine deviation). Informational only: unlike the old token-based replay, the reconstructed marking is always legally reachable, so this does not by itself put the case at risk of an unrecoverable loop."
20191014396,"alignment-based replay of the historical prefix needed at least one 'log move' -- a logged activity the model could not explain at all (a genuine deviation). Informational only: unlike the old token-based replay, the reconstructed marking is always legally reachable, so this does not by itself put the case at risk of an unrecoverable loop."
20191014405,"alignment-based replay of the historical prefix needed at least one 'log move' -- a logged activity the model could not explain at all (a genuine deviation). Informational only: unlike the old token-based replay, the reconstructed marking is always legally reachable, so this does not by itself put the case at risk of an unrecoverable loop."
20191014415,"alignment-based replay of the historical prefix needed at least one 'log move' -- a logged activity the model could not explain at all (a genuine deviation). Informational only: unlike the old token-based replay, the reconstructed marking is always legally reachable, so this does not by itself put the case at risk of an unrecoverable loop."
20191014416,"alignment-based replay of the historical prefix needed at least one 'log move' -- a logged activity the model could not explain at all (a genuine deviation). Informational only: unlike the old token-based replay, the reconstructed marking is always legally reachable, so this does not by itself put the case at risk of an unrecoverable loop."
20191014419,"alignment-based replay of the historical prefix needed at least one 'log move' -- a logged activity the model could not explain at all (a genuine deviation). Informational only: unlike the old token-based replay, the reconstructed marking is always legally reachable, so this does not by itself put the case at risk of an unrecoverable loop."
20191014430,"alignment-based replay of the historical prefix needed at least one 'log move' -- a logged activity the model could not explain at all (a genuine deviation). Informational only: unlike the old token-based replay, the reconstructed marking is always legally reachable, so this does not by itself put the case at risk of an unrecoverable loop."
20191014431,"alignment-based replay of the historical prefix needed at least one 'log move' -- a logged activity the model could not explain at all (a genuine deviation). Informational only: unlike the old token-based replay, the reconstructed marking is always legally reachable, so this does not by itself put the case at risk of an unrecoverable loop."
20191014438,"alignment-based replay of the historical prefix needed at least one 'log move' -- a logged activity the model could not explain at all (a genuine deviation). Informational only: unlike the old token-based replay, the reconstructed marking is always legally reachable, so this does not by itself put the case at risk of an unrecoverable loop."
20191014441,"alignment-based replay of the historical prefix needed at least one 'log move' -- a logged activity the model could not explain at all (a genuine deviation). Informational only: unlike the old token-based replay, the reconstructed marking is always legally reachable, so this does not by itself put the case at risk of an unrecoverable loop."
20191014451,"alignment-based replay of the historical prefix needed at least one 'log move' -- a logged activity the model could not explain at all (a genuine deviation). Informational only: unlike the old token-based replay, the reconstructed marking is always legally reachable, so this does not by itself put the case at risk of an unrecoverable loop."
20191014458,"alignment-based replay of the historical prefix needed at least one 'log move' -- a logged activity the model could not explain at all (a genuine deviation). Informational only: unlike the old token-based replay, the reconstructed marking is always legally reachable, so this does not by itself put the case at risk of an unrecoverable loop."
20191014462,"alignment-based replay of the historical prefix needed at least one 'log move' -- a logged activity the model could not explain at all (a genuine deviation). Informational only: unlike the old token-based replay, the reconstructed marking is always legally reachable, so this does not by itself put the case at risk of an unrecoverable loop."
