case:concept:name,Next_activity,Next_resource
201810001660,Request completed with account closure,BOC
201810002650,Pending Request for Reservation Closure,BOCSER
201810006512,Pending Request for Reservation Closure,BOC
201810008108,Request completed with account closure,BOC
201810008268,Service closure Request with BO responsibility,00835
201810008485,Pending Request for Reservation Closure,BOC
201810008899,Request completed with account closure,BOC
20181000902,Pending Request for Reservation Closure,BOC
201810010740,Pending Request for Reservation Closure,BOC
201810011081,Pending Request for Reservation Closure,BOC
201810011583,Pending Request for Reservation Closure,BOC
20181012611,Pending Request for Reservation Closure,BOC
20181013679,Pending Request for Reservation Closure,BOCSER
201811000205,Pending Request for Reservation Closure,BOC
201811001580,Pending Request for Reservation Closure,BOC
201811001889,Pending Request for Reservation Closure,BOC
201811002881,Service closure Request with BO responsibility,00848
201811003327,Pending Request for Reservation Closure,BOC
201811003911,Pending Request for Reservation Closure,BOC
201811004163,Pending Request for Reservation Closure,BOC
201811004205,Pending Request for Reservation Closure,BOC
201811004338,Pending Request for Reservation Closure,BOC
201811005226,Pending Request for Reservation Closure,BOC
201811005422,Pending Request for Reservation Closure,BOC
201811005747,Pending Request for Reservation Closure,BOC
201811005954,Service closure Request with BO responsibility,00848
201811006467,Request completed with account closure,BOC
201811006674,Service closure Request with BO responsibility,00848
201811006982,Request completed with account closure,BOC
201811007401,Service closure Request with BO responsibility,00848
201811008100,Pending Request for Reservation Closure,BOC
201811008330,Pending Request for Reservation Closure,SDCTCC
201811008338,Service closure Request with BO responsibility,00848
201811008394,Pending Request for acquittance of heirs,BOC
201811008598,Service closure Request with BO responsibility,00848
201811008631,Pending Request for Reservation Closure,BOC
201811008634,Service closure Request with BO responsibility,00848
201811009132,Service closure Request with BO responsibility,00835
201811009434,Service closure Request with BO responsibility,00835
201811009590,Request completed with account closure,BOC
201811009800,Pending Request for Reservation Closure,BOC
201811010119,Pending Request for acquittance of heirs,BOC
201811010142,Request completed with account closure,BOC
201811010681,Pending Request for Reservation Closure,BOC
201811010732,Service closure Request with BO responsibility,00848
201811011699,Pending Request for Reservation Closure,BOC
201811011715,Pending Request for Reservation Closure,BOC
201811011742,Pending Request for Reservation Closure,BOC
201811011907,Pending Request for Reservation Closure,SDCTCC
201811011916,Pending Request for Reservation Closure,BOC
201812000179,Pending Request for Reservation Closure,BOC
201812000181,Pending Request for Reservation Closure,BOC
201812000186,Service closure Request with BO responsibility,00835
201812000605,Pending Request for Reservation Closure,BOC
201812000606,Pending Request for Reservation Closure,BOC
201812000900,Pending Request for Reservation Closure,BOC
201812002344,Service closure Request with BO responsibility,00848
201812002552,Pending Request for Reservation Closure,BOC
201812002630,Service closure Request with BO responsibility,00848
201812002677,Pending Request for Reservation Closure,BOC
201812002837,Pending Request for Reservation Closure,BOC
201812002893,Service closure Request with BO responsibility,00835
201812003039,Pending Request for Reservation Closure,BOC
201812003088,Pending Request for Reservation Closure,BOC
201812003287,Pending Request for acquittance of heirs,BOC
201812004065,Request completed with account closure,BOC
201812004155,Pending Request for Reservation Closure,BOC
201812004198,Request completed with account closure,BOC
201812004271,Pending Request for Reservation Closure,BOC
201812004422,Pending Request for Reservation Closure,BOC
201812004433,Pending Request for Reservation Closure,BOC
201812004478,Pending Request for Reservation Closure,BOC
201812004552,Pending Request for Reservation Closure,BOC
201812004625,Pending Request for Reservation Closure,BOC
201812004772,Pending Request for Reservation Closure,SDCRAP
201812004817,Request completed with account closure,BOC
201812004871,Pending Request for Reservation Closure,BOC
201812004921,Pending Liquidation Request,BOC
201812005259,Pending Request for Reservation Closure,BOC
201812005350,Request completed with account closure,BOC
201812005402,Pending Request for Reservation Closure,BOC
201812005434,Pending Request for Reservation Closure,BOC
201812005461,Service closure Request with BO responsibility,00848
201812005659,Pending Request for Reservation Closure,BOC
201812005779,Pending Request for Reservation Closure,BOC
201812005853,Request completed with account closure,BOC
201812005862,Service closure Request with BO responsibility,00837
201812005898,Request completed with account closure,BOC
201812006094,Pending Request for Reservation Closure,BOC
201812006124,Service closure Request with BO responsibility,00835
201812006485,Pending Request for Reservation Closure,BOC
201812006628,Pending Request for Reservation Closure,BOC
201812006707,Request completed with account closure,BOC
201812006755,Request completed with account closure,BOC
201812006820,Pending Request for Reservation Closure,BOC
201812006824,Pending Request for Reservation Closure,BOC
201812007245,Service closure Request with BO responsibility,00835
201812007280,Pending Request for Reservation Closure,BOC
201812007319,Pending Request for Reservation Closure,BOC
201812007397,Pending Request for Reservation Closure,BOC
201812007439,Pending Liquidation Request,BOCSER
201812007654,Service closure Request with BO responsibility,00848
201812007664,Service closure Request with BO responsibility,00835
201812007718,Pending Request for Reservation Closure,BOC
201812007723,Pending Request for Reservation Closure,BOC
201812007727,Pending Request for Reservation Closure,SDCTCC
201812007780,Request completed with account closure,BOC
201812007788,Service closure Request with BO responsibility,00837
201812007839,Pending Request for Reservation Closure,BOC
201812007853,Pending Request for Reservation Closure,BOC
201812008090,Request completed with account closure,BOC
201812008149,Pending Request for acquittance of heirs,BOC
201812008346,Pending Request for acquittance of heirs,BOC
201812008642,Pending Request for Reservation Closure,BOC
201812008657,Pending Request for Reservation Closure,BOC
201812008694,Pending Request for Reservation Closure,BOC
201812008702,Service closure Request with BO responsibility,00835
201812008708,Service closure Request with BO responsibility,00835
201812008800,Pending Request for Reservation Closure,BOC
201812008953,Request completed with account closure,BOC
201812009363,Pending Request for Reservation Closure,BOC
201812009485,Pending Request for acquittance of heirs,BOC
201812009515,Pending Request for Reservation Closure,BOC
201812009556,Pending Request for Reservation Closure,BOC
201812009573,Pending Request for acquittance of heirs,BOC
201812009645,Service closure Request with BO responsibility,00848
201812009682,Pending Request for Reservation Closure,BOC
201812009703,Pending Request for acquittance of heirs,BOC
201812009725,Request completed with account closure,BOC
201812009750,Service closure Request with BO responsibility,00848
201812009753,Pending Request for Reservation Closure,BOC
20182005961,Pending Request for Reservation Closure,BOC
20182009106,Pending Request for Reservation Closure,BOC
20183007131,Request completed with account closure,BOC
20184001796,Pending Request for Reservation Closure,BOC
20185003342,Pending Request for Reservation Closure,BOC
20186002647,Request completed with account closure,BOC
20186005840,Pending Request for Reservation Closure,BOC
20186007767,Pending Request for Reservation Closure,BOC
20187001795,Pending Request for Reservation Closure,BOC
20187002397,Pending Request for Reservation Closure,BOC
20187003190,Pending Request for Reservation Closure,BOC
20187003641,Service closure Request with BO responsibility,00848
20187006392,Pending Request for Reservation Closure,BOCSER
20187006846,Pending Request for Reservation Closure,BOC
20187007250,Pending Liquidation Request,BOC
20187010782,Pending Request for Reservation Closure,BOC
20188002087,Pending Request for Reservation Closure,BOC
20188002441,Pending Request for Reservation Closure,BOC
20188002645,Service closure Request with BO responsibility,00835
20188005486,Service closure Request with BO responsibility,00848
20189001829,Pending Request for Reservation Closure,BOC
20189003084,Pending Request for Reservation Closure,BOC
20189003486,Pending Request for Reservation Closure,BOC
20189004803,Pending Request for Reservation Closure,BOC
20189006540,Request completed with account closure,BOC
20189007102,Pending Request for Reservation Closure,BOC
20189007821,Service closure Request with BO responsibility,00835
20189007982,Pending Request for Reservation Closure,BOC
20189008206,Pending Request for Reservation Closure,BOC
20189009645,Pending Request for Reservation Closure,BOC
20191000037,Request completed with account closure,BOC
20191000127,Pending Request for Reservation Closure,BOC
20191000242,Pending Request for Reservation Closure,BOC
20191000255,Service closure Request with BO responsibility,00835
20191000260,Pending Request for Reservation Closure,BOC
20191000269,Service closure Request with BO responsibility,00835
20191000366,Service closure Request with BO responsibility,00848
20191000380,Request completed with account closure,BOC
20191000382,Service closure Request with BO responsibility,00848
20191000433,Pending Request for Reservation Closure,BOC
20191000490,Pending Request for Reservation Closure,BOC
20191000535,Pending Request for Reservation Closure,BOC
20191000546,Pending Request for Reservation Closure,BOC
20191000553,Pending Liquidation Request,BOC
20191000568,Pending Request for Reservation Closure,BOC
20191000676,Pending Request for Reservation Closure,BOC
20191000751,Service closure Request with BO responsibility,00848
20191000782,Pending Request for Reservation Closure,BOC
20191000845,Pending Request for Reservation Closure,BOCSER
20191000920,Pending Liquidation Request,BOC
20191000928,Request completed with account closure,BOC
20191000957,Pending Request for Reservation Closure,BOC
20191001061,Pending Request for Reservation Closure,BOC
20191001073,Request completed with account closure,BOC
20191001178,Request completed with account closure,BOC
20191001209,Pending Request for Reservation Closure,BOC
20191001270,Pending Request for acquittance of heirs,BOC
20191001457,Pending Request for Reservation Closure,BOC
20191001560,Service closure Request with BO responsibility,00848
20191001584,Pending Request for Reservation Closure,BOC
20191001595,Pending Request for Reservation Closure,BOC
20191001604,Request completed with account closure,BOC
20191001611,Request completed with account closure,BOC
20191001699,Pending Request for Reservation Closure,BOC
20191001826,Service closure Request with BO responsibility,00835
20191001846,Pending Request for Reservation Closure,SDCRAP
20191001877,Pending Request for Reservation Closure,BOC
20191001909,Pending Liquidation Request,BOC
20191001991,Request completed with account closure,BOC
20191001992,Service closure Request with BO responsibility,00848
20191002027,Pending Request for Reservation Closure,BOC
20191002029,Pending Request for acquittance of heirs,BOC
20191002074,Request completed with account closure,BOC
20191002078,Request completed with account closure,BOC
20191002091,Pending Request for acquittance of heirs,BOC
20191002111,Pending Request for Reservation Closure,BOC
20191002163,Pending Liquidation Request,BOC
20191002211,Pending Request for Reservation Closure,BOC
20191002216,Pending Request for Reservation Closure,BOC
20191002277,Request completed with account closure,BOC
20191002297,Service closure Request with BO responsibility,00835
20191002394,Pending Request for Reservation Closure,BOC
20191002483,Pending Request for Reservation Closure,BOC
20191002503,Pending Request for Reservation Closure,BOC
20191002511,Pending Liquidation Request,BOCSER
20191002521,Pending Liquidation Request,BOCSER
20191002534,Pending Request for Reservation Closure,BOC
20191002537,Service closure Request with BO responsibility,00835
20191002706,Service closure Request with BO responsibility,00835
20191002742,Pending Liquidation Request,BOC
20191002745,Pending Request for Reservation Closure,BOC
20191002751,Pending Request for acquittance of heirs,BOC
20191002759,Pending Request for Reservation Closure,BOC
20191002920,Pending Request for Reservation Closure,BOC
20191002939,Pending Request for Reservation Closure,BOC
20191002953,Pending Request for Reservation Closure,BOC
20191002956,Service closure Request with BO responsibility,00835
20191002981,Pending Request for Reservation Closure,BOC
20191003000,Pending Request for Reservation Closure,BOC
20191003019,Pending Request for Reservation Closure,BOC
20191003043,Pending Request for Reservation Closure,BOC
20191003077,Pending Request for Reservation Closure,BOC
20191003263,Service closure Request with BO responsibility,00848
20191003312,Request completed with account closure,BOC
20191003315,Pending Request for Reservation Closure,BOC
20191003440,Pending Request for Reservation Closure,BOC
20191003465,Service closure Request with BO responsibility,00848
20191003502,Pending Request for Reservation Closure,BOC
20191003540,Service closure Request with BO responsibility,00835
20191003568,Pending Liquidation Request,BOC
20191003594,Pending Liquidation Request,BOC
20191003680,Request completed with account closure,BOC
20191003699,Pending Request for Reservation Closure,BOC
20191003724,Pending Request for Reservation Closure,BOC
20191003755,Service closure Request with BO responsibility,00835
20191003756,Service closure Request with BO responsibility,00835
20191003759,Request completed with account closure,BOC
20191003785,Service closure Request with BO responsibility,00848
20191003861,Request completed with account closure,BOC
20191003909,Pending Liquidation Request,BOC
20191003938,Service closure Request with BO responsibility,00848
20191004011,Pending Request for Reservation Closure,BOC
20191004025,Pending Request for Reservation Closure,BOC
20191004038,Request completed with account closure,BOC
20191004043,Pending Request for Reservation Closure,BOC
20191004048,Authorization Requested,BOC
20191004109,Request completed with account closure,BOC
20191004146,Pending Request for Reservation Closure,BOC
20191004208,Pending Request for Reservation Closure,SDCTCC
20191004220,Pending Request for Reservation Closure,BOC
20191004224,Pending Request for Reservation Closure,BOC
20191004227,Request completed with account closure,BOC
20191004251,Evaluating Request (WITH registered letter),00341
20191004267,Pending Request for Reservation Closure,BOC
20191004286,Authorization Requested,00767
20191004364,Pending Request for Reservation Closure,BOC
20191004374,Pending Request for Reservation Closure,BOC
20191004402,Request completed with account closure,BOC
20191004432,Request completed with account closure,BOC
20191004440,Pending Request for Reservation Closure,BOC
20191004500,Request completed with account closure,BOC
20191004550,Pending Request for Reservation Closure,BOC
20191004556,Pending Request for Reservation Closure,BOC
20191004566,Pending Request for Reservation Closure,BOC
20191004680,Pending Request for Reservation Closure,BOC
20191004710,Request completed with account closure,BOC
20191004805,Pending Request for Reservation Closure,BOC
20191004843,Pending Request for Reservation Closure,BOC
20191004854,Pending Request for acquittance of heirs,BOC
20191004869,Service closure Request with BO responsibility,00835
20191004891,Pending Request for Reservation Closure,BOC
20191004909,Pending Request for Reservation Closure,BOC
20191004957,Request completed with account closure,BOC
20191004983,Service closure Request with BO responsibility,00848
20191005120,Pending Request for Reservation Closure,BOC
20191005134,Pending Request for Reservation Closure,BOC
20191005248,Request completed with account closure,BOC
20191005294,Request completed with account closure,BOC
20191005303,Pending Request for Reservation Closure,BOC
20191005314,Pending Request for Reservation Closure,BOC
20191005347,Pending Request for Reservation Closure,BOC
20191005360,Service closure Request with BO responsibility,00835
20191005375,Pending Request for Reservation Closure,BOC
20191005395,Request completed with account closure,BOC
20191005409,Pending Request for Reservation Closure,BOC
20191005427,Pending Request for acquittance of heirs,BOC
20191005428,Pending Request for Reservation Closure,BOC
20191005462,Pending Request for Reservation Closure,BOC
20191005480,Authorization Requested,00594
20191005537,Request completed with account closure,BOC
20191005557,Pending Request for Reservation Closure,BOC
20191005567,Request completed with account closure,BOC
20191005632,Request completed with account closure,BOC
20191005637,Pending Request for Reservation Closure,BOC
20191005681,Pending Request for Reservation Closure,BOC
20191005698,Pending Request for Reservation Closure,BOC
20191005733,Pending Request for Reservation Closure,BOC
20191005769,Pending Request for Reservation Closure,BOC
20191005838,Service closure Request with BO responsibility,00848
20191005903,Request completed with account closure,BOC
20191005922,Pending Liquidation Request,BOCSER
20191005924,Service closure Request with BO responsibility,00837
20191005966,Pending Request for Reservation Closure,BOC
20191006023,Pending Request for Reservation Closure,BOC
20191006058,Service closure Request with BO responsibility,00835
20191006064,Request completed with account closure,BOC
20191006077,Pending Request for Reservation Closure,BOC
20191006078,Service closure Request with BO responsibility,00835
20191006098,Service closure Request with BO responsibility,00835
20191006110,Pending Request for Reservation Closure,BOC
20191006142,Pending Request for Reservation Closure,BOCSER
20191006145,Pending Request for Reservation Closure,BOC
20191006188,Service closure Request with BO responsibility,00835
20191006203,Pending Request for Reservation Closure,BOC
20191006207,Pending Request for Reservation Closure,BOC
20191006210,Pending Request for Reservation Closure,BOC
20191006217,Pending Request for Reservation Closure,BOC
20191006233,Pending Request for Reservation Closure,BOCSER
20191006273,Service closure Request with BO responsibility,00835
20191006292,Request completed with account closure,BOC
20191006301,Request completed with account closure,BOC
20191006309,Pending Request for Reservation Closure,BOC
20191006333,Pending Request for Reservation Closure,BOC
20191006358,Pending Request for Reservation Closure,BOC
20191006382,Pending Request for Reservation Closure,BOC
20191006394,Pending Request for Reservation Closure,SDCTCC
20191006436,Request completed with account closure,BOC
20191006502,Pending Request for Reservation Closure,BOC
20191006520,Service closure Request with BO responsibility,00835
20191006539,Pending Request for Reservation Closure,BOC
20191006585,Pending Request for Reservation Closure,BOC
20191006608,Pending Request for Reservation Closure,BOC
20191006655,Pending Request for Reservation Closure,BOCSER
20191006661,Pending Request for acquittance of heirs,BOC
20191006747,Pending Request for Reservation Closure,BOCSER
20191006756,Service closure Request with BO responsibility,00848
20191006771,Pending Request for Reservation Closure,BOC
20191006784,Pending Request for Reservation Closure,BOC
20191006788,Pending Request for Reservation Closure,BOC
20191006789,Request completed with account closure,BOC
20191006870,Pending Request for Reservation Closure,BOC
20191006871,Service closure Request with BO responsibility,00848
20191006880,Pending Request for Reservation Closure,BOC
20191006886,Pending Request for acquittance of heirs,BOC
20191006920,Pending Request for Reservation Closure,BOC
20191006922,Request completed with account closure,BOC
20191006956,Pending Request for Reservation Closure,BOC
20191006987,Pending Request for Reservation Closure,BOC
20191007056,Service closure Request with BO responsibility,00848
20191007068,Request completed with account closure,BOC
20191007079,Pending Request for Reservation Closure,BOC
20191007149,Request completed with account closure,BOC
20191007166,Request completed with account closure,BOC
20191007291,Request completed with account closure,BOC
20191007305,Pending Request for Reservation Closure,BOC
20191007344,Request completed with account closure,BOC
20191007413,Pending Request for Reservation Closure,BOC
20191007453,Pending Request for Reservation Closure,BOC
20191007463,Request completed with account closure,BOC
20191007469,Pending Request for Reservation Closure,BOCSER
20191007472,Pending Request for Reservation Closure,BOC
20191007481,Pending Request for Reservation Closure,BOC
20191007501,Pending Request for Reservation Closure,BOCSER
20191007510,Pending Request for Reservation Closure,BOC
20191007558,Pending Request for Reservation Closure,BOC
20191007560,Pending Request for Reservation Closure,BOC
20191007564,Request completed with account closure,BOC
20191007570,Request completed with account closure,BOC
20191007587,Request completed with account closure,BOC
20191007597,Pending Request for Reservation Closure,BOC
20191007623,Request completed with account closure,BOC
20191007651,Pending Request for Reservation Closure,BOC
20191007666,Request completed with account closure,BOC
20191007668,Request completed with account closure,BOC
20191007674,Pending Liquidation Request,BOC
20191007718,Pending Request for Reservation Closure,BOC
20191007810,Request completed with account closure,BOC
20191007859,Pending Request for Reservation Closure,BOC
20191007866,Pending Request for acquittance of heirs,BOC
20191007873,Request completed with account closure,BOC
20191007894,Service closure Request with BO responsibility,00848
20191007895,Request completed with account closure,BOC
20191007901,Pending Request for Reservation Closure,BOC
20191007903,Pending Request for Reservation Closure,BOC
20191007908,Pending Request for Reservation Closure,BOC
20191007911,Request completed with account closure,BOC
20191007912,Pending Request for Reservation Closure,BOC
20191007948,Pending Request for Reservation Closure,BOC
20191007964,Request completed with account closure,BOC
20191007970,Request completed with account closure,BOC
20191007975,Request completed with account closure,BOC
20191007993,Request completed with account closure,BOC
20191008000,Pending Request for Reservation Closure,BOC
20191008019,Pending Request for Reservation Closure,SDCTCC
20191008041,Pending Request for acquittance of heirs,BOC
20191008066,Service closure Request with BO responsibility,00848
20191008071,Pending Request for Reservation Closure,BOC
20191008074,Request completed with account closure,BOC
20191008076,Request completed with account closure,BOC
20191008079,Pending Request for Reservation Closure,BOC
20191008080,Service closure Request with BO responsibility,00848
20191008096,Request completed with account closure,BOC
20191008111,Pending Request for Reservation Closure,BOC
20191008116,Service closure Request with BO responsibility,00848
20191008140,Pending Request for Reservation Closure,BOC
20191008155,Pending Liquidation Request,BOC
20191008169,Pending Request for Reservation Closure,BOCSER
20191008273,Pending Request for Reservation Closure,BOC
20191008283,Pending Request for Reservation Closure,BOC
20191008295,Pending Liquidation Request,BOC
20191008323,Pending Request for Reservation Closure,BOC
20191008334,Pending Request for Reservation Closure,BOC
20191008335,Request completed with account closure,BOC
20191008349,Request completed with account closure,BOC
20191008358,Pending Liquidation Request,BOC
20191008359,Request completed with account closure,BOC
20191008362,Request completed with account closure,BOC
20191008363,Pending Request for Reservation Closure,BOC
20191008378,Pending Request for Reservation Closure,BOC
20191008380,Service closure Request with BO responsibility,00848
20191008388,Request completed with account closure,BOC
20191008393,Request completed with account closure,BOC
20191008402,Request completed with account closure,BOC
20191008415,Pending Request for Reservation Closure,BOC
20191008420,Service closure Request with BO responsibility,00835
20191008442,Pending Request for Reservation Closure,BOC
20191008443,Pending Request for Reservation Closure,BOC
20191008445,Request completed with account closure,BOC
20191008446,Pending Liquidation Request,BOCSER
20191008454,Authorization Requested,00487
20191008456,Request completed with account closure,BOC
20191008469,Request completed with account closure,BOC
20191008473,Pending Request for Reservation Closure,BOCSER
20191008481,Pending Request for Reservation Closure,BOCSER
20191008500,Pending Request for Reservation Closure,BOC
20191008537,Service closure Request with BO responsibility,00835
20191008564,Pending Request for Reservation Closure,BOC
20191008566,Service closure Request with BO responsibility,00848
20191008612,Request completed with account closure,BOC
20191008645,Pending Request for Reservation Closure,BOC
20191008646,Service closure Request with BO responsibility,00848
20191008668,Pending Request for Reservation Closure,BOCSER
20191008691,Request completed with account closure,BOC
20191008693,Pending Liquidation Request,BOC
20191008720,Pending Request for Reservation Closure,BOC
20191008742,Service closure Request with BO responsibility,00848
20191008751,Request completed with account closure,BOC
20191008755,Pending Request for Reservation Closure,BOC
20191008774,Pending Request for Reservation Closure,BOC
20191008797,Pending Request for Reservation Closure,BOC
20191008808,Request completed with account closure,BOC
20191008812,Pending Request for Reservation Closure,BOC
20191008816,Request completed with account closure,BOC
20191008827,Pending Request for Reservation Closure,BOCSER
20191008833,Pending Request for Reservation Closure,BOC
20191008838,Pending Request for Reservation Closure,BOC
20191008840,Request completed with account closure,BOC
20191008846,Pending Request for Reservation Closure,BOC
20191008862,Pending Request for Reservation Closure,BOC
20191008891,Pending Request for Reservation Closure,BOC
20191008913,Pending Request for Reservation Closure,BOC
20191008924,Pending Request for Reservation Closure,BOC
20191008932,Pending Request for acquittance of heirs,BOC
20191008940,Service closure Request with BO responsibility,00835
20191008960,Pending Request for Reservation Closure,BOC
20191008965,Pending Liquidation Request,BOC
20191008973,Pending Request for Reservation Closure,BOC
20191008981,Pending Request for Reservation Closure,BOC
20191008983,Pending Request for acquittance of heirs,BOC
20191008985,Pending Request for Reservation Closure,BOC
20191008989,Pending Request for Reservation Closure,BOC
20191008994,Pending Request for Reservation Closure,BOCSER
20191008995,Pending Request for Reservation Closure,BOC
20191009007,Request completed with account closure,BOC
20191009021,Pending Request for Reservation Closure,BOC
20191009058,Pending Request for Reservation Closure,BOC
20191009071,Request completed with account closure,BOC
20191009078,Pending Request for Reservation Closure,BOC
20191009080,Pending Request for Reservation Closure,SDCTCC
20191009081,Pending Request for Reservation Closure,BOC
20191009087,Request completed with account closure,BOC
20191009105,Pending Request for Reservation Closure,BOC
20191009106,Pending Request for Reservation Closure,BOC
20191009120,Pending Request for Reservation Closure,BOC
20191009140,Pending Request for Reservation Closure,BOC
20191009168,Service closure Request with BO responsibility,00848
20191009183,Pending Request for Reservation Closure,BOC
20191009224,Pending Request for Reservation Closure,BOC
20191009239,Pending Request for Reservation Closure,BOC
20191009269,Request completed with account closure,BOC
20191009273,Request completed with account closure,BOC
20191009284,Request completed with account closure,BOC
20191009285,Pending Request for Reservation Closure,BOC
20191009303,Service closure Request with BO responsibility,00837
20191009316,Request completed with account closure,BOC
20191009322,Pending Request for Reservation Closure,BOC
20191009331,Request completed with account closure,BOC
20191009378,Service closure Request with BO responsibility,00835
20191009379,Service closure Request with BO responsibility,00835
20191009382,Service closure Request with BO responsibility,00835
20191009391,Pending Request for acquittance of heirs,BOC
20191009423,Request completed with account closure,BOC
20191009426,Pending Request for Reservation Closure,BOC
20191009436,Pending Liquidation Request,BOC
20191009437,Pending Request for Reservation Closure,BOCSER
20191009442,Request completed with account closure,BOC
20191009443,Request completed with account closure,BOC
20191009445,Request completed with account closure,BOC
20191009465,Pending Request for Reservation Closure,BOC
20191009485,Pending Request for Reservation Closure,BOC
20191009496,Request completed with account closure,BOC
20191009505,Service closure Request with BO responsibility,00835
20191009519,Pending Liquidation Request,BOC
20191009524,Pending Request for Reservation Closure,BOC
20191009525,Pending Request for Reservation Closure,BOC
20191009535,Pending Request for Reservation Closure,BOC
20191009542,Request completed with account closure,BOC
20191009581,Pending Request for Reservation Closure,BOC
20191009585,Pending Request for Reservation Closure,BOC
20191009592,Request completed with account closure,BOC
20191009599,Pending Request for Reservation Closure,BOC
20191009616,Pending Request for Reservation Closure,BOC
20191009626,Request completed with account closure,BOC
20191009630,Request completed with account closure,BOC
20191009638,Pending Request for Reservation Closure,BOCSER
20191009677,Service closure Request with BO responsibility,00835
20191009680,Pending Liquidation Request,BOCSER
20191009681,Service closure Request with BO responsibility,00835
20191009686,Pending Request for Reservation Closure,BOC
20191009711,Pending Request for Reservation Closure,SDCTCC
20191009713,Pending Request for Reservation Closure,BOC
20191009721,Pending Request for Reservation Closure,BOC
20191009722,Pending Request for Reservation Closure,BOC
20191009727,Service closure Request with BO responsibility,00835
20191009734,Pending Request for Reservation Closure,BOC
20191009739,Request completed with account closure,BOC
20191009759,Pending Request for Reservation Closure,BOC
20191009788,Request completed with account closure,BOC
20191009789,Request completed with account closure,BOC
20191009797,Pending Request for acquittance of heirs,BOC
20191009815,Pending Request for acquittance of heirs,BOC
20191009817,Service closure Request with BO responsibility,00848
20191009819,Pending Request for Reservation Closure,BOC
20191009830,Request completed with account closure,BOC
20191009831,Request completed with account closure,BOC
20191009836,Pending Request for Reservation Closure,BOC
20191009841,Authorization Requested,00767
20191009850,Pending Request for Reservation Closure,BOC
20191009868,Request completed with account closure,BOC
20191009939,Pending Request for Reservation Closure,BOC
20191009945,Pending Request for Reservation Closure,BOC
20191009948,Request completed with account closure,BOC
20191009969,Request completed with account closure,BOC
20191009973,Pending Request for Reservation Closure,BOC
20191009979,Pending Request for Reservation Closure,BOC
20191009982,Request completed with account closure,BOC
20191009984,Request completed with account closure,BOC
20191010024,Service closure Request with BO responsibility,00848
20191010030,Pending Request for Reservation Closure,SDCTCC
20191010039,Request completed with account closure,BOC
20191010046,Pending Request for Reservation Closure,SDCTCC
20191010048,Pending Request for Reservation Closure,BOC
20191010053,Pending Request for Reservation Closure,SDCTCC
20191010054,Pending Request for Reservation Closure,BOC
20191010056,Request completed with account closure,BOC
20191010059,Service closure Request with BO responsibility,00848
20191010079,Request completed with account closure,BOC
20191010088,Pending Request for Reservation Closure,BOC
20191010116,Pending Request for Reservation Closure,BOC
20191010121,Service closure Request with BO responsibility,00848
20191010124,Pending Request for Reservation Closure,BOCSER
20191010126,Pending Request for Reservation Closure,BOC
20191010151,Request completed with account closure,BOC
20191010155,Request completed with account closure,BOC
20191010159,Pending Request for Reservation Closure,BOC
20191010179,Request completed with account closure,BOC
20191010185,Pending Request for Reservation Closure,BOC
20191010206,Request completed with account closure,BOC
20191010208,Pending Request for Reservation Closure,BOC
20191010213,Pending Request for Reservation Closure,BOC
20191010218,Request completed with account closure,BOC
20191010237,Request completed with account closure,BOC
20191010241,Service closure Request with BO responsibility,00848
20191010250,Service closure Request with BO responsibility,00848
20191010271,Pending Request for Reservation Closure,BOC
20191010273,Pending Request for Reservation Closure,BOC
20191010278,Service closure Request with BO responsibility,00848
20191010279,Request completed with account closure,BOC
20191010281,Pending Request for Reservation Closure,BOC
20191010286,Pending Request for Reservation Closure,BOC
20191010289,Pending Request for Reservation Closure,BOC
20191010292,Pending Request for Reservation Closure,BOC
20191010296,Request completed with account closure,BOC
20191010299,Service closure Request with BO responsibility,00835
20191010305,Request completed with account closure,BOC
20191010322,Pending Request for Reservation Closure,BOC
20191010328,Pending Request for Reservation Closure,BOC
20191010329,Pending Request for Reservation Closure,BOC
20191010335,Request completed with account closure,BOC
20191010347,Request completed with account closure,BOC
20191010350,Pending Request for Reservation Closure,BOC
20191010367,Request completed with account closure,BOC
20191010394,Pending Request for acquittance of heirs,BOC
20191010408,Request completed with account closure,BOC
20191010411,Request completed with account closure,BOC
20191010414,Request completed with account closure,BOC
20191010418,Pending Liquidation Request,BOC
20191010421,Service closure Request with BO responsibility,00848
20191010430,Request completed with account closure,BOC
20191010433,Pending Request for Reservation Closure,BOC
20191010448,Pending Liquidation Request,BOC
20191010483,Request completed with account closure,BOC
20191010484,Pending Request for Reservation Closure,BOC
20191010497,Pending Liquidation Request,BOC
20191010506,Pending Request for Reservation Closure,SDCTCC
20191010510,Request completed with account closure,BOC
20191010512,Pending Request for acquittance of heirs,BOC
20191010514,Pending Request for Reservation Closure,BOC
20191010516,Request completed with account closure,BOC
20191010529,Request completed with account closure,BOC
20191010532,Pending Request for Reservation Closure,BOC
20191010543,Request completed with account closure,BOC
20191010555,Pending Request for Reservation Closure,BOC
20191010563,Pending Request for Reservation Closure,BOC
20191010564,Pending Request for Reservation Closure,BOC
20191010565,Pending Request for Reservation Closure,SDCTCC
20191010567,Request completed with account closure,BOC
20191010580,Pending Request for Reservation Closure,BOC
20191010582,Request completed with account closure,BOC
20191010585,Request completed with account closure,BOC
20191010593,Evaluating Request (WITH registered letter),00368
20191010600,Pending Request for Reservation Closure,BOC
20191010603,Service closure Request with BO responsibility,00848
20191010606,Pending Request for Reservation Closure,BOC
20191010609,Pending Request for Reservation Closure,BOC
20191010610,Pending Request for Reservation Closure,BOC
20191010611,Pending Request for Reservation Closure,BOC
20191010613,Request completed with account closure,BOC
20191010619,Request completed with account closure,BOC
20191010620,Pending Request for Reservation Closure,BOC
20191010628,Pending Request for Reservation Closure,SDCRAP
20191010631,Pending Request for Reservation Closure,BOC
20191010640,Pending Request for Reservation Closure,BOC
20191010647,Request completed with account closure,BOC
20191010699,Request completed with account closure,BOCSER
20191010712,Request completed with account closure,BOCSER
20191010724,Pending Request for Reservation Closure,BOC
20191010725,Pending Request for Reservation Closure,BOC
20191010733,Request completed with account closure,BOC
20191010745,Pending Request for acquittance of heirs,BOC
20191010749,Request completed with account closure,BOC
20191010754,Request completed with account closure,BOC
20191010755,Request completed with account closure,BOC
20191010764,Pending Request for Reservation Closure,BOC
20191010782,Request completed with account closure,BOC
20191010795,Pending Request for Reservation Closure,BOC
20191010801,Request completed with account closure,BOC
20191010808,Request completed with account closure,BOC
20191010818,Pending Request for acquittance of heirs,BOC
20191010820,Request completed with account closure,BOC
20191010821,Pending Request for Reservation Closure,BOC
20191010841,Pending Request for Reservation Closure,BOC
20191010843,Request completed with account closure,BOC
20191010846,Pending Request for Reservation Closure,BOC
20191010862,Request completed with account closure,BOC
20191010875,Pending Request for Reservation Closure,BOC
20191010878,Service closure Request with BO responsibility,00848
20191010879,Pending Request for Reservation Closure,BOC
20191010881,Pending Request for Reservation Closure,BOC
20191010888,Request completed with account closure,BOC
20191010896,Request completed with account closure,BOC
20191010902,Pending Liquidation Request,BOC
20191010904,Request completed with account closure,BOC
20191010911,Service closure Request with BO responsibility,00848
20191010920,Request completed with account closure,BOC
20191010932,Request completed with account closure,BOC
20191010936,Service closure Request with BO responsibility,00848
20191010937,Pending Request for Reservation Closure,BOC
20191010950,Request completed with account closure,BOC
20191010976,Pending Request for Reservation Closure,BOC
20191010981,Pending Request for Reservation Closure,BOC
20191010988,Pending Request for Reservation Closure,BOC
20191010991,Pending Request for Reservation Closure,BOC
20191010994,Pending Request for Reservation Closure,BOC
20191011006,Pending Request for Reservation Closure,BOC
20191011012,Request completed with account closure,BOC
20191011018,Request completed with account closure,BOC
20191011019,Request completed with account closure,BOC
20191011026,Pending Request for Reservation Closure,BOC
20191011033,Pending Request for Reservation Closure,BOC
20191011038,Pending Request for Reservation Closure,BOC
20191011044,Service closure Request with BO responsibility,00835
20191011051,Pending Request for Reservation Closure,BOC
20191011054,Request completed with account closure,BOC
20191011057,Pending Request for Reservation Closure,BOC
20191011062,Pending Request for Reservation Closure,BOC
20191011067,Pending Request for Reservation Closure,BOC
20191011069,Pending Request for acquittance of heirs,BOC
20191011070,Service closure Request with BO responsibility,BOC
20191011071,Pending Request for Reservation Closure,BOC
20191011098,Pending Request for Reservation Closure,BOC
20191011113,Request completed with account closure,BOC
20191011125,Pending Liquidation Request,BOC
20191011126,Pending Request for Reservation Closure,BOC
20191011127,Pending Request for Reservation Closure,SDCTCC
20191011128,Request completed with account closure,BOC
20191011143,Request completed with account closure,BOC
20191011155,Pending Request for Reservation Closure,BOC
20191011157,Request completed with account closure,BOC
20191011158,Pending Request for Reservation Closure,BOC
20191011161,Request completed with account closure,BOC
20191011173,Pending Request for Reservation Closure,BOC
20191011176,Request completed with account closure,BOC
20191011177,Pending Request for Reservation Closure,BOC
20191011178,Pending Liquidation Request,BOC
20191011196,Pending Request for Reservation Closure,BOC
20191011207,Request completed with account closure,BOC
20191011209,Service closure Request with BO responsibility,00835
20191011211,Pending Request for Reservation Closure,BOC
20191011221,Request completed with account closure,BOC
20191011225,Request completed with account closure,BOC
20191011232,Pending Request for Reservation Closure,BOC
20191011258,Request completed with account closure,BOC
20191011264,Pending Request for Reservation Closure,BOC
20191011267,Request completed with account closure,BOC
20191011272,Pending Request for Reservation Closure,BOC
20191011273,Request completed with account closure,BOC
20191011277,Request completed with account closure,BOC
20191011291,Service closure Request with BO responsibility,00835
20191011292,Request completed with account closure,BOC
20191011306,Pending Request for Reservation Closure,BOC
20191011315,Request completed with account closure,BOC
20191011319,Pending Request for Reservation Closure,BOC
20191011321,Request completed with account closure,BOC
20191011322,Pending Request for Reservation Closure,BOC
20191011325,Request completed with account closure,BOC
20191011353,Request completed with account closure,BOCSER
20191011354,Request completed with account closure,BOCSER
20191011355,Service closure Request with BO responsibility,00848
20191011356,Request completed with account closure,BOCSER
20191011357,Request completed with account closure,BOCSER
20191011358,Request completed with account closure,BOCSER
20191011359,Request completed with account closure,BOCSER
20191011360,Request completed with account closure,BOCSER
20191011361,Request completed with account closure,BOCSER
20191011362,Request completed with account closure,BOCSER
20191011363,Request completed with account closure,BOCSER
20191011364,Request completed with account closure,BOCSER
20191011365,Request completed with account closure,BOCSER
20191011366,Request completed with account closure,BOCSER
20191011367,Request completed with account closure,BOCSER
20191011368,Request completed with account closure,BOCSER
20191011369,Request completed with account closure,BOCSER
20191011370,Pending Liquidation Request,SDCRAP
20191011371,Request completed with account closure,SDCRAP
20191011372,Pending Liquidation Request,SDC
20191011373,Request completed with account closure,BOCSER
20191011374,Request completed with account closure,BOCSER
20191011375,Request completed with account closure,BOCSER
20191011376,Request completed with account closure,BOCSER
20191011377,Request completed with account closure,BOCSER
20191011378,Request completed with account closure,BOCSER
20191011379,Request completed with account closure,SDCRAP
20191011380,Request completed with account closure,SDCRAP
20191011381,Request completed with account closure,SDCRAP
20191011382,Request completed with account closure,SDCRAP
20191011383,Request completed with account closure,SDCRAP
20191011384,Request completed with account closure,SDCRAP
20191011385,Request completed with account closure,SDCRAP
20191011386,Request completed with account closure,SDCRAP
20191011387,Request completed with account closure,SDCRAP
20191011388,Request completed with account closure,BOCSER
20191011389,Request completed with account closure,BOCSER
20191011390,Request completed with account closure,BOCSER
20191011391,Request completed with account closure,BOCSER
20191011392,Request completed with account closure,BOCSER
20191011393,Request completed with account closure,BOCSER
20191011399,Request completed with account closure,BOC
20191011404,Request completed with account closure,BOC
20191011406,Service closure Request with BO responsibility,00835
20191011408,Pending Request for Reservation Closure,BOC
20191011412,Authorization Requested,00594
20191011413,Request completed with account closure,BOC
20191011414,Pending Request for Reservation Closure,BOC
20191011417,Pending Request for Reservation Closure,BOC
20191011419,Request completed with account closure,BOC
20191011424,Pending Request for Reservation Closure,BOC
20191011429,Request completed with account closure,BOC
20191011434,Pending Liquidation Request,BOC
20191011438,Pending Request for Reservation Closure,BOC
20191011450,Service closure Request with BO responsibility,00848
20191011452,Request completed with account closure,BOC
20191011457,Request completed with account closure,BOC
20191011463,Service closure Request with BO responsibility,00848
20191011470,Request completed with account closure,BOC
20191011492,Request completed with account closure,BOC
20191011493,Request completed with account closure,BOC
20191011494,Pending Request for Reservation Closure,BOC
20191011496,Pending Request for Reservation Closure,BOC
20191011498,Pending Liquidation Request,BOC
20191011512,Pending Liquidation Request,BOC
20191011514,Pending Request for Reservation Closure,BOC
20191011522,Pending Request for Reservation Closure,BOC
20191011539,Request completed with account closure,BOC
20191011549,Pending Request for Reservation Closure,BOC
20191011553,Pending Request for Reservation Closure,BOC
20191011556,Service closure Request with network responsibility,00767
20191011559,Pending Request for Reservation Closure,BOC
20191011560,Pending Request for Reservation Closure,BOC
20191011565,Request completed with account closure,BOC
20191011566,Pending Request for Reservation Closure,BOC
20191011570,Pending Request for Reservation Closure,BOCSER
20191011592,Service closure Request with BO responsibility,00848
20191011593,Request completed with account closure,BOC
20191011595,Pending Request for Reservation Closure,BOC
20191011600,Service closure Request with BO responsibility,00848
20191011601,Request completed with account closure,BOC
20191011604,Pending Request for Reservation Closure,BOC
20191011607,Pending Request for Reservation Closure,BOC
20191011616,Request completed with account closure,BOC
20191011617,Pending Request for Reservation Closure,BOC
20191011622,Request completed with account closure,BOC
20191011623,Service closure Request with BO responsibility,00835
20191011624,Request completed with account closure,BOC
20191011638,Request completed with account closure,BOC
20191011640,Request completed with account closure,BOC
20191011645,Pending Request for Reservation Closure,BOC
20191011652,Request completed with account closure,BOC
20191011653,Service closure Request with BO responsibility,00848
20191011656,Service closure Request with BO responsibility,00848
20191011665,Pending Request for Reservation Closure,BOC
20191011677,Pending Request for Reservation Closure,BOC
20191011680,Service closure Request with BO responsibility,00848
20191011684,Request completed with account closure,BOC
20191011688,Pending Request for Reservation Closure,BOC
20191011695,Request completed with account closure,BOC
20191011702,Pending Request for Reservation Closure,BOC
20191011711,Service closure Request with BO responsibility,00835
20191011715,Pending Request for Reservation Closure,BOCSER
20191011717,Pending Request for acquittance of heirs,BOC
20191011718,Pending Request for Reservation Closure,BOC
20191011725,Pending Request for Reservation Closure,BOC
20191011735,Service closure Request with BO responsibility,00848
20191011739,Service closure Request with BO responsibility,00848
20191011741,Request completed with account closure,BOC
20191011743,Service closure Request with BO responsibility,00848
20191011745,Request completed with account closure,BOC
20191011749,Service closure Request with network responsibility,00767
20191011775,Request completed with account closure,BOC
20191011778,Request completed with account closure,BOC
20191011779,Pending Request for Reservation Closure,BOC
20191011789,Request completed with account closure,BOC
20191011790,Pending Request for Reservation Closure,BOC
20191011798,Pending Request for Reservation Closure,BOC
20191011800,Request completed with account closure,BOC
20191011802,Request completed with account closure,BOC
20191011809,Pending Request for Reservation Closure,BOC
20191011828,Pending Request for Reservation Closure,SDCRAP
20191011830,Pending Request for Reservation Closure,BOC
20191011835,Pending Request for Reservation Closure,BOC
20191011838,Pending Request for Reservation Closure,BOC
20191011840,Pending Request for Reservation Closure,BOC
20191011843,Pending Request for Reservation Closure,BOC
20191011846,Request completed with account closure,BOC
20191011851,Service closure Request with BO responsibility,00835
20191011855,Request completed with account closure,BOC
20191011856,Pending Request for Reservation Closure,SDCRAP
20191011858,Request completed with account closure,BOC
20191011862,Service closure Request with BO responsibility,00835
20191011863,Pending Request for Reservation Closure,SDCRAP
20191011864,Pending Request for Reservation Closure,BOCSER
20191011866,Service closure Request with BO responsibility,00848
20191011868,Pending Request for Reservation Closure,SDCRAP
20191011869,Pending Request for Reservation Closure,BOC
20191011870,Pending Request for Reservation Closure,BOC
20191011873,Pending Request for Reservation Closure,BOC
20191011878,Pending Request for Reservation Closure,BOC
20191011881,Pending Request for Reservation Closure,BOC
20191011885,Pending Request for Reservation Closure,BOC
20191011889,Service closure Request with BO responsibility,00835
20191011890,Pending Request for Reservation Closure,BOC
20191011892,Service closure Request with BO responsibility,00848
20191011901,Pending Request for Reservation Closure,BOC
20191011909,Pending Request for Reservation Closure,BOC
20191011918,Request completed with account closure,BOC
20191011922,Request completed with account closure,BOC
20191011926,Service closure Request with BO responsibility,00848
20191011931,Pending Liquidation Request,BOCSER
20191011939,Request completed with account closure,BOC
20191011943,Service closure Request with BO responsibility,00848
20191011944,Pending Request for Reservation Closure,BOC
20191011948,Pending Request for Reservation Closure,BOC
20191011951,Request completed with account closure,BOC
20191011963,Request completed with account closure,BOC
20191011964,Pending Liquidation Request,BOC
20191011968,Request completed with account closure,BOC
20191011976,Pending Request for Reservation Closure,BOC
20191011977,Request completed with account closure,BOC
20191011982,Pending Request for Reservation Closure,BOC
20191011983,Request completed with account closure,BOC
20191011984,Pending Request for Reservation Closure,BOC
20191011987,Pending Request for Reservation Closure,BOC
20191011989,Request completed with account closure,BOC
20191011995,Request completed with account closure,SDCRAP
20191011996,Request completed with account closure,SDCRAP
20191011997,Request completed with account closure,SDCRAP
20191011998,Request completed with account closure,SDCRAP
20191011999,Request completed with account closure,SDCRAP
20191012000,Request completed with account closure,SDCRAP
20191012001,Request completed with account closure,SDCRAP
20191012002,Request completed with account closure,BOCSER
20191012006,Service closure Request with BO responsibility,00835
20191012013,Request completed with account closure,BOC
20191012017,Request completed with account closure,BOC
20191012018,Request completed with account closure,BOC
20191012025,Request completed with account closure,BOC
20191012027,Request completed with account closure,BOC
20191012030,Pending Request for Reservation Closure,BOC
20191012033,Request completed with account closure,BOC
20191012037,Service closure Request with BO responsibility,00848
20191012040,Request completed with account closure,BOC
20191012049,Request completed with account closure,BOC
20191012055,Pending Request for Reservation Closure,BOC
20191012056,Request completed with account closure,BOC
20191012063,Pending Request for Reservation Closure,BOC
20191012066,Request completed with account closure,BOC
20191012071,Request completed with account closure,BOC
20191012072,Request completed with account closure,BOC
20191012073,Pending Request for Reservation Closure,BOC
20191012077,Pending Request for Reservation Closure,BOC
20191012084,Pending Request for Reservation Closure,BOC
20191012093,Request completed with account closure,BOC
20191012095,Pending Request for Reservation Closure,BOC
20191012096,Pending Request for Reservation Closure,BOC
20191012100,Request completed with account closure,BOC
20191012107,Request completed with account closure,BOC
20191012113,Request completed with account closure,BOC
20191012116,Request completed with account closure,BOC
20191012117,Request completed with account closure,BOC
20191012119,Request completed with account closure,BOC
20191012121,Pending Request for Reservation Closure,BOC
20191012125,Pending Request for Reservation Closure,BOC
20191012126,Pending Request for Reservation Closure,BOC
20191012128,Pending Liquidation Request,BOC
20191012131,Pending Request for Reservation Closure,BOC
20191012132,Pending Request for Reservation Closure,BOC
20191012135,Pending Request for Reservation Closure,BOC
20191012136,Request completed with account closure,BOC
20191012141,Pending Request for Reservation Closure,BOC
20191012142,Pending Request for Reservation Closure,BOC
20191012148,Pending Liquidation Request,BOC
20191012152,Request completed with account closure,BOC
20191012154,Request completed with account closure,BOC
20191012157,Pending Request for Reservation Closure,BOC
20191012166,Pending Request for Reservation Closure,BOC
20191012168,Authorization Requested,00767
20191012175,Service closure Request with BO responsibility,00848
20191012180,Service closure Request with BO responsibility,00848
20191012182,Request completed with account closure,BOC
20191012184,Authorization Requested,00767
20191012185,Pending Request for Reservation Closure,BOC
20191012193,Request completed with account closure,BOC
20191012195,Pending Request for Reservation Closure,SDCTCC
20191012203,Pending Request for Reservation Closure,SDCTCC
20191012210,Request completed with account closure,BOC
20191012216,Pending Request for Reservation Closure,BOC
20191012218,Service closure Request with BO responsibility,00848
20191012221,Request completed with account closure,BOC
20191012225,Pending Request for Reservation Closure,BOC
20191012226,Request completed with account closure,BOC
20191012235,Pending Request for Reservation Closure,BOC
20191012251,Service closure Request with BO responsibility,00835
20191012255,Pending Request for Reservation Closure,SDCTCC
20191012261,Pending Request for Reservation Closure,BOC
20191012263,Pending Request for Reservation Closure,BOC
20191012273,Service closure Request with BO responsibility,00848
20191012276,Service closure Request with BO responsibility,00835
20191012283,Service closure Request with BO responsibility,00848
20191012285,Request completed with account closure,BOC
20191012293,Pending Request for Reservation Closure,BOC
20191012294,Request completed with account closure,BOC
20191012302,Pending Request for Reservation Closure,SDCTCC
20191012303,Request completed with account closure,BOC
20191012305,Pending Request for Reservation Closure,BOC
20191012307,Pending Request for Reservation Closure,BOC
20191012313,Pending Liquidation Request,BOC
20191012315,Pending Request for Reservation Closure,BOC
20191012317,Pending Request for Reservation Closure,SDCTCC
20191012318,Service closure Request with BO responsibility,00848
20191012326,Request completed with account closure,BOC
20191012336,Request completed with account closure,BOC
20191012338,Pending Request for Reservation Closure,BOC
20191012341,Pending Request for Reservation Closure,BOC
20191012349,Pending Request for Reservation Closure,BOC
20191012350,Pending Request for Reservation Closure,SDCTCC
20191012354,Service closure Request with BO responsibility,00848
20191012357,Request completed with account closure,BOC
20191012359,Pending Request for Reservation Closure,SDCTCC
20191012361,Pending Request for Reservation Closure,BOC
20191012370,Request completed with account closure,BOC
20191012372,Pending Request for Reservation Closure,BOC
20191012378,Pending Request for Reservation Closure,SDCTCC
20191012379,Pending Request for Reservation Closure,BOC
20191012381,Pending Request for Reservation Closure,BOC
20191012385,Pending Request for Reservation Closure,BOC
20191012386,Pending Liquidation Request,BOC
20191012396,Pending Request for Reservation Closure,BOC
20191012400,Request completed with account closure,BOC
20191012406,Service closure Request with BO responsibility,00848
20191012408,Request completed with account closure,BOC
20191012419,Request completed with account closure,BOC
20191012425,Pending Request for Reservation Closure,BOC
20191012427,Service closure Request with BO responsibility,00848
20191012428,Pending Request for Reservation Closure,BOC
20191012434,Request completed with account closure,BOC
20191012453,Pending Request for Reservation Closure,BOC
20191012456,Request completed with account closure,BOC
20191012464,Request completed with account closure,BOC
20191012468,Pending Liquidation Request,BOC
20191012473,Service closure Request with BO responsibility,00837
20191012474,Pending Request for Reservation Closure,BOC
20191012475,Request completed with account closure,BOC
20191012476,Service closure Request with BO responsibility,00848
20191012477,Service closure Request with BO responsibility,00848
20191012479,Pending Request for Reservation Closure,BOC
20191012482,Pending Request for Reservation Closure,BOC
20191012485,Pending Request for Reservation Closure,BOC
20191012486,Request completed with account closure,BOC
20191012487,Pending Request for Reservation Closure,SDCRAP
20191012490,Request completed with account closure,BOC
20191012498,Request completed with account closure,BOC
20191012510,Request completed with account closure,BOC
20191012511,Request completed with account closure,BOC
20191012521,Request completed with account closure,BOC
20191012522,Request completed with account closure,BOC
20191012525,Request completed with account closure,SDCRAP
20191012526,Request completed with account closure,SDCRAP
20191012527,Request completed with account closure,SDCRAP
20191012528,Request completed with account closure,SDCRAP
20191012529,Request completed with account closure,SDCRAP
20191012530,Request completed with account closure,SDCRAP
20191012531,Request completed with account closure,SDCRAP
20191012532,Request completed with account closure,SDCRAP
20191012533,Request completed with account closure,SDCRAP
20191012534,Request completed with account closure,SDCRAP
20191012535,Request completed with account closure,SDCRAP
20191012536,Request completed with account closure,SDCRAP
20191012537,Request completed with account closure,BOCSER
20191012538,Request completed with account closure,BOCSER
20191012539,Request completed with account closure,BOCSER
20191012540,Pending Request for Reservation Closure,SDCTCC
20191012542,Request completed with account closure,BOC
20191012547,Pending Request for Reservation Closure,BOC
20191012548,Service closure Request with BO responsibility,00835
20191012555,Service closure Request with BO responsibility,00848
20191012560,Request completed with account closure,BOC
20191012569,Pending Request for Reservation Closure,BOC
20191012571,Request completed with account closure,BOC
20191012573,Request completed with account closure,BOC
20191012574,Request completed with account closure,BOC
20191012580,Request completed with account closure,BOC
20191012581,Pending Request for Reservation Closure,BOC
20191012585,Pending Request for Reservation Closure,BOC
20191012587,Request completed with account closure,BOC
20191012590,Request completed with account closure,BOC
20191012591,Service closure Request with BO responsibility,00848
20191012595,Service closure Request with BO responsibility,00835
20191012599,Pending Request for Reservation Closure,BOC
20191012600,Pending Liquidation Request,BOC
20191012602,Pending Request for Reservation Closure,BOC
20191012604,Request completed with account closure,BOC
20191012606,Request completed with account closure,BOC
20191012607,Pending Request for Reservation Closure,BOC
20191012608,Request completed with account closure,BOC
20191012610,Request completed with account closure,BOC
20191012611,Request completed with account closure,BOC
20191012613,Pending Liquidation Request,BOC
20191012618,Request completed with account closure,BOC
20191012622,Pending Liquidation Request,BOC
20191012623,Service closure Request with BO responsibility,00835
20191012629,Request completed with account closure,BOC
20191012631,Service closure Request with BO responsibility,00835
20191012636,Request completed with account closure,BOC
20191012638,Pending Request for Reservation Closure,BOC
20191012640,Request completed with account closure,BOC
20191012647,Service closure Request with BO responsibility,00835
20191012648,Request completed with account closure,BOC
20191012649,Request completed with account closure,BOC
20191012651,Service closure Request with BO responsibility,00835
20191012656,Request completed with account closure,BOC
20191012657,Pending Liquidation Request,BOC
20191012661,Request completed with account closure,BOC
20191012663,Service closure Request with BO responsibility,00835
20191012664,Request completed with account closure,BOC
20191012668,Request completed with account closure,BOC
20191012669,Pending Request for Reservation Closure,BOC
20191012671,Request completed with account closure,BOC
20191012673,Service closure Request with BO responsibility,00835
20191012675,Request completed with account closure,BOC
20191012677,Pending Request for Reservation Closure,BOC
20191012683,Request completed with account closure,BOC
20191012685,Request completed with account closure,BOC
20191012687,Request completed with account closure,BOC
20191012692,Request completed with account closure,BOC
20191012698,Service closure Request with BO responsibility,00848
20191012700,Request completed with account closure,BOC
20191012708,Service closure Request with BO responsibility,00848
20191012711,Pending Request for Reservation Closure,BOC
20191012714,Request completed with account closure,BOC
20191012720,Service closure Request with BO responsibility,00835
20191012723,Request completed with account closure,BOC
20191012726,Request completed with account closure,BOC
20191012730,Pending Request for Reservation Closure,BOC
20191012732,Pending Request for Reservation Closure,BOC
20191012733,Request completed with account closure,BOC
20191012737,Pending Request for Reservation Closure,BOC
20191012739,Request completed with account closure,BOC
20191012746,Request completed with account closure,BOC
20191012747,Pending Request for Reservation Closure,BOC
20191012748,Request completed with account closure,BOC
20191012749,Request completed with account closure,BOC
20191012751,Request completed with account closure,BOC
20191012752,Pending Request for Reservation Closure,BOC
20191012753,Service closure Request with BO responsibility,00848
20191012754,Request completed with account closure,BOC
20191012755,Service closure Request with BO responsibility,00835
20191012758,Pending Request for Reservation Closure,BOC
20191012759,Pending Request for Reservation Closure,BOC
20191012761,Service closure Request with BO responsibility,00835
20191012766,Pending Request for acquittance of heirs,BOC
20191012767,Request completed with account closure,BOC
20191012771,Pending Request for Reservation Closure,BOC
20191012772,Pending Request for Reservation Closure,BOC
20191012776,Service closure Request with BO responsibility,00835
20191012779,Service closure Request with BO responsibility,00835
20191012780,Pending Liquidation Request,BOC
20191012781,Pending Request for Reservation Closure,BOC
20191012782,Request completed with account closure,BOC
20191012786,Request completed with account closure,BOC
20191012787,Request completed with account closure,BOC
20191012788,Pending Liquidation Request,BOC
20191012790,Pending Request for Reservation Closure,BOC
20191012793,Pending Liquidation Request,BOC
20191012795,Request completed with account closure,BOC
20191012796,Request completed with account closure,BOC
20191012798,Pending Request for Reservation Closure,BOC
20191012799,Pending Liquidation Request,BOC
20191012800,Service closure Request with BO responsibility,00835
20191012801,Request completed with account closure,BOC
20191012802,Request completed with account closure,BOC
20191012807,Request completed with account closure,BOC
20191012810,Request completed with account closure,BOC
20191012812,Request completed with account closure,BOC
20191012816,Request completed with account closure,BOC
20191012817,Request completed with account closure,BOC
20191012819,Request completed with account closure,BOC
20191012821,Pending Request for Reservation Closure,BOC
20191012822,Pending Liquidation Request,BOC
20191012834,Request completed with account closure,BOC
20191012839,Pending Request for Reservation Closure,BOC
20191012845,Service closure Request with BO responsibility,00835
20191012849,Request completed with account closure,BOC
20191012851,Request completed with account closure,BOC
20191012853,Request completed with account closure,BOC
20191012857,Request completed with account closure,BOC
20191012861,Pending Request for Reservation Closure,BOC
20191012864,Request completed with account closure,BOC
20191012866,Request completed with account closure,BOC
20191012871,Service closure Request with BO responsibility,00835
20191012873,Pending Liquidation Request,BOC
20191012877,Request completed with account closure,BOC
20191012881,Request completed with account closure,BOC
20191012882,Pending Request for Reservation Closure,BOC
20191012883,Service closure Request with BO responsibility,00848
20191012893,Request completed with account closure,BOC
20191012894,Request completed with account closure,BOC
20191012896,Request completed with account closure,BOC
20191012906,Request completed with account closure,BOC
20191012907,Service closure Request with BO responsibility,00835
20191012910,Request completed with account closure,BOC
20191012915,Request completed with account closure,BOC
20191012918,Request completed with account closure,BOC
20191012919,Pending Request for Reservation Closure,BOC
20191012922,Request completed with account closure,BOC
20191012923,Request completed with account closure,BOC
20191012927,Pending Request for Reservation Closure,BOC
20191012935,Request completed with account closure,BOC
20191012941,Pending Request for Reservation Closure,BOC
20191012942,Service closure Request with BO responsibility,00848
20191012945,Pending Liquidation Request,BOC
20191012946,Request completed with account closure,BOC
20191012957,Pending Request for Reservation Closure,BOC
20191012959,Service closure Request with BO responsibility,00835
20191012960,Pending Request for Reservation Closure,BOC
20191012964,Request completed with account closure,BOC
20191012966,Request completed with account closure,BOC
20191012967,Service closure Request with BO responsibility,00848
20191012970,Request completed with account closure,BOC
20191012971,Request completed with account closure,BOC
20191012972,Request completed with account closure,BOC
20191012973,Pending Request for Reservation Closure,BOC
20191012975,Pending Request for Reservation Closure,BOC
20191012979,Request completed with account closure,BOC
20191012980,Request completed with account closure,BOC
20191012981,Service closure Request with BO responsibility,00848
20191012986,Request completed with account closure,BOC
20191012987,Pending Request for Reservation Closure,BOC
20191012988,Service closure Request with BO responsibility,00848
20191012991,Request completed with account closure,BOC
20191012993,Pending Request for Reservation Closure,BOC
20191012996,Request completed with account closure,BOC
20191012998,Request completed with account closure,BOC
20191013003,Service closure Request with BO responsibility,00835
20191013005,Request completed with account closure,BOC
20191013012,Request completed with account closure,BOC
20191013016,Request completed with account closure,BOC
20191013018,Request completed with account closure,BOC
20191013020,Pending Request for Reservation Closure,BOC
20191013023,Request completed with account closure,BOC
20191013025,Request completed with account closure,BOC
20191013027,Request completed with account closure,BOC
20191013029,Pending Request for Reservation Closure,BOC
20191013030,Request completed with account closure,BOC
20191013038,Pending Request for Reservation Closure,BOC
20191013040,Request completed with account closure,BOC
20191013043,Request completed with account closure,BOC
20191013047,Request completed with account closure,BOC
20191013048,Pending Request for Reservation Closure,BOC
20191013049,Request completed with account closure,BOC
20191013053,Request completed with account closure,BOC
20191013055,Pending Request for Reservation Closure,BOC
20191013056,Request completed with account closure,BOC
20191013057,Request completed with account closure,BOC
20191013061,Pending Liquidation Request,BOC
20191013063,Request completed with account closure,BOC
20191013065,Service closure Request with BO responsibility,00835
20191013067,Request completed with account closure,BOC
20191013071,Service closure Request with BO responsibility,00835
20191013073,Request completed with account closure,BOC
20191013074,Service closure Request with BO responsibility,00848
20191013075,Pending Request for Reservation Closure,BOC
20191013076,Pending Request for Reservation Closure,BOC
20191013077,Pending Request for Reservation Closure,BOC
20191013079,Request completed with account closure,BOC
20191013087,Request completed with account closure,BOC
20191013088,Pending Request for Reservation Closure,BOC
20191013089,Service closure Request with BO responsibility,00848
20191013091,Request completed with account closure,BOC
20191013096,Request completed with account closure,BOC
20191013102,Service closure Request with BO responsibility,00835
20191013106,Pending Request for Reservation Closure,BOC
20191013108,Service closure Request with BO responsibility,00835
20191013109,Service closure Request with BO responsibility,00835
20191013111,Pending Request for Reservation Closure,BOC
20191013112,Request completed with account closure,BOC
20191013115,Request completed with account closure,BOC
20191013117,Service closure Request with BO responsibility,00835
20191013118,Pending Liquidation Request,BOCSER
20191013119,Request completed with account closure,BOC
20191013122,Service closure Request with BO responsibility,00835
20191013124,Request completed with account closure,BOC
20191013125,Pending Liquidation Request,BOC
20191013127,Pending Liquidation Request,BOCSER
20191013129,Service closure Request with BO responsibility,00835
20191013130,Request completed with account closure,BOC
20191013132,Request completed with account closure,BOC
20191013133,Service closure Request with BO responsibility,00835
20191013137,Request completed with account closure,BOC
20191013146,Pending Liquidation Request,BOC
20191013148,Request completed with account closure,BOC
20191013150,Request completed with account closure,BOC
20191013153,Request completed with account closure,BOC
20191013165,Request completed with account closure,BOC
20191013169,Service closure Request with BO responsibility,00835
20191013172,Request completed with account closure,BOC
20191013174,Request completed with account closure,BOC
20191013176,Request completed with account closure,BOC
20191013178,Request completed with account closure,BOC
20191013179,Request completed with account closure,BOC
20191013180,Request completed with account closure,BOC
20191013183,Pending Liquidation Request,BOC
20191013185,Pending Request for Reservation Closure,BOC
20191013186,Request completed with account closure,BOC
20191013187,Pending Liquidation Request,SDCRAP
20191013188,Pending Liquidation Request,SDCRAP
20191013189,Pending Liquidation Request,SDCRAP
20191013190,Pending Liquidation Request,SDCRAP
20191013191,Pending Liquidation Request,SDCRAP
20191013192,Pending Liquidation Request,SDCRAP
20191013193,Pending Liquidation Request,SDCRAP
20191013194,Pending Liquidation Request,SDCRAP
20191013195,Pending Liquidation Request,SDCRAP
20191013196,Pending Liquidation Request,SDCRAP
20191013197,Pending Liquidation Request,SDCRAP
20191013198,Pending Liquidation Request,SDCRAP
20191013199,Pending Liquidation Request,SDCRAP
20191013200,Pending Liquidation Request,SDCRAP
20191013201,Pending Liquidation Request,SDCRAP
20191013202,Pending Liquidation Request,SDCRAP
20191013203,Pending Liquidation Request,SDCRAP
20191013204,Pending Liquidation Request,SDCRAP
20191013205,Request completed with account closure,BOC
20191013206,Request completed with account closure,BOC
20191013210,Request completed with account closure,BOC
20191013212,Pending Request for Reservation Closure,BOC
20191013214,Pending Request for Reservation Closure,BOC
20191013215,Request completed with account closure,BOC
20191013223,Service closure Request with BO responsibility,00848
20191013224,Request completed with account closure,BOC
20191013225,Pending Request for Reservation Closure,BOC
20191013226,Pending Request for Reservation Closure,BOC
20191013229,Request completed with account closure,BOC
20191013230,Pending Request for Reservation Closure,BOC
20191013231,Pending Request for Reservation Closure,SDCTCC
20191013233,Request completed with account closure,BOC
20191013234,Request completed with account closure,BOC
20191013237,Pending Request for Reservation Closure,BOC
20191013240,Request completed with account closure,BOC
20191013244,Service closure Request with BO responsibility,00848
20191013245,Request completed with account closure,BOC
20191013246,Pending Request for Reservation Closure,BOC
20191013251,Request completed with account closure,BOC
20191013252,Pending Request for Reservation Closure,BOC
20191013253,Pending Request for Reservation Closure,BOC
20191013256,Request completed with account closure,BOC
20191013259,Pending Request for Reservation Closure,BOC
20191013260,Pending Request for Reservation Closure,BOC
20191013261,Pending Request for Reservation Closure,BOC
20191013263,Request completed with account closure,BOC
20191013269,Pending Request for Reservation Closure,SDCTCC
20191013275,Pending Request for Reservation Closure,BOC
20191013277,Request completed with account closure,BOC
20191013282,Request completed with account closure,BOC
20191013283,Request completed with account closure,BOC
20191013292,Pending Request for Reservation Closure,SDCTCC
20191013294,Request completed with account closure,BOC
20191013295,Request completed with account closure,BOC
20191013303,Request completed with account closure,BOC
20191013306,Request completed with account closure,BOC
20191013308,Request completed with account closure,BOC
20191013309,Pending Request for Reservation Closure,BOC
20191013310,Request completed with account closure,BOC
20191013312,Pending Liquidation Request,BOC
20191013314,Request completed with account closure,BOC
20191013316,Pending Request for Reservation Closure,BOC
20191013321,Pending Request for Reservation Closure,SDCTCC
20191013322,Request completed with account closure,BOC
20191013324,Request completed with account closure,BOC
20191013326,Pending Request for Reservation Closure,BOC
20191013327,Service closure Request with BO responsibility,00848
20191013329,Request completed with account closure,BOC
20191013331,Request completed with account closure,BOC
20191013337,Pending Request for Reservation Closure,BOC
20191013340,Request completed with account closure,BOC
20191013342,Pending Request for Reservation Closure,BOC
20191013344,Request completed with account closure,BOC
20191013345,Request completed with account closure,BOC
20191013348,Request completed with account closure,BOC
20191013349,Pending Request for Reservation Closure,BOC
20191013350,Pending Request for Reservation Closure,BOC
20191013351,Request completed with account closure,BOC
20191013354,Request completed with account closure,BOC
20191013356,Pending Liquidation Request,BOC
20191013358,Pending Request for Reservation Closure,BOC
20191013359,Request completed with account closure,BOC
20191013361,Request completed with account closure,BOC
20191013367,Pending Request for Reservation Closure,BOC
20191013369,Request completed with account closure,BOC
20191013375,Pending Request for Reservation Closure,BOC
20191013378,Request completed with account closure,BOC
20191013381,Pending Request for Reservation Closure,BOC
20191013382,Request completed with account closure,BOC
20191013387,Pending Request for Reservation Closure,BOC
20191013388,Service closure Request with BO responsibility,00848
20191013389,Request completed with account closure,BOC
20191013390,Pending Liquidation Request,BOC
20191013391,Service closure Request with BO responsibility,00848
20191013392,Request completed with account closure,BOC
20191013393,Service closure Request with BO responsibility,00848
20191013394,Request completed with account closure,BOC
20191013396,Pending Request for Reservation Closure,BOC
20191013398,Request completed with account closure,BOC
20191013400,Pending Request for Reservation Closure,BOC
20191013402,Request completed with account closure,BOC
20191013404,Pending Request for Reservation Closure,SDCTCC
20191013406,Request completed with account closure,BOC
20191013407,Request completed with account closure,BOC
20191013412,Request completed with account closure,BOC
20191013413,Request completed with account closure,BOC
20191013414,Service closure Request with BO responsibility,00848
20191013416,Request completed with account closure,BOC
20191013419,Pending Request for Reservation Closure,BOC
20191013423,Pending Request for Reservation Closure,SDCTCC
20191013424,Service closure Request with BO responsibility,00835
20191013428,Request completed with account closure,BOC
20191013433,Pending Request for Reservation Closure,BOC
20191013439,Request completed with account closure,BOC
20191013441,Request completed with account closure,BOC
20191013442,Request completed with account closure,BOC
20191013446,Request completed with account closure,BOC
20191013448,Request completed with account closure,BOC
20191013449,Request completed with account closure,BOC
20191013450,Pending Request for Reservation Closure,BOC
20191013452,Pending Request for Reservation Closure,BOC
20191013453,Request completed with account closure,BOC
20191013457,Request completed with account closure,BOC
20191013460,Request completed with account closure,BOC
20191013461,Pending Request for Reservation Closure,BOC
20191013463,Pending Request for Reservation Closure,BOC
20191013464,Pending Request for Reservation Closure,BOC
20191013469,Request completed with account closure,BOC
20191013472,Pending Request for Reservation Closure,BOC
20191013476,Request completed with account closure,BOC
20191013477,Request completed with account closure,BOC
20191013479,Request completed with account closure,BOC
20191013493,Pending Request for Reservation Closure,BOC
20191013500,Pending Liquidation Request,BOC
20191013501,Pending Request for Reservation Closure,BOC
20191013502,Request completed with account closure,BOC
20191013503,Request completed with account closure,BOC
20191013504,Request completed with account closure,BOC
20191013505,Pending Request for Reservation Closure,BOC
20191013507,Pending Request for Reservation Closure,BOC
20191013509,Request completed with account closure,BOC
20191013511,Request completed with account closure,BOC
20191013515,Request completed with account closure,BOC
20191013520,Request completed with account closure,BOC
20191013524,Request completed with account closure,BOC
20191013525,Pending Request for Reservation Closure,BOC
20191013526,Pending Request for Reservation Closure,BOC
20191013530,Pending Request for Reservation Closure,BOC
20191013532,Request completed with account closure,BOC
20191013534,Request completed with account closure,BOC
20191013535,Request completed with account closure,BOC
20191013541,Pending Request for Reservation Closure,BOC
20191013542,Request completed with account closure,BOC
20191013544,Request completed with account closure,BOC
20191013545,Pending Request for Reservation Closure,BOC
20191013546,Pending Request for Reservation Closure,BOC
20191013550,Request completed with account closure,BOC
20191013551,Request completed with account closure,BOC
20191013554,Request completed with account closure,BOC
20191013557,Pending Liquidation Request,BOC
20191013560,Request completed with account closure,BOC
20191013562,Request completed with account closure,BOC
20191013563,Request completed with account closure,BOC
20191013566,Request completed with account closure,BOC
20191013568,Request completed with account closure,BOC
20191013570,Request completed with account closure,BOC
20191013576,Request completed with account closure,BOC
20191013577,Pending Request for Reservation Closure,BOC
20191013582,Pending Request for Reservation Closure,BOC
20191013583,Evaluating Request (NO registered letter),00594
20191013585,Request completed with account closure,BOC
20191013586,Pending Request for Reservation Closure,BOC
20191013587,Request completed with account closure,BOC
20191013598,Pending Request for Reservation Closure,BOCSER
20191013599,Request completed with account closure,BOC
20191013601,Request completed with account closure,BOC
20191013602,Request completed with account closure,BOC
20191013604,Request completed with account closure,BOC
20191013605,Request completed with account closure,BOC
20191013606,Pending Request for Reservation Closure,BOC
20191013611,Pending Request for Reservation Closure,BOC
20191013612,Pending Request for Reservation Closure,BOC
20191013613,Pending Request for Reservation Closure,BOC
20191013614,Request completed with account closure,BOC
20191013618,Pending Request for Reservation Closure,BOC
20191013621,Pending Request for Reservation Closure,BOC
20191013625,Pending Request for Reservation Closure,BOC
20191013626,Pending Request for Reservation Closure,BOC
20191013636,Request completed with account closure,BOC
20191013638,Service closure Request with BO responsibility,00848
20191013640,Request completed with account closure,BOC
20191013641,Request completed with account closure,BOC
20191013642,Pending Request for Reservation Closure,BOC
20191013645,Request completed with account closure,BOC
20191013646,Pending Request for Reservation Closure,BOC
20191013648,Service closure Request with BO responsibility,00848
20191013649,Pending Request for Reservation Closure,BOC
20191013653,Service closure Request with BO responsibility,00848
20191013655,Pending Request for Reservation Closure,BOC
20191013657,Request completed with account closure,BOC
20191013660,Pending Liquidation Request,BOC
20191013662,Pending Request for Reservation Closure,SDCTCC
20191013663,Pending Request for Reservation Closure,BOC
20191013667,Request completed with account closure,BOC
20191013669,Pending Liquidation Request,BOC
20191013673,Pending Request for Reservation Closure,BOC
20191013674,Request completed with account closure,BOC
20191013677,Pending Liquidation Request,BOC
20191013679,Pending Request for Reservation Closure,BOC
20191013681,Pending Request for Reservation Closure,BOC
20191013682,Pending Request for Reservation Closure,BOC
20191013683,Pending Request for Reservation Closure,BOC
20191013685,Pending Request for Reservation Closure,BOC
20191013688,Pending Liquidation Request,BOC
20191013689,Request completed with account closure,BOC
20191013693,Pending Request for Reservation Closure,SDCRAP
20191013695,Request completed with account closure,BOC
20191013696,Pending Request for Reservation Closure,BOC
20191013699,Pending Liquidation Request,BOCSER
20191013700,Pending Request for Reservation Closure,BOC
20191013703,Pending Request for Reservation Closure,SDCRAP
20191013707,Authorization Requested,00767
20191013709,Pending Request for Reservation Closure,BOC
20191013710,Request completed with account closure,BOC
20191013714,Pending Request for Reservation Closure,BOC
20191013718,Pending Request for Reservation Closure,BOC
20191013719,Pending Liquidation Request,BOCSER
20191013721,Pending Request for Reservation Closure,BOC
20191013723,Request completed with account closure,BOC
20191013724,Service closure Request with BO responsibility,00848
20191013726,Pending Liquidation Request,BOCSER
20191013728,Service closure Request with BO responsibility,00848
20191013730,Request completed with account closure,BOC
20191013732,Request completed with account closure,BOC
20191013733,Request completed with account closure,BOC
20191013737,Pending Liquidation Request,BOCSER
20191013738,Request completed with account closure,BOC
20191013741,Pending Liquidation Request,BOCSER
20191013743,Pending Liquidation Request,BOC
20191013744,Pending Request for Reservation Closure,BOC
20191013748,Pending Liquidation Request,BOCSER
20191013750,Pending Liquidation Request,BOC
20191013751,Pending Request for Reservation Closure,BOC
20191013755,Service closure Request with BO responsibility,00848
20191013756,Request completed with account closure,BOC
20191013757,Pending Request for Reservation Closure,BOC
20191013759,Pending Request for Reservation Closure,BOC
20191013760,Pending Request for Reservation Closure,BOC
20191013761,Pending Request for Reservation Closure,SDCRAP
20191013762,Pending Liquidation Request,BOCSER
20191013763,Pending Request for Reservation Closure,BOC
20191013767,Pending Request for Reservation Closure,BOC
20191013768,Pending Request for Reservation Closure,BOC
20191013769,Pending Request for Reservation Closure,BOC
20191013770,Request completed with account closure,BOC
20191013771,Request completed with account closure,BOC
20191013776,Request completed with account closure,BOC
20191013777,Request completed with account closure,BOC
20191013779,Service closure Request with BO responsibility,00835
20191013784,Pending Request for Reservation Closure,BOC
20191013790,Pending Request for Reservation Closure,BOC
20191013795,Pending Request for Reservation Closure,BOC
20191013796,Request completed with account closure,BOC
20191013797,Pending Request for Reservation Closure,BOC
20191013798,Pending Request for Reservation Closure,BOC
20191013802,Request completed with account closure,BOC
20191013803,Pending Liquidation Request,BOCSER
20191013805,Pending Request for Reservation Closure,BOC
20191013806,Service closure Request with BO responsibility,00848
20191013811,Pending Request for Reservation Closure,BOC
20191013812,Request completed with account closure,BOC
20191013815,Request completed with account closure,BOC
20191013817,Pending Liquidation Request,BOC
20191013818,Pending Liquidation Request,BOCSER
20191013820,Pending Request for Reservation Closure,BOC
20191013821,Pending Liquidation Request,BOC
20191013822,Pending Request for Reservation Closure,BOC
20191013823,Pending Request for Reservation Closure,BOC
20191013824,Pending Liquidation Request,BOC
20191013826,Request completed with account closure,BOC
20191013827,Service closure Request with BO responsibility,00835
20191013829,Pending Request for Reservation Closure,SDCRAP
20191013831,Pending Request for Reservation Closure,BOC
20191013835,Request completed with account closure,BOC
20191013836,Service closure Request with BO responsibility,00835
20191013845,Service closure Request with BO responsibility,00848
20191013846,Pending Request for Reservation Closure,BOC
20191013850,Pending Liquidation Request,BOCSER
20191013851,Pending Liquidation Request,BOCSER
20191013852,Pending Liquidation Request,BOCSER
20191013853,Pending Request for Reservation Closure,BOC
20191013854,Pending Request for Reservation Closure,BOC
20191013855,Pending Request for Reservation Closure,BOC
20191013856,Request completed with account closure,BOC
20191013859,Service closure Request with BO responsibility,00848
20191013863,Request completed with account closure,BOC
20191013864,Request completed with account closure,BOC
20191013866,Pending Liquidation Request,SDCRAP
20191013868,Pending Liquidation Request,SDCRAP
20191013870,Pending Liquidation Request,SDCRAP
20191013871,Pending Liquidation Request,SDCRAP
20191013872,Pending Liquidation Request,SDCRAP
20191013873,Pending Liquidation Request,SDCRAP
20191013874,Pending Liquidation Request,SDCRAP
20191013875,Pending Liquidation Request,SDCRAP
20191013876,Pending Liquidation Request,SDCRAP
20191013877,Pending Liquidation Request,SDCRAP
20191013878,Pending Liquidation Request,SDCRAP
20191013879,Pending Liquidation Request,SDCRAP
20191013880,Pending Liquidation Request,SDCRAP
20191013881,Pending Liquidation Request,SDCRAP
20191013882,Pending Liquidation Request,SDCRAP
20191013883,Pending Liquidation Request,SDCRAP
20191013884,Pending Liquidation Request,SDCRAP
20191013885,Pending Liquidation Request,SDCRAP
20191013886,Pending Request for Reservation Closure,BOC
20191013890,Pending Request for Reservation Closure,BOC
20191013895,Pending Request for Reservation Closure,BOC
20191013896,Request completed with account closure,BOC
20191013897,Pending Request for Reservation Closure,BOC
20191013899,Request completed with account closure,BOC
20191013902,Pending Request for Reservation Closure,BOC
20191013905,Pending Request for Reservation Closure,SDCTCC
20191013907,Pending Request for Reservation Closure,BOC
20191013910,Request completed with account closure,BOC
20191013912,Pending Request for Reservation Closure,BOC
20191013915,Pending Request for Reservation Closure,BOC
20191013919,Pending Request for Reservation Closure,BOC
20191013925,Pending Request for Reservation Closure,BOC
20191013928,Pending Request for Reservation Closure,BOC
20191013929,Pending Request for Reservation Closure,BOC
20191013931,Pending Request for Reservation Closure,SDCTCC
20191013933,Pending Request for Reservation Closure,BOC
20191013935,Request completed with account closure,BOC
20191013936,Request completed with account closure,BOC
20191013939,Request completed with account closure,BOC
20191013942,Service closure Request with BO responsibility,00835
20191013943,Pending Request for Reservation Closure,BOC
20191013945,Request completed with account closure,BOC
20191013948,Service closure Request with BO responsibility,00835
20191013950,Service closure Request with BO responsibility,00835
20191013951,Pending Request for Reservation Closure,BOC
20191013952,Service closure Request with BO responsibility,00835
20191013953,Service closure Request with BO responsibility,00835
20191013954,Pending Request for Reservation Closure,BOC
20191013956,Pending Request for Reservation Closure,BOC
20191013961,Request completed with account closure,BOC
20191013962,Request completed with account closure,BOC
20191013965,Pending Request for Reservation Closure,BOC
20191013967,Pending Request for Reservation Closure,BOC
20191013971,Pending Request for Reservation Closure,BOC
20191013972,Pending Request for Reservation Closure,BOC
20191013973,Request completed with account closure,BOC
20191013976,Request completed with account closure,BOC
20191013977,Pending Request for Reservation Closure,BOC
20191013979,Pending Request for Reservation Closure,BOC
20191013980,Pending Request for Reservation Closure,BOC
20191013983,Pending Request for Reservation Closure,BOC
20191013985,Request completed with account closure,BOC
20191013986,Service closure Request with BO responsibility,00848
20191013987,Pending Request for Reservation Closure,BOC
20191013989,Service closure Request with BO responsibility,00848
20191013991,Service closure Request with BO responsibility,00848
20191013992,Request completed with account closure,BOC
20191013993,Pending Request for Reservation Closure,BOC
20191013997,Service closure Request with BO responsibility,00835
20191014002,Service closure Request with BO responsibility,00848
20191014003,Pending Request for Reservation Closure,BOC
20191014006,Pending Request for Reservation Closure,BOC
20191014008,Request completed with account closure,BOC
20191014011,Service closure Request with BO responsibility,00835
20191014013,Request completed with account closure,BOC
20191014015,Pending Request for Reservation Closure,BOC
20191014016,Request completed with account closure,BOC
20191014019,Pending Request for Reservation Closure,BOC
20191014020,Request completed with account closure,BOC
20191014024,Request completed with account closure,BOC
20191014026,Pending Request for Reservation Closure,BOC
20191014029,Service closure Request with BO responsibility,00848
20191014033,Pending Request for Reservation Closure,BOC
20191014059,Pending Request for Reservation Closure,BOC
20191014064,Pending Request for Reservation Closure,BOC
20191014071,Pending Request for Reservation Closure,BOC
20191014080,Request completed with account closure,BOC
20191014084,Pending Request for Reservation Closure,BOC
20191014087,Pending Request for Reservation Closure,BOC
20191014090,Request completed with account closure,BOC
20191014092,Pending Request for Reservation Closure,BOC
20191014093,Pending Request for Reservation Closure,BOC
20191014094,Pending Request for Reservation Closure,BOC
20191014096,Request completed with account closure,BOC
20191014097,Pending Request for Reservation Closure,BOC
20191014100,Pending Request for Reservation Closure,BOC
20191014101,Pending Request for Reservation Closure,BOC
20191014102,Pending Request for Reservation Closure,BOC
20191014103,Pending Liquidation Request,SDCRAP
20191014104,Pending Request for Reservation Closure,BOC
20191014105,Pending Request for Reservation Closure,BOC
20191014106,Request completed with account closure,BOC
20191014107,Pending Request for Reservation Closure,BOC
20191014109,Pending Request for Reservation Closure,BOC
20191014110,Pending Request for Reservation Closure,SDCTCC
20191014112,Request completed with account closure,BOC
20191014113,Pending Request for Reservation Closure,BOC
20191014117,Pending Request for Reservation Closure,BOC
20191014118,Pending Request for Reservation Closure,BOC
20191014120,Request completed with account closure,BOC
20191014123,Pending Request for Reservation Closure,BOC
20191014128,Pending Request for Reservation Closure,BOC
20191014130,Pending Request for Reservation Closure,BOC
20191014131,Pending Request for Reservation Closure,BOC
20191014132,Service closure Request with BO responsibility,00835
20191014134,Pending Request for Reservation Closure,BOC
20191014136,Pending Request for Reservation Closure,BOC
20191014139,Pending Request for Reservation Closure,BOC
20191014141,Pending Request for Reservation Closure,BOC
20191014142,Authorization Requested,00594
20191014145,Pending Request for Reservation Closure,BOC
20191014146,Request completed with account closure,BOC
20191014148,Pending Request for Reservation Closure,BOC
20191014149,Pending Request for Reservation Closure,BOC
20191014151,Pending Request for Reservation Closure,BOC
20191014152,Service closure Request with BO responsibility,00848
20191014157,Pending Request for Reservation Closure,BOC
20191014161,Pending Request for Reservation Closure,BOC
20191014163,Pending Request for Reservation Closure,BOC
20191014164,Request completed with account closure,BOC
20191014172,Pending Request for Reservation Closure,BOC
20191014176,Pending Request for Reservation Closure,BOC
20191014177,Request completed with account closure,BOC
20191014183,Request completed with account closure,BOC
20191014186,Pending Request for Reservation Closure,BOC
20191014189,Pending Request for Reservation Closure,BOC
20191014190,Pending Request for Reservation Closure,BOC
20191014192,Service closure Request with BO responsibility,00835
20191014194,Request completed with account closure,BOC
20191014195,Pending Request for Reservation Closure,BOC
20191014196,Request completed with account closure,BOC
20191014197,Pending Request for Reservation Closure,BOC
20191014198,Pending Request for Reservation Closure,BOC
20191014201,Pending Request for Reservation Closure,BOC
20191014202,Service closure Request with BO responsibility,00848
20191014203,Pending Request for Reservation Closure,BOC
20191014207,Pending Request for Reservation Closure,BOC
20191014210,Service closure Request with BO responsibility,00835
20191014212,Pending Request for Reservation Closure,BOC
20191014215,Pending Request for Reservation Closure,BOC
20191014219,Pending Request for Reservation Closure,BOC
20191014220,Request completed with account closure,BOC
20191014221,Pending Request for Reservation Closure,BOC
20191014222,Pending Request for Reservation Closure,BOC
20191014223,Pending Request for Reservation Closure,BOC
20191014224,Pending Request for Reservation Closure,BOC
20191014225,Pending Request for Reservation Closure,BOC
20191014231,Pending Request for Reservation Closure,BOC
20191014235,Pending Request for Reservation Closure,BOC
20191014236,Pending Request for Reservation Closure,BOC
20191014238,Pending Request for Reservation Closure,BOC
20191014241,Request completed with account closure,BOC
20191014246,Pending Request for Reservation Closure,BOC
20191014247,Pending Request for Reservation Closure,BOC
20191014248,Pending Request for Reservation Closure,BOC
20191014250,Service closure Request with BO responsibility,00848
20191014252,Pending Request for Reservation Closure,BOC
20191014255,Service closure Request with BO responsibility,00835
20191014257,Pending Request for Reservation Closure,BOC
20191014258,Request completed with account closure,BOC
20191014259,Pending Request for Reservation Closure,BOC
20191014261,Pending Request for Reservation Closure,BOC
20191014263,Pending Request for Reservation Closure,BOC
20191014264,Pending Request for Reservation Closure,BOC
20191014265,Pending Request for Reservation Closure,BOC
20191014266,Pending Liquidation Request,SDCRAP
20191014268,Pending Request for Reservation Closure,BOC
20191014274,Pending Request for Reservation Closure,BOC
20191014277,Pending Request for Reservation Closure,BOC
20191014280,Pending Liquidation Request,BOC
20191014281,Pending Request for Reservation Closure,BOC
20191014283,Pending Request for Reservation Closure,BOC
20191014284,Pending Request for Reservation Closure,BOC
20191014285,Pending Request for Reservation Closure,BOC
20191014288,Pending Request for Reservation Closure,BOC
20191014289,Pending Request for Reservation Closure,BOC
20191014291,Request completed with account closure,BOC
20191014292,Service closure Request with BO responsibility,00835
20191014294,Service closure Request with BO responsibility,00835
20191014297,Pending Request for Reservation Closure,BOC
20191014298,Pending Request for Reservation Closure,BOC
20191014300,Pending Request for Reservation Closure,BOC
20191014302,Authorization Requested,00767
20191014305,Request completed with account closure,BOC
20191014307,Request completed with account closure,BOC
20191014309,Pending Request for Reservation Closure,BOC
20191014310,Service closure Request with BO responsibility,00835
20191014314,Pending Request for Reservation Closure,BOC
20191014317,Pending Request for Reservation Closure,BOC
20191014318,Pending Request for Reservation Closure,BOC
20191014319,Pending Request for Reservation Closure,BOC
20191014321,Request completed with account closure,BOC
20191014322,Pending Request for Reservation Closure,BOC
20191014323,Pending Request for Reservation Closure,BOC
20191014326,Pending Request for Reservation Closure,BOC
20191014327,Pending Request for Reservation Closure,BOC
20191014331,Pending Request for Reservation Closure,BOC
20191014336,Pending Request for Reservation Closure,BOC
20191014337,Pending Request for Reservation Closure,BOC
20191014338,Pending Request for Reservation Closure,SDCTCC
20191014339,Service closure Request with BO responsibility,00848
20191014340,Pending Request for Reservation Closure,BOC
20191014342,Pending Request for Reservation Closure,BOC
20191014343,Pending Request for Reservation Closure,BOC
20191014347,Service closure Request with BO responsibility,00835
20191014353,Pending Request for Reservation Closure,BOC
20191014354,Pending Request for Reservation Closure,BOC
20191014355,Pending Request for Reservation Closure,BOC
20191014357,Pending Request for Reservation Closure,BOC
20191014359,Pending Request for Reservation Closure,BOC
20191014360,Pending Request for Reservation Closure,BOC
20191014363,Pending Request for Reservation Closure,BOC
20191014364,Pending Request for Reservation Closure,BOC
20191014365,Pending Request for Reservation Closure,BOC
20191014369,Pending Request for Reservation Closure,BOC
20191014372,Pending Request for Reservation Closure,BOC
20191014375,Pending Request for Reservation Closure,BOC
20191014376,Pending Request for Reservation Closure,BOC
20191014382,Service closure Request with BO responsibility,00835
20191014385,Pending Request for Reservation Closure,BOC
20191014387,Pending Request for Reservation Closure,BOC
20191014388,Pending Request for Reservation Closure,BOC
20191014389,Service closure Request with BO responsibility,00848
20191014392,Service closure Request with BO responsibility,00835
20191014393,Pending Request for Reservation Closure,BOC
20191014395,Pending Request for Reservation Closure,BOC
20191014396,Pending Request for Reservation Closure,BOC
20191014397,Pending Request for Reservation Closure,BOC
20191014400,Pending Request for Reservation Closure,BOC
20191014404,Pending Request for Reservation Closure,BOC
20191014405,Pending Request for Reservation Closure,BOC
20191014407,Service closure Request with BO responsibility,00835
20191014413,Pending Request for Reservation Closure,SDCTCC
20191014414,Pending Request for Reservation Closure,BOC
20191014415,Pending Request for Reservation Closure,BOC
20191014416,Pending Request for Reservation Closure,BOC
20191014417,Pending Request for Reservation Closure,BOC
20191014419,Pending Request for Reservation Closure,BOC
20191014420,Pending Request for Reservation Closure,BOC
20191014423,Service closure Request with BO responsibility,00835
20191014425,Pending Request for Reservation Closure,BOC
20191014427,Pending Request for Reservation Closure,BOC
20191014429,Service closure Request with BO responsibility,00835
20191014430,Pending Request for Reservation Closure,BOC
20191014431,Pending Request for Reservation Closure,BOC
20191014438,Pending Request for Reservation Closure,BOC
20191014441,Pending Request for Reservation Closure,BOC
20191014442,Pending Request for Reservation Closure,BOC
20191014448,Pending Request for Reservation Closure,BOC
20191014449,Pending Request for Reservation Closure,BOC
20191014451,Pending Request for Reservation Closure,BOC
20191014452,Pending Request for Reservation Closure,BOC
20191014456,Pending Request for Reservation Closure,BOC
20191014458,Pending Request for Reservation Closure,BOC
20191014459,Pending Request for Reservation Closure,BOC
20191014462,Pending Request for Reservation Closure,BOC
