case:concept:name,pred_outcome,pred_sigmoid_mm_time,pred_uncertainty
201810001660,0.9870619671901235,0.0585294531528622,0.053381661133349065
201810002650,0.8100857880219511,0.2791581085794417,0.20403966402484072
201810006512,0.7407998466423146,0.1740493942578886,0.10914338889908425
201810008108,0.9899482692383046,0.05874570945121599,0.05146338833220859
201810008268,0.32032754570722355,0.2559898238953865,0.22447192114368017
201810008485,7.473280944094862e-05,0.06357165010829563,0.03920103132637949
201810008899,0.9933485055840284,0.05919343719598117,0.04597836538367822
20181000902,0.0015170263764019733,0.27545140526917267,0.20174456836889187
201810010740,0.9437362900120096,0.1671173755142663,0.08644355645270066
201810011081,0.9557424963666779,0.1778703016203481,0.12437370610033266
201810011583,0.9566823505259019,0.18284196323514385,0.1137400812597547
20181012611,0.7442672079031508,0.15689465181034062,0.12932535945662016
20181013679,0.7312990866133361,0.28697056876184185,0.15080962669907028
201811000205,0.908806907903323,0.22618714332076353,0.159135281920972
201811001580,0.947901356372844,0.17684620021605962,0.07677944260703631
201811001889,0.9782264220067864,0.17648907272726358,0.07652553473915218
201811002881,0.8685061476786302,0.22869620433971544,0.15881032057224945
201811003327,0.0017452299100955094,0.27873363754485236,0.19992184935247087
201811003911,0.9627182157156106,0.17684620021605962,0.07677944260703631
201811004163,0.9301098770372394,0.17433191427958583,0.15095130503618368
201811004205,0.9509285797829204,0.15458832188560187,0.10613474368772081
201811004338,0.9082682860624486,0.15992667057070586,0.11354546526653517
201811005226,0.9548741858401475,0.15830146025038522,0.11183969107640693
201811005422,0.9809826189750388,0.2535417691877675,0.22467407257198335
201811005747,0.9893856901571417,0.06414275365530833,0.0622920808568515
201811005954,0.8947219504560286,0.22869620433971544,0.15881032057224945
201811006467,0.8395350033824532,0.05959676432877825,0.061183816143292845
201811006674,0.35471596839608316,0.313703402532734,0.18429799378493933
201811006982,3.8407599365529295e-05,0.060186541649300096,0.03624933299803689
201811007401,0.3587725094202857,0.313703402532734,0.18429799378493933
201811008100,0.962907338089975,0.1750084016223235,0.12939849166296635
201811008330,0.6543358095440832,0.24704493269768255,0.13031099990684525
201811008338,0.41539143076764595,0.313703402532734,0.18429799378493933
201811008394,0.9902772825337545,0.06460561511296635,0.06387944536218511
201811008598,0.9851203225828813,0.2530950347386193,0.2241319102845144
201811008631,0.8571616669870183,0.18425672338991467,0.168281329257726
201811008634,0.9852110606311683,0.2530950347386193,0.2241319102845144
201811009132,0.9633215588255895,0.2551723390892619,0.22353231382700273
201811009434,0.9554643050248045,0.25533596025633354,0.22401613644681106
201811009590,0.972927567765245,0.09052585415072655,0.06536287707782276
201811009800,0.9245653008236423,0.17717764034663575,0.15033018389332273
201811010119,0.9901230534945612,0.06393603962045116,0.06224086785646627
201811010142,0.9912001858163352,0.08919367053708256,0.06800258629009337
201811010681,0.8564449079941622,0.2933209340233348,0.21020482322365483
201811010732,0.9589089869725672,0.2560552702750528,0.22483855132160352
201811011699,0.921835620529404,0.1872225954624965,0.1462966067104785
201811011715,0.9494509609876994,0.17985439116153562,0.15175781636759925
201811011742,0.9627465649627666,0.15671289572954056,0.10859730777896427
201811011907,0.7239640447735833,0.16728211139000357,0.07768479543199718
201811011916,0.8516857493009866,0.22587623750353064,0.1831344468623957
201812000179,0.8434815351973647,0.2523707942106161,0.12838872076899135
201812000181,0.8434815351973647,0.2523707942106161,0.12838872076899135
201812000186,0.9872924897270415,0.2535417691877675,0.22467407257198335
201812000605,0.9566196929728366,0.17684620021605962,0.07677944260703631
201812000606,0.9122746264382575,0.1750503841919792,0.15452334005983862
201812000900,0.7890503979561541,0.15372008914651097,0.11739185543480285
201812002344,0.4619816609420399,0.28733263567432743,0.15965179324494186
201812002552,0.8604740855861419,0.1595943459810743,0.1639860555718719
201812002630,0.43740841458862195,0.3166414813334947,0.21915332598267032
201812002677,0.959495258619196,0.15671289572954056,0.10859730777896427
201812002837,0.9462962367333391,0.07044748466134905,0.07590390198245464
201812002893,0.981966796744808,0.2535417691877675,0.22467407257198335
201812003039,0.9565151566092747,0.24775597314445258,0.20385248486291335
201812003088,0.0018106342156743208,0.2774806534426796,0.19870044166103057
201812003287,0.8972794915554086,0.05935975447585273,0.06289008881163016
201812004065,0.9589609764680387,0.06637838851445794,0.08586911228226052
201812004155,0.002085697262279112,0.20611748242770891,0.19627132950521714
201812004198,5.982654365124191e-05,0.05983833331467845,0.051413378179750224
201812004271,0.9014106192156133,0.18757831644351733,0.13882676318937257
201812004422,9.385161835876832e-05,0.062117182816727644,0.05184393493662017
201812004433,0.9743781554711715,0.17225944137984622,0.08875606081465397
201812004478,0.9178546580114516,0.17901144667518235,0.14629816286168168
201812004552,0.9398424014088936,0.1831990907239399,0.11410766353863278
201812004625,0.972410108961494,0.07120693545997424,0.09338545178384751
201812004772,0.7025575062731506,0.2545837383918251,0.10102700266037826
201812004817,0.9892052274290045,0.058483057576863694,0.052449362835020163
201812004871,0.8351125604815719,0.1683487610598926,0.0797540790542941
201812004921,0.00013174665457840284,0.04792976373131943,0.061023767461074255
201812005259,0.8648163312671858,0.17767222189266416,0.11564609336486235
201812005350,0.9813707805001608,0.08921152059453298,0.07418184910022688
201812005402,0.8601150554436555,0.18681725298147264,0.14598115608766304
201812005434,0.886727509999934,0.20156509046654003,0.1765109327090517
201812005461,0.9629568156865593,0.2558916491079813,0.2243513845114348
201812005659,1.093730696487922e-05,0.0633101244596836,0.05267779412687037
201812005779,0.9360395264402767,0.17479309722154002,0.08867882378299358
201812005853,0.93656967635321,0.05789990285346401,0.06054638847062981
201812005862,4.2524506069926384e-05,0.1836896544145635,0.16979056669521528
201812005898,0.9880270411149965,0.06001456709309842,0.05470062189852914
201812006094,0.9901313136783932,0.06423123967155021,0.05553117091920941
201812006124,0.9433306120952739,0.2560552702750528,0.22483855132160352
201812006485,0.9398696634579538,0.1603442973788324,0.13659695964425378
201812006628,0.5811552043393038,0.1929245797583014,0.10860897079607872
201812006707,0.00010168953774434984,0.058875838020447456,0.03816258745615511
201812006755,0.9111733604354932,0.059191537132164206,0.0657945144520668
201812006820,0.9370099529299666,0.18544312446580097,0.09205609060264948
201812006824,0.9841526578560282,0.1831990907239399,0.11410766353863278
201812007245,0.8743774940184124,0.22869620433971544,0.15881032057224945
201812007280,0.9532842720489197,0.08151663710953833,0.11083639620325783
201812007319,0.9485669842222871,0.22195321503737597,0.19633289798729403
201812007397,0.0020229186718460387,0.20517802885092315,0.20857033297065267
201812007439,0.9287790599044008,0.08340988178909522,0.07119614417646566
201812007654,0.9776439247149563,0.25488922580718537,0.2234757472742269
201812007664,0.06748104193418475,0.15768176827508143,0.14181944820058823
201812007718,0.0013308212284795352,0.27543666386533466,0.20798501306627337
201812007723,0.9102386287437755,0.1782220638359922,0.14424684123243733
201812007727,0.6540055485081373,0.24593859757071082,0.13011886300476624
201812007780,0.0001185172333224112,0.05901604205051605,0.03849864961960458
201812007788,6.196380880910274e-05,0.2825696133468555,0.18913069009926262
201812007839,0.9553070343977546,0.15671289572954056,0.10859730777896427
201812007853,0.0014282856778182905,0.24510715107467385,0.1516959127780674
201812008090,3.6459964735827606e-05,0.060186541649300096,0.03624933299803689
201812008149,0.9832664048948386,0.06213861156923536,0.028793191165230037
201812008346,0.9905221077982883,0.06112059182719274,0.05587721631788334
201812008642,0.8694351601597652,0.17338895164790125,0.09143716205346067
201812008657,0.9417229206063413,0.17176988075230673,0.09077711527413226
201812008694,0.810674928594493,0.1766807197962395,0.15646258825960055
201812008702,0.040492517277018,0.1588034633908923,0.13730357005736873
201812008708,0.040492517277018,0.1588034633908923,0.13730357005736873
201812008800,0.96835943007206,0.15860322789659378,0.09220197477991832
201812008953,0.9465433156826492,0.08813794130300018,0.06371849425080359
201812009363,0.8159118491604614,0.15493238020247888,0.1141197076472927
201812009485,0.9895072136459181,0.060768574646609105,0.060513101402064375
201812009515,0.9659282117807322,0.15671289572954056,0.10859730777896427
201812009556,0.8950907539583651,0.17684620021605962,0.07677944260703631
201812009573,0.9763818364032933,0.061078535990512564,0.06100085784585649
201812009645,0.35503487155513425,0.33247424500815764,0.19113311860058807
201812009682,0.7696721218053313,0.14843300726726263,0.11680318940914047
201812009703,0.9902479398990921,0.09334683819938794,0.06525200249218224
201812009725,3.7902922365691357e-05,0.06014014607330158,0.035738918415376617
201812009750,0.7341141532408857,0.17474034919034864,0.08468306932651903
201812009753,0.95496846646976,0.1786123318877265,0.1318767156367275
20182005961,0.9595131128749014,0.17176988075230673,0.09077711527413226
20182009106,0.0022998796557508407,0.24795324097644555,0.16329723643672409
20183007131,0.7925607833292583,0.08713072559898624,0.06284955485782263
20184001796,0.910227374861931,0.1782220638359922,0.14424684123243733
20185003342,9.381520914464931e-05,0.06365830019676232,0.04360732212539744
20186002647,9.806743570069354e-05,0.06292804853706618,0.06762624885880371
20186005840,0.9167418069658897,0.19769762202695412,0.12047639160228789
20186007767,0.9422631077374053,0.17225944137984622,0.08875606081465397
20187001795,0.9125018213519954,0.24934971011727267,0.20375378883458312
20187002397,0.0015495419035988648,0.28439138883323367,0.20580173434778712
20187003190,0.801188647593885,0.16848235573228204,0.08032919502509896
20187003641,0.9853186572063787,0.2530950347386193,0.2241319102845144
20187006392,0.7154158754718236,0.27960906064796953,0.1996246597636517
20187006846,0.9002039194863126,0.15458832188560187,0.10613474368772081
20187007250,2.1672185142645127e-05,0.06881273026289333,0.08785936265761453
20187010782,0.9426911175282348,0.1664432119200175,0.17147155347497858
20188002087,0.9397273060802134,0.15671289572954056,0.10859730777896427
20188002441,0.9239874593019825,0.18689429138714894,0.14625671149290945
20188002645,0.3837522754004067,0.276322187342576,0.17566462775479127
20188005486,0.9844707659068502,0.2530950347386193,0.2241319102845144
20189001829,0.8628341925762674,0.09881508652483076,0.09744505035927188
20189003084,0.8743377329484351,0.1891137806941779,0.14134759934758495
20189003486,0.9603481872020799,0.17684620021605962,0.07677944260703631
20189004803,0.973276259398844,0.17198584248987187,0.09552052451409579
20189006540,0.8958149653321474,0.08713072559898624,0.06284955485782263
20189007102,0.9162775874832259,0.1752607960077493,0.16018621261921542
20189007821,0.8866736869923579,0.2272974096209072,0.19585648830629335
20189007982,0.8042490353768266,0.1473127377198286,0.11508827393420609
20189008206,0.970234040208448,0.21829683808088354,0.10437837547844898
20189009645,0.0016418571399191611,0.27652249705407694,0.20946512927098482
20191000037,0.8271893078343046,0.06002183527707776,0.06157758466377002
20191000127,0.9455271676467133,0.17225944137984622,0.08875606081465397
20191000242,0.8559027654649407,0.18698707788618074,0.17123157165808467
20191000255,0.9830480185366206,0.24946799821828405,0.22224986329536733
20191000260,0.7119208315329786,0.1734600226046898,0.08189125833941939
20191000269,0.9848999057281663,0.2516909193066828,0.2231665820256403
20191000366,0.9609884392408031,0.2560552702750528,0.22483855132160352
20191000380,0.9933407526648185,0.05919343719598117,0.04597836538367822
20191000382,0.8715853045233444,0.22869620433971544,0.15881032057224945
20191000433,0.00010953884166699689,0.06412913214481254,0.06417640956106256
20191000490,0.00011549246385730874,0.0649136418054119,0.06825072854037881
20191000535,6.97016135929882e-05,0.0704210565201237,0.08510932976528485
20191000546,0.9621888011970509,0.1494205122728036,0.10247128137147794
20191000553,0.9663184365429826,0.06774327276295734,0.09496604753841581
20191000568,0.9622655790088518,0.17684620021605962,0.07677944260703631
20191000676,0.9816436267241343,0.1528572908903168,0.12041195707683326
20191000751,0.9645718185313965,0.25880297361054155,0.22826617781900266
20191000782,0.9271098951588751,0.22618714332076353,0.159135281920972
20191000845,0.7100219654512449,0.2693565097383949,0.1779066581078423
20191000920,4.3286488776509655e-05,0.059967157458344154,0.0348818699130361
20191000928,3.568831900913708e-05,0.06014014607330158,0.035738918415376617
20191000957,0.8487531737656853,0.2542321879286154,0.09970607482547697
20191001061,0.8840770467232202,0.1777225699540492,0.10993258112804673
20191001073,0.9665017933279104,0.07037173148642108,0.10207686767635883
20191001178,0.9615887071768412,0.07054198254451734,0.10427764285983429
20191001209,0.877353142847696,0.18953586392153138,0.18202274505131
20191001270,0.9901090745008708,0.06280006897678256,0.05889204421944854
20191001457,0.973566376949956,0.15708747124342987,0.11045803824293494
20191001560,0.9700392260783264,0.25488922580718537,0.2234757472742269
20191001584,0.0017766192003259866,0.25041892584805686,0.1615411141053225
20191001595,0.9798200299669207,0.17684620021605962,0.07677944260703631
20191001604,5.615442452837338e-05,0.06058986878209719,0.04821686676044688
20191001611,0.00010946366996312482,0.05970303631566158,0.04992218214226636
20191001699,0.9328512487630409,0.15829794697043006,0.09226822896445178
20191001826,0.9798232745373021,0.2528224591690481,0.22385544016037287
20191001846,0.6761088696230823,0.24779999128871005,0.10107190854237791
20191001877,0.9640438212520835,0.1768728583290679,0.07681509343509359
20191001909,0.00014844835069569888,0.06290208675040207,0.05362743263013698
20191001991,0.824593367107466,0.05788527281360582,0.06064774476269121
20191001992,0.3809349135075751,0.28215001930445144,0.18186464292419816
20191002027,0.9652738214866868,0.15780678126214923,0.1108507854145776
20191002029,0.9905927255992139,0.06071996449307563,0.05415944334687439
20191002074,0.960226873123452,0.07054198254451734,0.10427764285983429
20191002078,0.9587535205947608,0.07069998709551797,0.10466732225901626
20191002091,0.9915829755804784,0.06388247201320421,0.06027467044544022
20191002111,0.9568431142068407,0.17684620021605962,0.07677944260703631
20191002163,0.9501724499113718,0.06736612218445347,0.09586717455287348
20191002211,0.8957313935375696,0.17322839013306773,0.08826672454244808
20191002216,0.9045169612961009,0.17736011491391887,0.16513988317261183
20191002277,0.9600078707791264,0.07054198254451734,0.10427764285983429
20191002297,0.9222500091609204,0.22736198377430603,0.19595131002092492
20191002394,0.9707195649793098,0.06855692261201532,0.10145968527797243
20191002483,0.9198581114012663,0.16931716020603052,0.09083950990252802
20191002503,0.9757564036603141,0.15875039749211436,0.13284899793836966
20191002511,0.8745871566178848,0.0838649214467325,0.07221539854013433
20191002521,0.9215155417757297,0.08340988178909522,0.07119614417646566
20191002534,6.3497105102088e-05,0.08282761225716093,0.12708373890704017
20191002537,0.040316413338567995,0.1588034633908923,0.13730357005736873
20191002706,0.04277975457494566,0.1588034633908923,0.13730357005736873
20191002742,0.9530671595323299,0.06774327276295734,0.09496604753841581
20191002745,0.9512141916465662,0.16963241497196516,0.08400270383093764
20191002751,0.9828267713812523,0.05462690657600565,0.046326788376443315
20191002759,0.9371854958721194,0.15258982926078948,0.12318781551172973
20191002920,0.9272622340286016,0.16857527765024397,0.08783119786303263
20191002939,0.974387286493245,0.16100755075778173,0.11164023824352351
20191002953,0.00019508851317809073,0.07795748771817948,0.09035174602036285
20191002956,0.9843662114664082,0.2535417691877675,0.22467407257198335
20191002981,0.00019363476911733862,0.06202014317765512,0.061508893570776976
20191003000,0.9445286062226905,0.16857527765024397,0.08783119786303263
20191003019,0.9525510738994671,0.18117845983381337,0.07513466915474487
20191003043,0.9134945394716657,0.17919646557606794,0.17079525654384153
20191003077,0.0007264074904279197,0.24510715107467385,0.1516959127780674
20191003263,0.9802828842821121,0.2527571491046846,0.22386796985936686
20191003312,0.9640697255601661,0.07134425318574102,0.10626754782561292
20191003315,0.0012131524680495827,0.1678175062842012,0.13698512711568334
20191003440,0.963680872828183,0.1707213057796693,0.0880988555767663
20191003465,0.9825830418291064,0.2527571491046846,0.22386796985936686
20191003502,0.9195844008547578,0.1864923519996958,0.14573156644302085
20191003540,0.9737576504232834,0.2508492235322394,0.22182776932236425
20191003568,0.9530384944104587,0.06283597999179662,0.08169666022826175
20191003594,3.384778957882365e-05,0.061093558358258505,0.05107068361971226
20191003680,0.8364569589917427,0.05788527281360582,0.06064774476269121
20191003699,0.0016055922911660378,0.24638408754559774,0.14839837484148588
20191003724,0.0013289059732814247,0.2529545789965534,0.16553942772148544
20191003755,0.04423661248895184,0.1543541412083954,0.13256803594502845
20191003756,0.04527681593498876,0.15322260134603008,0.1322135083044986
20191003759,0.9679764388293223,0.08822461113159494,0.06419730179037993
20191003785,0.6679084586785154,0.27206823092885885,0.20046271033733873
20191003861,3.675031725883574e-05,0.06014014607330158,0.035738918415376617
20191003909,3.603801906437884e-05,0.07347288872827094,0.10821366645271671
20191003938,0.7484558797989131,0.2485680232072262,0.12874374447677944
20191004011,0.8338302541406832,0.19690449961898104,0.12049781152242985
20191004025,0.64815192654962,0.1691600500852457,0.1070673661061856
20191004038,0.9903502635893626,0.05726059551097977,0.050292671938050065
20191004043,0.9346643309542514,0.1787109268591151,0.14499865152104882
20191004048,0.002936146045143949,0.17853280066968275,0.1400260660510304
20191004109,0.9592315462865008,0.09544839864231623,0.0691618054844964
20191004146,0.7637751177657756,0.1741385439621426,0.08332488476486345
20191004208,0.9055584544964254,0.20894151281205797,0.1898080258248077
20191004220,0.9529184918447957,0.1786123318877265,0.1318767156367275
20191004224,0.8825012474327616,0.1907027804619555,0.11656464999684697
20191004227,0.8808080116402044,0.08928919378278452,0.06551945167648665
20191004251,0.6336411740885605,0.24727952358198366,0.09723160937959782
20191004267,0.9159714933483798,0.20894151281205797,0.1898080258248077
20191004286,0.5971400509829541,0.1602812866909072,0.08791415299491427
20191004364,0.7576963207747532,0.1669798798631265,0.08756413366909524
20191004374,0.9058339318941602,0.17715974158258652,0.09012378216792849
20191004402,0.9932358567053804,0.057783792704187674,0.032465903775230336
20191004432,0.8342992304540398,0.058890581075420376,0.06194246394295339
20191004440,0.9856246983271085,0.2535417691877675,0.22467407257198335
20191004500,0.965288895686392,0.08937586361137928,0.06605487132692384
20191004550,0.9660605287445957,0.15793803334274248,0.0892859870267409
20191004556,0.7076743210276737,0.17601763413215046,0.15457910307474598
20191004566,0.9836867787921179,0.17498659685810805,0.08343220459798019
20191004680,0.0023478568395944683,0.1705829324939571,0.1859433874511725
20191004710,0.9599595651841424,0.0716932350243017,0.10706740213270755
20191004805,0.8927668949419392,0.2843842078407925,0.18131821183052807
20191004843,0.9689425508864694,0.17684620021605962,0.07677944260703631
20191004854,0.988982136766958,0.05830277538658111,0.06020424291254381
20191004869,0.06893658009732383,0.15768176827508143,0.14181944820058823
20191004891,0.00012302466104115105,0.06813912904631445,0.08981826870535405
20191004909,0.9465459745913979,0.1575012714366952,0.08404967504916767
20191004957,0.9927604465895784,0.05919343719598117,0.04597836538367822
20191004983,0.44013259539065397,0.313703402532734,0.18429799378493933
20191005120,0.0010653174069887015,0.24823518562782873,0.16671121513495765
20191005134,0.0015417340115860426,0.24612524330200208,0.1505785503865181
20191005248,0.8285313805465834,0.058890581075420376,0.06194246394295339
20191005294,0.992286182039211,0.05718469259682322,0.04948371053545898
20191005303,0.8916046073106434,0.1883616198541359,0.14895196209355496
20191005314,0.0014168040933831337,0.24823518562782873,0.16671121513495765
20191005347,0.9491093471795174,0.17479309722154002,0.08867882378299358
20191005360,0.9795334372389488,0.2554005344097323,0.22411414936702972
20191005375,0.9644223923606186,0.06788080791824722,0.098007962008786
20191005395,0.9505025356801331,0.08937586361137928,0.06605487132692384
20191005409,0.0064607271528470634,0.1598013728725421,0.12265846643077306
20191005427,0.9915829755804784,0.06388247201320421,0.06027467044544022
20191005428,0.9582985044042387,0.17684620021605962,0.07677944260703631
20191005462,0.0016908775427561529,0.24638408754559774,0.14839837484148588
20191005480,0.004297020661065909,0.21292595201435285,0.1688315071456028
20191005537,0.8838219271624268,0.05957369900717342,0.06629383354745867
20191005557,0.9050186072251057,0.1772219387552516,0.11271251147679785
20191005567,5.149399067708578e-05,0.05901604205051605,0.03849864961960458
20191005632,0.9164698183104846,0.059353641942511956,0.06599002021286265
20191005637,0.8184129644825705,0.17560876319731167,0.08703858925329017
20191005681,0.9881797260989515,0.061948618297266056,0.061708393370115085
20191005698,0.939461172107166,0.17198584248987187,0.09552052451409579
20191005733,2.320243700706441e-05,0.17569994280021548,0.14133225648837097
20191005769,0.91594820894884,0.17952608708618803,0.15171690087474884
20191005838,0.8725011922683783,0.1897992122583215,0.1418415204945083
20191005903,0.9955347697895625,0.057977884298302196,0.03883351194822328
20191005922,0.9207848235480145,0.08340988178909522,0.07119614417646566
20191005924,0.01741158154601341,0.15905043330790555,0.13689185101192705
20191005966,0.9769290667195043,0.1798474982356808,0.08442079525032291
20191006023,9.045801280933327e-05,0.08300978154762581,0.11862786209749268
20191006058,0.9571438011918274,0.2560552702750528,0.22483855132160352
20191006064,0.9891913355759434,0.05785867993106336,0.04884092096017317
20191006077,0.0013114331189386862,0.24510715107467385,0.1516959127780674
20191006078,0.9599772483132244,0.2560552702750528,0.22483855132160352
20191006098,0.983711750475585,0.2535417691877675,0.22467407257198335
20191006110,0.9525128063076505,0.17673419237108473,0.13531193749332196
20191006142,0.6975066503147512,0.29279059392771095,0.13970158942173777
20191006145,0.9498970852426315,0.15888348261863333,0.14675637710690662
20191006188,0.9814909919462611,0.2516909193066828,0.2231665820256403
20191006203,0.9750251125411197,0.17412031106852807,0.08268571665826172
20191006207,0.943767346425784,0.173952741286252,0.13780014247663389
20191006210,0.9319713604032853,0.16857527765024397,0.08783119786303263
20191006217,0.9486351670731884,0.08181148093219837,0.11181388720339425
20191006233,0.7103502556413585,0.28434308159896393,0.148338631430895
20191006273,0.9839109512740075,0.2535417691877675,0.22467407257198335
20191006292,0.8378558724727665,0.05788527281360582,0.06064774476269121
20191006301,0.0002271894158392609,0.05756069781627584,0.049427690674573206
20191006309,0.0016353897259219184,0.24992760342770143,0.17310092054024442
20191006333,0.9581488534407422,0.17412031106852807,0.08268571665826172
20191006358,0.9503180550701829,0.24979439284205757,0.20324683979306082
20191006382,0.9482482816442052,0.17217920791564686,0.08951334723304456
20191006394,0.7270062347188491,0.17474034919034864,0.08468306932651903
20191006436,5.7581832897793164e-05,0.06014014607330158,0.035738918415376617
20191006502,0.8819531983851823,0.17632384737752055,0.082109364765463
20191006520,0.9825376912817798,0.2535417691877675,0.22467407257198335
20191006539,0.9470104232053955,0.15371170266671155,0.11077535007173878
20191006585,0.9370957249845067,0.18416840223961745,0.15752855166994642
20191006608,0.9729300942031588,0.07231624239791475,0.09477298648369384
20191006655,0.6816929562670749,0.27343056714447134,0.20129870871477196
20191006661,0.8283997296935056,0.06293049984940297,0.035249408748332656
20191006747,0.7053135207667381,0.29171687790043316,0.1656809081579391
20191006756,0.8075939843126438,0.22869620433971544,0.15881032057224945
20191006771,0.9841385737759129,0.2501219981726398,0.22307517940949861
20191006784,0.9482189991740941,0.17479309722154002,0.08867882378299358
20191006788,0.7608725004762035,0.2925936658986518,0.1986199136771235
20191006789,0.9727125132504232,0.0871214828489178,0.053838567243819656
20191006870,0.00015438811618944588,0.06951037456289813,0.10203085865890542
20191006871,0.9820157693305263,0.2527571491046846,0.22386796985936686
20191006880,0.9509388857006053,0.17684620021605962,0.07677944260703631
20191006886,0.9915226766954698,0.06363773190324565,0.06016649939019859
20191006920,0.8860422756907055,0.18280520282846652,0.14479062001758583
20191006922,0.9933695456138261,0.05919343719598117,0.04597836538367822
20191006956,0.9825116907849578,0.2535417691877675,0.22467407257198335
20191006987,0.9424411260788996,0.18613522451089975,0.14526586856646376
20191007056,0.5080428464463673,0.283297917657611,0.15528010057331643
20191007068,0.971790323503245,0.09044931078643567,0.06682006527628037
20191007079,0.9832235199963855,0.17270529048596392,0.07406548709289254
20191007149,0.9632805350072421,0.07134425318574102,0.10626754782561292
20191007166,0.9894657117480555,0.05802293759719711,0.04880478078572308
20191007291,0.9890457971063932,0.058483057576863694,0.052449362835020163
20191007305,0.0016128437388522072,0.24698302734707997,0.1578784329353078
20191007344,0.8994478731227176,0.05789990285346401,0.06054638847062981
20191007413,0.9246830150189181,0.15798729770017675,0.1577137044133502
20191007453,3.7398404543871536e-05,0.06400183752408996,0.0644061055338082
20191007463,0.9244425965990695,0.05913320988524813,0.06495309719909159
20191007469,0.6769059396124539,0.2883865465250045,0.1510860026638912
20191007472,0.960078858476234,0.17684620021605962,0.07677944260703631
20191007481,0.9173237642054096,0.19097569045585688,0.16898081309708854
20191007501,0.6214719904108841,0.26349421081299723,0.1832083571397219
20191007510,0.9470580641520681,0.16450348620837316,0.08725670969889798
20191007558,6.025202689817533e-05,0.08315756247624138,0.117965857423441
20191007560,0.9683546361919538,0.15568220741821057,0.10833429876780418
20191007564,3.7429613572582326e-05,0.06014014607330158,0.035738918415376617
20191007570,0.9689614837567131,0.08937586361137928,0.06605487132692384
20191007587,3.7375282462351815e-05,0.06014014607330158,0.035738918415376617
20191007597,0.9825427574279924,0.2535417691877675,0.22467407257198335
20191007623,3.560804264702419e-05,0.06014014607330158,0.035738918415376617
20191007651,0.9056578787178426,0.16528201154214814,0.17112799516009308
20191007666,3.4791630304682314e-05,0.06016393541628372,0.03889081748929073
20191007668,0.9727440976147245,0.09058655256799121,0.06587882589666956
20191007674,0.0001393416554806994,0.06130019151871814,0.047421379843383564
20191007718,0.9809847626296431,0.24946799821828405,0.22224986329536733
20191007810,0.9543288266172885,0.08886887722181797,0.06524322011290273
20191007859,0.9721677640988278,0.17684620021605962,0.07677944260703631
20191007866,0.9889194771834062,0.09451056924668602,0.0679581725559246
20191007873,4.1954317945754975e-05,0.06014014607330158,0.035738918415376617
20191007894,0.9876458970385236,0.25018730823700336,0.22306275321249147
20191007895,0.9894032751556119,0.05802293759719711,0.04880478078572308
20191007901,0.9822402923823158,0.2535417691877675,0.22467407257198335
20191007903,0.9377384751520236,0.17498659685810805,0.08343220459798019
20191007908,0.9819551940027017,0.2535417691877675,0.22467407257198335
20191007911,3.6475160341347525e-05,0.060186541649300096,0.03624933299803689
20191007912,0.9641911986370899,0.1567143516210741,0.13406254125446176
20191007948,0.001326987823255963,0.24588794399532138,0.15906902192195063
20191007964,0.9492985810143953,0.0887822073932232,0.06473225991270115
20191007970,3.61610004139645e-05,0.06017110081450842,0.03791773400839201
20191007975,3.59493828060728e-05,0.060186541649300096,0.03624933299803689
20191007993,0.9640705143267094,0.07118624863474037,0.10585087907892735
20191008000,0.9356925118395257,0.19221285198577404,0.08209746855588375
20191008019,0.7632315128698998,0.16851801546330344,0.0882179694298359
20191008041,0.9907802865661507,0.06444949358303462,0.06251695673090253
20191008066,0.98661719929056,0.2530950347386193,0.2241319102845144
20191008071,0.9526448255824739,0.17684620021605962,0.07677944260703631
20191008074,0.9701641230431635,0.08775714163175882,0.05851293763771115
20191008076,0.9878071635854178,0.059903870401187866,0.05413574204400448
20191008079,0.9499715269595549,0.17648907272726358,0.07652553473915218
20191008080,0.9852210864524178,0.2523757247199,0.22331576678719853
20191008096,0.9675932463197242,0.0710159975766441,0.10361675350641589
20191008111,5.838403881885929e-05,0.06254942978478303,0.04123535824929846
20191008116,0.9771649032047532,0.2530950347386193,0.2241319102845144
20191008140,0.9218060572334894,0.18797866705343474,0.18268526575502356
20191008155,6.329229014945175e-05,0.07133444428039408,0.10078526656523823
20191008169,0.8099700149569781,0.2941168567396833,0.20878376142407912
20191008273,0.9640148869483467,0.1450931434700564,0.13269448227183422
20191008283,0.8312534502924798,0.1683487610598926,0.0797540790542941
20191008295,2.6829946856454577e-05,0.06054077962071992,0.038126248332329006
20191008323,0.9856121597091876,0.17684620021605962,0.07677944260703631
20191008334,0.9194680819635143,0.18200243619562162,0.11261331043572102
20191008335,0.00012731348479789873,0.0630606460092559,0.06778446012161153
20191008349,0.9685646352758094,0.07101055439917489,0.10553075047092332
20191008358,0.9675605170113852,0.06774327276295734,0.09496604753841581
20191008359,0.9542325995504521,0.09536172881372149,0.06860552561566956
20191008362,0.9642656096016536,0.07118624863474037,0.10585087907892735
20191008363,0.8942199662751632,0.18675001759368573,0.11494407314306998
20191008378,0.9129294711075813,0.18400394896255018,0.1767018681713797
20191008380,0.9366527216864665,0.2245339818237015,0.1843757861063653
20191008388,8.032991576234596e-05,0.05887837726692476,0.0478101941877183
20191008393,0.9890262000679594,0.05802293759719711,0.04880478078572308
20191008402,7.147839556645803e-05,0.06298637578398228,0.06858588709975998
20191008415,0.9663588778837504,0.1500134070276588,0.11726519576853432
20191008420,0.9844088163220306,0.2523757247199,0.22331576678719853
20191008442,0.9911500569611015,0.06267787981142922,0.0590316854382208
20191008443,6.413316790547393e-05,0.08282761225716093,0.12708373890704017
20191008445,3.802464353391885e-05,0.06014014607330158,0.035738918415376617
20191008446,0.9382283820505718,0.08175138956331107,0.0763922158026289
20191008454,,,
20191008456,3.618154134900081e-05,0.060186541649300096,0.03624933299803689
20191008469,4.082267923604033e-05,0.06014014607330158,0.035738918415376617
20191008473,0.746131233413003,0.2780557356999438,0.19508641945219815
20191008481,0.6917503838444441,0.2941168567396833,0.20878376142407912
20191008500,0.9244311914683053,0.171189166956137,0.08701260342158848
20191008537,0.0695354453557337,0.15768176827508143,0.14181944820058823
20191008564,0.8031932176950095,0.17004269217127319,0.07959094229063339
20191008566,0.9924862239956529,0.2530950347386193,0.2241319102845144
20191008612,0.9460292103854064,0.09058655256799121,0.06587882589666956
20191008645,0.8297776730366508,0.22302644067433258,0.1942220051632295
20191008646,0.9659565752159649,0.25560853582590465,0.22429568085560372
20191008668,0.8267825457670476,0.27154584675972415,0.11834135612435868
20191008691,3.639631931274483e-05,0.06014014607330158,0.035738918415376617
20191008693,0.9658617038244316,0.06286957003758213,0.08205836878320175
20191008720,0.9206600322455157,0.19204200310211156,0.14383932292921373
20191008742,0.833578330300541,0.22853258317264386,0.15847479576077572
20191008751,3.7442478650065016e-05,0.06014014607330158,0.035738918415376617
20191008755,0.9179868650470884,0.2294443163725764,0.17309799290840253
20191008774,0.8998623686800945,0.1813760162728829,0.1786077734852653
20191008797,0.0013132802159366256,0.24588794399532138,0.15906902192195063
20191008808,3.322939772906451e-05,0.06016393541628372,0.03889081748929073
20191008812,0.8829433887170384,0.18249595828612442,0.17008187039799882
20191008816,8.934535270355346e-05,0.06445572449309062,0.0696332189563332
20191008827,0.8980533711775489,0.20021913130235966,0.17515660062404487
20191008833,0.9826098718819172,0.2535417691877675,0.22467407257198335
20191008838,0.9638696763363074,0.07571710585117204,0.10822598246553294
20191008840,0.9653922074439272,0.07118624863474037,0.10585087907892735
20191008846,0.9772953630316397,0.1768728583290679,0.07681509343509359
20191008862,0.9524018053838483,0.1516089618704791,0.07699676121814215
20191008891,0.8891833665243338,0.1725455116970412,0.08693038946815605
20191008913,0.9216212928499719,0.18689429138714894,0.14625671149290945
20191008924,0.9122003651875928,0.17952608708618803,0.15171690087474884
20191008932,0.9884807168462734,0.06229295215275223,0.0631952084297644
20191008940,0.980380999034219,0.2528224591690481,0.22385544016037287
20191008960,0.9549555126289329,0.15829794697043006,0.09226822896445178
20191008965,3.0490890935443887e-05,0.07274446518351904,0.10912425148665868
20191008973,0.9589448864885075,0.1768728583290679,0.07681509343509359
20191008981,0.8990720714546863,0.22618714332076353,0.159135281920972
20191008983,0.9902368233434199,0.06280006897678256,0.05889204421944854
20191008985,0.8716429819274569,0.16434865776383245,0.0956696967509724
20191008989,0.9096768243906885,0.22518395914871236,0.15870858094740561
20191008994,0.8079757755728246,0.2946260902985673,0.21202286611089394
20191008995,0.9772939235297424,0.2535417691877675,0.22467407257198335
20191009007,0.831012984987121,0.05959171025142884,0.06134870357310792
20191009021,0.9282074505173624,0.15714135780900768,0.08133306328395239
20191009058,0.9826271805509837,0.25018730823700336,0.22306275321249147
20191009071,0.9902626025273049,0.057336556527242774,0.050112586690645694
20191009078,0.9662542674481946,0.17717450429140721,0.07680921510218636
20191009080,0.7963069076056848,0.27001218883728,0.19177406279773998
20191009081,0.9366460682953512,0.1716436413964308,0.1673965450503036
20191009087,0.9555686825756552,0.08886887722181797,0.06524322011290273
20191009105,0.0011527183207823777,0.2463443373769539,0.16042700739776483
20191009106,0.7496887543603131,0.16835130221362135,0.08005815561887834
20191009120,0.7306520838187768,0.16883948322107808,0.08057714751473981
20191009140,0.9323329713013211,0.1562868153774821,0.07850484758460988
20191009168,0.4427519965126689,0.28733263567432743,0.15965179324494186
20191009183,0.9448213421397629,0.17198584248987187,0.09552052451409579
20191009224,0.9295194915271382,0.1819992812221144,0.11935353056751828
20191009239,0.927634472608035,0.17156236075819814,0.17421668827086945
20191009269,0.9668053053895249,0.07118624863474037,0.10585087907892735
20191009273,0.9669350890813525,0.07118624863474037,0.10585087907892735
20191009284,0.8371218030619157,0.05788527281360582,0.06064774476269121
20191009285,0.9695206606440702,0.1768728583290679,0.07681509343509359
20191009303,0.036590169689626674,0.15905043330790555,0.13689185101192705
20191009316,0.9953537350675798,0.060244617123640876,0.0498934118173907
20191009322,0.9695024745880293,0.17684620021605962,0.07677944260703631
20191009331,0.9946417770753889,0.061729731063877094,0.051072777319586524
20191009378,0.981274687755465,0.2528224591690481,0.22385544016037287
20191009379,0.9336515661060584,0.22478834860195523,0.19630207716685075
20191009382,0.9807555243352201,0.2528224591690481,0.22385544016037287
20191009391,0.9903097271768314,0.06100629508268629,0.05747625234233517
20191009423,0.9883544884672911,0.06001456709309842,0.05470062189852914
20191009426,0.9641687074345517,0.21873014164788923,0.2014691781170231
20191009436,0.9646948009589138,0.06283597999179662,0.08169666022826175
20191009437,0.7516774290704933,0.3114282457726742,0.211496899953772
20191009442,0.9709340310710783,0.09058655256799121,0.06587882589666956
20191009443,8.160598930331909e-05,0.05899617653383875,0.042542752704271644
20191009445,0.9680686570291898,0.07118624863474037,0.10585087907892735
20191009465,0.0001330233780421826,0.06294661898594164,0.060278832967392074
20191009485,0.9781766124630643,0.15277422382941425,0.07737989373550347
20191009496,0.9864199432785417,0.0920231193924211,0.0779417418553907
20191009505,0.9841159009147036,0.2535417691877675,0.22467407257198335
20191009519,0.9653732119158639,0.06283430655389995,0.08169038323414565
20191009524,0.006678319720264506,0.16374365859924186,0.13703975838926782
20191009525,0.7939707347639425,0.1660752247705601,0.07904333165229796
20191009535,0.9156309292150313,0.18222729908673627,0.1705138345716893
20191009542,0.9937425765605429,0.058645162387211444,0.052585320139297995
20191009581,0.9671503900906988,0.1519130337915392,0.13165982762383371
20191009585,0.0019003293267171905,0.2512667610199425,0.1693512971873912
20191009592,0.9516241357816333,0.0887822073932232,0.06473225991270115
20191009599,0.9696876957562699,0.1507327170463781,0.11768558971234301
20191009616,0.949600878179726,0.17217920791564686,0.08951334723304456
20191009626,0.9520388357198863,0.0887822073932232,0.06473225991270115
20191009630,4.306064284611567e-05,0.060186541649300096,0.03624933299803689
20191009638,0.7319232501905918,0.3090814111507927,0.2186811287580902
20191009677,0.9835580121016501,0.24833645835591872,0.2215655060246517
20191009680,0.9053020997756032,0.07500520587622084,0.04571196511354977
20191009681,0.9331128530961506,0.22478834860195523,0.19630207716685075
20191009686,0.9140821450049038,0.1754262401176717,0.17985160438149483
20191009711,0.8445961015143624,0.3090814111507927,0.2186811287580902
20191009713,0.9677261732374971,0.2042412251991596,0.1853193050724662
20191009721,0.9176072553474593,0.17639652991996085,0.17448799993074413
20191009722,0.9237627878774436,0.09431615876214836,0.09075007788573895
20191009727,0.03754809650284416,0.15993500325325766,0.1376726448326019
20191009734,0.9573588450315081,0.1421588299910711,0.07329074491675874
20191009739,0.9691879566470382,0.08886887722181797,0.06524322011290273
20191009759,0.967108523736034,0.1541037376001069,0.12106275987644023
20191009788,0.9904085118572767,0.05738295210324129,0.05095043857289255
20191009789,0.9865759719084836,0.06001456709309842,0.05470062189852914
20191009797,0.9894503804223383,0.061612958917029184,0.060064676279805274
20191009815,0.9801033097704365,0.06538680286939234,0.03685157678468468
20191009817,0.4688061235311432,0.3037089158667087,0.17064686345982874
20191009819,0.9591310158804607,0.198951201160647,0.1781817705616371
20191009830,0.8379629331562092,0.05788527281360582,0.06064774476269121
20191009831,0.9820468561161537,0.07133444428039408,0.10078526656523823
20191009836,0.7756483543992434,0.17509569857901233,0.15728238096877023
20191009841,0.006916280935071599,0.2071693756901191,0.1701156358452469
20191009850,0.9295234369357668,0.18416840223961745,0.15752855166994642
20191009868,4.335134470564743e-05,0.0602243739840751,0.03840737374634279
20191009939,0.9502139683668859,0.15888348261863333,0.14675637710690662
20191009945,0.927557850080185,0.21355249766712908,0.19070230275987995
20191009948,0.9953451620890108,0.06019822154764236,0.049094572585311635
20191009969,0.9933589527624964,0.0560573340635319,0.032772702552112926
20191009973,0.972092106034965,0.15695328222169114,0.13175972835658928
20191009979,0.9287441496995793,0.1521944975186824,0.12245747826078751
20191009982,0.9554855639670446,0.05926580735743784,0.06508932080598775
20191009984,8.793923428071126e-05,0.05913638056390734,0.04292696917120618
20191010024,0.8285013781097086,0.22869620433971544,0.15881032057224945
20191010030,0.7322364298918589,0.16846011056065677,0.08077534499374478
20191010039,0.8307309833459112,0.058890581075420376,0.06194246394295339
20191010046,0.8858989940605199,0.19810406284451723,0.1755993637699648
20191010048,0.8182316747159295,0.16888634268362118,0.14914674232850808
20191010053,0.8887597754017529,0.20045296993502748,0.17864921226279915
20191010054,0.7546791222980949,0.16810298307186072,0.08052692528617818
20191010056,0.9756629059674802,0.0710159975766441,0.10361675350641589
20191010059,0.5537087260748509,0.17375917130172125,0.08352868305837464
20191010079,0.8660854671123778,0.05788527281360582,0.06064774476269121
20191010088,0.9714845994016571,0.14399937950249042,0.10781217895991377
20191010116,0.9460105790680813,0.17132735602454985,0.14171403009881584
20191010121,0.4209984286100777,0.313703402532734,0.18429799378493933
20191010124,0.0014664433239426522,0.24701718299770623,0.156789242049837
20191010126,0.9228796579426305,0.22618714332076353,0.159135281920972
20191010151,0.9935245156105871,0.058483057576863694,0.052449362835020163
20191010155,0.8339749135360632,0.058890581075420376,0.06194246394295339
20191010159,0.9528816786621518,0.17684620021605962,0.07677944260703631
20191010179,0.9742285128267095,0.0710159975766441,0.10361675350641589
20191010185,0.9885270583676531,0.1768728583290679,0.07681509343509359
20191010206,0.8382338428140873,0.05788527281360582,0.06064774476269121
20191010208,0.9119792427842286,0.17912414769873486,0.15117247549140692
20191010213,0.9761458340364066,0.2534764591234039,0.22468662725784844
20191010218,0.9790830605748085,0.0920231193924211,0.0779417418553907
20191010237,4.780185135199894e-05,0.062248301517497606,0.039306303383289554
20191010241,0.960945320058993,0.25263549925992523,0.22323893098700484
20191010250,0.43928356774086935,0.276322187342576,0.17566462775479127
20191010271,0.7520476856532993,0.16846011056065677,0.08077534499374478
20191010273,0.9189393241601878,0.24934971011727267,0.20375378883458312
20191010278,0.49211939607773764,0.28733263567432743,0.15965179324494186
20191010279,0.8292902989709751,0.058890581075420376,0.06194246394295339
20191010281,0.9738015479864366,0.17684620021605962,0.07677944260703631
20191010286,0.9248057422131574,0.22618714332076353,0.159135281920972
20191010289,0.9893398037834115,0.1768728583290679,0.07681509343509359
20191010292,0.9742224051627659,0.1522130853159229,0.11921358661877779
20191010296,0.835950775633992,0.05788527281360582,0.06064774476269121
20191010299,0.04423661248895184,0.1543541412083954,0.13256803594502845
20191010305,3.702464395000028e-05,0.062217666928617035,0.04162047194461414
20191010322,0.9485678015048062,0.17684620021605962,0.07677944260703631
20191010328,0.9726681325498895,0.1545209598554869,0.12329203114146949
20191010329,0.7022594439669899,0.29272679952606057,0.20433249186398708
20191010335,0.8965396139691285,0.059191537132164206,0.0657945144520668
20191010347,9.954893948366094e-05,0.06105648899898748,0.043494437750164455
20191010350,0.926305948448306,0.22618714332076353,0.159135281920972
20191010367,0.9851318168706842,0.08775714163175882,0.05851293763771115
20191010394,0.9900982619941684,0.06312964965803368,0.0637571508980624
20191010408,0.9900561064163012,0.057092312959236016,0.053588294011755556
20191010411,0.8313505247917731,0.05948487610763895,0.06107293064145375
20191010414,0.9615177146991778,0.0887822073932232,0.06473225991270115
20191010418,0.9701655503300448,0.06774327276295734,0.09496604753841581
20191010421,0.9581466434235347,0.25263549925992523,0.22323893098700484
20191010430,0.8266030598003318,0.05948487610763895,0.06107293064145375
20191010433,0.8243329508753015,0.2663137429823833,0.2019602676763979
20191010448,0.00012804966495438925,0.06082477055677994,0.05168420679081635
20191010483,0.9881027680954562,0.05796689641105078,0.031127647007761463
20191010484,0.9490489658152825,0.17479309722154002,0.08867882378299358
20191010497,0.9569784525347147,0.06736612218445347,0.09586717455287348
20191010506,0.805217425886287,0.2925936658986518,0.1986199136771235
20191010510,0.8249172012132572,0.05788527281360582,0.06064774476269121
20191010512,0.9943198020197279,0.05748806841148367,0.04946816207609719
20191010514,0.882563117350153,0.17756321365393302,0.08093276430536286
20191010516,0.9842587988513078,0.09094967221736472,0.0770476571478842
20191010529,0.9878928729832717,0.05555833270615461,0.04604208109816849
20191010532,0.8857504844418657,0.1870840191068119,0.15116110558132068
20191010543,0.9932148600284062,0.061208801488180156,0.049156040400163734
20191010555,0.923109806922513,0.18735597279848648,0.18162902575012282
20191010563,0.9594954754136199,0.17648907272726358,0.07652553473915218
20191010564,0.9234284902802552,0.18349209343901293,0.17593827128779987
20191010565,0.727884275701336,0.17262564643851386,0.082330379993797
20191010567,0.9966871237285743,0.06019822154764236,0.049094572585311635
20191010580,0.7003844476431131,0.2952487845535157,0.21326770523762703
20191010582,0.9949808369707192,0.06019822154764236,0.049094572585311635
20191010585,0.83363666396421,0.05788527281360582,0.06064774476269121
20191010593,0.4240577660269452,0.313703402532734,0.18429799378493933
20191010600,0.9218612932372079,0.24775597314445258,0.20385248486291335
20191010603,0.5299190461141944,0.28733263567432743,0.15965179324494186
20191010606,0.0031348511247601125,0.1692172326368299,0.1430335825365001
20191010609,0.7249381866633677,0.17846848266407567,0.15164276866775778
20191010610,0.9915010813414603,0.06362418865584693,0.05886139636354679
20191010611,0.7408609162323687,0.26147475081200533,0.1861188575532372
20191010613,0.9924138844791389,0.061208801488180156,0.049156040400163734
20191010619,0.908781064366052,0.059191537132164206,0.0657945144520668
20191010620,0.6866961047651842,0.17315621213124718,0.1525956527275262
20191010628,0.6948405397657278,0.25713412228430493,0.18966697979522992
20191010631,0.9441006043246291,0.17684620021605962,0.07677944260703631
20191010640,0.002658109673104372,0.24788065622372044,0.1704972161226476
20191010647,0.9663299166619334,0.07134425318574102,0.10626754782561292
20191010699,0.9713759058251943,0.023074158723129994,0.04190038175045764
20191010712,0.9758237231190392,0.023074158723129994,0.04190038175045764
20191010724,0.9615695401932306,0.1567143516210741,0.13406254125446176
20191010725,0.9757736778006266,0.1580868070848985,0.1336774834719868
20191010733,0.9926538642500004,0.06125519706417868,0.04986069960329573
20191010745,0.9906084349134984,0.06080732652079192,0.06019005051912267
20191010749,0.9894661638999704,0.05713870853523452,0.054446073276400136
20191010754,0.9691294488479141,0.08880817880455329,0.06473640762091182
20191010755,0.9898086199858728,0.057092312959236016,0.053588294011755556
20191010764,0.9643972383447335,0.15527289652116516,0.08406319424316995
20191010782,0.8257041519016332,0.06005757419541509,0.0613965816642134
20191010795,0.9481278042670677,0.1864923519996958,0.14573156644302085
20191010801,0.9522124861805579,0.0887822073932232,0.06473225991270115
20191010808,0.9720994424239039,0.08886887722181797,0.06524322011290273
20191010818,0.9904576747425742,0.060842622003899026,0.06166882534695336
20191010820,0.912564702393142,0.05789990285346401,0.06054638847062981
20191010821,0.9523699745721687,0.17225944137984622,0.08875606081465397
20191010841,0.9826129988685744,0.1521944975186824,0.12245747826078751
20191010843,0.9868840253493192,0.057281066304655716,0.049019957668660685
20191010846,0.9483862239238436,0.17044446118826498,0.1389562159502098
20191010862,0.9926519969673675,0.06125519706417868,0.04986069960329573
20191010875,0.9659009228968639,0.1570618465949869,0.1341253598286024
20191010878,0.960673448781907,0.2560552702750528,0.22483855132160352
20191010879,0.9808504214844279,0.24946799821828405,0.22224986329536733
20191010881,0.95394463871929,0.17225944137984622,0.08875606081465397
20191010888,0.9717094461847626,0.0710159975766441,0.10361675350641589
20191010896,0.9944499291733664,0.061208801488180156,0.049156040400163734
20191010902,0.958825085251987,0.06000410671658403,0.061945122360277605
20191010904,0.9926534165930975,0.06125519706417868,0.04986069960329573
20191010911,0.5737242105347042,0.28733263567432743,0.15965179324494186
20191010920,0.970328121238577,0.06816952811763546,0.059349202398486955
20191010932,0.9940237269186672,0.06379149093207462,0.055392881977868354
20191010936,0.9066054860221904,0.23102524898855759,0.18459715345238892
20191010937,0.9645012507478217,0.17648907272726358,0.07652553473915218
20191010950,0.9788397078683333,0.07084030334107863,0.1033034884442761
20191010976,0.9825427574279924,0.2535417691877675,0.22467407257198335
20191010981,0.001282810479478002,0.16233014054929734,0.12101749704636233
20191010988,0.9189399316029963,0.19261699793393167,0.18671611122888884
20191010991,0.9441821722208105,0.15242406224016897,0.12229098108213816
20191010994,0.9412814881574946,0.17684620021605962,0.07677944260703631
20191011006,0.8015018998094553,0.22302644067433258,0.1942220051632295
20191011012,0.8234912475972223,0.05948487610763895,0.06107293064145375
20191011018,0.9887821126018086,0.08348355592989186,0.06505277444257059
20191011019,0.9112305003648079,0.059191537132164206,0.0657945144520668
20191011026,0.8555631220894682,0.16407417520902662,0.08533381831356428
20191011033,0.9585935924048837,0.1570618465949869,0.1341253598286024
20191011038,0.7422524951418711,0.28547227744467474,0.20461834717333716
20191011044,0.9821011242656001,0.25204607345896834,0.22250745269090022
20191011051,0.7245876185298051,0.28609497169962306,0.2058209104847998
20191011054,0.8608713497987255,0.05788527281360582,0.06064774476269121
20191011057,0.7379747507709877,0.1741385439621426,0.08332488476486345
20191011062,0.9239079423261854,0.19261699793393167,0.18671611122888884
20191011067,0.7834959828510986,0.17477552290004492,0.14700233692970097
20191011069,0.866120126489098,0.060637445591183614,0.0623572795316852
20191011070,0.00015547686291558086,0.16174090254938642,0.14415646381597663
20191011071,0.9139247183822632,0.20894151281205797,0.1898080258248077
20191011098,0.8110825281647451,0.17477552290004492,0.14700233692970097
20191011113,0.9761112869135099,0.0710159975766441,0.10361675350641589
20191011125,0.00012707109005075253,0.05928980085958084,0.05511038103769317
20191011126,0.9611937356778635,0.1450591481588258,0.08010636849413566
20191011127,0.7566468816156214,0.29012968971633957,0.21162266473208613
20191011128,0.9926557219347126,0.06125519706417868,0.04986069960329573
20191011143,0.9893691403654845,0.05703488943689213,0.05381294192766952
20191011155,0.7031475878704974,0.2895069954613913,0.21038716824616338
20191011157,0.9718137609530751,0.08886887722181797,0.06524322011290273
20191011158,0.9918232800194638,0.06384886873620935,0.060536886538843544
20191011161,0.9809451343727111,0.0710159975766441,0.10361675350641589
20191011173,0.9469712826171016,0.1707213057796693,0.0880988555767663
20191011176,0.9689957998413415,0.08886887722181797,0.06524322011290273
20191011177,0.9736127336312919,0.15861355542954933,0.16478212749237242
20191011178,0.9594509116418115,0.06736612218445347,0.09586717455287348
20191011196,0.762817164360934,0.28547227744467474,0.20461834717333716
20191011207,0.9684352629989688,0.07118624863474037,0.10585087907892735
20191011209,0.4355103871997515,0.313703402532734,0.18429799378493933
20191011211,0.9743101763160485,0.1528572908903168,0.12041195707683326
20191011221,0.9569183681872088,0.08886887722181797,0.06524322011290273
20191011225,0.9960308698485756,0.06225998141583987,0.05324519493029312
20191011232,0.8694816059128437,0.18833738331976654,0.13976606513350256
20191011258,0.9926602773291495,0.05696000221001646,0.035780288291169735
20191011264,0.9508753091259646,0.1786123318877265,0.1318767156367275
20191011267,0.9945632712048325,0.06230637699183837,0.05411184792831578
20191011272,0.7023621792571921,0.28547227744467474,0.20461834717333716
20191011273,0.9950674166122082,0.06225998141583987,0.05324519493029312
20191011277,0.8692154248975029,0.056424080162596923,0.05571630803424233
20191011291,0.9349182869097021,0.2118950140509707,0.18541869411045472
20191011292,0.8963884785123842,0.0887822073932232,0.06473225991270115
20191011306,0.7737352035747853,0.27283361883596996,0.2030070199617444
20191011315,0.9967364407918997,0.06225998141583987,0.05324519493029312
20191011319,0.8270764423036082,0.16848235573228204,0.08032919502509896
20191011321,0.9005172027101825,0.059191537132164206,0.0657945144520668
20191011322,0.863028504708994,0.058838458093679366,0.034640746934092435
20191011325,0.9715057111699483,0.08886887722181797,0.06524322011290273
20191011353,0.9758613544294755,0.023074158723129994,0.04190038175045764
20191011354,0.9747614607999225,0.023074158723129994,0.04190038175045764
20191011355,0.18602939706935373,0.2276275737879979,0.1581281754145614
20191011356,0.9752501413159738,0.023074158723129994,0.04190038175045764
20191011357,0.9764746005982282,0.023074158723129994,0.04190038175045764
20191011358,0.9746711822971309,0.023074158723129994,0.04190038175045764
20191011359,0.9714799641481453,0.023074158723129994,0.04190038175045764
20191011360,0.9758447472873066,0.023114444442581827,0.042383580749339504
20191011361,0.9760980012113951,0.023074158723129994,0.04190038175045764
20191011362,0.975041519292897,0.023074158723129994,0.04190038175045764
20191011363,0.9763068562058194,0.023074158723129994,0.04190038175045764
20191011364,0.9705625072167922,0.023074158723129994,0.04190038175045764
20191011365,0.9742911907722517,0.023074158723129994,0.04190038175045764
20191011366,0.9744424475664563,0.023074158723129994,0.04190038175045764
20191011367,0.9752960462476425,0.023074158723129994,0.04190038175045764
20191011368,0.9755532730069446,0.023074158723129994,0.04190038175045764
20191011369,0.9755532730069446,0.023074158723129994,0.04190038175045764
20191011370,0.12296387854748778,0.07632191402494297,0.08058805357374157
20191011371,0.9765699786755896,0.02299063606992528,0.041613995779212286
20191011372,0.20732183138858906,0.07632191402494297,0.08058805357374157
20191011373,0.9751738526553627,0.023074158723129994,0.04190038175045764
20191011374,0.9755683819562864,0.023074158723129994,0.04190038175045764
20191011375,0.9749498586536681,0.023074158723129994,0.04190038175045764
20191011376,0.9754229019439722,0.023074158723129994,0.04190038175045764
20191011377,0.9693982548789106,0.023074158723129994,0.04190038175045764
20191011378,0.974410464555425,0.023074158723129994,0.04190038175045764
20191011379,0.9721783409956243,0.02299063606992528,0.041613995779212286
20191011380,0.9766063290126127,0.02299063606992528,0.041613995779212286
20191011381,0.9728944755550687,0.02299063606992528,0.041613995779212286
20191011382,0.9769101145691813,0.02299063606992528,0.041613995779212286
20191011383,0.9764990977078521,0.02299063606992528,0.041613995779212286
20191011384,0.9764664670084973,0.02299063606992528,0.041613995779212286
20191011385,0.9723300066325996,0.02299063606992528,0.041613995779212286
20191011386,0.9764115095186594,0.02299063606992528,0.041613995779212286
20191011387,0.9773624317251702,0.02299063606992528,0.041613995779212286
20191011388,0.9741277615647193,0.023074158723129994,0.04190038175045764
20191011389,0.9699267233884381,0.023074158723129994,0.04190038175045764
20191011390,0.9742364956528502,0.023074158723129994,0.04190038175045764
20191011391,0.974144263555837,0.023074158723129994,0.04190038175045764
20191011392,0.9748078919068595,0.023074158723129994,0.04190038175045764
20191011393,0.9739365349660215,0.023074158723129994,0.04190038175045764
20191011399,0.9343888374712314,0.0591864830548148,0.06596320879848559
20191011404,0.8298197136490635,0.05948487610763895,0.06107293064145375
20191011406,0.987344368153967,0.25124418485753464,0.2226289932479667
20191011408,0.9233177462436236,0.20156509046654003,0.1765109327090517
20191011412,0.005868653407677208,0.1894546752372155,0.15985132579860958
20191011413,0.8620393218604347,0.05820984190304297,0.05556942332281991
20191011414,0.6950713900750868,0.2672169393711291,0.19681609106898526
20191011417,0.7289242064759367,0.2941168567396833,0.20878376142407912
20191011419,0.9037214756664841,0.059191537132164206,0.0657945144520668
20191011424,0.7321235336233297,0.19235930188080935,0.10560577139810183
20191011429,0.9151193525451288,0.059191537132164206,0.0657945144520668
20191011434,0.9557944895900105,0.06701237476324576,0.09440780928978856
20191011438,0.6885697594852906,0.19249183638888048,0.10574095284050725
20191011450,0.5427978347354451,0.28693069628687434,0.15906445557133567
20191011452,0.9016879609433399,0.059191537132164206,0.0657945144520668
20191011457,0.990849197952467,0.05672406441894545,0.05529950871771431
20191011463,5.260748337977976e-05,0.14633222970211984,0.09888525299692046
20191011470,0.9218253794291419,0.05789990285346401,0.06054638847062981
20191011492,0.9692002009045471,0.07118624863474037,0.10585087907892735
20191011493,0.969140299344556,0.07118624863474037,0.10585087907892735
20191011494,0.9006406122666928,0.1762224847586046,0.17360501157313504
20191011496,0.6588586660995231,0.29815157475639975,0.21467046058060332
20191011498,0.9588817507242399,0.06602559741678411,0.094062510827714
20191011512,0.9782133382825359,0.06283597999179662,0.08169666022826175
20191011514,0.9427492973094004,0.17852256048179949,0.1814161993670662
20191011522,0.718190051808833,0.2997673985654556,0.21507798808989984
20191011539,0.9696235071869942,0.08886887722181797,0.06524322011290273
20191011549,0.9705808835252246,0.1483121140192389,0.08031840308330598
20191011553,0.9367386269243345,0.16528201154214814,0.17112799516009308
20191011556,0.9423916447851038,0.15780655236285895,0.08399004833233893
20191011559,0.0013419984175135067,0.1734888953781168,0.14707371721498777
20191011560,0.0012264509678390782,0.17554026232163902,0.15686083159617023
20191011565,0.8262973330573988,0.05788527281360582,0.06064774476269121
20191011566,0.9661294734864333,0.15369685336897693,0.1228888322861342
20191011570,0.9130888904980584,0.2081293967822157,0.18520602709264675
20191011592,0.5755355539891178,0.283297917657611,0.15528010057331643
20191011593,0.9902844420170493,0.057092312959236016,0.053588294011755556
20191011595,0.6996373438761526,0.29877426901134807,0.21593042625004263
20191011600,0.9854551360525391,0.2530950347386193,0.2241319102845144
20191011601,6.881828077791915e-05,0.05890770867671733,0.0564598813428109
20191011604,0.9451442429316067,0.20156509046654003,0.1765109327090517
20191011607,0.8436006966485681,0.16613344864177176,0.07895789299045883
20191011616,0.9672053226596411,0.07134425318574102,0.10626754782561292
20191011617,0.7199118365158688,0.29815157475639975,0.21467046058060332
20191011622,0.9690705299970526,0.07118624863474037,0.10585087907892735
20191011623,0.6474592851712275,0.28839951222618937,0.20946529974327277
20191011624,0.9864314611888568,0.08775714163175882,0.05851293763771115
20191011638,0.968385830982901,0.07118624863474037,0.10585087907892735
20191011640,6.382659235594642e-05,0.06058986878209719,0.04821686676044688
20191011645,0.9856012841439142,0.17684620021605962,0.07677944260703631
20191011652,0.9895864751025091,0.056928055293102256,0.05362553221661608
20191011653,0.9874026747276359,0.2530950347386193,0.2241319102845144
20191011656,0.4089783282203102,0.313703402532734,0.18429799378493933
20191011665,0.9635513056912016,0.17684620021605962,0.07677944260703631
20191011677,0.8698541986247077,0.17788735276122408,0.07314829241241409
20191011680,0.9398489110021802,0.22869620433971544,0.15881032057224945
20191011684,0.8303099342301948,0.05959171025142884,0.06134870357310792
20191011688,0.8035283049524279,0.17287142442654577,0.08154182940023111
20191011695,0.9650284312596378,0.08886887722181797,0.06524322011290273
20191011702,0.7003116033567425,0.29815157475639975,0.21467046058060332
20191011711,0.9856438768349021,0.25124418485753464,0.2226289932479667
20191011715,0.7822840340640684,0.2941168567396833,0.20878376142407912
20191011717,0.9862318419796118,0.06117775999000504,0.06222145950496725
20191011718,0.9614301848258938,0.17684620021605962,0.07677944260703631
20191011725,0.947199805730478,0.1580868070848985,0.1336774834719868
20191011735,0.8658812947600913,0.22869620433971544,0.15881032057224945
20191011739,0.965456869878782,0.17684620021605962,0.07677944260703631
20191011741,0.9930861424638938,0.05625406795886212,0.05433021573919248
20191011743,0.9833286961920007,0.2523757247199,0.22331576678719853
20191011745,0.8360181389636286,0.05950892974370413,0.060334022177082586
20191011749,0.9667952303892159,0.17648907272726358,0.07652553473915218
20191011775,0.9875719806993263,0.08775714163175882,0.05851293763771115
20191011778,0.9887421694567413,0.057081285012890635,0.05468663483902685
20191011779,0.8541774303035037,0.1742776032479379,0.14554523208197798
20191011789,0.9699892337375426,0.08886887722181797,0.06524322011290273
20191011790,0.7793521545798195,0.17091807663260777,0.08750999970181743
20191011798,0.8347271801137475,0.2645247990638872,0.18894732886550514
20191011800,0.8353743904278962,0.05788527281360582,0.06064774476269121
20191011802,0.9894003961566173,0.05639427198893071,0.05483758693748468
20191011809,0.7052143694612947,0.2672169393711291,0.19681609106898526
20191011828,0.7744519436712105,0.17091807663260777,0.08750999970181743
20191011830,0.715637502777511,0.29877426901134807,0.21593042625004263
20191011835,0.8002796544528575,0.2941168567396833,0.20878376142407912
20191011838,0.9376581212247908,0.17952608708618803,0.15171690087474884
20191011840,0.6996738026970932,0.262822307726725,0.18521984058738342
20191011843,0.9788378274156053,0.17558977275527482,0.09735001276024836
20191011846,0.9938783487255052,0.06379149093207462,0.055392881977868354
20191011851,0.986301619581208,0.25124418485753464,0.2226289932479667
20191011855,0.9534346924049637,0.09094967221736472,0.0770476571478842
20191011856,0.7191884675823311,0.17621713737367223,0.09049127443317288
20191011858,0.836193699931265,0.05788527281360582,0.06064774476269121
20191011862,0.06823338633080948,0.15881330813744676,0.14220378931352487
20191011863,0.7587478159936576,0.29815157475639975,0.21467046058060332
20191011864,0.8060914144418428,0.16684628519073702,0.08693713748677533
20191011866,0.9700875461803631,0.25488922580718537,0.2234757472742269
20191011868,0.7662847437071094,0.29815157475639975,0.21467046058060332
20191011869,0.8931404226152382,0.1860758405743618,0.15133495619574455
20191011870,0.8887109960455356,0.17674228806051906,0.08830325844807337
20191011873,0.9654335804089622,0.07616563578304365,0.11114671503856735
20191011878,0.6581281702318099,0.27224045578675793,0.19259120296913515
20191011881,0.9674703083369058,0.17648907272726358,0.07652553473915218
20191011885,0.7151116574720627,0.29877426901134807,0.21593042625004263
20191011889,0.6301471796023091,0.2938419251459718,0.2159637405035663
20191011890,0.9751010769368552,0.21933775523795157,0.19671356253624375
20191011892,0.0005132464472679219,0.14352447717489222,0.0975810364430887
20191011901,0.7292936654977077,0.293357789863434,0.2073650306678523
20191011909,0.8387495164506178,0.17871426065210755,0.15018537558086514
20191011918,0.952828948979674,0.09058655256799121,0.06587882589666956
20191011922,0.9897215622970569,0.057092312959236016,0.053588294011755556
20191011926,0.4161309297940984,0.2821787992547492,0.1819950846167599
20191011931,0.9480553477463471,0.0733530674833954,0.05171859931488375
20191011939,0.9676753265870093,0.0709825657817935,0.10510460099077597
20191011943,0.9344890590085635,0.2245339818237015,0.1843757861063653
20191011944,0.6586127050636164,0.29815157475639975,0.21467046058060332
20191011948,0.686194093984115,0.19249183638888048,0.10574095284050725
20191011951,0.9925462215089104,0.057092312959236016,0.053588294011755556
20191011963,0.8345536550449301,0.05788527281360582,0.06064774476269121
20191011964,0.9582595405190386,0.06602559741678411,0.094062510827714
20191011968,0.9569614879335749,0.08886887722181797,0.06524322011290273
20191011976,0.9059021498137669,0.1794228170118846,0.07448991818816005
20191011977,0.9854215975635224,0.08775714163175882,0.05851293763771115
20191011982,2.8945767335824575e-05,0.0612209616703132,0.05828990948199167
20191011983,0.836193699931265,0.05788527281360582,0.06064774476269121
20191011984,0.8142546406773006,0.1683487610598926,0.0797540790542941
20191011987,0.8003117568690473,0.16684628519073702,0.08693713748677533
20191011989,0.829236610848492,0.05788527281360582,0.06064774476269121
20191011995,0.9766795962922622,0.02299063606992528,0.041613995779212286
20191011996,0.9800121809582889,0.02299063606992528,0.041613995779212286
20191011997,0.9769069701323311,0.02299063606992528,0.041613995779212286
20191011998,0.9775188416883684,0.02299063606992528,0.041613995779212286
20191011999,0.9729550702849509,0.02299063606992528,0.041613995779212286
20191012000,0.9773089538153291,0.02299063606992528,0.041613995779212286
20191012001,0.9732322659132577,0.02299063606992528,0.041613995779212286
20191012002,0.974012272566273,0.023074158723129994,0.04190038175045764
20191012006,0.9810093563442321,0.2528224591690481,0.22385544016037287
20191012013,0.9528174234155288,0.0887822073932232,0.06473225991270115
20191012017,0.9864386893154695,0.056464026080304854,0.030397229473481127
20191012018,0.9735294429033514,0.0710159975766441,0.10361675350641589
20191012025,0.9748730318311425,0.09058655256799121,0.06587882589666956
20191012027,0.9668211055511537,0.07134425318574102,0.10626754782561292
20191012030,0.9314195011344756,0.17684620021605962,0.07677944260703631
20191012033,0.9891653174011774,0.05713870853523452,0.054446073276400136
20191012037,0.67349191922392,0.27159911056065,0.19948129214574528
20191012040,0.99345352467673,0.05685316806622657,0.035639931012096907
20191012049,0.9154087764280958,0.059191537132164206,0.0657945144520668
20191012055,0.7554154375428751,0.17520682380985853,0.08671405190185001
20191012056,0.9821973074097197,0.07133444428039408,0.10078526656523823
20191012063,0.9307811125371775,0.17694706728491352,0.16319047618312335
20191012066,0.991221761224424,0.05639427198893071,0.05483758693748468
20191012071,0.9694341311996542,0.07118624863474037,0.10585087907892735
20191012072,0.974332073777265,0.09058655256799121,0.06587882589666956
20191012073,0.8306690708975873,0.1794228170118846,0.07448991818816005
20191012077,0.9223950103524778,0.17181691665208937,0.1385571090756944
20191012084,0.950560696911583,0.17684620021605962,0.07677944260703631
20191012093,0.9811925973387511,0.0710159975766441,0.10361675350641589
20191012095,0.9762905009753479,0.14529090891669844,0.10981218824938205
20191012096,0.9433745572211878,0.15678303116359488,0.12898002616860055
20191012100,0.8369690471930508,0.05788527281360582,0.06064774476269121
20191012107,0.8364228596039257,0.05788527281360582,0.06064774476269121
20191012113,0.8274744923846223,0.05788527281360582,0.06064774476269121
20191012116,0.9688600227448237,0.07118624863474037,0.10585087907892735
20191012117,0.9675430249804011,0.07134425318574102,0.10626754782561292
20191012119,0.83812092156567,0.05788527281360582,0.06064774476269121
20191012121,0.9283771259531509,0.20261807064565945,0.1569110302089849
20191012125,0.745568457830454,0.17841889548058737,0.1493980424882456
20191012126,0.7042999798308468,0.29059137228185083,0.20620902889639878
20191012128,0.9588179707495752,0.0599312501502585,0.06167689384829585
20191012131,0.8317553681326428,0.1794228170118846,0.07448991818816005
20191012132,0.9611822757685942,0.1707213057796693,0.0880988555767663
20191012135,0.00010801808890421623,0.06640477178580485,0.06752269904568589
20191012136,0.9832501332372272,0.09094967221736472,0.0770476571478842
20191012141,0.7954459109884718,0.1748131373077805,0.14711350957872307
20191012142,0.9496534398832268,0.17717450429140721,0.07680921510218636
20191012148,0.9546989885765407,0.06593892758818937,0.09334365514025636
20191012152,0.8343849907996803,0.05788527281360582,0.06064774476269121
20191012154,0.9698386136925543,0.08886887722181797,0.06524322011290273
20191012157,0.9696689467070367,0.1528572908903168,0.12041195707683326
20191012166,0.9519561750612914,0.171189166956137,0.08701260342158848
20191012168,0.6253803953293866,0.1710516713049972,0.08814112864495162
20191012175,0.9489685417249183,0.17684620021605962,0.07677944260703631
20191012180,0.6996323676934728,0.2887839074537274,0.18886668517112032
20191012182,0.9871076046803422,0.05632688733788861,0.031222963573373896
20191012184,0.6545260878445347,0.17635073204606172,0.09114367412409399
20191012185,0.9367920086293537,0.15780655236285895,0.08399004833233893
20191012193,0.9697184800377625,0.08886887722181797,0.06524322011290273
20191012195,0.7248604798657537,0.2946260902985673,0.21202286611089394
20191012203,0.7324914106721556,0.2946260902985673,0.21202286611089394
20191012210,0.9694597371254563,0.07118624863474037,0.10585087907892735
20191012216,0.9152771402774365,0.17124158808402498,0.1415166921451446
20191012218,0.660371751756511,0.2675643925439334,0.1940131196031713
20191012221,0.8671999749433807,0.05788527281360582,0.06064774476269121
20191012225,0.947784424266691,0.1575012714366952,0.08404967504916767
20191012226,0.9718134846023427,0.0710159975766441,0.10361675350641589
20191012235,0.9780336495380606,0.15605806038594927,0.12126649628180403
20191012251,0.9777885972170797,0.24946799821828405,0.22224986329536733
20191012255,0.6680943475813017,0.1741385439621426,0.08332488476486345
20191012261,0.9087070275874986,0.22195321503737597,0.19633289798729403
20191012263,0.8565904648833069,0.1794228170118846,0.07448991818816005
20191012273,0.5003842157748764,0.28733263567432743,0.15965179324494186
20191012276,0.9810487189099595,0.2528224591690481,0.22385544016037287
20191012283,0.8668875338607804,0.22853258317264386,0.15847479576077572
20191012285,0.9680140930988661,0.0709825657817935,0.10510460099077597
20191012293,0.7113881396019921,0.29059137228185083,0.20620902889639878
20191012294,0.994166710585667,0.06379149093207462,0.055392881977868354
20191012302,0.6927228163935482,0.27159911056065,0.19948129214574528
20191012303,0.9684128674274872,0.07118624863474037,0.10585087907892735
20191012305,0.9103186720603224,0.1709295680558876,0.13277854495751115
20191012307,0.9427766162850935,0.18689429138714894,0.14625671149290945
20191012313,0.9459036154795122,0.06000410671658403,0.061945122360277605
20191012315,0.9281105378602924,0.16474215791985913,0.16406727770633936
20191012317,0.7469102839232954,0.26524410908260654,0.1896465228555782
20191012318,0.10308562332403232,0.22863075796004906,0.158558928911937
20191012326,0.9886637434281063,0.058255573935180195,0.057584439316604875
20191012336,0.973048706684615,0.0710159975766441,0.10361675350641589
20191012338,0.8905847548129074,0.17181691665208937,0.1385571090756944
20191012341,0.8545865325124312,0.17677256490395402,0.07652476409746845
20191012349,0.6919558491777548,0.29059137228185083,0.20620902889639878
20191012350,0.7516503423368374,0.2633316476829067,0.19259241940136965
20191012354,0.9655081484209723,0.2558916491079813,0.2243513845114348
20191012357,0.9895943679359394,0.057552432938902595,0.05759769106860408
20191012359,0.6742163010942531,0.2946260902985673,0.21202286611089394
20191012361,0.9374644424804635,0.15888348261863333,0.14675637710690662
20191012370,0.9483237127604588,0.08699267580545429,0.051836655287479855
20191012372,0.696226677767182,0.29121406653679915,0.20742067044741108
20191012378,0.8210691056059993,0.29059137228185083,0.20620902889639878
20191012379,0.9175720838933058,0.1580868070848985,0.1336774834719868
20191012381,0.9620488583643166,0.2200570652566709,0.19742686678861293
20191012385,0.9630963117480819,0.17684620021605962,0.07677944260703631
20191012386,0.9531689086461024,0.0599312501502585,0.06167689384829585
20191012396,0.9194177557505103,0.17912414769873486,0.15117247549140692
20191012400,0.9697079561079885,0.08901926313836316,0.06519075287441682
20191012406,0.8311807225765356,0.22853258317264386,0.15847479576077572
20191012408,0.9898598344138249,0.057092312959236016,0.053588294011755556
20191012419,0.9721831085713794,0.0710159975766441,0.10361675350641589
20191012425,0.9312207295119873,0.22618714332076353,0.159135281920972
20191012427,0.921989327026512,0.19204200310211156,0.14383932292921373
20191012428,0.001707002874959182,0.17617762818581253,0.15441549866405493
20191012434,0.8759532261334834,0.056586184972944674,0.05588556443197163
20191012453,0.9404086587223881,0.17717450429140721,0.07680921510218636
20191012456,0.9907153489411797,0.057552432938902595,0.05759769106860408
20191012464,0.9619386554198489,0.0887822073932232,0.06473225991270115
20191012468,0.9551581360837629,0.0599312501502585,0.06167689384829585
20191012473,0.654615893447089,0.272166227466499,0.20032668940522863
20191012474,0.6843107581213119,0.2946260902985673,0.21202286611089394
20191012475,0.837250218688865,0.05788527281360582,0.06064774476269121
20191012476,0.9602255359906456,0.2558916491079813,0.2243513845114348
20191012477,0.628907134863936,0.2906815370211938,0.21287179948969656
20191012479,0.7082007282433062,0.27205352582056996,0.19341845007157296
20191012482,0.6911959504891247,0.29059137228185083,0.20620902889639878
20191012485,0.9740851070752774,0.14261079692661902,0.07315380854875304
20191012486,0.8759532261334834,0.056586184972944674,0.05588556443197163
20191012487,0.7534700986095133,0.16672170514183043,0.07897275735234587
20191012490,0.9702649607520799,0.08886887722181797,0.06524322011290273
20191012498,0.8371798710560913,0.05788527281360582,0.06064774476269121
20191012510,0.9688101235286348,0.07118624863474037,0.10585087907892735
20191012511,0.9864810217296838,0.05908394245513733,0.06007525579344827
20191012521,0.9725457265023688,0.0710159975766441,0.10361675350641589
20191012522,0.9026029995495073,0.0604072280389923,0.06688578739414286
20191012525,0.9772222385344008,0.02299063606992528,0.041613995779212286
20191012526,0.9767869589978186,0.02299063606992528,0.041613995779212286
20191012527,0.9729423567832329,0.02299063606992528,0.041613995779212286
20191012528,0.9772965259927407,0.02299063606992528,0.041613995779212286
20191012529,0.9773083476583388,0.02299063606992528,0.041613995779212286
20191012530,0.9728163978473638,0.02299063606992528,0.041613995779212286
20191012531,0.977232143455536,0.02299063606992528,0.041613995779212286
20191012532,0.9728655535637339,0.02299063606992528,0.041613995779212286
20191012533,0.9728655535637339,0.02299063606992528,0.041613995779212286
20191012534,0.9773283376126592,0.02299063606992528,0.041613995779212286
20191012535,0.9765685582833941,0.02299063606992528,0.041613995779212286
20191012536,0.9771063882938537,0.02299063606992528,0.041613995779212286
20191012537,0.9772905268512014,0.02299063606992528,0.041613995779212286
20191012538,0.9771063882938537,0.02299063606992528,0.041613995779212286
20191012539,0.9728443405739501,0.02299063606992528,0.041613995779212286
20191012540,0.7322365783747369,0.2952487845535157,0.21326770523762703
20191012542,0.9800976694189049,0.07133444428039408,0.10078526656523823
20191012547,0.8131118192641206,0.1754149425359865,0.14951262512944155
20191012548,0.982910164900608,0.2528224591690481,0.22385544016037287
20191012555,0.4770404133782395,0.3037089158667087,0.17064686345982874
20191012560,0.9018907781656041,0.060347523016265524,0.06710655474796098
20191012569,0.9478220777239058,0.16937195318397877,0.09642040835170905
20191012571,0.988869592521118,0.057811077855740224,0.05877997368341119
20191012573,0.9888081131644367,0.057304971667432134,0.05461157541521885
20191012574,0.968806495189676,0.08901926313836316,0.06519075287441682
20191012580,0.9866532029035626,0.08790752754830403,0.05846792565965224
20191012581,0.9203897726303945,0.17619975173190885,0.1106443819697262
20191012585,0.9497619510982268,0.16681793220061258,0.1352924273382155
20191012587,0.9903437816044317,0.05725857609143362,0.05374198297601971
20191012590,0.8335981996964292,0.0600626282727645,0.061233941860069585
20191012591,0.812759000360177,0.3268968320733478,0.23088871366989078
20191012595,0.9602632087329179,0.2560552702750528,0.22483855132160352
20191012599,0.9572584186843032,0.1643569071974557,0.12713354918466727
20191012600,0.9678977590440102,0.0599312501502585,0.06167689384829585
20191012602,0.9388096328187298,0.198951201160647,0.1781817705616371
20191012604,0.991097401005486,0.05776468227974171,0.057743992406754825
20191012606,0.9906170686395596,0.057257992638975685,0.055854702888562535
20191012607,0.925060462018184,0.18261184844539408,0.18168412137667134
20191012608,0.9715742254148257,0.08901926313836316,0.06519075287441682
20191012610,0.9893866184426314,0.05808636115893283,0.05817100666049586
20191012611,0.9659151871004121,0.0709825657817935,0.10510460099077597
20191012613,0.941993158381139,0.06125787524493507,0.05952339219919623
20191012618,0.9105829851573806,0.05940378647300332,0.06598514351328645
20191012622,0.9587063253721501,0.0601771149541014,0.06127815228263021
20191012623,0.9395935704580909,0.22478834860195523,0.19630207716685075
20191012629,0.9769363918070159,0.07081231472369724,0.10288634123069032
20191012631,0.9868067853635636,0.2516909193066828,0.2231665820256403
20191012636,0.9945544831528237,0.06255982248318392,0.057616921571762375
20191012638,7.260215137905401e-05,0.08593024593952996,0.12727488642797682
20191012640,0.9714329789772503,0.08901926313836316,0.06519075287441682
20191012647,0.9819524479860074,0.2535417691877675,0.22467407257198335
20191012648,0.9684470875436637,0.08893259330976841,0.06468161917086203
20191012649,0.9147378150936477,0.05978553939933624,0.06538961564856645
20191012651,0.9620149510636025,0.2560552702750528,0.22483855132160352
20191012656,0.9601182527827578,0.08901926313836316,0.06519075287441682
20191012657,0.9582772981418827,0.06578652446559285,0.09302484238681076
20191012661,0.9912496566975056,0.05676790117667243,0.054858306773755874
20191012663,0.9598358888662287,0.2560552702750528,0.22483855132160352
20191012664,0.984493511457075,0.09110005813390991,0.07698579140803212
20191012668,0.9720649525874828,0.0887801901871719,0.06445418512548359
20191012669,0.806749434771249,0.16658715858952397,0.14834465230370042
20191012671,0.9524166391709425,0.08893259330976841,0.06468161917086203
20191012673,0.6181044302678352,0.30860377435858133,0.21947370711981726
20191012675,0.8264292191237875,0.0600626282727645,0.061233941860069585
20191012677,0.9634462959985763,0.21873014164788923,0.2014691781170231
20191012683,0.970880833912773,0.07081231472369724,0.10288634123069032
20191012685,0.9863362473243037,0.07096051036935096,0.09798197883627768
20191012687,0.974275616271492,0.0907369384845364,0.06582700698826084
20191012692,0.9695777966455236,0.08901926313836316,0.06519075287441682
20191012698,0.6108542076316678,0.3131161291675091,0.22484788248787704
20191012700,0.9685303009609821,0.0709825657817935,0.10510460099077597
20191012708,0.6488414584071565,0.3131161291675091,0.22484788248787704
20191012711,0.7751977857066884,0.1790207007087934,0.15183456775079351
20191012714,0.9720121790847969,0.07081231472369724,0.10288634123069032
20191012720,0.9821423393822141,0.2535417691877675,0.22467407257198335
20191012723,0.9700790971094898,0.0709825657817935,0.10510460099077597
20191012726,0.9695066601955586,0.0887801901871719,0.06445418512548359
20191012730,0.9572546059046928,0.173763183579732,0.0824134327370859
20191012732,0.6695498691137747,0.29008914942959174,0.21154395408085477
20191012733,0.9681560982361774,0.0709825657817935,0.10510460099077597
20191012737,0.005099429056058083,0.16446257375281692,0.1397236209917253
20191012739,0.9895768225978983,0.05776468227974171,0.057743992406754825
20191012746,0.9712895183220815,0.08901926313836316,0.06519075287441682
20191012747,0.957684217451041,0.16761460773434744,0.1485294890479749
20191012748,0.968488467432328,0.0709825657817935,0.10510460099077597
20191012749,0.9524166391709425,0.08893259330976841,0.06468161917086203
20191012751,0.9743678649467452,0.07081231472369724,0.10288634123069032
20191012752,0.9552628189433642,0.15861355542954933,0.16478212749237242
20191012753,0.6035395366756251,0.2394427487670928,0.1027421581285438
20191012754,0.8292518791926792,0.0600626282727645,0.061233941860069585
20191012755,0.9593521244309395,0.2560552702750528,0.22483855132160352
20191012758,0.8048812582227227,0.1794496605527031,0.15373547476758817
20191012759,0.9276460709960768,0.17324984967159757,0.0874769895544054
20191012761,0.7451003570952588,0.31333688403500426,0.22533899100986757
20191012766,0.9912665040612283,0.057457077122994436,0.05870294592532036
20191012767,0.9695275651296568,0.0887801901871719,0.06445418512548359
20191012771,0.7702309740486917,0.1736068243271412,0.08346831852510135
20191012772,0.7840048067591876,0.21002526130435045,0.15213509634266936
20191012776,0.9807555243352201,0.2528224591690481,0.22385544016037287
20191012779,0.9820213323254795,0.2535417691877675,0.22467407257198335
20191012780,0.9589355866123037,0.06602559741678411,0.094062510827714
20191012781,0.9560394325225323,0.13684578871002281,0.138308491397723
20191012782,0.9103898875047196,0.05940378647300332,0.06598514351328645
20191012786,0.9904477742843766,0.05725857609143362,0.05374198297601971
20191012787,0.9464041910109123,0.08901926313836316,0.06519075287441682
20191012788,0.961047904050049,0.06049464590002231,0.062060812302269674
20191012790,0.7840380569703583,0.1733174515372208,0.14450849301098015
20191012793,0.964113149866804,0.06049464590002231,0.062060812302269674
20191012795,0.9526473265473677,0.0887801901871719,0.06445418512548359
20191012796,0.8193376092034778,0.06005757419541509,0.0613965816642134
20191012798,0.9664463340032692,0.173763183579732,0.0824134327370859
20191012799,0.9675941182773192,0.06284158142020076,0.08173895872446615
20191012800,0.9759465776260979,0.25426899454736696,0.22341721186859081
20191012801,0.8186603580807389,0.06005757419541509,0.0613965816642134
20191012802,0.9695777966455236,0.0887801901871719,0.06445418512548359
20191012807,0.968490340816531,0.0709825657817935,0.10510460099077597
20191012810,0.9011773437259142,0.05940378647300332,0.06598514351328645
20191012812,0.8251126704868704,0.0600626282727645,0.061233941860069585
20191012816,0.971259759355291,0.0887801901871719,0.06445418512548359
20191012817,0.6474927344699213,0.06500995530267914,0.07771341560349504
20191012819,0.9688943102252401,0.0709825657817935,0.10510460099077597
20191012821,0.9120797367344049,0.1867064646444072,0.1563672459289365
20191012822,0.9714301722270579,0.06750419981176609,0.09390902900329222
20191012834,0.9642714487661252,0.0887801901871719,0.06445418512548359
20191012839,0.8840748288982766,0.17632384737752055,0.082109364765463
20191012845,0.9650253276707801,0.2560552702750528,0.22483855132160352
20191012849,0.9666548740634038,0.0709825657817935,0.10510460099077597
20191012851,0.9721856558967094,0.0887801901871719,0.06445418512548359
20191012853,0.9684044307845894,0.0709825657817935,0.10510460099077597
20191012857,0.9684650030047145,0.0709825657817935,0.10510460099077597
20191012861,0.981120775321583,0.2535417691877675,0.22467407257198335
20191012864,0.9925522190613767,0.057465768061876796,0.05671224170600925
20191012866,0.9670476456436523,0.09049786553334513,0.06507561793657685
20191012871,0.9824641615915769,0.2535417691877675,0.22467407257198335
20191012873,0.9654988949681101,0.06284158142020076,0.08173895872446615
20191012877,0.8205033953245789,0.06005757419541509,0.0613965816642134
20191012881,0.9886370950571649,0.05813275673493133,0.05923832402770442
20191012882,0.8811939750010329,0.20319142888887748,0.19552214286058742
20191012883,0.5359449332663817,0.3037089158667087,0.17064686345982874
20191012893,0.8324742910956272,0.05991093609319178,0.06122498938047154
20191012894,0.9695661542508871,0.0887801901871719,0.06445418512548359
20191012896,0.8370913242258793,0.05991093609319178,0.06122498938047154
20191012906,0.9714216119565241,0.0887801901871719,0.06445418512548359
20191012907,0.9819998771310615,0.2535417691877675,0.22467407257198335
20191012910,0.9683766301662788,0.0709825657817935,0.10510460099077597
20191012915,0.9694152438989385,0.0887801901871719,0.06445418512548359
20191012918,0.8928343178816104,0.05940378647300332,0.06598514351328645
20191012919,0.7860648833835067,0.18007683268416436,0.15391013328011283
20191012922,0.9670563087482389,0.07108164962462744,0.10643745209289524
20191012923,0.9683050436936838,0.0709825657817935,0.10510460099077597
20191012927,0.9516050132619923,0.1701855732143446,0.17095350068336548
20191012935,0.9618918690465373,0.0887801901871719,0.06445418512548359
20191012941,0.9738774096718723,0.15695328222169114,0.13175972835658928
20191012942,0.6659211466445696,0.3137388234224574,0.2261660405236319
20191012945,0.9665643047040751,0.06284158142020076,0.08173895872446615
20191012946,0.9893936285803133,0.05725857609143362,0.05374198297601971
20191012957,0.9431811567839454,0.16857527765024397,0.08783119786303263
20191012959,0.9598393459958462,0.2560552702750528,0.22483855132160352
20191012960,0.9672788740772126,0.173763183579732,0.0824134327370859
20191012964,0.9888702681565513,0.05813275673493133,0.05923832402770442
20191012966,0.9518903717703225,0.0887801901871719,0.06445418512548359
20191012967,0.7177445794688416,0.3131161291675091,0.22484788248787704
20191012970,0.9885861854086928,0.057168702618679755,0.05482017579295524
20191012971,0.9688576397429843,0.0709825657817935,0.10510460099077597
20191012972,0.8877700756865008,0.08887599806194026,0.06438272804925423
20191012973,0.8315630475244197,0.22302644067433258,0.1942220051632295
20191012975,0.9114765741421831,0.198951201160647,0.1781817705616371
20191012979,0.9896772214252146,0.05725857609143362,0.05374198297601971
20191012980,0.9071380796205274,0.05987337398441036,0.06632511326234504
20191012981,0.6729511544893776,0.3137388234224574,0.2261660405236319
20191012986,0.8949883290182106,0.060025066163983086,0.06633617696028844
20191012987,0.7168277067037746,0.3090814111507927,0.2186811287580902
20191012988,0.6711854692151241,0.3131161291675091,0.22484788248787704
20191012991,0.8943955706956762,0.060025066163983086,0.06633617696028844
20191012993,0.9630501622662383,0.14998283339459698,0.11820680222905267
20191012996,0.9882822726170702,0.059617870675167564,0.06072257954609721
20191012998,0.980637401498984,0.09086098518271865,0.07610852793990772
20191013003,0.9331128530961506,0.22478834860195523,0.19630207716685075
20191013005,0.9810608211545172,0.07113076142744723,0.10009446941162184
20191013012,0.9803428452030494,0.08766845459711277,0.05784435441123695
20191013016,0.8898196050174415,0.060025066163983086,0.06633617696028844
20191013018,0.9898169699004895,0.058789502155210414,0.058212122544766313
20191013020,0.6709814766946598,0.3131161291675091,0.22484788248787704
20191013023,0.9695492852012876,0.0709825657817935,0.10510460099077597
20191013025,0.9888386530503204,0.057304971667432134,0.05461157541521885
20191013027,0.984336912511565,0.09086098518271865,0.07610852793990772
20191013029,0.8974559790597457,0.1780495065411096,0.1036165530720331
20191013030,0.8952415634183617,0.060025066163983086,0.06633617696028844
20191013038,0.9490983731865089,0.14998283339459698,0.11820680222905267
20191013040,0.9342619288838221,0.05978553939933624,0.06538961564856645
20191013043,0.9721264883952625,0.0887801901871719,0.06445418512548359
20191013047,0.9280453979031785,0.05987337398441036,0.06632511326234504
20191013048,0.008312972564063768,0.16446257375281692,0.1397236209917253
20191013049,0.9613614469737243,0.0887801901871719,0.06445418512548359
20191013053,0.9696270495604006,0.0887801901871719,0.06445418512548359
20191013055,0.7540990756668472,0.1736068243271412,0.08346831852510135
20191013056,0.8955895183772911,0.060025066163983086,0.06633617696028844
20191013057,0.9438719173185726,0.08887599806194026,0.06438272804925423
20191013061,0.9780598767726971,0.06284158142020076,0.08173895872446615
20191013063,0.833468358455189,0.05995074005162522,0.06112315062629622
20191013065,0.9815093035175926,0.2528224591690481,0.22385544016037287
20191013067,0.9696367366338714,0.0887801901871719,0.06445418512548359
20191013071,0.9777807205832403,0.2528224591690481,0.22385544016037287
20191013073,0.9695492852012876,0.0709825657817935,0.10510460099077597
20191013074,0.66695095033009,0.3137388234224574,0.2261660405236319
20191013075,0.9666666291974795,0.13436818073165643,0.12555460961584475
20191013076,0.7474235790807794,0.18111819170755913,0.15709196058048003
20191013077,0.9251998892766681,0.17944926927467186,0.17483922116635706
20191013079,0.8645898504584325,0.05836190885710875,0.05547114240531396
20191013087,0.9803573353030651,0.07081231472369724,0.10288634123069032
20191013088,0.9450742151464274,0.1609134116543774,0.08152367802912056
20191013089,0.6699825689459767,0.3131161291675091,0.22484788248787704
20191013091,0.9677328558712783,0.0709825657817935,0.10510460099077597
20191013096,0.8310227131034696,0.06002183527707776,0.06157758466377002
20191013102,0.9876183114995019,0.25018730823700336,0.22306275321249147
20191013106,0.8203562946613295,0.18428077087828132,0.16324407876606056
20191013108,0.9405640828653211,0.22478834860195523,0.19630207716685075
20191013109,0.040316413338567995,0.1588034633908923,0.13730357005736873
20191013111,0.9465188654269334,0.18416840223961745,0.15752855166994642
20191013112,0.8949883290182106,0.060025066163983086,0.06633617696028844
20191013115,0.8948388435853042,0.060025066163983086,0.06633617696028844
20191013117,0.9754124961448877,0.25426899454736696,0.22341721186859081
20191013118,0.7671112185936124,0.07962438143686959,0.08349220447925718
20191013119,0.9680133740818349,0.07101055439917489,0.10553075047092332
20191013122,0.983005393602657,0.25018730823700336,0.22306275321249147
20191013124,0.9616119426337695,0.0887801901871719,0.06445418512548359
20191013125,0.9467325188537906,0.06049464590002231,0.062060812302269674
20191013127,0.9193865319365462,0.07318670971613893,0.044678210344377724
20191013129,0.6541940870703394,0.2950347641578363,0.2028267075367708
20191013130,0.9754708078593682,0.09086098518271865,0.07610852793990772
20191013132,0.9924914744461022,0.05575626325319005,0.04932696385741626
20191013133,0.9824164827244106,0.24833645835591872,0.2215655060246517
20191013137,0.968970894735345,0.0709825657817935,0.10510460099077597
20191013146,0.9460778145983882,0.06049464590002231,0.062060812302269674
20191013148,0.833468358455189,0.0600626282727645,0.061233941860069585
20191013150,0.9247720577376495,0.05987337398441036,0.06632511326234504
20191013153,0.9077971361901396,0.05987337398441036,0.06632511326234504
20191013165,0.869296264833652,0.09812856274563626,0.06440856467977352
20191013169,0.9819524479860074,0.2535417691877675,0.22467407257198335
20191013172,0.9886709041612763,0.05817114108735581,0.059489359090348234
20191013174,0.8948873398585588,0.060025066163983086,0.06633617696028844
20191013176,0.9673514450019086,0.07108164962462744,0.10643745209289524
20191013178,0.9897153748722378,0.05730023641192368,0.05447704876078014
20191013179,0.9699234724024308,0.0887801901871719,0.06445418512548359
20191013180,0.9695880082895235,0.0887801901871719,0.06445418512548359
20191013183,0.9724284419796763,0.06750419981176609,0.09390902900329222
20191013185,0.6583404498504006,0.17944926927467186,0.17483922116635706
20191013186,0.9887140666140777,0.057346631987922184,0.055400042493980985
20191013187,0.00884432541020073,0.07906698745499727,0.08715585872004038
20191013188,0.00959154482563975,0.07906698745499727,0.08715585872004038
20191013189,0.007454132878422698,0.07952153873944871,0.08450248426209082
20191013190,0.008412693082515242,0.07952153873944871,0.08450248426209082
20191013191,0.006720926773664358,0.07988548756962624,0.08405506423931901
20191013192,0.012426902124691802,0.07952153873944871,0.08450248426209082
20191013193,0.008905778405811146,0.07952153873944871,0.08450248426209082
20191013194,0.009617775858375664,0.07906698745499727,0.08715585872004038
20191013195,0.008718827246746374,0.07952153873944871,0.08450248426209082
20191013196,0.006706447523055459,0.07952153873944871,0.08450248426209082
20191013197,0.011837959033626163,0.07952153873944871,0.08450248426209082
20191013198,0.0078053336700615004,0.07952153873944871,0.08450248426209082
20191013199,0.006618019965918774,0.07952153873944871,0.08450248426209082
20191013200,0.009692907497878673,0.07906698745499727,0.08715585872004038
20191013201,0.008923379089972984,0.07906698745499727,0.08715585872004038
20191013202,0.0074384026278393545,0.07952153873944871,0.08450248426209082
20191013203,0.006852338021949782,0.07952153873944871,0.08450248426209082
20191013204,0.011932459973885694,0.07952153873944871,0.08450248426209082
20191013205,0.9820986599298444,0.07122984527028117,0.10132912055329552
20191013206,0.9813296245483216,0.07122984527028117,0.10132912055329552
20191013210,0.989621780502811,0.08189012332349244,0.07174085608068606
20191013212,0.9342042678484338,0.171189166956137,0.08701260342158848
20191013214,0.9273329815723182,0.22618714332076353,0.159135281920972
20191013215,0.9658009994130855,0.07108164962462744,0.10643745209289524
20191013223,0.9830072522939869,0.2501219981726398,0.22307517940949861
20191013224,0.9902609474641506,0.05808636115893283,0.05817100666049586
20191013225,0.9811272572033722,0.2534764591234039,0.22468662725784844
20191013226,0.9497482211762129,0.1567143516210741,0.13406254125446176
20191013229,0.9785255605562738,0.08766845459711277,0.05784435441123695
20191013230,0.7024500041837132,0.29121406653679915,0.20742067044741108
20191013231,0.65730108632647,0.2946260902985673,0.21202286611089394
20191013233,0.9890245293352815,0.05697459578495945,0.05628364424255424
20191013234,0.9016667268790833,0.060025066163983086,0.06633617696028844
20191013237,0.9746547213977101,0.2527571491046846,0.22386796985936686
20191013240,0.9924967439086434,0.0580419650036326,0.057487949216181326
20191013244,0.9821822109009326,0.2527571491046846,0.22386796985936686
20191013245,0.990778393068614,0.06374502945533841,0.06408016045376218
20191013246,0.9448551397197024,0.17479309722154002,0.08867882378299358
20191013251,0.9797836104771274,0.09086098518271865,0.07610852793990772
20191013252,0.9024944636965143,0.1791445727931477,0.13840286174226762
20191013253,0.9395845554533273,0.17684620021605962,0.07677944260703631
20191013256,0.9860411803373591,0.059656255027592045,0.060984675043970024
20191013259,0.8581346652344857,0.18793544393231337,0.13926478985284607
20191013260,0.946777518742551,0.15678303116359488,0.12898002616860055
20191013261,0.9400195223821373,0.17852256048179949,0.1814161993670662
20191013263,0.9258195343140225,0.06072968489127474,0.06770277577297885
20191013269,0.728054741119683,0.17262564643851386,0.082330379993797
20191013275,0.9394048660728416,0.18797866705343474,0.18268526575502356
20191013277,0.9729285659238294,0.09049786553334513,0.06507561793657685
20191013282,0.9032985325564838,0.0604072280389923,0.06688578739414286
20191013283,0.9932373802076394,0.05707855210951818,0.05643631151928276
20191013292,0.7264883682017175,0.17262564643851386,0.082330379993797
20191013294,0.9689637093009432,0.0887801901871719,0.06445418512548359
20191013295,0.9872177760298586,0.05845970972519569,0.05762968996685373
20191013303,0.9898517924337689,0.08189012332349244,0.07174085608068606
20191013306,0.9723539558436282,0.0887801901871719,0.06445418512548359
20191013308,0.9655886221945413,0.07108164962462744,0.10643745209289524
20191013309,0.8573787603779686,0.2720079193409052,0.19779036677288028
20191013310,0.8282179889764832,0.06002183527707776,0.06157758466377002
20191013312,0.9552468542965659,0.0601771149541014,0.06127815228263021
20191013314,0.8217572705562888,0.06065573268416178,0.061850474916920084
20191013316,0.8608093962209268,0.17674228806051906,0.08830325844807337
20191013321,0.6872094619401977,0.2946260902985673,0.21202286611089394
20191013322,0.9863709341379907,0.08766845459711277,0.05784435441123695
20191013324,0.9619489691378014,0.0887801901871719,0.06445418512548359
20191013326,0.9623124394499009,0.14389145967964317,0.13253835021652777
20191013327,0.9766333064704912,0.25257005288025886,0.22287474386799014
20191013329,0.9717581890222303,0.0887801901871719,0.06445418512548359
20191013331,0.9071728638368542,0.06072968489127474,0.06770277577297885
20191013337,0.9302517758648762,0.18613522451089975,0.14526586856646376
20191013340,0.9832857025205651,0.09086098518271865,0.07610852793990772
20191013342,0.9631398892315813,0.24417232767919592,0.20026367274698223
20191013344,0.9885977844666816,0.05730438821497419,0.056838924148878735
20191013345,0.9924448646465532,0.05575626325319005,0.04932696385741626
20191013348,0.969607369285228,0.0887801901871719,0.06445418512548359
20191013349,0.9297084465828781,0.20208587897888436,0.155867045289614
20191013350,0.9360602929241675,0.24489163769791533,0.20096408243037542
20191013351,0.9773158997707116,0.0709113985665312,0.10419099741972615
20191013354,0.9695661542508871,0.0887801901871719,0.06445418512548359
20191013356,0.9695460825829115,0.06286957003758213,0.08205836878320175
20191013358,0.9433442029890164,0.17479309722154002,0.08867882378299358
20191013359,0.8185505304865556,0.06065573268416178,0.061850474916920084
20191013361,0.9696019208518646,0.0887801901871719,0.06445418512548359
20191013367,0.004731610850780945,0.16446257375281692,0.1397236209917253
20191013369,0.9698839842663455,0.0887801901871719,0.06445418512548359
20191013375,0.652896809018735,0.2946260902985673,0.21202286611089394
20191013378,0.9672712168439015,0.07108164962462744,0.10643745209289524
20191013381,0.9502877061809772,0.2294443163725764,0.17309799290840253
20191013382,0.8349514224693128,0.0591103412222108,0.06056571414022809
20191013387,0.953780177296872,0.17648907272726358,0.07652553473915218
20191013388,0.4443726861166206,0.29317979018379814,0.1531538844382094
20191013389,0.825218566061462,0.06002183527707776,0.06157758466377002
20191013390,0.9589209253848676,0.06578652446559285,0.09302484238681076
20191013391,0.45044037082201804,0.28693069628687434,0.15906445557133567
20191013392,0.9625135696674006,0.09095679305748702,0.07602361717161991
20191013393,0.7483612977392979,0.2276930201676643,0.15837654307022683
20191013394,0.9714314532245014,0.0887801901871719,0.06445418512548359
20191013396,0.9035056458417944,0.18253011525453794,0.1483337293259311
20191013398,0.8256739208839423,0.06065573268416178,0.061850474916920084
20191013400,0.8713496749413245,0.19065425859108193,0.17357237128111583
20191013402,0.9865653262446865,0.08938612994328601,0.05836659136062796
20191013404,0.6730272350637865,0.17597135938564037,0.09136743107001803
20191013406,0.9781183755679507,0.0709113985665312,0.10419099741972615
20191013407,0.9697245202809269,0.0887801901871719,0.06445418512548359
20191013412,0.8213896088560638,0.06065573268416178,0.061850474916920084
20191013413,0.9889700681945807,0.05733237683235558,0.05704318427340741
20191013414,0.9806451598928765,0.2494026881539205,0.22226226577688646
20191013416,0.808657301449917,0.05982590468187128,0.03670892025171397
20191013419,0.9836298762860092,0.2501219981726398,0.22307517940949861
20191013423,0.9047374190979633,0.20849683008727302,0.1902906494506232
20191013424,0.9631437526609128,0.25071920299917416,0.22137093393038154
20191013428,0.9631425201018894,0.0909847816748684,0.07635738865244582
20191013433,0.9393116641653568,0.15678303116359488,0.12898002616860055
20191013439,0.9620784488790879,0.0887801901871719,0.06445418512548359
20191013441,0.9003826549009207,0.0604072280389923,0.06688578739414286
20191013442,0.9846297383961586,0.07096696170985013,0.10121377535954339
20191013446,0.8325545633864138,0.06057295217643708,0.060763812688942986
20191013448,0.9310110314474777,0.05987337398441036,0.06632511326234504
20191013449,0.819264296999433,0.06065573268416178,0.061850474916920084
20191013450,0.9392192147904971,0.1503067764969576,0.13593401111878203
20191013452,0.6732393282267344,0.29059137228185083,0.20620902889639878
20191013453,0.9658009994130855,0.07108164962462744,0.10643745209289524
20191013457,0.91017103413065,0.06072968489127474,0.06770277577297885
20191013460,0.9893767592342917,0.05730023641192368,0.05447704876078014
20191013461,0.9232245296159327,0.18735597279848648,0.18162902575012282
20191013463,0.917850091135947,0.18797866705343474,0.18268526575502356
20191013464,0.9431766172647419,0.1831990907239399,0.11410766353863278
20191013469,0.9715742254148257,0.0887801901871719,0.06445418512548359
20191013472,0.94598701708875,0.17016549810491688,0.17466838176245444
20191013476,0.9909383785482659,0.05728598125635707,0.05604535646098797
20191013477,0.9697279299808956,0.0887801901871719,0.06445418512548359
20191013479,0.969552588749931,0.0887801901871719,0.06445418512548359
20191013493,0.93111329529554,0.18287151379023708,0.17600677145227359
20191013500,0.9606335735919479,0.06753218842914747,0.09431502014661654
20191013501,0.9421091333808511,0.1811459877294203,0.131761938793118
20191013502,0.928388147346517,0.08880817880455329,0.06473640762091182
20191013503,0.9675373288422471,0.07108164962462744,0.10643745209289524
20191013504,0.9513628873779104,0.08880817880455329,0.06473640762091182
20191013505,0.9191277791581937,0.17852256048179949,0.1814161993670662
20191013507,0.983795381159869,0.2534764591234039,0.22468662725784844
20191013509,0.9772434476418127,0.08699065859940298,0.05164199780702243
20191013511,0.8997224487097506,0.0604072280389923,0.06688578739414286
20191013515,0.9338524667379106,0.0887801901871719,0.06445418512548359
20191013520,0.9716411585865332,0.0887801901871719,0.06445418512548359
20191013524,0.899661591701802,0.0604072280389923,0.06688578739414286
20191013525,0.9263253000711833,0.22618714332076353,0.159135281920972
20191013526,0.9120194987587015,0.1725455116970412,0.08693038946815605
20191013530,0.7280503325386187,0.27087980054193056,0.1987487812412745
20191013532,0.9701066728898521,0.07108164962462744,0.10643745209289524
20191013534,0.9024245696753626,0.0604072280389923,0.06688578739414286
20191013535,0.9026376659165131,0.0604072280389923,0.06688578739414286
20191013541,0.9230565405578688,0.1865371638983529,0.1457827630850502
20191013542,0.9694197301399652,0.0709113985665312,0.10419099741972615
20191013544,0.9690657071582889,0.0887801901871719,0.06445418512548359
20191013545,0.9585977046438809,0.17684620021605962,0.07677944260703631
20191013546,0.962903743703697,0.215917003326381,0.1940054137454172
20191013550,0.8998900149307791,0.060025066163983086,0.06633617696028844
20191013551,0.9870640797116439,0.08766845459711277,0.05784435441123695
20191013554,0.9644948891921042,0.07108164962462744,0.10643745209289524
20191013557,0.9547588087618888,0.0601771149541014,0.06127815228263021
20191013560,0.9912654844792872,0.056928200208960944,0.05533734424502944
20191013562,0.9695365624108478,0.0887801901871719,0.06445418512548359
20191013563,0.9904008709710553,0.06264291537944022,0.06786093063446032
20191013566,0.9694379142934888,0.0887801901871719,0.06445418512548359
20191013568,0.9892673765767807,0.05728598125635707,0.05604535646098797
20191013570,0.9361566983397088,0.08890398667932166,0.06466323559139854
20191013576,0.9813540309612926,0.07122984527028117,0.10132912055329552
20191013577,0.9436253871650147,0.17852256048179949,0.1814161993670662
20191013582,0.9320118136572351,0.171189166956137,0.08701260342158848
20191013583,0.41929209172364684,0.313703402532734,0.18429799378493933
20191013585,0.9675310548592639,0.07108164962462744,0.10643745209289524
20191013586,0.9376679465512477,0.177389035618592,0.17881308593511297
20191013587,0.9887787076824711,0.057346631987922184,0.055400042493980985
20191013598,0.6805480510171176,0.2946260902985673,0.21202286611089394
20191013599,0.9658535807438241,0.07108164962462744,0.10643745209289524
20191013601,0.9693591169244211,0.08880817880455329,0.06473640762091182
20191013602,0.9885908799874792,0.05881749077259181,0.05842560681612241
20191013604,0.9915232174366445,0.05681598479627374,0.054937743578573
20191013605,0.9739988600903349,0.09052585415072655,0.06536287707782276
20191013606,0.9616744704905604,0.17648907272726358,0.07652553473915218
20191013611,0.9594703893663078,0.17684620021605962,0.07677944260703631
20191013612,0.8592322885168752,0.1879802558309705,0.139320205684539
20191013613,0.6582267154507064,0.17443376464735916,0.14747730905631223
20191013614,0.9923150679627939,0.05575626325319005,0.04932696385741626
20191013618,0.7032001782906607,0.29059137228185083,0.20620902889639878
20191013621,0.8777516363864956,0.17756321365393302,0.08093276430536286
20191013625,0.9484554482438364,0.17648907272726358,0.07652553473915218
20191013626,0.7661381537883024,0.17443376464735916,0.14747730905631223
20191013636,0.8285488439098202,0.06065573268416178,0.061850474916920084
20191013638,0.9609150671692329,0.25527065019196993,0.22402831953545763
20191013640,0.97005563779305,0.07108164962462744,0.10643745209289524
20191013641,0.9886659842599107,0.05845970972519569,0.05762968996685373
20191013642,0.6914468252877285,0.29059137228185083,0.20620902889639878
20191013645,0.9721282326208326,0.0887801901871719,0.06445418512548359
20191013646,0.9489288166414337,0.15197530765181372,0.13890162649851182
20191013648,0.005272903471312167,0.16593185656663223,0.13868492980189803
20191013649,0.9708775202417956,0.17479309722154002,0.08867882378299358
20191013653,0.44751394151388585,0.276322187342576,0.17566462775479127
20191013655,0.9420855588853599,0.17479309722154002,0.08867882378299358
20191013657,0.9722641950073054,0.0887801901871719,0.06445418512548359
20191013660,0.9486860048433029,0.06125787524493507,0.05952339219919623
20191013662,0.7289245318805885,0.17262564643851386,0.082330379993797
20191013663,0.9297485323392327,0.17508799349101936,0.0812277461340155
20191013667,0.9601564455973449,0.08699065859940298,0.05164199780702243
20191013669,0.9831491127914396,0.06335900110254944,0.08270813213581107
20191013673,0.9224973794818337,0.2294443163725764,0.17309799290840253
20191013674,0.9236019274973831,0.0604072280389923,0.06688578739414286
20191013677,0.9601721454977125,0.06753218842914747,0.09431502014661654
20191013679,0.9263253000711833,0.22618714332076353,0.159135281920972
20191013681,0.9249019352709986,0.17479309722154002,0.08867882378299358
20191013682,0.7805064050340651,0.17443376464735916,0.14747730905631223
20191013683,0.7692261995351035,0.17443376464735916,0.14747730905631223
20191013685,0.9159738462047108,0.17491804832325863,0.17273741607350498
20191013688,7.934173713616115e-05,0.06346306915113421,0.06396924142723888
20191013689,0.9868259201795525,0.06092430454660062,0.06549935708097199
20191013693,0.718872402481283,0.2946260902985673,0.21202286611089394
20191013695,0.9668775248165636,0.07108164962462744,0.10643745209289524
20191013696,0.9652292566036421,0.15558082675786672,0.13213925678015748
20191013699,0.8567698784737684,0.07093824010378283,0.06866219496514203
20191013700,0.8721120806573828,0.17674228806051906,0.08830325844807337
20191013703,0.8774105572555579,0.061959236910977045,0.0676425734497937
20191013707,0.6226536350729912,0.17597135938564037,0.09136743107001803
20191013709,0.8636774152936236,0.17756321365393302,0.08093276430536286
20191013710,0.9723313226050804,0.09052585415072655,0.06536287707782276
20191013714,0.8810569222658284,0.1806061674199926,0.09115464371728976
20191013718,0.9550842022386706,0.17684620021605962,0.07677944260703631
20191013719,0.8404270342125247,0.07134017949123599,0.06889317311762208
20191013721,0.9619205006019982,0.17648907272726358,0.07652553473915218
20191013723,0.9408948196605852,0.08890398667932166,0.06466323559139854
20191013724,0.9779428817184045,0.2527571491046846,0.22386796985936686
20191013726,0.6485841323579187,0.07476763153114353,0.045766159407732473
20191013728,0.9752105498865745,0.25270007341332407,0.2233362007335221
20191013730,0.9007285359180532,0.0604072280389923,0.06688578739414286
20191013732,0.9820223682499604,0.07122984527028117,0.10132912055329552
20191013733,0.9675735959714495,0.07108164962462744,0.10643745209289524
20191013737,0.8548818490776996,0.07134017949123599,0.06889317311762208
20191013738,0.9707780562119721,0.08880817880455329,0.06473640762091182
20191013741,0.8525986593257601,0.07134017949123599,0.06889317311762208
20191013743,0.956712069763802,0.06581451308297424,0.09342385831466322
20191013744,0.6658806341550966,0.29121406653679915,0.20742067044741108
20191013748,0.8358768270689609,0.07134017949123599,0.06889317311762208
20191013750,0.9544236735223761,0.0601771149541014,0.06127815228263021
20191013751,0.7688907887113786,0.17443376464735916,0.14747730905631223
20191013755,0.49547188863256947,0.283297917657611,0.15528010057331643
20191013756,0.9700150588118078,0.0709113985665312,0.10419099741972615
20191013757,0.8787704573608551,0.18735954495145118,0.17093902266108144
20191013759,0.9273718315600874,0.22618714332076353,0.159135281920972
20191013760,0.9780461225696083,0.15558082675786672,0.13213925678015748
20191013761,0.4936510783271826,0.28553067263026316,0.13663525912861507
20191013762,0.8543520145585345,0.07134017949123599,0.06889317311762208
20191013763,0.9615910594971907,0.14577845817754514,0.08038834935486473
20191013767,0.9823276994086646,0.2501219981726398,0.22307517940949861
20191013768,0.880547897280204,0.17267049661864836,0.08772636459511789
20191013769,0.7439323721075829,0.2946260902985673,0.21202286611089394
20191013770,0.9485497290872666,0.0906216620254949,0.06528943363845793
20191013771,0.9921050791898446,0.05687077668661707,0.0555956685495385
20191013776,0.9885282583674668,0.05881749077259181,0.05842560681612241
20191013777,0.96899033948432,0.08880817880455329,0.06473640762091182
20191013779,0.04423661248895184,0.1543541412083954,0.13256803594502845
20191013784,0.9244583012114406,0.1803295142682907,0.16931023195768058
20191013790,0.9613646951412862,0.17132735602454985,0.14171403009881584
20191013795,0.9238343993954767,0.15349409163561287,0.1400488846227057
20191013796,0.9713889568092816,0.0887801901871719,0.06445418512548359
20191013797,0.9532198871519841,0.17648907272726358,0.07652553473915218
20191013798,0.983047369090693,0.2501219981726398,0.22307517940949861
20191013802,0.9234657096127267,0.0604072280389923,0.06688578739414286
20191013803,0.8029129423118063,0.07467182365637517,0.04580951101874849
20191013805,0.7636557325554867,0.16810298307186072,0.08052692528617818
20191013806,0.9820157693305263,0.2527571491046846,0.22386796985936686
20191013811,0.9385992950072648,0.15678303116359488,0.12898002616860055
20191013812,0.9514174797067232,0.08880817880455329,0.06473640762091182
20191013815,0.9721617823406538,0.0887801901871719,0.06445418512548359
20191013817,0.951986792503992,0.0601771149541014,0.06127815228263021
20191013818,0.8024791881121454,0.07467182365637517,0.04580951101874849
20191013820,0.7079384369038632,0.2946260902985673,0.21202286611089394
20191013821,0.0001006793440702248,0.06292519096319461,0.057959441362279936
20191013822,0.9675260207833586,0.17648907272726358,0.07652553473915218
20191013823,0.9247477309783483,0.22618714332076353,0.159135281920972
20191013824,0.9609586275472016,0.0601771149541014,0.06127815228263021
20191013826,0.8987646841813139,0.0604072280389923,0.06688578739414286
20191013827,0.04527681593498876,0.15322260134603008,0.1322135083044986
20191013829,0.7701390905741391,0.1658811971839858,0.08746829349527813
20191013831,0.9216418430743598,0.22618714332076353,0.159135281920972
20191013835,0.9036781953164237,0.060025066163983086,0.06633617696028844
20191013836,0.04568022843460077,0.15322260134603008,0.1322135083044986
20191013845,0.9802828842821121,0.2527571491046846,0.22386796985936686
20191013846,0.7548497489717843,0.16810298307186072,0.08052692528617818
20191013850,0.8318358360301922,0.07098305200243993,0.06868459196472557
20191013851,0.844396187256279,0.07098305200243993,0.06868459196472557
20191013852,0.7910937083262074,0.07649676341283314,0.06758328638048773
20191013853,0.7448020405232617,0.17443376464735916,0.14747730905631223
20191013854,0.9242927831460305,0.2294443163725764,0.17309799290840253
20191013855,0.9582332062995689,0.17684620021605962,0.07677944260703631
20191013856,0.8010962976412831,0.06251346392816022,0.06174008800902817
20191013859,0.9820437835566372,0.2494026881539205,0.22226226577688646
20191013863,0.8974747540648927,0.06072968489127474,0.06770277577297885
20191013864,0.9315100072227945,0.05978553939933624,0.06538961564856645
20191013866,0.10699779439229036,0.0773522091157682,0.08046960987574353
20191013868,0.10127428583913757,0.07698826028559067,0.08087779711428328
20191013870,0.08321190503450882,0.06895233844615745,0.06849375703171467
20191013871,0.10771884813194671,0.07830689027801711,0.08241667252073497
20191013872,0.10239132678684469,0.07698826028559067,0.08087779711428328
20191013873,0.10116838611677328,0.07698826028559067,0.08087779711428328
20191013874,0.12134007555740225,0.07672596846301252,0.08044903824608984
20191013875,0.09692975994565224,0.07830689027801711,0.08241667252073497
20191013876,0.09991276564299831,0.07698826028559067,0.08087779711428328
20191013877,0.11455603193901764,0.07698826028559067,0.08087779711428328
20191013878,0.10231550404801988,0.07698826028559067,0.08087779711428328
20191013879,0.10925260517652279,0.07830689027801711,0.08241667252073497
20191013880,0.1400750065662631,0.0768217763377809,0.08036870379022362
20191013881,0.1342405751850445,0.0768217763377809,0.08036870379022362
20191013882,0.11310587817708566,0.07698826028559067,0.08087779711428328
20191013883,0.11765220068016999,0.0768217763377809,0.08036870379022362
20191013884,0.11951166897440824,0.0768217763377809,0.08036870379022362
20191013885,0.10705932457658555,0.07830689027801711,0.08241667252073497
20191013886,0.947670584266113,0.19199430367898335,0.18563688358671432
20191013890,0.9682428569032394,0.1450591481588258,0.08010636849413566
20191013895,0.9829575834658063,0.2535417691877675,0.22467407257198335
20191013896,0.9672535458897953,0.08880817880455329,0.06473640762091182
20191013897,0.9814242614722616,0.2535417691877675,0.22467407257198335
20191013899,0.9801943235025988,0.09088897380010004,0.07644436783463412
20191013902,0.9102949620162012,0.18289429539126073,0.15119205639969313
20191013905,0.7072808122957134,0.2890513655522115,0.21505387182748784
20191013907,0.8014837628143314,0.1804787720716175,0.1544543934765903
20191013910,0.9488327659649347,0.059001683887976844,0.06516515663805593
20191013912,0.9309503819476145,0.17044446118826498,0.1389562159502098
20191013915,0.9255626277771398,0.1808276943172421,0.15236249586135386
20191013919,0.7562873066187257,0.28547227744467474,0.20461834717333716
20191013925,0.9815900189632645,0.25018730823700336,0.22306275321249147
20191013928,0.9309035213729698,0.18813042431950985,0.17982045050424253
20191013929,0.8760834999491609,0.1794228170118846,0.07448991818816005
20191013931,0.6908467004958396,0.2577993168381562,0.19588040138799026
20191013933,0.9868075603990097,0.2535417691877675,0.22467407257198335
20191013935,0.9411420678031442,0.060547075349927815,0.06649470317641759
20191013936,0.9419521890997867,0.06093429130228643,0.06686908354281554
20191013939,0.9420952369597672,0.06050462100841743,0.06729938968963783
20191013942,0.9796301276846521,0.2554005344097323,0.22411414936702972
20191013943,0.9311333570647967,0.1860461693129157,0.17028099502546432
20191013945,0.9318984787806144,0.06089183696077603,0.06770238503867301
20191013948,0.9623683867001022,0.25533596025633354,0.22401613644681106
20191013950,0.9857471369736922,0.24833645835591872,0.2215655060246517
20191013951,0.9251873556316422,0.17855023599646141,0.17917207097424692
20191013952,0.32267260052015073,0.23116862099314264,0.17184311950745873
20191013953,0.9816408448475968,0.24946799821828405,0.22224986329536733
20191013954,0.9753149487996537,0.07456158112498275,0.10389586373375816
20191013956,0.9260300852206652,0.1740403913524006,0.08389603253355685
20191013961,0.9477689672528335,0.060547075349927815,0.06649470317641759
20191013962,0.9798425268194978,0.08769644321449416,0.05808350508815991
20191013965,0.9267038910307857,0.18800839982195822,0.18015243951200885
20191013967,0.7459436774545349,0.2548429229855678,0.1874740122851454
20191013971,0.9300966401225301,0.2543791527384822,0.226290392856812
20191013972,0.8331271541250811,0.18920874848363795,0.1769470728607398
20191013973,0.9558143201590154,0.08880817880455329,0.06473640762091182
20191013976,0.9523250616048223,0.06064288322469617,0.06643193719052853
20191013977,0.9199092552470465,0.18238275885615246,0.1493561344012851
20191013979,0.9257028828573945,0.17855023599646141,0.17917207097424692
20191013980,0.9809826189750388,0.2535417691877675,0.22467407257198335
20191013983,0.8770101684530742,0.2577993168381562,0.19588040138799026
20191013985,0.9716027085540414,0.09088897380010004,0.07644436783463412
20191013986,0.5709038833750606,0.283297917657611,0.15528010057331643
20191013987,0.9141365313708817,0.19261699793393167,0.18671611122888884
20191013989,0.5589409804565586,0.27308398235990106,0.11922006859384461
20191013991,0.694043536662323,0.2884286712972632,0.21379888629205188
20191013992,0.9717751942942768,0.09088897380010004,0.07644436783463412
20191013993,0.9614677308651708,0.17684620021605962,0.07677944260703631
20191013997,0.5755557902000552,0.283297917657611,0.15528010057331643
20191014002,0.9565139354056357,0.2560552702750528,0.22483855132160352
20191014003,0.6741344623649064,0.19000355563329802,0.10929655908097707
20191014006,0.9698638168886827,0.1567143516210741,0.13406254125446176
20191014008,0.9520714100818324,0.06064288322469617,0.06643193719052853
20191014011,0.9834256135468096,0.24946799821828405,0.22224986329536733
20191014013,0.9582814931180502,0.08880817880455329,0.06473640762091182
20191014015,0.8085336321450535,0.22302644067433258,0.1942220051632295
20191014016,0.936826986684494,0.08890398667932166,0.06466323559139854
20191014019,0.8440396844283623,0.17834652765811015,0.17100995071607653
20191014020,0.9949867560619183,0.06247461380821934,0.05794035549198157
20191014024,0.945778559436217,0.08890398667932166,0.06466323559139854
20191014026,0.9657436384206131,0.15486151673914736,0.13166528342698813
20191014029,0.9567239208623199,0.2560552702750528,0.22483855132160352
20191014033,0.9489453867264089,0.17225944137984622,0.08875606081465397
20191014059,0.8807465045231808,0.17855023599646141,0.17917207097424692
20191014064,0.9391934036607442,0.17225944137984622,0.08875606081465397
20191014071,0.9403411678648621,0.15558082675786672,0.13213925678015748
20191014080,0.9905063245379353,0.058430274820233184,0.058123443042636266
20191014084,0.9814242614722616,0.2535417691877675,0.22467407257198335
20191014087,0.9522810927597993,0.1567143516210741,0.13406254125446176
20191014090,0.9448500673654074,0.08880817880455329,0.06473640762091182
20191014092,0.7447192640181511,0.2890513655522115,0.21505387182748784
20191014093,0.941147806669549,0.1664432119200175,0.17147155347497858
20191014094,0.9229557271262621,0.17862900431282197,0.15961978890715237
20191014096,0.9931213507264396,0.056994573178766814,0.0557271804572214
20191014097,0.9340800058208825,0.17688170484160537,0.17534462249864274
20191014100,0.9825427574279924,0.2535417691877675,0.22467407257198335
20191014101,0.9639447300458441,0.17648907272726358,0.07652553473915218
20191014102,0.6224769462545519,0.19000355563329802,0.10929655908097707
20191014103,0.9243982788049647,0.07404009714374897,0.05445293687807033
20191014104,0.9696797420371911,0.15486151673914736,0.13166528342698813
20191014105,0.9602084544615624,0.17684620021605962,0.07677944260703631
20191014106,0.9425619402250298,0.08890398667932166,0.06466323559139854
20191014107,0.8789266571972708,0.18757831644351733,0.13882676318937257
20191014109,0.9166769141005562,0.18289429539126073,0.15119205639969313
20191014110,0.7232506477851897,0.16851801546330344,0.0882179694298359
20191014112,0.9530682567790584,0.06064288322469617,0.06643193719052853
20191014113,0.9450859771874028,0.17968376085966883,0.18178041346973414
20191014117,0.9538126090664203,0.2200570652566709,0.19742686678861293
20191014118,0.9632295560327755,0.17684620021605962,0.07677944260703631
20191014120,0.971455887511396,0.09088897380010004,0.07644436783463412
20191014123,0.8966996096079327,0.18793544393231337,0.13926478985284607
20191014128,0.8798792855433912,0.17001185585534734,0.08700601778702928
20191014130,0.9471895763710595,0.15558082675786672,0.13213925678015748
20191014131,0.745964943430895,0.28547227744467474,0.20461834717333716
20191014132,0.2929199425063899,0.15905043330790555,0.13689185101192705
20191014134,0.9198574353061877,0.17955637920375553,0.17654874292511144
20191014136,0.9466857708652304,0.17684620021605962,0.07677944260703631
20191014139,0.9185094958136933,0.19199430367898335,0.18563688358671432
20191014141,0.9756010753904268,0.15486151673914736,0.13166528342698813
20191014142,0.012560468925792032,0.20918683474906863,0.17899666234046083
20191014145,0.9840866307788471,0.2535417691877675,0.22467407257198335
20191014146,0.9457618556120471,0.08880817880455329,0.06473640762091182
20191014148,0.9087641806170503,0.16899294700461887,0.1352181673502997
20191014149,0.7902705966485976,0.1804787720716175,0.1544543934765903
20191014151,0.9348067755464963,0.17044446118826498,0.1389562159502098
20191014152,0.5429599085438225,0.25670328121522057,0.14630327894580433
20191014157,0.9525203120380202,0.17185750199239308,0.08843059313676736
20191014161,0.9086948130741349,0.17955637920375553,0.17654874292511144
20191014163,0.9821629031690493,0.2535417691877675,0.22467407257198335
20191014164,0.9453368540423569,0.0906216620254949,0.06528943363845793
20191014172,0.49741742495580904,0.29024419495465126,0.15272168831234018
20191014176,0.9606947446614829,0.15558082675786672,0.13213925678015748
20191014177,0.9441492992430397,0.08890398667932166,0.06466323559139854
20191014183,0.9946557520172761,0.056994573178766814,0.0557271804572214
20191014186,0.8436651467509081,0.17855023599646141,0.17917207097424692
20191014189,0.9260566675056774,0.21859875408661197,0.19492389252129874
20191014190,0.9437947676354533,0.17225944137984622,0.08875606081465397
20191014192,0.2929199425063899,0.15905043330790555,0.13689185101192705
20191014194,0.9933631800198682,0.056994573178766814,0.0557271804572214
20191014195,0.9866694052544956,0.2535417691877675,0.22467407257198335
20191014196,0.9548227200781815,0.060547075349927815,0.06649470317641759
20191014197,0.7399378078633663,0.28547227744467474,0.20461834717333716
20191014198,0.9801018882044953,0.2535417691877675,0.22467407257198335
20191014201,0.6925253195668982,0.2890513655522115,0.21505387182748784
20191014202,0.9565476141529375,0.2560552702750528,0.22483855132160352
20191014203,0.9388050097485926,0.1935676678677744,0.182710893279161
20191014207,0.9568318345252631,0.16931093632505756,0.1369627593686273
20191014210,0.3351324752426504,0.23116862099314264,0.17184311950745873
20191014212,0.8450860142508287,0.17267316796816473,0.08678951279941714
20191014215,0.7732239088765734,0.28547227744467474,0.20461834717333716
20191014219,0.7998774705781998,0.17840830152930828,0.15062158482299348
20191014220,0.9370570380217528,0.060547075349927815,0.06649470317641759
20191014221,0.9340512149561983,0.18613522451089975,0.14526586856646376
20191014222,0.7526599548481588,0.28547227744467474,0.20461834717333716
20191014223,0.9608482387686443,0.1707213057796693,0.0880988555767663
20191014224,0.8078591538373424,0.17477552290004492,0.14700233692970097
20191014225,0.699307251875212,0.2895069954613913,0.21038716824616338
20191014231,0.9577822642868308,0.15558082675786672,0.13213925678015748
20191014235,0.9819493964573006,0.2535417691877675,0.22467407257198335
20191014236,0.9277559389238205,0.1767708240084101,0.168285058641156
20191014238,0.7737405467881524,0.1836413512423397,0.16050320062938958
20191014241,0.9930555954834689,0.05704096875476533,0.056701471492455364
20191014246,0.9028543773637228,0.17667416554712068,0.16754608804459165
20191014247,0.9643839446849142,0.15558082675786672,0.13213925678015748
20191014248,0.9343993861682232,0.16827363698589948,0.13473753637272382
20191014250,0.6131297228418134,0.28215001930445144,0.18186464292419816
20191014252,0.951430452657146,0.1823075325509355,0.16906242404695512
20191014255,0.9814952608757014,0.24946799821828405,0.22224986329536733
20191014257,0.9295175334627132,0.17855023599646141,0.17917207097424692
20191014258,0.952817229330071,0.06064288322469617,0.06643193719052853
20191014259,0.9161717121212269,0.19261699793393167,0.18671611122888884
20191014261,0.9044087298020949,0.1769389867150914,0.08992714127314266
20191014263,0.7154859356443252,0.2895069954613913,0.21038716824616338
20191014264,0.9212082077219083,0.18395281626212437,0.182717305318088
20191014265,0.9615740397524856,0.17684620021605962,0.07677944260703631
20191014266,0.9278754786852278,0.09372351389284521,0.05972376872216445
20191014268,0.9193885428318201,0.18177442187688997,0.1617263544062277
20191014274,0.8737379795215432,0.1794228170118846,0.07448991818816005
20191014277,0.8321746804242838,0.17277984653977171,0.14655364752995867
20191014280,0.9562038958360446,0.05968041306330132,0.055879230946253494
20191014281,0.9633619613203418,0.15558082675786672,0.13213925678015748
20191014283,0.64559177620319,0.19000355563329802,0.10929655908097707
20191014284,0.977885363442219,0.17684620021605962,0.07677944260703631
20191014285,0.9200426456125097,0.17855023599646141,0.17917207097424692
20191014288,0.9462075982666651,0.17225944137984622,0.08875606081465397
20191014289,0.927770633685976,0.17855023599646141,0.17917207097424692
20191014291,0.9926840979979098,0.058526082695001556,0.058066521461589145
20191014292,0.2991660532504475,0.15905043330790555,0.13689185101192705
20191014294,0.4461843815562692,0.313703402532734,0.18429799378493933
20191014297,0.7802339366932054,0.1804787720716175,0.1544543934765903
20191014298,0.7950144179329073,0.1860461693129157,0.17028099502546432
20191014300,0.8512468920794891,0.1860461693129157,0.17028099502546432
20191014302,0.6718673456669657,0.1726835513411605,0.08991443448135053
20191014305,0.9529863356803996,0.06064288322469617,0.06643193719052853
20191014307,0.9934973380728254,0.056994573178766814,0.0557271804572214
20191014309,0.7967894200690957,0.16904276198045526,0.07901459481172002
20191014310,0.32182424076395644,0.15905043330790555,0.13689185101192705
20191014314,0.9410490403099698,0.168821375697518,0.14008331884762115
20191014317,0.9490070420556569,0.17684620021605962,0.07677944260703631
20191014318,0.9487361230809561,0.17158718917080212,0.13884936866559058
20191014319,0.8034129383196288,0.17277984653977171,0.14655364752995867
20191014321,0.9932409180923375,0.056994573178766814,0.0557271804572214
20191014322,0.944847060603869,0.16995490056072543,0.1421222391415339
20191014323,0.9500245545312506,0.168821375697518,0.14008331884762115
20191014326,0.9473572052933639,0.17684620021605962,0.07677944260703631
20191014327,0.9249578813750923,0.17968376085966883,0.18178041346973414
20191014331,0.982563087659115,0.2535417691877675,0.22467407257198335
20191014336,0.8774387979049647,0.17277984653977171,0.14655364752995867
20191014337,0.9175747970319379,0.16899294700461887,0.1352181673502997
20191014338,0.7250131294917554,0.28864942616475836,0.21426621767117401
20191014339,0.8265772097013373,0.2756113168767684,0.20604909548316222
20191014340,0.8812681157732939,0.1794228170118846,0.07448991818816005
20191014342,0.9316264659020123,0.18689429138714894,0.14625671149290945
20191014343,0.7679778132975026,0.18323941185488654,0.15993772625548094
20191014347,0.9874290619295633,0.24833645835591872,0.2215655060246517
20191014353,0.9309972977416894,0.17044446118826498,0.1389562159502098
20191014354,0.9469314387519183,0.17648907272726358,0.07652553473915218
20191014355,0.9866331905060652,0.2535417691877675,0.22467407257198335
20191014357,0.9361409382246838,0.15558082675786672,0.13213925678015748
20191014359,0.8705287244554454,0.17756321365393302,0.08093276430536286
20191014360,0.8348664916604087,0.17477552290004492,0.14700233692970097
20191014363,0.933504432176742,0.18689429138714894,0.14625671149290945
20191014364,0.7097772079169047,0.19000355563329802,0.10929655908097707
20191014365,0.981779042971658,0.2535417691877675,0.22467407257198335
20191014369,0.8372710018627288,0.15501193211000946,0.12721020173512063
20191014372,0.9304859148106773,0.18689429138714894,0.14625671149290945
20191014375,0.9889233165009264,0.2535417691877675,0.22467407257198335
20191014376,0.8762105527494832,0.18272125913925408,0.16526515195355723
20191014382,0.9814952608757014,0.24946799821828405,0.22224986329536733
20191014385,0.8905066309962701,0.17477552290004492,0.14700233692970097
20191014387,0.8688268810511298,0.16905333360479977,0.1512771460575254
20191014388,0.9295708665929262,0.17225944137984622,0.08875606081465397
20191014389,0.9688410626021527,0.2559898238953865,0.22447192114368017
20191014392,0.8867063431166752,0.22869620433971544,0.15881032057224945
20191014393,0.7267566949669216,0.1738170762043679,0.09122310479128709
20191014395,0.7790243525688121,0.1804787720716175,0.1544543934765903
20191014396,0.9516627121750897,0.15558082675786672,0.13213925678015748
20191014397,0.9362373677468703,0.16850338637707934,0.13829907208621806
20191014400,0.8871133260534361,0.18793544393231337,0.13926478985284607
20191014404,0.9412234746888289,0.1516382279329232,0.13914341526557064
20191014405,0.67511722247578,0.18534489786084696,0.16173850947949203
20191014407,0.2967674811517595,0.15905043330790555,0.13689185101192705
20191014413,0.7249359498598011,0.1726835513411605,0.08991443448135053
20191014414,0.7943149449388734,0.19000355563329802,0.10929655908097707
20191014415,0.9456176758289103,0.168821375697518,0.14008331884762115
20191014416,0.926247900884294,0.17225944137984622,0.08875606081465397
20191014417,0.7755017686439386,0.19000355563329802,0.10929655908097707
20191014419,0.9302868524366359,0.19462402735901593,0.17721758874706048
20191014420,0.9003595518431338,0.18414060695628864,0.13759012034120036
20191014423,0.6039566452643065,0.283297917657611,0.15528010057331643
20191014425,0.7733221272553865,0.19000355563329802,0.10929655908097707
20191014427,0.7912581087577644,0.17477552290004492,0.14700233692970097
20191014429,0.9841069618692488,0.24833645835591872,0.2215655060246517
20191014430,0.9516083864437153,0.15558082675786672,0.13213925678015748
20191014431,0.8753352663745197,0.18757831644351733,0.13882676318937257
20191014438,0.7414625535703598,0.17095235150378357,0.15109575614625645
20191014441,0.950559900092771,0.15558082675786672,0.13213925678015748
20191014442,0.79453014517523,0.16904276198045526,0.07901459481172002
20191014448,0.8125217247156605,0.17477552290004492,0.14700233692970097
20191014449,0.9822146008848502,0.2535417691877675,0.22467407257198335
20191014451,0.9258974977511362,0.17225944137984622,0.08875606081465397
20191014452,0.7623255027717781,0.2851151499558787,0.20396110915151605
20191014456,0.8819205477746198,0.15501193211000946,0.12721020173512063
20191014458,0.8954576116755091,0.1856239467741505,0.1626746408074885
20191014459,0.8651590805364536,0.1546548046212134,0.12680014262617711
20191014462,0.7653554364068984,0.1669798798631265,0.08756413366909524
