case:concept:name,Next_activity,Next_resource
201810001660,Authorization Requested,BOC
201810002650,Pending Request for Reservation Closure,BOC
201810006512,Evaluating Request (NO registered letter),00722
201810008108,Authorization Requested,00465
201810008268,Pending Request for Reservation Closure,BOC
201810008485,,
201810008899,Pending Request for Reservation Closure,BOC
20181000902,Request completed with account closure,BOC
201810010740,Pending Request for Reservation Closure,BOC
201810010965,Request completed with account closure,BOC
201810011081,Pending Request for Reservation Closure,BOC
201810011583,Pending Request for Reservation Closure,BOC
201810011588,Request completed with account closure,BOC
20181012611,Service closure Request with BO responsibility,BOC
20181013679,Evaluating Request (WITH registered letter),00076
201811000205,Evaluating Request (NO registered letter),00076
201811001580,Pending Request for Reservation Closure,BOC
201811001889,Pending Request for Reservation Closure,BOC
201811002881,Evaluating Request (NO registered letter),00076
201811003327,Service closure Request with BO responsibility,BOC
201811004163,Pending Request for Reservation Closure,BOC
201811004205,Pending Request for Reservation Closure,BOC
201811004338,Evaluating Request (NO registered letter),00076
201811005226,Pending Request for Reservation Closure,BOC
201811005422,Evaluating Request (NO registered letter),00076
201811005747,Request completed with account closure,BOC
201811005954,Evaluating Request (NO registered letter),00076
201811006467,Service closure Request with BO responsibility,BOC
201811006674,Pending Request for Reservation Closure,BOC
201811006982,Service closure Request with BO responsibility,BOC
201811007401,Pending Request for Reservation Closure,BOC
201811008100,Pending Request for Reservation Closure,BOC
201811008330,Evaluating Request (WITH registered letter),00536
201811008338,Pending Request for Reservation Closure,BOC
201811008394,Request completed with account closure,BOC
201811008598,Evaluating Request (NO registered letter),00876
201811008621,Request completed with account closure,BOC
201811008631,Evaluating Request (WITH registered letter),00495
201811008634,Evaluating Request (NO registered letter),00876
201811009132,Evaluating Request (NO registered letter),00465
201811009434,Service closure Request with BO responsibility,BOC
201811009800,Pending Request for Reservation Closure,BOC
201811010119,Request completed with account closure,BOC
201811010142,Service closure Request with BO responsibility,BOC
201811010681,Pending Request for Reservation Closure,BOC
201811010732,Evaluating Request (WITH registered letter),00076
201811011699,Pending Request for Reservation Closure,BOC
201811011715,Pending Request for Reservation Closure,BOC
201811011742,Evaluating Request (NO registered letter),00465
201811011907,Authorization Requested,00076
201811011916,Pending Request for Reservation Closure,BOC
201812000179,Pending Request for Reservation Closure,BOC
201812000181,Pending Request for Reservation Closure,BOC
201812000186,Authorization Requested,BOC
201812000605,Pending Request for Reservation Closure,BOC
201812000606,Pending Request for Reservation Closure,BOC
201812000900,Service closure Request with BO responsibility,00846
201812001964,Request completed with account closure,BOC
201812001995,Request completed with account closure,BOC
201812002344,Service closure Request with BO responsibility,BOC
201812002552,,
201812002630,Pending Request for Reservation Closure,BOC
201812002677,Pending Request for Reservation Closure,BOC
201812002837,Pending Request for Reservation Closure,BOC
201812002893,Authorization Requested,BOC
201812003039,Evaluating Request (NO registered letter),00076
201812003088,Request completed with account closure,BOC
201812003246,Request completed with account closure,BOC
201812003287,Request completed with account closure,BOC
201812004065,Pending Request for Reservation Closure,BOC
201812004155,Request completed with account closure,BOC
201812004198,Pending Request for Reservation Closure,BOC
201812004271,Pending Request for Reservation Closure,BOC
201812004422,,
201812004433,Pending Request for Reservation Closure,BOC
201812004478,Pending Request for Reservation Closure,BOC
201812004552,Pending Request for Reservation Closure,BOC
201812004625,Pending Request for Reservation Closure,BOC
201812004772,Pending Request for Reservation Closure,BOC
201812004817,Service closure Request with BO responsibility,BOC
201812004871,Authorization Requested,00722
201812004921,Pending Liquidation Request,BOC
201812005259,Pending Request for Reservation Closure,BOC
201812005350,Pending Request for Reservation Closure,BOC
201812005402,Authorization Requested,BOC
201812005434,,
201812005461,Authorization Requested,BOC
201812005659,,
201812005779,Service closure Request with BO responsibility,BOC
201812005853,Service closure Request with BO responsibility,BOC
201812005862,,
201812005898,Authorization Requested,00076
201812006094,Request completed with account closure,BOC
201812006124,Authorization Requested,BOC
201812006380,Request completed with account closure,BOC
201812006485,Service closure Request with BO responsibility,BOC
201812006628,Service closure Request with BO responsibility,BOC
201812006707,Pending Request for Reservation Closure,BOC
201812006755,Authorization Requested,00624
201812006820,Service closure Request with BO responsibility,BOC
201812006824,Pending Request for Reservation Closure,BOC
201812006850,Request completed with account closure,BOC
201812006908,Request completed with account closure,BOC
201812007243,Request completed with account closure,BOC
201812007245,Evaluating Request (NO registered letter),00076
201812007280,Pending Request for Reservation Closure,BOC
201812007319,Evaluating Request (NO registered letter),00722
201812007397,Pending Request for Reservation Closure,BOC
201812007439,Pending Request for Reservation Closure,BOC
201812007445,,
201812007596,Request completed with account closure,BOC
201812007654,Pending Request for Reservation Closure,BOC
201812007664,Pending Request for Reservation Closure,BOC
201812007718,Service closure Request with BO responsibility,BOC
201812007723,Service closure Request with BO responsibility,BOC
201812007727,Pending Request for Reservation Closure,BOC
201812007780,Pending Request for Reservation Closure,BOC
201812007788,Pending Liquidation Request,BOC
201812007839,Pending Request for Reservation Closure,BOC
201812007853,Request completed with account closure,BOC
201812008090,,
201812008149,Request completed with account closure,BOC
201812008197,,
201812008346,Request completed with account closure,BOC
201812008603,Request completed with account closure,BOC
201812008642,Authorization Requested,00495
201812008657,Pending Request for Reservation Closure,BOC
201812008694,Service closure Request with BO responsibility,BOC
201812008702,Pending Request for Reservation Closure,BOC
201812008708,Pending Request for Reservation Closure,BOC
201812008800,Service closure Request with BO responsibility,BOC
201812008953,Service closure Request with BO responsibility,BOC
201812009238,Request completed with account closure,BOC
201812009363,Authorization Requested,00722
201812009396,Request completed with account closure,BOC
201812009485,Request completed with account closure,BOC
201812009515,Evaluating Request (NO registered letter),00076
201812009556,,
201812009573,Request completed with account closure,BOC
201812009645,Pending Request for Reservation Closure,BOC
201812009682,Authorization Requested,00722
201812009703,Service closure Request with BO responsibility,00846
201812009725,,
201812009750,Authorization Requested,00624
201812009753,Pending Request for Reservation Closure,BOC
20182005961,Pending Request for Reservation Closure,BOC
20182009106,Request completed with account closure,BOC
20183007131,Pending Request for Reservation Closure,BOC
20184001796,Service closure Request with BO responsibility,BOC
20184005836,Request completed with account closure,BOC
20185003342,Pending Liquidation Request,BOC
20186002647,Request completed with account closure,BOC
20186005840,Evaluating Request (NO registered letter),00076
20186007767,Pending Request for Reservation Closure,BOC
20187001196,Request completed with account closure,BOC
20187001795,Evaluating Request (NO registered letter),00076
20187002397,Service closure Request with BO responsibility,BOC
20187003190,Authorization Requested,00722
20187003641,Evaluating Request (NO registered letter),00876
20187006392,Service closure Request with BO responsibility,00846
20187006846,Authorization Requested,BOC
20187007250,,
20187010782,Pending Request for Reservation Closure,BOC
20188002087,Pending Request for Reservation Closure,BOC
20188002441,Service closure Request with BO responsibility,BOC
20188002645,Pending Request for Reservation Closure,BOC
20188005486,Pending Request for Reservation Closure,BOC
20189001829,Pending Request for Reservation Closure,BOC
20189003084,Authorization Requested,BOC
20189003486,Pending Request for Reservation Closure,BOC
20189004803,Pending Request for Reservation Closure,BOC
20189006540,Service closure Request with BO responsibility,BOC
20189007102,,
20189007821,Authorization Requested,BOC
20189007982,Service closure Request with BO responsibility,00846
20189008206,Service closure Request with BO responsibility,BOC
20189009645,Service closure Request with BO responsibility,BOC
20191000127,Pending Request for Reservation Closure,BOC
20191000242,Evaluating Request (WITH registered letter),00397
20191000255,Pending Request for Reservation Closure,BOC
20191000260,Service closure Request with BO responsibility,BOC
20191000269,Pending Request for Reservation Closure,BOC
20191000366,Pending Request for Reservation Closure,BOC
20191000380,Pending Request for Reservation Closure,BOC
20191000382,Evaluating Request (NO registered letter),00076
20191000433,Pending Liquidation Request,BOC
20191000448,Request completed with account closure,BOC
20191000490,Pending Liquidation Request,BOC
20191000535,,
20191000546,Service closure Request with BO responsibility,BOC
20191000553,Pending Request for Reservation Closure,BOC
20191000568,Pending Request for Reservation Closure,BOC
20191000676,Pending Request for Reservation Closure,BOC
20191000751,Evaluating Request (WITH registered letter),00076
20191000782,Evaluating Request (NO registered letter),00076
20191000845,Evaluating Request (WITH registered letter),00536
20191000920,,
20191000928,Pending Request for Reservation Closure,BOC
20191000957,Pending Request for Reservation Closure,BOC
20191001061,Evaluating Request (NO registered letter),00076
20191001073,Pending Request for Reservation Closure,BOC
20191001081,Request completed with account closure,BOC
20191001178,Service closure Request with BO responsibility,BOC
20191001209,Authorization Requested,00076
20191001270,Request completed with account closure,BOC
20191001457,Service closure Request with BO responsibility,BOC
20191001560,Pending Request for Reservation Closure,BOC
20191001584,Request completed with account closure,BOC
20191001595,Service closure Request with BO responsibility,00846
20191001604,Pending Request for Reservation Closure,BOCSER
20191001610,Request completed with account closure,BOC
20191001611,Pending Request for Reservation Closure,BOC
20191001634,Request completed with account closure,BOC
20191001699,Pending Request for Reservation Closure,BOC
20191001826,Evaluating Request (NO registered letter),00465
20191001846,Pending Request for Reservation Closure,BOC
20191001877,Pending Request for Reservation Closure,BOC
20191001909,,
20191001991,Service closure Request with BO responsibility,00846
20191001992,Pending Request for Reservation Closure,BOC
20191002027,Evaluating Request (NO registered letter),00465
20191002029,Request completed with account closure,BOC
20191002074,Pending Request for Reservation Closure,BOC
20191002078,Pending Request for Reservation Closure,BOC
20191002091,Request completed with account closure,BOC
20191002111,Pending Request for Reservation Closure,BOC
20191002163,Service closure Request with BO responsibility,BOC
20191002210,Request completed with account closure,BOC
20191002211,Pending Request for Reservation Closure,BOC
20191002216,,
20191002277,Pending Request for Reservation Closure,BOC
20191002297,Authorization Requested,BOC
20191002326,Request completed with account closure,BOC
20191002394,Pending Request for Reservation Closure,BOC
20191002430,Request completed with account closure,BOC
20191002483,Service closure Request with BO responsibility,BOC
20191002511,Pending Request for Reservation Closure,BOC
20191002519,Request completed with account closure,BOC
20191002521,Pending Request for Reservation Closure,BOC
20191002534,Pending Request for Reservation Closure,BOC
20191002537,Pending Request for Reservation Closure,BOC
20191002552,Request completed with account closure,BOC
20191002594,Request completed with account closure,BOC
20191002706,Pending Request for Reservation Closure,BOC
20191002742,Pending Request for Reservation Closure,BOC
20191002745,Service closure Request with BO responsibility,BOC
20191002751,Request completed with account closure,BOC
20191002759,Service closure Request with BO responsibility,BOC
20191002825,Request completed with account closure,BOC
20191002864,Request completed with account closure,BOC
20191002920,Pending Request for Reservation Closure,BOC
20191002939,Pending Request for Reservation Closure,BOC
20191002953,,
20191002956,Pending Request for Reservation Closure,BOC
20191002981,Pending Request for Reservation Closure,BOC
20191002998,Request completed with account closure,BOC
20191003000,Pending Request for Reservation Closure,BOC
20191003019,Pending Request for Reservation Closure,BOC
20191003077,,
20191003145,,
20191003155,Request completed with account closure,BOC
20191003263,Pending Request for Reservation Closure,BOC
20191003312,Pending Request for Reservation Closure,BOC
20191003315,Pending Request for Reservation Closure,BOC
20191003440,Pending Request for Reservation Closure,BOC
20191003460,Request completed with account closure,BOC
20191003465,Pending Request for Reservation Closure,BOC
20191003502,Pending Request for Reservation Closure,BOC
20191003540,Pending Request for Reservation Closure,BOC
20191003568,Pending Request for Reservation Closure,BOC
20191003594,,
20191003598,Request completed with account closure,BOC
20191003680,Service closure Request with BO responsibility,BOC
20191003699,Request completed with account closure,BOC
20191003724,,
20191003726,Request completed with account closure,BOC
20191003754,Request completed with account closure,BOC
20191003755,Pending Request for Reservation Closure,BOC
20191003756,Pending Request for Reservation Closure,BOC
20191003759,Pending Request for Reservation Closure,BOC
20191003785,Pending Request for Reservation Closure,BOC
20191003819,Request completed with account closure,BOC
20191003861,,
20191003872,Request completed with account closure,BOC
20191003909,Pending Request for Reservation Closure,BOC
20191003938,Pending Request for Reservation Closure,BOC
20191004011,Evaluating Request (NO registered letter),00076
20191004025,Service closure Request with BO responsibility,BOC
20191004038,Pending Request for Reservation Closure,BOC
20191004043,Pending Request for Reservation Closure,BOC
20191004048,Authorization Requested,00536
20191004077,Request completed with account closure,BOC
20191004109,Service closure Request with BO responsibility,BOC
20191004146,Authorization Requested,00624
20191004208,Authorization Requested,00624
20191004220,Pending Request for Reservation Closure,BOC
20191004224,Evaluating Request (NO registered letter),00076
20191004227,Pending Request for Reservation Closure,BOC
20191004251,Evaluating Request (WITH registered letter),00536
20191004267,Authorization Requested,00624
20191004286,Service closure Request with BO responsibility,BOC
20191004316,Request completed with account closure,BOC
20191004326,Request completed with account closure,BOC
20191004364,Authorization Requested,00722
20191004374,Evaluating Request (WITH registered letter),00397
20191004402,Evaluating Request (WITH registered letter),00076
20191004432,Service closure Request with BO responsibility,BOC
20191004440,Evaluating Request (NO registered letter),00076
20191004444,Pending Liquidation Request,BOC
20191004488,Request completed with account closure,BOC
20191004500,Evaluating Request (NO registered letter),00076
20191004521,Request completed with account closure,BOC
20191004550,Evaluating Request (NO registered letter),00876
20191004556,Service closure Request with BO responsibility,BOC
20191004566,Service closure Request with BO responsibility,BOC
20191004680,Pending Request for Reservation Closure,BOC
20191004710,Service closure Request with BO responsibility,00846
20191004729,Request completed with account closure,BOC
20191004805,Pending Request for Reservation Closure,BOC
20191004812,Request completed with account closure,BOC
20191004843,Service closure Request with BO responsibility,BOC
20191004845,Request completed with account closure,BOC
20191004854,Authorization Requested,00495
20191004869,Pending Request for Reservation Closure,BOC
20191004891,,
20191004898,Request completed with account closure,BOC
20191004909,Service closure Request with BO responsibility,BOC
20191004953,Request completed with account closure,BOC
20191004957,Pending Request for Reservation Closure,BOC
20191004983,Pending Request for Reservation Closure,BOC
20191005057,Pending Liquidation Request,BOC
20191005058,Request completed with account closure,BOC
20191005120,,
20191005134,,
20191005186,Request completed with account closure,BOC
20191005248,Service closure Request with BO responsibility,BOC
20191005294,Authorization Requested,00397
20191005303,Authorization Requested,00536
20191005314,Pending Request for Reservation Closure,BOC
20191005347,Pending Request for Reservation Closure,BOC
20191005360,Evaluating Request (NO registered letter),00465
20191005375,Pending Request for Reservation Closure,BOC
20191005395,Evaluating Request (NO registered letter),00465
20191005409,Pending Request for Reservation Closure,BOC
20191005416,Request completed with account closure,BOC
20191005427,Request completed with account closure,BOC
20191005428,Pending Request for Reservation Closure,BOC
20191005462,,
20191005480,Authorization Requested,00536
20191005537,Authorization Requested,00722
20191005557,Authorization Requested,BOC
20191005567,,
20191005580,Request completed with account closure,BOC
20191005632,Service closure Request with BO responsibility,00846
20191005637,Authorization Requested,00397
20191005681,Request completed with account closure,BOC
20191005684,,
20191005691,Request completed with account closure,BOC
20191005698,Pending Request for Reservation Closure,BOC
20191005733,Pending Request for Reservation Closure,BOC
20191005747,Request completed with account closure,BOC
20191005769,,
20191005791,Request completed with account closure,BOC
20191005816,Request completed with account closure,BOC
20191005838,Authorization Requested,00465
20191005893,Request completed with account closure,BOC
20191005903,Pending Request for Reservation Closure,BOC
20191005916,Request completed with account closure,BOC
20191005922,Pending Request for Reservation Closure,BOC
20191005924,Pending Request for Reservation Closure,BOC
20191005966,Pending Request for Reservation Closure,BOC
20191005984,,
20191006023,,
20191006058,Authorization Requested,BOC
20191006064,Pending Request for Reservation Closure,BOC
20191006077,,
20191006078,Authorization Requested,BOC
20191006098,Pending Request for Reservation Closure,BOC
20191006110,Service closure Request with BO responsibility,BOC
20191006112,,
20191006142,Evaluating Request (WITH registered letter),00536
20191006145,Service closure Request with BO responsibility,BOC
20191006157,Request completed with account closure,BOC
20191006186,Pending Liquidation Request,BOC
20191006188,Pending Request for Reservation Closure,BOC
20191006203,Pending Request for Reservation Closure,BOC
20191006207,Service closure Request with BO responsibility,BOC
20191006210,Pending Request for Reservation Closure,BOC
20191006217,Service closure Request with BO responsibility,BOC
20191006220,Request completed with account closure,BOC
20191006225,Request completed with account closure,BOC
20191006233,Pending Request for Reservation Closure,BOC
20191006273,Authorization Requested,BOC
20191006292,Service closure Request with BO responsibility,BOC
20191006301,Pending Request for Reservation Closure,BOC
20191006309,,
20191006333,Pending Request for Reservation Closure,BOC
20191006358,Evaluating Request (NO registered letter),00722
20191006382,Service closure Request with BO responsibility,BOC
20191006394,Authorization Requested,00536
20191006436,,
20191006444,Request completed with account closure,BOC
20191006449,Request completed with account closure,BOC
20191006478,Request completed with account closure,BOC
20191006502,Authorization Requested,00536
20191006520,Authorization Requested,BOC
20191006539,Service closure Request with BO responsibility,BOC
20191006550,Request completed with account closure,BOC
20191006585,Service closure Request with BO responsibility,BOC
20191006608,Pending Request for Reservation Closure,BOC
20191006612,Request completed with account closure,BOC
20191006655,Pending Request for Reservation Closure,BOC
20191006661,Request completed with account closure,BOC
20191006675,Request completed with account closure,BOC
20191006747,Evaluating Request (WITH registered letter),00744
20191006756,Authorization Requested,BOC
20191006771,Evaluating Request (NO registered letter),00076
20191006784,Service closure Request with BO responsibility,BOC
20191006788,Pending Request for Reservation Closure,BOC
20191006789,Service closure Request with BO responsibility,BOC
20191006799,Request completed with account closure,BOC
20191006840,Request completed with account closure,BOC
20191006870,Pending Request for Reservation Closure,BOC
20191006871,Pending Request for Reservation Closure,BOC
20191006878,Request completed with account closure,BOC
20191006880,Pending Request for Reservation Closure,BOC
20191006886,Request completed with account closure,BOC
20191006920,Authorization Requested,00495
20191006922,Pending Request for Reservation Closure,BOC
20191006987,Pending Request for Reservation Closure,BOC
20191007056,Evaluating Request (WITH registered letter),00536
20191007068,Pending Request for Reservation Closure,BOC
20191007079,Pending Request for Reservation Closure,BOC
20191007144,Request completed with account closure,BOC
20191007149,Service closure Request with BO responsibility,BOC
20191007166,Pending Request for Reservation Closure,BOC
20191007241,Request completed with account closure,BOC
20191007291,Authorization Requested,00495
20191007305,,
20191007344,Service closure Request with BO responsibility,BOC
20191007395,Request completed with account closure,BOC
20191007413,Pending Request for Reservation Closure,BOC
20191007430,Request completed with account closure,BOC
20191007453,,
20191007463,Evaluating Request (NO registered letter),00076
20191007469,Pending Request for Reservation Closure,BOC
20191007472,Pending Request for Reservation Closure,BOC
20191007481,Pending Request for Reservation Closure,BOC
20191007501,Pending Request for Reservation Closure,BOC
20191007510,Pending Request for Reservation Closure,BOC
20191007536,Request completed with account closure,BOC
20191007558,Pending Request for Reservation Closure,BOC
20191007560,Pending Request for Reservation Closure,BOC
20191007564,,
20191007570,Pending Request for Reservation Closure,BOC
20191007587,,
20191007597,Pending Request for Reservation Closure,BOC
20191007623,,
20191007649,Request completed with account closure,BOC
20191007651,Service closure Request with BO responsibility,BOC
20191007656,Request completed with account closure,BOC
20191007666,,
20191007668,Pending Request for Reservation Closure,BOC
20191007670,Request completed with account closure,BOC
20191007674,Service closure Request with BO responsibility,BOC
20191007719,Pending Liquidation Request,BOC
20191007799,Request completed with account closure,BOC
20191007802,Request completed with account closure,BOC
20191007810,Service closure Request with BO responsibility,BOC
20191007847,Request completed with account closure,BOC
20191007859,Pending Request for Reservation Closure,BOC
20191007866,Request completed with account closure,BOC
20191007873,,
20191007889,Request completed with account closure,BOC
20191007894,Evaluating Request (NO registered letter),00076
20191007895,Pending Request for Reservation Closure,BOC
20191007901,Pending Request for Reservation Closure,BOC
20191007903,Pending Request for Reservation Closure,BOC
20191007906,Request completed with account closure,BOC
20191007908,Evaluating Request (NO registered letter),00076
20191007911,,
20191007912,Pending Request for Reservation Closure,BOC
20191007914,Pending Liquidation Request,BOC
20191007948,Request completed with account closure,BOC
20191007954,Request completed with account closure,BOC
20191007964,Pending Request for Reservation Closure,BOC
20191007970,Request completed with account closure,BOC
20191007975,,
20191007978,Request completed with account closure,BOC
20191007979,Pending Liquidation Request,BOC
20191007993,Pending Request for Reservation Closure,BOC
20191008000,Pending Request for Reservation Closure,BOC
20191008019,Authorization Requested,00722
20191008035,Request completed with account closure,BOC
20191008041,Request completed with account closure,BOC
20191008066,Pending Request for Reservation Closure,BOC
20191008071,Service closure Request with BO responsibility,00846
20191008074,Service closure Request with BO responsibility,BOC
20191008076,Service closure Request with BO responsibility,BOC
20191008079,Service closure Request with BO responsibility,00846
20191008080,Pending Request for Reservation Closure,BOC
20191008096,Pending Request for Reservation Closure,BOC
20191008111,,
20191008116,Evaluating Request (NO registered letter),00876
20191008138,Pending Liquidation Request,BOC
20191008155,,
20191008158,Request completed with account closure,BOC
20191008160,Pending Liquidation Request,BOC
20191008169,Pending Request for Reservation Closure,BOC
20191008252,Request completed with account closure,BOC
20191008273,Service closure Request with BO responsibility,BOC
20191008283,Authorization Requested,00722
20191008295,,
20191008319,Request completed with account closure,BOC
20191008323,Service closure Request with BO responsibility,00846
20191008334,Evaluating Request (NO registered letter),00076
20191008335,Request completed with account closure,BOC
20191008349,Service closure Request with BO responsibility,BOC
20191008358,Evaluating Request (NO registered letter),00876
20191008359,Service closure Request with BO responsibility,BOC
20191008362,Pending Request for Reservation Closure,BOC
20191008363,Evaluating Request (NO registered letter),00076
20191008378,Authorization Requested,00076
20191008380,Evaluating Request (NO registered letter),00876
20191008388,Pending Request for Reservation Closure,BOC
20191008393,Pending Request for Reservation Closure,BOC
20191008397,Request completed with account closure,BOC
20191008402,Request completed with account closure,BOC
20191008415,Service closure Request with BO responsibility,BOC
20191008420,Pending Request for Reservation Closure,BOC
20191008442,Request completed with account closure,BOC
20191008443,Pending Request for Reservation Closure,BOC
20191008445,,
20191008446,Pending Request for Reservation Closure,BOC
20191008454,Pending Liquidation Request,BOC
20191008456,,
20191008469,,
20191008473,Authorization Requested,00536
20191008481,Pending Request for Reservation Closure,BOC
20191008500,Service closure Request with BO responsibility,00846
20191008537,Pending Request for Reservation Closure,BOC
20191008538,Request completed with account closure,BOC
20191008554,Request completed with account closure,BOC
20191008564,Authorization Requested,00624
20191008566,Evaluating Request (NO registered letter),00076
20191008580,Request completed with account closure,BOC
20191008612,Pending Request for Reservation Closure,BOC
20191008625,Request completed with account closure,BOC
20191008640,Request completed with account closure,BOC
20191008645,Authorization Requested,BOC
20191008646,Evaluating Request (NO registered letter),00076
20191008650,Request completed with account closure,BOC
20191008651,Request completed with account closure,BOC
20191008668,Evaluating Request (WITH registered letter),00076
20191008691,,
20191008693,Service closure Request with BO responsibility,BOC
20191008696,Request completed with account closure,BOC
20191008720,Pending Request for Reservation Closure,BOC
20191008732,Request completed with account closure,BOC
20191008742,Authorization Requested,BOC
20191008751,,
20191008755,Evaluating Request (NO registered letter),00076
20191008759,Request completed with account closure,BOC
20191008774,Pending Request for Reservation Closure,BOC
20191008797,Request completed with account closure,BOC
20191008805,Request completed with account closure,BOC
20191008808,,
20191008812,Authorization Requested,BOC
20191008816,Pending Request for Reservation Closure,BOC
20191008827,Authorization Requested,00076
20191008833,Evaluating Request (NO registered letter),00465
20191008838,Pending Request for Reservation Closure,BOC
20191008840,Service closure Request with BO responsibility,BOC
20191008841,Request completed with account closure,BOC
20191008844,Request completed with account closure,BOC
20191008846,Pending Request for Reservation Closure,BOC
20191008861,Request completed with account closure,BOC
20191008862,Pending Request for Reservation Closure,BOC
20191008891,Service closure Request with BO responsibility,BOC
20191008913,,
20191008920,Request completed with account closure,BOC
20191008924,,
20191008932,Request completed with account closure,BOC
20191008940,Evaluating Request (NO registered letter),00465
20191008953,Request completed with account closure,BOC
20191008960,Pending Request for Reservation Closure,BOC
20191008965,,
20191008973,Pending Request for Reservation Closure,BOC
20191008981,Evaluating Request (NO registered letter),00076
20191008983,Request completed with account closure,BOC
20191008985,Authorization Requested,00744
20191008986,Request completed with account closure,BOC
20191008989,Evaluating Request (NO registered letter),00076
20191008994,Service closure Request with BO responsibility,BOC
20191008995,Evaluating Request (NO registered letter),00465
20191009000,Request completed with account closure,BOC
20191009007,Evaluating Request (NO registered letter),00722
20191009058,Evaluating Request (NO registered letter),00076
20191009071,Pending Request for Reservation Closure,BOC
20191009078,Pending Request for Reservation Closure,BOC
20191009080,Pending Request for Reservation Closure,BOC
20191009081,Evaluating Request (WITH registered letter),00076
20191009087,Pending Request for Reservation Closure,BOC
20191009089,Request completed with account closure,BOC
20191009097,Request completed with account closure,BOC
20191009105,,
20191009106,Authorization Requested,00722
20191009108,Request completed with account closure,BOC
20191009120,Authorization Requested,00722
20191009129,Request completed with account closure,BOC
20191009132,Request completed with account closure,BOC
20191009139,Request completed with account closure,BOC
20191009140,Service closure Request with BO responsibility,BOC
20191009168,Service closure Request with BO responsibility,BOC
20191009183,Pending Request for Reservation Closure,BOC
20191009199,,
20191009223,Request completed with account closure,BOC
20191009229,Request completed with account closure,BOC
20191009239,Service closure Request with BO responsibility,BOC
20191009243,Request completed with account closure,BOC
20191009269,Service closure Request with BO responsibility,BOC
20191009273,,
20191009274,Request completed with account closure,BOC
20191009284,Service closure Request with BO responsibility,BOC
20191009285,Pending Request for Reservation Closure,BOC
20191009303,Pending Request for Reservation Closure,BOC
20191009316,Pending Request for Reservation Closure,BOC
20191009322,Pending Request for Reservation Closure,BOC
20191009324,Request completed with account closure,BOC
20191009331,Pending Request for Reservation Closure,BOC
20191009351,Request completed with account closure,BOC
20191009378,Pending Request for Reservation Closure,BOC
20191009379,Evaluating Request (NO registered letter),00076
20191009382,Pending Request for Reservation Closure,BOC
20191009383,Request completed with account closure,BOC
20191009391,Request completed with account closure,BOC
20191009401,Request completed with account closure,BOC
20191009423,Pending Request for Reservation Closure,BOC
20191009426,Authorization Requested,00536
20191009436,Authorization Requested,BOC
20191009437,Pending Request for Reservation Closure,BOC
20191009442,Service closure Request with BO responsibility,BOC
20191009443,,
20191009445,Pending Request for Reservation Closure,BOC
20191009460,Request completed with account closure,BOC
20191009465,Pending Liquidation Request,BOC
20191009491,Request completed with account closure,BOC
20191009496,Service closure Request with BO responsibility,BOC
20191009504,Request completed with account closure,BOC
20191009505,Pending Request for Reservation Closure,BOC
20191009511,Request completed with account closure,BOC
20191009519,Service closure Request with BO responsibility,BOC
20191009523,Request completed with account closure,BOC
20191009524,Pending Request for Reservation Closure,BOC
20191009525,Service closure Request with BO responsibility,00846
20191009527,Request completed with account closure,BOC
20191009533,Pending Liquidation Request,BOCSER
20191009535,Service closure Request with BO responsibility,BOC
20191009542,Pending Request for Reservation Closure,BOC
20191009559,Request completed with account closure,BOC
20191009570,Request completed with account closure,BOC
20191009581,Service closure Request with BO responsibility,BOC
20191009585,,
20191009592,Service closure Request with BO responsibility,BOC
20191009599,Service closure Request with BO responsibility,BOC
20191009616,Service closure Request with BO responsibility,BOC
20191009624,Request completed with account closure,BOC
20191009626,Service closure Request with BO responsibility,BOC
20191009630,,
20191009637,Request completed with account closure,BOC
20191009638,Pending Request for Reservation Closure,BOC
20191009648,Request completed with account closure,BOC
20191009677,Pending Request for Reservation Closure,BOC
20191009680,Pending Request for Reservation Closure,BOC
20191009681,Authorization Requested,BOC
20191009686,Service closure Request with BO responsibility,BOC
20191009699,Request completed with account closure,BOC
20191009711,Pending Request for Reservation Closure,BOC
20191009713,Service closure Request with BO responsibility,BOC
20191009721,Service closure Request with BO responsibility,00846
20191009722,Pending Request for Reservation Closure,BOC
20191009727,Pending Request for Reservation Closure,BOC
20191009734,Service closure Request with BO responsibility,BOC
20191009739,Pending Request for Reservation Closure,BOC
20191009759,Pending Request for Reservation Closure,BOC
20191009788,Evaluating Request (WITH registered letter),00495
20191009789,Pending Request for Reservation Closure,BOC
20191009797,Request completed with account closure,BOC
20191009806,Request completed with account closure,BOC
20191009815,Request completed with account closure,BOC
20191009817,Evaluating Request (WITH registered letter),00536
20191009819,Service closure Request with BO responsibility,BOC
20191009822,Request completed with account closure,BOC
20191009825,Request completed with account closure,BOC
20191009830,Service closure Request with BO responsibility,BOC
20191009831,Service closure Request with BO responsibility,BOC
20191009834,Request completed with account closure,BOC
20191009836,Service closure Request with BO responsibility,BOC
20191009841,Pending Request for Reservation Closure,BOC
20191009850,Service closure Request with BO responsibility,BOC
20191009868,Request completed with account closure,BOC
20191009890,Request completed with account closure,BOC
20191009907,Request completed with account closure,BOC
20191009910,Request completed with account closure,BOC
20191009912,Request completed with account closure,BOC
20191009919,Request completed with account closure,SDCRAP
20191009924,Request completed with account closure,BOC
20191009939,Service closure Request with BO responsibility,BOC
20191009945,Evaluating Request (NO registered letter),00722
20191009948,Pending Request for Reservation Closure,BOC
20191009969,Pending Request for Reservation Closure,BOC
20191009973,Service closure Request with BO responsibility,BOC
20191009979,Service closure Request with BO responsibility,BOC
20191009982,Service closure Request with BO responsibility,BOC
20191009984,,
20191009995,Request completed with account closure,BOC
20191009998,Request completed with account closure,BOC
20191010020,Request completed with account closure,BOC
20191010024,Authorization Requested,BOC
20191010030,Authorization Requested,00722
20191010036,,
20191010039,Service closure Request with BO responsibility,BOC
20191010040,Request completed with account closure,BOC
20191010046,Authorization Requested,00076
20191010047,Request completed with account closure,BOC
20191010048,Service closure Request with BO responsibility,BOC
20191010053,Authorization Requested,00076
20191010054,Authorization Requested,00722
20191010056,Pending Request for Reservation Closure,BOC
20191010059,Service closure Request with BO responsibility,BOC
20191010079,Service closure Request with BO responsibility,BOC
20191010088,Service closure Request with BO responsibility,BOC
20191010107,Pending Liquidation Request,BOC
20191010115,Request completed with account closure,BOC
20191010116,Service closure Request with BO responsibility,BOC
20191010118,Request completed with account closure,BOC
20191010121,Pending Request for Reservation Closure,BOC
20191010124,Request completed with account closure,BOC
20191010126,Evaluating Request (NO registered letter),00076
20191010144,Request completed with account closure,BOC
20191010151,Pending Request for Reservation Closure,BOC
20191010155,Service closure Request with BO responsibility,BOC
20191010159,Pending Request for Reservation Closure,BOC
20191010161,Request completed with account closure,BOC
20191010174,Request completed with account closure,BOC
20191010176,Request completed with account closure,BOC
20191010179,Service closure Request with BO responsibility,BOC
20191010181,Request completed with account closure,BOC
20191010185,Pending Request for Reservation Closure,BOC
20191010194,Request completed with account closure,BOC
20191010195,Request completed with account closure,BOC
20191010197,Request completed with account closure,BOC
20191010198,Request completed with account closure,BOC
20191010200,Request completed with account closure,BOC
20191010206,Service closure Request with BO responsibility,BOC
20191010208,Service closure Request with BO responsibility,BOC
20191010213,Evaluating Request (NO registered letter),00744
20191010218,Service closure Request with BO responsibility,BOC
20191010222,Request completed with account closure,BOC
20191010233,Request completed with account closure,BOC
20191010234,Request completed with account closure,BOC
20191010237,,
20191010238,Request completed with account closure,BOC
20191010241,Authorization Requested,BOC
20191010249,Request completed with account closure,BOC
20191010250,Pending Request for Reservation Closure,BOC
20191010254,Request completed with account closure,BOC
20191010256,Request completed with account closure,BOC
20191010263,Request completed with account closure,BOC
20191010271,Authorization Requested,00722
20191010273,Evaluating Request (NO registered letter),00076
20191010274,Pending Liquidation Request,BOC
20191010275,Request completed with account closure,BOC
20191010278,Service closure Request with BO responsibility,BOC
20191010279,Service closure Request with BO responsibility,BOC
20191010281,Pending Request for Reservation Closure,BOC
20191010282,Request completed with account closure,BOC
20191010286,Evaluating Request (NO registered letter),00076
20191010289,Pending Request for Reservation Closure,BOC
20191010291,Request completed with account closure,BOC
20191010292,Service closure Request with BO responsibility,BOC
20191010294,Request completed with account closure,BOC
20191010296,Service closure Request with BO responsibility,BOC
20191010299,Pending Request for Reservation Closure,BOC
20191010301,Request completed with account closure,BOC
20191010303,Request completed with account closure,BOC
20191010305,Request completed with account closure,BOC
20191010313,Request completed with account closure,BOC
20191010315,Request completed with account closure,BOC
20191010319,Request completed with account closure,BOC
20191010322,Pending Request for Reservation Closure,BOC
20191010327,Request completed with account closure,BOC
20191010328,Pending Request for Reservation Closure,BOC
20191010329,Pending Request for Reservation Closure,BOC
20191010335,Service closure Request with BO responsibility,BOC
20191010336,Request completed with account closure,BOC
20191010338,Request completed with account closure,BOC
20191010341,Request completed with account closure,BOC
20191010342,Request completed with account closure,BOC
20191010347,,
20191010348,Request completed with account closure,BOC
20191010350,Evaluating Request (NO registered letter),00076
20191010357,Request completed with account closure,BOC
20191010358,Request completed with account closure,BOC
20191010364,Request completed with account closure,BOC
20191010367,Service closure Request with BO responsibility,BOC
20191010371,,
20191010373,Request completed with account closure,BOC
20191010378,Request completed with account closure,BOC
20191010379,Request completed with account closure,BOC
20191010392,Request completed with account closure,BOC
20191010394,Pending Request for Reservation Closure,BOC
20191010404,Request completed with account closure,BOC
20191010408,Pending Request for Reservation Closure,BOC
20191010411,Authorization Requested,00536
20191010414,Service closure Request with BO responsibility,BOC
20191010418,Pending Request for Reservation Closure,BOC
20191010421,Authorization Requested,BOC
20191010423,Request completed with account closure,BOC
20191010430,Authorization Requested,00722
20191010433,Pending Request for Reservation Closure,BOC
20191010437,Request completed with account closure,BOC
20191010445,Request completed with account closure,BOC
20191010448,Service closure Request with BO responsibility,BOC
20191010449,Pending Liquidation Request,BOC
20191010458,Request completed with account closure,BOC
20191010475,Request completed with account closure,BOC
20191010483,Pending Request for Reservation Closure,BOC
20191010484,Service closure Request with BO responsibility,BOC
20191010485,Request completed with account closure,BOC
20191010486,Request completed with account closure,BOC
20191010487,Pending Liquidation Request,BOC
20191010492,Request completed with account closure,BOC
20191010494,Pending Liquidation Request,BOC
20191010495,Pending Liquidation Request,BOC
20191010497,Pending Request for Reservation Closure,BOC
20191010506,Pending Request for Reservation Closure,BOC
20191010510,Service closure Request with BO responsibility,BOC
20191010512,Request completed with account closure,BOC
20191010513,Request completed with account closure,BOC
20191010514,Authorization Requested,00495
20191010515,Request completed with account closure,BOC
20191010516,Service closure Request with BO responsibility,BOC
20191010524,Request completed with account closure,BOC
20191010525,Request completed with account closure,BOC
20191010529,Pending Request for Reservation Closure,BOC
20191010530,Request completed with account closure,BOC
20191010532,Authorization Requested,00397
20191010536,Request completed with account closure,BOC
20191010541,Request completed with account closure,BOC
20191010543,Pending Request for Reservation Closure,BOC
20191010546,Request completed with account closure,BOC
20191010547,Request completed with account closure,BOC
20191010554,Request completed with account closure,BOC
20191010555,Authorization Requested,00536
20191010559,Request completed with account closure,BOC
20191010560,Request completed with account closure,BOC
20191010563,Pending Request for Reservation Closure,BOC
20191010564,Authorization Requested,00397
20191010565,Authorization Requested,00536
20191010566,Request completed with account closure,BOC
20191010567,Pending Request for Reservation Closure,BOC
20191010577,Request completed with account closure,BOC
20191010578,Request completed with account closure,BOC
20191010579,Request completed with account closure,BOC
20191010580,Pending Request for Reservation Closure,BOC
20191010582,Pending Request for Reservation Closure,BOC
20191010585,Pending Request for Reservation Closure,BOC
20191010590,Request completed with account closure,BOC
20191010593,Pending Request for Reservation Closure,BOC
20191010600,Evaluating Request (NO registered letter),00722
20191010601,Request completed with account closure,BOC
20191010603,Service closure Request with BO responsibility,BOC
20191010606,Pending Request for Reservation Closure,BOC
20191010609,Service closure Request with BO responsibility,BOC
20191010610,Pending Request for Reservation Closure,BOC
20191010611,Pending Request for Reservation Closure,BOC
20191010613,Pending Request for Reservation Closure,BOC
20191010615,Request completed with account closure,BOC
20191010617,Request completed with account closure,BOC
20191010618,Request completed with account closure,BOC
20191010619,Service closure Request with BO responsibility,00846
20191010620,Authorization Requested,00722
20191010625,Request completed with account closure,BOC
20191010628,Pending Request for Reservation Closure,BOC
20191010631,Service closure Request with BO responsibility,BOC
20191010633,Request completed with account closure,BOC
20191010639,Request completed with account closure,BOC
20191010640,Pending Request for Reservation Closure,BOC
20191010647,Pending Request for Reservation Closure,BOC
20191010650,Request completed with account closure,BOC
20191010652,Pending Liquidation Request,BOC
20191010654,Request completed with account closure,BOC
20191010658,Request completed with account closure,BOC
20191010699,Pending Liquidation Request,BOCSER
20191010712,Pending Liquidation Request,BOCSER
20191010722,Request completed with account closure,BOC
20191010724,Pending Request for Reservation Closure,BOC
20191010725,Service closure Request with BO responsibility,BOC
20191010727,Request completed with account closure,BOC
20191010733,Pending Request for Reservation Closure,BOC
20191010745,Pending Request for Reservation Closure,BOC
20191010748,Pending Liquidation Request,BOC
20191010749,Pending Request for Reservation Closure,BOC
20191010755,Pending Request for Reservation Closure,BOC
20191010758,Request completed with account closure,BOC
20191010764,Evaluating Request (NO registered letter),00076
20191010766,Request completed with account closure,BOC
20191010767,Request completed with account closure,BOC
20191010782,Authorization Requested,00722
20191010787,Request completed with account closure,BOC
20191010788,Request completed with account closure,BOC
20191010793,Request completed with account closure,BOC
20191010794,Request completed with account closure,BOC
20191010795,Pending Request for Reservation Closure,BOC
20191010800,Request completed with account closure,BOC
20191010801,Pending Request for Reservation Closure,BOC
20191010805,Request completed with account closure,BOC
20191010807,,
20191010808,Pending Request for Reservation Closure,BOC
20191010812,Pending Liquidation Request,BOC
20191010817,Request completed with account closure,BOC
20191010818,Pending Request for Reservation Closure,BOC
20191010820,Service closure Request with BO responsibility,00846
20191010821,Pending Request for Reservation Closure,BOC
20191010830,Request completed with account closure,BOC
20191010832,Pending Liquidation Request,BOC
20191010834,Request completed with account closure,BOC
20191010840,Pending Liquidation Request,BOC
20191010841,Evaluating Request (NO registered letter),00076
20191010843,Pending Request for Reservation Closure,BOC
20191010846,Pending Request for Reservation Closure,BOC
20191010850,Request completed with account closure,BOC
20191010854,Request completed with account closure,BOC
20191010855,Request completed with account closure,BOC
20191010862,Pending Request for Reservation Closure,BOC
20191010863,Request completed with account closure,BOC
20191010864,Request completed with account closure,BOC
20191010875,Pending Request for Reservation Closure,BOC
20191010878,Evaluating Request (NO registered letter),00076
20191010879,Pending Request for Reservation Closure,BOC
20191010881,Pending Request for Reservation Closure,BOC
20191010888,Pending Request for Reservation Closure,BOC
20191010894,Request completed with account closure,BOC
20191010896,Pending Request for Reservation Closure,BOC
20191010897,Request completed with account closure,BOC
20191010902,Pending Request for Reservation Closure,BOC
20191010904,Pending Request for Reservation Closure,BOC
20191010906,Request completed with account closure,BOC
20191010908,Request completed with account closure,BOC
20191010909,Request completed with account closure,BOC
20191010911,Evaluating Request (WITH registered letter),00536
20191010912,Request completed with account closure,BOC
20191010920,Service closure Request with BO responsibility,00846
20191010922,Request completed with account closure,BOC
20191010927,Pending Liquidation Request,BOC
20191010931,Request completed with account closure,BOC
20191010932,Pending Request for Reservation Closure,BOC
20191010934,Request completed with account closure,BOC
20191010935,Pending Liquidation Request,BOC
20191010936,Evaluating Request (NO registered letter),00076
20191010937,Pending Request for Reservation Closure,BOC
20191010944,Request completed with account closure,BOC
20191010948,Request completed with account closure,BOC
20191010950,Pending Request for Reservation Closure,BOC
20191010952,Request completed with account closure,BOC
20191010957,Request completed with account closure,BOC
20191010958,Request completed with account closure,BOC
20191010962,Request completed with account closure,BOC
20191010972,Request completed with account closure,BOC
20191010976,Pending Request for Reservation Closure,BOC
20191010978,Request completed with account closure,BOC
20191010981,Request completed with account closure,BOC
20191010988,Evaluating Request (WITH registered letter),00495
20191010991,Service closure Request with BO responsibility,BOC
20191010994,Pending Request for Reservation Closure,BOC
20191011000,Request completed with account closure,BOC
20191011002,Request completed with account closure,BOC
20191011006,Evaluating Request (NO registered letter),00076
20191011011,Request completed with account closure,BOC
20191011012,Service closure Request with BO responsibility,BOC
20191011016,Pending Liquidation Request,BOC
20191011018,Pending Request for Reservation Closure,BOC
20191011019,Service closure Request with BO responsibility,BOC
20191011020,Request completed with account closure,BOC
20191011026,Pending Request for Reservation Closure,BOC
20191011033,Pending Request for Reservation Closure,BOC
20191011034,Request completed with account closure,BOC
20191011036,Request completed with account closure,BOC
20191011038,Pending Request for Reservation Closure,BOC
20191011044,Pending Request for Reservation Closure,BOC
20191011048,Request completed with account closure,BOC
20191011051,Pending Request for Reservation Closure,BOC
20191011054,Service closure Request with BO responsibility,BOC
20191011056,Pending Liquidation Request,BOC
20191011057,Authorization Requested,00624
20191011062,Pending Request for Reservation Closure,BOC
20191011067,Service closure Request with BO responsibility,00846
20191011069,Service closure Request with BO responsibility,BOC
20191011070,Pending Request for Reservation Closure,BOC
20191011071,Authorization Requested,00536
20191011081,Request completed with account closure,BOC
20191011083,Request completed with account closure,BOC
20191011086,Request completed with account closure,BOC
20191011088,Request completed with account closure,BOC
20191011091,Request completed with account closure,BOC
20191011092,Request completed with account closure,BOC
20191011095,Request completed with account closure,BOC
20191011097,Request completed with account closure,BOC
20191011098,Service closure Request with BO responsibility,BOC
20191011103,Request completed with account closure,BOC
20191011109,Request completed with account closure,BOC
20191011112,Pending Liquidation Request,BOC
20191011113,Pending Request for Reservation Closure,BOC
20191011118,Request completed with account closure,BOC
20191011120,Request completed with account closure,BOC
20191011121,Request completed with account closure,BOC
20191011125,Pending Liquidation Request,BOC
20191011126,Pending Request for Reservation Closure,BOC
20191011127,Pending Request for Reservation Closure,BOC
20191011128,Pending Request for Reservation Closure,BOC
20191011131,Request completed with account closure,BOC
20191011143,Evaluating Request (WITH registered letter),00744
20191011155,Pending Request for Reservation Closure,BOC
20191011157,Evaluating Request (NO registered letter),00076
20191011158,Pending Request for Reservation Closure,BOC
20191011161,Pending Request for Reservation Closure,BOC
20191011162,Request completed with account closure,BOC
20191011163,Request completed with account closure,BOC
20191011164,Pending Liquidation Request,BOC
20191011166,Request completed with account closure,BOC
20191011171,Request completed with account closure,BOC
20191011173,Pending Request for Reservation Closure,BOC
20191011176,Pending Request for Reservation Closure,BOC
20191011177,Service closure Request with BO responsibility,BOC
20191011178,Service closure Request with BO responsibility,BOC
20191011185,Request completed with account closure,BOC
20191011187,Request completed with account closure,BOC
20191011190,Request completed with account closure,BOC
20191011196,Pending Request for Reservation Closure,BOC
20191011198,Request completed with account closure,BOC
20191011204,Pending Liquidation Request,BOC
20191011207,Pending Request for Reservation Closure,BOC
20191011208,Request completed with account closure,BOC
20191011209,Pending Request for Reservation Closure,BOC
20191011211,Pending Request for Reservation Closure,BOC
20191011216,Request completed with account closure,BOC
20191011217,Request completed with account closure,BOC
20191011221,Evaluating Request (NO registered letter),00076
20191011222,Request completed with account closure,BOC
20191011225,Pending Request for Reservation Closure,BOC
20191011227,Request completed with account closure,BOC
20191011230,Request completed with account closure,BOC
20191011232,Evaluating Request (WITH registered letter),00397
20191011234,Request completed with account closure,BOC
20191011236,Request completed with account closure,BOC
20191011247,Pending Liquidation Request,BOC
20191011253,Request completed with account closure,BOC
20191011255,Request completed with account closure,BOC
20191011258,Pending Request for Reservation Closure,BOC
20191011260,Pending Liquidation Request,BOC
20191011263,Request completed with account closure,BOC
20191011264,Pending Request for Reservation Closure,BOC
20191011267,Pending Request for Reservation Closure,BOC
20191011270,Request completed with account closure,BOC
20191011272,Pending Request for Reservation Closure,BOC
20191011273,Pending Request for Reservation Closure,BOC
20191011276,Request completed with account closure,BOC
20191011277,Service closure Request with BO responsibility,BOC
20191011291,Evaluating Request (NO registered letter),00722
20191011292,Pending Request for Reservation Closure,BOC
20191011296,Request completed with account closure,BOC
20191011305,Pending Liquidation Request,BOC
20191011306,Pending Request for Reservation Closure,BOC
20191011315,Pending Request for Reservation Closure,BOC
20191011316,Request completed with account closure,BOC
20191011319,Authorization Requested,00722
20191011321,Authorization Requested,00536
20191011322,Service closure Request with BO responsibility,BOC
20191011325,Pending Request for Reservation Closure,BOC
20191011329,Request completed with account closure,BOC
20191011333,Request completed with account closure,BOC
20191011339,Request completed with account closure,BOC
20191011353,Pending Liquidation Request,BOCSER
20191011354,Pending Liquidation Request,BOCSER
20191011355,Pending Request for Reservation Closure,BOC
20191011356,Pending Liquidation Request,BOCSER
20191011357,Pending Liquidation Request,BOCSER
20191011358,Pending Liquidation Request,BOCSER
20191011359,Pending Liquidation Request,BOCSER
20191011360,Pending Liquidation Request,BOCSER
20191011361,Pending Liquidation Request,BOCSER
20191011362,Pending Liquidation Request,BOCSER
20191011363,Pending Liquidation Request,BOCSER
20191011364,Pending Liquidation Request,BOCSER
20191011365,Pending Liquidation Request,BOCSER
20191011366,Pending Liquidation Request,BOCSER
20191011367,Pending Liquidation Request,BOCSER
20191011368,Pending Liquidation Request,BOCSER
20191011369,Pending Liquidation Request,BOCSER
20191011370,Pending Request for Reservation Closure,BOC
20191011371,Pending Liquidation Request,BOCSER
20191011372,Pending Request for Reservation Closure,BOC
20191011373,Pending Liquidation Request,BOCSER
20191011374,Pending Liquidation Request,BOCSER
20191011375,Pending Liquidation Request,BOCSER
20191011376,Pending Liquidation Request,BOCSER
20191011377,Pending Liquidation Request,BOCSER
20191011378,Pending Liquidation Request,BOCSER
20191011379,Pending Liquidation Request,BOCSER
20191011380,Pending Liquidation Request,BOCSER
20191011381,Pending Liquidation Request,BOCSER
20191011382,Pending Liquidation Request,BOCSER
20191011383,Pending Liquidation Request,BOCSER
20191011384,Pending Liquidation Request,BOCSER
20191011385,Pending Liquidation Request,BOCSER
20191011386,Pending Liquidation Request,BOCSER
20191011387,Pending Liquidation Request,BOCSER
20191011388,Pending Liquidation Request,BOCSER
20191011389,Pending Liquidation Request,BOCSER
20191011390,Pending Liquidation Request,BOCSER
20191011391,Pending Liquidation Request,BOCSER
20191011392,Pending Liquidation Request,BOCSER
20191011393,Pending Liquidation Request,BOCSER
20191011399,Authorization Requested,00536
20191011404,Authorization Requested,00722
20191011405,Request completed with account closure,BOC
20191011406,Pending Request for Reservation Closure,BOC
20191011408,Service closure Request with BO responsibility,BOC
20191011411,Request completed with account closure,BOC
20191011412,Authorization Requested,00076
20191011413,Authorization Requested,00722
20191011414,Pending Request for Reservation Closure,BOC
20191011416,Request completed with account closure,BOC
20191011417,,
20191011419,Authorization Requested,00722
20191011421,Request completed with account closure,BOC
20191011424,Authorization Requested,00722
20191011426,Request completed with account closure,BOC
20191011429,Authorization Requested,00722
20191011432,Request completed with account closure,BOC
20191011433,Request completed with account closure,BOC
20191011434,Service closure Request with BO responsibility,BOC
20191011438,Authorization Requested,00722
20191011442,Request completed with account closure,BOC
20191011443,Request completed with account closure,BOC
20191011449,Pending Liquidation Request,BOC
20191011450,Service closure Request with BO responsibility,BOC
20191011452,Authorization Requested,00722
20191011457,Authorization Requested,00076
20191011459,Request completed with account closure,BOC
20191011463,Request completed with account closure,BOC
20191011466,Pending Liquidation Request,BOCSER
20191011468,Request completed with account closure,BOC
20191011470,Service closure Request with BO responsibility,BOC
20191011477,Request completed with account closure,BOC
20191011479,Request completed with account closure,BOC
20191011480,Request completed with account closure,BOC
20191011481,Request completed with account closure,BOC
20191011489,Pending Liquidation Request,BOCSER
20191011492,Service closure Request with BO responsibility,BOC
20191011493,Service closure Request with BO responsibility,BOC
20191011494,Pending Request for Reservation Closure,BOC
20191011495,Request completed with account closure,BOC
20191011496,Pending Request for Reservation Closure,BOC
20191011498,Service closure Request with BO responsibility,BOC
20191011499,Request completed with account closure,BOC
20191011500,Request completed with account closure,BOC
20191011501,Request completed with account closure,BOC
20191011502,Request completed with account closure,BOC
20191011503,Request completed with account closure,BOC
20191011504,Pending Request for Reservation Closure,BOC
20191011509,Request completed with account closure,BOC
20191011512,Service closure Request with BO responsibility,BOC
20191011514,Service closure Request with BO responsibility,BOC
20191011522,Pending Request for Reservation Closure,BOC
20191011527,Request completed with account closure,BOC
20191011530,Request completed with account closure,BOC
20191011535,Request completed with account closure,BOC
20191011536,Request completed with account closure,BOC
20191011537,Request completed with account closure,BOC
20191011539,Service closure Request with BO responsibility,00846
20191011544,Request completed with account closure,BOC
20191011549,Service closure Request with BO responsibility,BOC
20191011550,Request completed with account closure,BOC
20191011553,Service closure Request with BO responsibility,BOC
20191011556,Service closure Request with BO responsibility,BOC
20191011558,Request completed with account closure,BOC
20191011559,Request completed with account closure,BOC
20191011560,Service closure Request with BO responsibility,BOC
20191011564,Request completed with account closure,BOC
20191011565,Service closure Request with BO responsibility,BOC
20191011566,Service closure Request with BO responsibility,BOC
20191011568,Request completed with account closure,BOC
20191011570,Authorization Requested,BOC
20191011571,Request completed with account closure,BOC
20191011582,Request completed with account closure,BOC
20191011592,Evaluating Request (WITH registered letter),00536
20191011593,,
20191011595,Pending Request for Reservation Closure,BOC
20191011597,Request completed with account closure,BOC
20191011600,Evaluating Request (NO registered letter),00876
20191011601,Pending Request for Reservation Closure,BOC
20191011602,Request completed with account closure,BOC
20191011604,Service closure Request with BO responsibility,BOC
20191011605,Request completed with account closure,BOC
20191011607,Authorization Requested,BOC
20191011610,Request completed with account closure,BOC
20191011613,Request completed with account closure,BOC
20191011616,Service closure Request with BO responsibility,BOC
20191011617,Pending Request for Reservation Closure,BOC
20191011622,Service closure Request with BO responsibility,BOC
20191011623,,
20191011624,Service closure Request with BO responsibility,BOC
20191011627,Request completed with account closure,BOC
20191011629,Request completed with account closure,BOC
20191011630,Request completed with account closure,BOC
20191011635,Request completed with account closure,BOC
20191011636,Pending Liquidation Request,BOC
20191011638,Service closure Request with BO responsibility,BOC
20191011640,Pending Request for Reservation Closure,BOC
20191011644,Request completed with account closure,BOC
20191011645,Evaluating Request (NO registered letter),00876
20191011651,Request completed with account closure,BOC
20191011652,,
20191011653,Evaluating Request (NO registered letter),00876
20191011655,Pending Liquidation Request,BOC
20191011656,Pending Request for Reservation Closure,BOC
20191011660,Request completed with account closure,BOC
20191011661,Request completed with account closure,BOC
20191011665,Service closure Request with BO responsibility,00846
20191011673,Request completed with account closure,BOC
20191011674,Request completed with account closure,BOC
20191011675,Request completed with account closure,BOC
20191011677,Authorization Requested,00076
20191011678,Request completed with account closure,BOC
20191011680,Evaluating Request (NO registered letter),00076
20191011684,Authorization Requested,00624
20191011688,Authorization Requested,00536
20191011691,Request completed with account closure,BOC
20191011692,Request completed with account closure,BOC
20191011695,Pending Request for Reservation Closure,BOC
20191011696,Request completed with account closure,BOC
20191011702,Pending Request for Reservation Closure,BOC
20191011704,Request completed with account closure,BOC
20191011710,Request completed with account closure,BOC
20191011711,Pending Request for Reservation Closure,BOC
20191011713,Pending Liquidation Request,BOC
20191011714,Request completed with account closure,BOC
20191011715,Service closure Request with BO responsibility,BOC
20191011717,Request completed with account closure,BOC
20191011718,Service closure Request with BO responsibility,00846
20191011719,Request completed with account closure,BOC
20191011721,Request completed with account closure,BOC
20191011725,Service closure Request with BO responsibility,BOC
20191011728,Request completed with account closure,BOC
20191011732,Request completed with account closure,BOC
20191011733,Pending Liquidation Request,BOC
20191011735,Evaluating Request (NO registered letter),00076
20191011738,Request completed with account closure,BOC
20191011739,Service closure Request with BO responsibility,00846
20191011740,Request completed with account closure,BOC
20191011741,Evaluating Request (NO registered letter),00076
20191011743,Pending Request for Reservation Closure,BOC
20191011744,Request completed with account closure,BOC
20191011745,Authorization Requested,BOC
20191011746,Request completed with account closure,BOC
20191011749,Pending Request for Reservation Closure,BOC
20191011758,Request completed with account closure,BOC
20191011760,Request completed with account closure,BOC
20191011762,Request completed with account closure,BOC
20191011765,Request completed with account closure,BOC
20191011766,Request completed with account closure,BOC
20191011769,Request completed with account closure,BOC
20191011770,Request completed with account closure,BOC
20191011774,Pending Liquidation Request,BOC
20191011775,Service closure Request with BO responsibility,BOC
20191011778,Evaluating Request (NO registered letter),00076
20191011779,Service closure Request with BO responsibility,BOC
20191011783,Request completed with account closure,BOC
20191011785,Request completed with account closure,BOC
20191011786,Request completed with account closure,BOC
20191011788,Request completed with account closure,BOC
20191011789,Service closure Request with BO responsibility,BOC
20191011790,Authorization Requested,00722
20191011791,Request completed with account closure,BOC
20191011797,Pending Liquidation Request,BOC
20191011798,Service closure Request with BO responsibility,BOC
20191011800,Service closure Request with BO responsibility,BOC
20191011802,Authorization Requested,00076
20191011804,Request completed with account closure,BOC
20191011806,Request completed with account closure,BOC
20191011809,Pending Request for Reservation Closure,BOC
20191011828,Authorization Requested,00722
20191011830,Pending Request for Reservation Closure,BOC
20191011835,,
20191011837,Request completed with account closure,BOC
20191011838,Service closure Request with BO responsibility,BOC
20191011839,Request completed with account closure,BOC
20191011840,Pending Request for Reservation Closure,BOC
20191011843,Evaluating Request (NO registered letter),00876
20191011844,Request completed with account closure,BOC
20191011845,Pending Liquidation Request,BOC
20191011846,Pending Request for Reservation Closure,BOC
20191011847,Request completed with account closure,BOC
20191011851,Pending Request for Reservation Closure,BOC
20191011853,Request completed with account closure,BOC
20191011855,Evaluating Request (NO registered letter),00876
20191011856,Authorization Requested,00536
20191011858,Service closure Request with BO responsibility,BOC
20191011861,Request completed with account closure,BOC
20191011862,Pending Request for Reservation Closure,BOC
20191011863,Pending Request for Reservation Closure,BOC
20191011864,Authorization Requested,00722
20191011866,Pending Request for Reservation Closure,BOC
20191011867,Request completed with account closure,BOC
20191011868,Pending Request for Reservation Closure,BOC
20191011869,Authorization Requested,00076
20191011870,Authorization Requested,00076
20191011872,Request completed with account closure,BOC
20191011873,Pending Request for Reservation Closure,BOC
20191011875,Pending Liquidation Request,BOCSER
20191011878,Pending Request for Reservation Closure,BOC
20191011881,Pending Request for Reservation Closure,BOC
20191011883,Request completed with account closure,BOC
20191011885,Pending Request for Reservation Closure,BOC
20191011888,Request completed with account closure,BOC
20191011889,,
20191011890,Authorization Requested,00076
20191011892,,
20191011896,Request completed with account closure,BOC
20191011898,Pending Liquidation Request,BOCSER
20191011901,,
20191011902,Request completed with account closure,BOC
20191011906,Pending Liquidation Request,BOC
20191011909,Service closure Request with BO responsibility,BOC
20191011910,Request completed with account closure,BOC
20191011912,Request completed with account closure,BOC
20191011917,Request completed with account closure,BOC
20191011918,Evaluating Request (NO registered letter),00876
20191011922,,
20191011925,Request completed with account closure,BOC
20191011926,Pending Request for Reservation Closure,BOC
20191011929,Pending Liquidation Request,BOC
20191011930,Request completed with account closure,BOC
20191011931,Pending Request for Reservation Closure,BOC
20191011932,Request completed with account closure,BOC
20191011939,Service closure Request with BO responsibility,BOC
20191011941,Request completed with account closure,BOC
20191011943,Evaluating Request (NO registered letter),00876
20191011944,Pending Request for Reservation Closure,BOC
20191011946,Request completed with account closure,BOC
20191011947,Request completed with account closure,BOC
20191011948,Authorization Requested,00722
20191011951,Pending Request for Reservation Closure,BOC
20191011952,Request completed with account closure,BOC
20191011958,Request completed with account closure,BOC
20191011962,Request completed with account closure,BOC
20191011963,Service closure Request with BO responsibility,BOC
20191011964,Evaluating Request (NO registered letter),00876
20191011967,Request completed with account closure,BOC
20191011968,Pending Request for Reservation Closure,BOC
20191011974,Request completed with account closure,BOC
20191011976,Authorization Requested,00076
20191011977,Service closure Request with BO responsibility,BOC
20191011980,Request completed with account closure,BOC
20191011981,Request completed with account closure,BOC
20191011982,,
20191011983,Service closure Request with BO responsibility,BOC
20191011984,Authorization Requested,00624
20191011985,Request completed with account closure,BOC
20191011987,Authorization Requested,00536
20191011989,Service closure Request with BO responsibility,BOC
20191011993,Pending Liquidation Request,BOCSER
20191011995,Pending Liquidation Request,BOCSER
20191011996,Pending Liquidation Request,BOCSER
20191011997,Pending Liquidation Request,BOCSER
20191011998,Pending Liquidation Request,BOCSER
20191011999,Pending Liquidation Request,BOCSER
20191012000,Pending Liquidation Request,BOCSER
20191012001,Pending Liquidation Request,BOCSER
20191012002,Pending Liquidation Request,BOCSER
20191012003,Request completed with account closure,BOC
20191012006,Evaluating Request (NO registered letter),00465
20191012011,Request completed with account closure,BOC
20191012013,Service closure Request with BO responsibility,BOC
20191012015,Request completed with account closure,BOC
20191012017,Authorization Requested,00076
20191012018,Service closure Request with BO responsibility,BOC
20191012019,Request completed with account closure,BOC
20191012025,Service closure Request with BO responsibility,BOC
20191012027,Pending Request for Reservation Closure,BOC
20191012030,,
20191012033,Pending Request for Reservation Closure,BOC
20191012037,Evaluating Request (WITH registered letter),00846
20191012040,Evaluating Request (WITH registered letter),00397
20191012043,Request completed with account closure,BOC
20191012049,Service closure Request with BO responsibility,BOC
20191012055,Authorization Requested,00397
20191012056,Pending Request for Reservation Closure,BOC
20191012057,Request completed with account closure,BOC
20191012063,Pending Request for Reservation Closure,BOC
20191012066,Evaluating Request (NO registered letter),00465
20191012067,Request completed with account closure,BOC
20191012071,Service closure Request with BO responsibility,BOC
20191012072,Service closure Request with BO responsibility,BOC
20191012073,Authorization Requested,00397
20191012077,Service closure Request with BO responsibility,BOC
20191012084,Pending Request for Reservation Closure,BOC
20191012089,Pending Liquidation Request,BOC
20191012092,Request completed with account closure,BOC
20191012093,Service closure Request with BO responsibility,BOC
20191012095,Service closure Request with BO responsibility,BOC
20191012096,Service closure Request with BO responsibility,BOC
20191012099,Request completed with account closure,BOC
20191012100,Service closure Request with BO responsibility,BOC
20191012103,Request completed with account closure,BOC
20191012105,Pending Liquidation Request,BOCSER
20191012107,Service closure Request with BO responsibility,BOC
20191012108,Request completed with account closure,BOC
20191012111,Request completed with account closure,BOC
20191012113,Service closure Request with BO responsibility,BOC
20191012116,Service closure Request with BO responsibility,BOC
20191012117,Service closure Request with BO responsibility,BOC
20191012119,Service closure Request with BO responsibility,BOC
20191012121,,
20191012122,Request completed with account closure,BOC
20191012125,Authorization Requested,00536
20191012126,Pending Request for Reservation Closure,BOC
20191012128,Evaluating Request (NO registered letter),00076
20191012130,Request completed with account closure,BOC
20191012131,Authorization Requested,00397
20191012132,,
20191012133,Request completed with account closure,BOC
20191012134,Request completed with account closure,BOC
20191012135,,
20191012136,Service closure Request with BO responsibility,BOC
20191012137,Request completed with account closure,BOC
20191012141,Service closure Request with BO responsibility,BOC
20191012142,Pending Request for Reservation Closure,BOC
20191012148,Pending Request for Reservation Closure,BOC
20191012149,Request completed with account closure,BOC
20191012152,Service closure Request with BO responsibility,BOC
20191012154,Service closure Request with BO responsibility,BOC
20191012156,Pending Liquidation Request,BOC
20191012157,,
20191012165,Request completed with account closure,BOC
20191012166,Service closure Request with BO responsibility,BOC
20191012168,Authorization Requested,00722
20191012170,Request completed with account closure,BOC
20191012173,Request completed with account closure,BOC
20191012174,Request completed with account closure,BOC
20191012175,Pending Request for Reservation Closure,BOC
20191012176,Request completed with account closure,BOC
20191012177,Pending Liquidation Request,BOCSER
20191012180,Pending Request for Reservation Closure,BOC
20191012182,Pending Request for Reservation Closure,BOC
20191012184,Authorization Requested,00624
20191012185,Pending Request for Reservation Closure,BOC
20191012186,Request completed with account closure,BOC
20191012189,Request completed with account closure,BOC
20191012190,Request completed with account closure,BOC
20191012193,Service closure Request with BO responsibility,BOC
20191012194,Request completed with account closure,BOC
20191012195,Service closure Request with BO responsibility,BOC
20191012196,Request completed with account closure,BOC
20191012201,Request completed with account closure,BOC
20191012203,Evaluating Request (WITH registered letter),00536
20191012206,Request completed with account closure,BOC
20191012208,Request completed with account closure,BOC
20191012210,Service closure Request with BO responsibility,BOC
20191012214,Request completed with account closure,BOC
20191012216,Service closure Request with BO responsibility,BOC
20191012218,Pending Request for Reservation Closure,BOC
20191012221,Service closure Request with BO responsibility,BOC
20191012225,Pending Request for Reservation Closure,BOC
20191012226,Service closure Request with BO responsibility,BOC
20191012235,Evaluating Request (NO registered letter),00076
20191012236,,
20191012241,Request completed with account closure,BOC
20191012242,Request completed with account closure,BOC
20191012248,Request completed with account closure,BOC
20191012250,Request completed with account closure,BOC
20191012251,Evaluating Request (NO registered letter),00495
20191012255,Authorization Requested,00536
20191012256,Request completed with account closure,BOC
20191012257,Request completed with account closure,BOC
20191012259,Request completed with account closure,BOC
20191012261,Evaluating Request (NO registered letter),00722
20191012263,Authorization Requested,00465
20191012268,Pending Liquidation Request,BOCSER
20191012271,Request completed with account closure,BOC
20191012272,Request completed with account closure,BOC
20191012273,Service closure Request with BO responsibility,BOC
20191012276,Evaluating Request (NO registered letter),00465
20191012281,Request completed with account closure,BOC
20191012283,Authorization Requested,BOC
20191012285,Pending Request for Reservation Closure,BOC
20191012290,Request completed with account closure,BOC
20191012291,Request completed with account closure,BOC
20191012293,Pending Request for Reservation Closure,BOC
20191012294,Pending Request for Reservation Closure,BOC
20191012295,Request completed with account closure,BOC
20191012296,Request completed with account closure,BOC
20191012297,Pending Liquidation Request,BOCSER
20191012298,Pending Liquidation Request,BOCSER
20191012301,Request completed with account closure,BOC
20191012302,Pending Request for Reservation Closure,BOC
20191012303,Evaluating Request (NO registered letter),00076
20191012304,Request completed with account closure,BOC
20191012305,Service closure Request with BO responsibility,BOC
20191012307,Pending Request for Reservation Closure,BOC
20191012313,Pending Request for Reservation Closure,BOC
20191012315,Service closure Request with BO responsibility,BOC
20191012317,Pending Request for Reservation Closure,BOC
20191012318,Authorization Requested,00076
20191012319,Request completed with account closure,BOC
20191012326,Authorization Requested,BOC
20191012332,Request completed with account closure,BOC
20191012335,Request completed with account closure,BOC
20191012336,Service closure Request with BO responsibility,BOC
20191012337,Pending Liquidation Request,BOCSER
20191012338,Service closure Request with BO responsibility,BOC
20191012340,Request completed with account closure,BOC
20191012341,Pending Request for Reservation Closure,BOC
20191012348,Request completed with account closure,BOC
20191012349,Pending Request for Reservation Closure,BOC
20191012354,Authorization Requested,BOC
20191012357,Pending Request for Reservation Closure,BOC
20191012359,Pending Request for Reservation Closure,BOC
20191012360,Request completed with account closure,BOC
20191012361,Pending Request for Reservation Closure,BOC
20191012362,Request completed with account closure,BOC
20191012363,Request completed with account closure,BOC
20191012364,Pending Liquidation Request,BOC
20191012366,Request completed with account closure,BOC
20191012370,Evaluating Request (NO registered letter),00465
20191012372,Pending Request for Reservation Closure,BOC
20191012376,Request completed with account closure,BOC
20191012378,Pending Request for Reservation Closure,BOC
20191012379,Service closure Request with BO responsibility,BOC
20191012381,Authorization Requested,00397
20191012385,Pending Request for Reservation Closure,BOC
20191012386,Evaluating Request (NO registered letter),00076
20191012389,Request completed with account closure,BOC
20191012396,,
20191012397,Request completed with account closure,BOC
20191012400,Pending Request for Reservation Closure,BOC
20191012404,Request completed with account closure,BOC
20191012406,Authorization Requested,BOC
20191012408,Pending Request for Reservation Closure,BOC
20191012409,Request completed with account closure,BOC
20191012414,Request completed with account closure,BOC
20191012415,Request completed with account closure,BOC
20191012417,Request completed with account closure,BOC
20191012419,Pending Request for Reservation Closure,BOC
20191012427,Pending Request for Reservation Closure,BOC
20191012428,Pending Request for Reservation Closure,BOC
20191012431,Request completed with account closure,BOC
20191012434,Service closure Request with BO responsibility,BOC
20191012436,Request completed with account closure,BOC
20191012443,Request completed with account closure,BOC
20191012444,Request completed with account closure,BOC
20191012453,Pending Request for Reservation Closure,BOC
20191012456,Pending Request for Reservation Closure,BOC
20191012461,Request completed with account closure,BOC
20191012463,Pending Liquidation Request,BOCSER
20191012464,Service closure Request with BO responsibility,BOC
20191012468,Pending Request for Reservation Closure,BOC
20191012469,Request completed with account closure,BOC
20191012473,Pending Request for Reservation Closure,BOC
20191012474,Pending Request for Reservation Closure,BOC
20191012475,Service closure Request with BO responsibility,BOC
20191012476,Authorization Requested,BOC
20191012477,Pending Request for Reservation Closure,BOC
20191012479,Pending Request for Reservation Closure,BOC
20191012482,Pending Request for Reservation Closure,BOC
20191012483,Request completed with account closure,BOC
20191012485,Evaluating Request (NO registered letter),00076
20191012486,Service closure Request with BO responsibility,BOC
20191012487,Authorization Requested,00722
20191012488,Pending Liquidation Request,BOCSER
20191012489,Request completed with account closure,BOC
20191012490,Pending Request for Reservation Closure,BOC
20191012493,Request completed with account closure,BOC
20191012496,Request completed with account closure,BOC
20191012498,Service closure Request with BO responsibility,BOC
20191012510,Service closure Request with BO responsibility,BOC
20191012511,Pending Request for Reservation Closure,BOC
20191012512,Request completed with account closure,BOC
20191012513,Request completed with account closure,BOC
20191012518,Request completed with account closure,BOC
20191012519,Request completed with account closure,BOC
20191012521,Service closure Request with BO responsibility,BOC
20191012525,Pending Liquidation Request,BOCSER
20191012526,Pending Liquidation Request,BOCSER
20191012527,Pending Liquidation Request,BOCSER
20191012528,Pending Liquidation Request,BOCSER
20191012529,Pending Liquidation Request,BOCSER
20191012530,Pending Liquidation Request,BOCSER
20191012531,Pending Liquidation Request,BOCSER
20191012532,Pending Liquidation Request,BOCSER
20191012533,Pending Liquidation Request,BOCSER
20191012534,Pending Liquidation Request,BOCSER
20191012535,Pending Liquidation Request,BOCSER
20191012536,Pending Liquidation Request,BOCSER
20191012537,Pending Liquidation Request,BOCSER
20191012538,Pending Liquidation Request,BOCSER
20191012539,Pending Liquidation Request,BOCSER
20191012540,Pending Request for Reservation Closure,BOC
20191012542,Pending Request for Reservation Closure,BOC
20191012547,Service closure Request with BO responsibility,BOC
20191012548,Pending Request for Reservation Closure,BOC
20191012555,Evaluating Request (WITH registered letter),00536
20191012560,Service closure Request with BO responsibility,BOC
20191012569,Authorization Requested,BOC
20191012571,Pending Request for Reservation Closure,BOC
20191012573,Pending Request for Reservation Closure,BOC
20191012574,Service closure Request with BO responsibility,BOC
20191012580,Service closure Request with BO responsibility,BOC
20191012581,Authorization Requested,BOC
20191012585,Service closure Request with BO responsibility,BOC
20191012587,Pending Request for Reservation Closure,BOC
20191012589,Request completed with account closure,BOC
20191012590,Service closure Request with BO responsibility,BOC
20191012591,Pending Request for Reservation Closure,BOC
20191012595,Authorization Requested,BOC
20191012599,Service closure Request with BO responsibility,BOC
20191012600,Pending Request for Reservation Closure,BOC
20191012602,Service closure Request with BO responsibility,BOC
20191012604,Pending Request for Reservation Closure,BOC
20191012606,Authorization Requested,BOC
20191012607,Authorization Requested,00397
20191012608,Pending Request for Reservation Closure,BOC
20191012610,Pending Request for Reservation Closure,BOC
20191012611,Service closure Request with BO responsibility,BOC
20191012612,Request completed with account closure,BOC
20191012613,,
20191012614,Request completed with account closure,BOC
20191012618,Service closure Request with BO responsibility,BOC
20191012622,Pending Request for Reservation Closure,BOC
20191012623,Authorization Requested,BOC
20191012629,Pending Request for Reservation Closure,BOC
20191012631,Pending Request for Reservation Closure,BOC
20191012632,Pending Liquidation Request,BOC
20191012636,Pending Request for Reservation Closure,BOC
20191012638,Pending Request for Reservation Closure,BOC
20191012640,Service closure Request with BO responsibility,BOC
20191012642,Request completed with account closure,BOC
20191012647,Authorization Requested,BOC
20191012648,Service closure Request with BO responsibility,BOC
20191012651,Authorization Requested,BOC
20191012656,Pending Request for Reservation Closure,BOC
20191012657,Service closure Request with BO responsibility,BOC
20191012661,Pending Request for Reservation Closure,BOC
20191012663,Authorization Requested,BOC
20191012664,Service closure Request with BO responsibility,BOC
20191012665,Request completed with account closure,BOC
20191012668,Service closure Request with BO responsibility,BOC
20191012669,Service closure Request with BO responsibility,00846
20191012671,Service closure Request with BO responsibility,BOC
20191012672,Request completed with account closure,BOC
20191012673,Service closure Request with BO responsibility,00846
20191012675,Service closure Request with BO responsibility,00846
20191012677,Authorization Requested,00495
20191012683,Service closure Request with BO responsibility,BOC
20191012685,Service closure Request with BO responsibility,BOC
20191012686,Request completed with account closure,BOC
20191012687,Pending Request for Reservation Closure,BOC
20191012692,Service closure Request with BO responsibility,BOC
20191012698,Pending Request for Reservation Closure,BOC
20191012700,Service closure Request with BO responsibility,BOC
20191012708,Pending Request for Reservation Closure,BOC
20191012711,Authorization Requested,00536
20191012714,Service closure Request with BO responsibility,BOC
20191012720,Pending Request for Reservation Closure,BOC
20191012723,Service closure Request with BO responsibility,BOC
20191012726,Service closure Request with BO responsibility,BOC
20191012729,Request completed with account closure,BOC
20191012730,Pending Request for Reservation Closure,BOC
20191012732,Pending Request for Reservation Closure,BOC
20191012733,Service closure Request with BO responsibility,BOC
20191012737,Service closure Request with BO responsibility,BOC
20191012739,Authorization Requested,00495
20191012746,Service closure Request with BO responsibility,BOC
20191012747,Service closure Request with BO responsibility,BOC
20191012748,Service closure Request with BO responsibility,BOC
20191012749,Service closure Request with BO responsibility,BOC
20191012751,Pending Request for Reservation Closure,BOC
20191012752,Service closure Request with BO responsibility,BOC
20191012754,Service closure Request with BO responsibility,BOC
20191012755,Authorization Requested,BOC
20191012758,Service closure Request with BO responsibility,BOC
20191012759,Evaluating Request (WITH registered letter),00495
20191012761,Pending Request for Reservation Closure,BOC
20191012762,Request completed with account closure,BOC
20191012766,Pending Request for Reservation Closure,BOC
20191012767,Service closure Request with BO responsibility,BOC
20191012771,Authorization Requested,00536
20191012772,Evaluating Request (NO registered letter),00722
20191012776,Pending Request for Reservation Closure,BOC
20191012779,Authorization Requested,BOC
20191012780,Service closure Request with BO responsibility,BOC
20191012781,Service closure Request with BO responsibility,BOC
20191012782,Service closure Request with BO responsibility,BOC
20191012786,Pending Request for Reservation Closure,BOC
20191012787,Pending Request for Reservation Closure,BOC
20191012788,Pending Request for Reservation Closure,BOC
20191012790,Authorization Requested,00722
20191012793,Pending Request for Reservation Closure,BOC
20191012795,Pending Request for Reservation Closure,BOC
20191012796,Authorization Requested,00536
20191012798,Pending Request for Reservation Closure,BOC
20191012799,Service closure Request with BO responsibility,BOC
20191012800,Pending Request for Reservation Closure,BOC
20191012801,Service closure Request with BO responsibility,00846
20191012802,Service closure Request with BO responsibility,BOC
20191012807,Service closure Request with BO responsibility,BOC
20191012810,Evaluating Request (NO registered letter),00722
20191012811,Request completed with account closure,BOC
20191012812,Service closure Request with BO responsibility,BOC
20191012814,Request completed with account closure,BOC
20191012816,Authorization Requested,BOC
20191012817,Service closure Request with BO responsibility,BOC
20191012819,Service closure Request with BO responsibility,BOC
20191012821,Service closure Request with BO responsibility,BOC
20191012822,Pending Request for Reservation Closure,BOC
20191012834,Service closure Request with BO responsibility,BOC
20191012839,Service closure Request with BO responsibility,BOC
20191012845,Service closure Request with BO responsibility,BOC
20191012847,Request completed with account closure,BOC
20191012849,Service closure Request with BO responsibility,BOC
20191012851,Service closure Request with BO responsibility,BOC
20191012852,Request completed with account closure,BOC
20191012853,Service closure Request with BO responsibility,BOC
20191012856,Request completed with account closure,BOC
20191012857,Service closure Request with BO responsibility,BOC
20191012864,Authorization Requested,00397
20191012865,Request completed with account closure,BOC
20191012866,Service closure Request with BO responsibility,BOC
20191012869,Request completed with account closure,BOC
20191012871,Pending Request for Reservation Closure,BOC
20191012873,Authorization Requested,BOC
20191012876,Request completed with account closure,BOC
20191012877,Service closure Request with BO responsibility,00846
20191012878,Request completed with account closure,BOC
20191012880,Request completed with account closure,BOC
20191012881,Pending Request for Reservation Closure,BOC
20191012882,Authorization Requested,BOC
20191012883,Evaluating Request (WITH registered letter),00536
20191012893,Service closure Request with BO responsibility,00846
20191012894,Service closure Request with BO responsibility,BOC
20191012896,Service closure Request with BO responsibility,BOC
20191012903,Request completed with account closure,BOC
20191012906,Service closure Request with BO responsibility,BOC
20191012907,Authorization Requested,BOC
20191012910,Service closure Request with BO responsibility,BOC
20191012915,Service closure Request with BO responsibility,BOC
20191012918,Service closure Request with BO responsibility,BOC
20191012923,Service closure Request with BO responsibility,BOC
20191012927,Service closure Request with BO responsibility,BOC
20191012929,Request completed with account closure,BOC
20191012932,Pending Liquidation Request,BOCSER
20191012935,Service closure Request with BO responsibility,BOC
20191012938,Pending Liquidation Request,BOCSER
20191012940,Pending Liquidation Request,BOCSER
20191012941,Pending Request for Reservation Closure,BOC
20191012942,Pending Request for Reservation Closure,BOC
20191012945,,
20191012946,Pending Request for Reservation Closure,BOC
20191012947,Pending Liquidation Request,BOCSER
20191012957,Pending Request for Reservation Closure,BOC
20191012959,Authorization Requested,BOC
20191012960,Pending Request for Reservation Closure,BOC
20191012964,Pending Request for Reservation Closure,BOC
20191012965,Request completed with account closure,BOC
20191012966,Service closure Request with BO responsibility,BOC
20191012967,Pending Request for Reservation Closure,BOC
20191012970,Pending Request for Reservation Closure,BOC
20191012971,Service closure Request with BO responsibility,BOC
20191012972,Pending Request for Reservation Closure,BOC
20191012973,Evaluating Request (NO registered letter),00722
20191012975,Service closure Request with BO responsibility,BOC
20191012976,Request completed with account closure,BOC
20191012977,Request completed with account closure,BOC
20191012979,Pending Request for Reservation Closure,BOC
20191012980,Service closure Request with BO responsibility,BOC
20191012981,Pending Request for Reservation Closure,BOC
20191012986,Service closure Request with BO responsibility,BOC
20191012987,Pending Request for Reservation Closure,BOC
20191012988,Pending Request for Reservation Closure,BOC
20191012991,Service closure Request with BO responsibility,BOC
20191012993,Service closure Request with BO responsibility,BOC
20191012996,Pending Request for Reservation Closure,BOC
20191012998,Service closure Request with BO responsibility,BOC
20191013000,Pending Liquidation Request,BOCSER
20191013003,Authorization Requested,BOC
20191013005,Service closure Request with BO responsibility,BOC
20191013007,Pending Liquidation Request,BOCSER
20191013009,Request completed with account closure,BOC
20191013011,Pending Liquidation Request,BOCSER
20191013012,Service closure Request with BO responsibility,BOC
20191013016,Service closure Request with BO responsibility,00846
20191013018,Evaluating Request (NO registered letter),00076
20191013019,Pending Liquidation Request,BOCSER
20191013020,Pending Request for Reservation Closure,BOC
20191013023,Service closure Request with BO responsibility,BOC
20191013025,Pending Request for Reservation Closure,BOC
20191013027,Service closure Request with BO responsibility,BOC
20191013029,Authorization Requested,BOC
20191013030,Service closure Request with BO responsibility,BOC
20191013033,Pending Liquidation Request,BOCSER
20191013038,Service closure Request with BO responsibility,BOC
20191013040,Authorization Requested,00536
20191013041,Pending Liquidation Request,BOCSER
20191013043,Service closure Request with BO responsibility,BOC
20191013047,Service closure Request with BO responsibility,BOC
20191013048,Service closure Request with BO responsibility,BOC
20191013049,Pending Request for Reservation Closure,BOC
20191013053,Service closure Request with BO responsibility,BOC
20191013055,Authorization Requested,00536
20191013056,Service closure Request with BO responsibility,BOC
20191013057,Authorization Requested,BOC
20191013061,Service closure Request with BO responsibility,BOC
20191013063,Service closure Request with BO responsibility,BOC
20191013065,Pending Request for Reservation Closure,BOC
20191013067,Authorization Requested,BOC
20191013071,Pending Request for Reservation Closure,BOC
20191013073,Service closure Request with BO responsibility,BOC
20191013074,Pending Request for Reservation Closure,BOC
20191013075,Service closure Request with BO responsibility,BOC
20191013076,Authorization Requested,00536
20191013077,Authorization Requested,00495
20191013079,Service closure Request with BO responsibility,BOC
20191013087,Service closure Request with BO responsibility,BOC
20191013088,Service closure Request with BO responsibility,BOC
20191013089,Pending Request for Reservation Closure,BOC
20191013091,Pending Request for Reservation Closure,BOC
20191013096,Service closure Request with BO responsibility,BOC
20191013101,Request completed with account closure,BOC
20191013102,Authorization Requested,BOC
20191013103,Request completed with account closure,BOC
20191013105,Request completed with account closure,BOC
20191013106,Service closure Request with BO responsibility,BOC
20191013108,Evaluating Request (NO registered letter),00076
20191013109,Pending Request for Reservation Closure,BOC
20191013111,Service closure Request with BO responsibility,BOC
20191013112,Service closure Request with BO responsibility,BOC
20191013115,Service closure Request with BO responsibility,BOC
20191013117,Pending Request for Reservation Closure,BOC
20191013118,Evaluating Request (NO registered letter),00495
20191013119,Pending Request for Reservation Closure,BOC
20191013122,Authorization Requested,BOC
20191013124,Service closure Request with BO responsibility,BOC
20191013125,Pending Request for Reservation Closure,BOC
20191013127,Pending Request for Reservation Closure,BOC
20191013129,Service closure Request with BO responsibility,00846
20191013130,Service closure Request with BO responsibility,BOC
20191013132,Pending Request for Reservation Closure,BOC
20191013133,Pending Request for Reservation Closure,BOC
20191013137,Service closure Request with BO responsibility,BOC
20191013146,Pending Request for Reservation Closure,BOC
20191013148,Service closure Request with BO responsibility,BOC
20191013150,Service closure Request with BO responsibility,BOC
20191013153,Service closure Request with BO responsibility,BOC
20191013165,Service closure Request with BO responsibility,BOC
20191013169,Authorization Requested,BOC
20191013172,Authorization Requested,00495
20191013174,Service closure Request with BO responsibility,00846
20191013176,Pending Request for Reservation Closure,BOC
20191013178,Authorization Requested,00495
20191013179,Pending Request for Reservation Closure,BOC
20191013180,Service closure Request with BO responsibility,BOC
20191013183,Service closure Request with BO responsibility,BOC
20191013185,Authorization Requested,00536
20191013186,Authorization Requested,BOC
