case:concept:name,pred_outcome,pred_sigmoid_mm_time,pred_uncertainty
201810001660,,,
201810002650,0.6387782680663785,0.2858850947216205,0.1601181673384738
201810006512,0.5778836901954778,0.18117348217385884,0.12814377872790872
201810008108,,,
201810008268,0.059971393072478306,0.15743326462593432,0.10830812755599634
201810008485,0.002010159682516375,0.10294733908977732,0.0645824312714383
201810008899,,,
20181000902,,,
201810010740,0.8090826522584376,0.1669495262021296,0.1247207394355152
201810011081,0.8869107680899092,0.17607617047831547,0.12477838208350094
201810011583,0.8299977604104185,0.1663740421258052,0.0633318524580036
20181012611,0.6930622280578123,0.21175176048180103,0.13762285315684034
20181013679,0.33774477305646106,0.27482845583472915,0.10351639401233738
201811000205,0.91940686179367,0.2592629787085238,0.18914350640760705
201811001580,0.8766778957311943,0.20555481681615398,0.07906681884964532
201811001889,0.9028206666685529,0.19580815505267968,0.1433575237863377
201811002881,0.8281714853082187,0.23976768841247514,0.17641891175713328
201811003327,,,
201811003911,0.8946606275463237,0.1799251993410997,0.12824021166403404
201811004163,0.9004463439758456,0.2514211174435137,0.1941683937857101
201811004205,0.8710689637967283,0.160322187884044,0.11593016105635515
201811004338,0.8575901408531658,0.19515847221694133,0.1186962453125755
201811005226,0.7326345895631357,0.1878305006240773,0.07867223836920237
201811005422,0.9165655438089282,0.25643347323581345,0.18854455343980409
201811005747,0.9571331191085912,0.05959472061207648,0.05267915716389608
201811005954,0.8671474842358253,0.23976768841247514,0.17641891175713328
201811006467,,,
201811006674,0.29949939862548697,0.3432234061935462,0.1848714500631001
201811006982,0.0013234735540996515,0.05539598303607192,0.027196001294099194
201811007401,0.6271929775353065,0.386119436589776,0.20969687648731392
201811008100,0.834313439640245,0.19592905485739165,0.0796395842033279
201811008330,0.563937709077519,0.32666633473362233,0.19097521248553678
201811008338,0.6592402741718049,0.37670118616346987,0.2022194245992151
201811008394,0.7445074429347835,0.056124054640998525,0.05704710914570462
201811008598,0.9263675213287762,0.25643347323581345,0.18854455343980409
201811008631,0.7391951618101418,0.21023634199626542,0.08472881839174218
201811008634,0.8642511181244912,0.23161934007817556,0.1608924412238009
201811009132,0.8841135370686067,0.2545934566804421,0.18805024734327472
201811009434,0.8509385989064885,0.1949478488980991,0.13510216563991864
201811009590,0.7751566129654764,0.0700504099604877,0.05339909927345609
201811009800,0.8524116403542502,0.20942702910735367,0.1629174810730551
201811010119,0.7563895516427711,0.052774627667125124,0.05020393185728273
201811010142,0.8245756382144209,0.05885472786585464,0.019578360112921297
201811010681,0.5128616081664477,0.32293717499255936,0.16632233211444378
201811010732,0.803976429267234,0.23976768841247514,0.17641891175713328
201811011699,0.7977752301935503,0.1750325021604994,0.06606120784240728
201811011715,0.8500090866015455,0.15771610289936383,0.11039839243380697
201811011742,0.8299072981496713,0.17458583043205644,0.13499415886757835
201811011907,0.5868091629718285,0.20266411990043748,0.14402014700464708
201811011916,0.7012609498503789,0.21444225232971753,0.13910376633735955
201812000179,0.7113146879548121,0.32080837946706364,0.19236116890502608
201812000181,0.7113146879548121,0.32080837946706364,0.19236116890502608
201812000186,0.9152791561923365,0.25643347323581345,0.18854455343980409
201812000605,0.8914131867200468,0.22081743881413807,0.17159391729572676
201812000606,0.8922928338953465,0.24983269975241307,0.1948311658372656
201812000900,0.6534468469930435,0.1618970958356693,0.11080586607366699
201812002344,0.44094547830215375,0.3322569722679281,0.10023170263614012
201812002552,0.7949495920787804,0.1824215885328038,0.12069560139130507
201812002630,0.2762106338484822,0.3382534640965543,0.19916024365721946
201812002677,0.857276356334767,0.17458583043205644,0.13499415886757835
201812002837,0.8759354164723833,0.06962976107545263,0.06884715557281026
201812002893,0.813775576492171,0.17774109311587377,0.11965905223865217
201812003039,0.6570481522645035,0.15981722776158577,0.11413396791369095
201812003088,,,
201812003287,0.501898109097359,0.05668134552822553,0.06023736230236287
201812004065,0.7285662761685169,0.06179442398682008,0.040609568010666106
201812004155,0.002264626357030909,0.17537919891732298,0.09918442165407783
201812004198,0.002982407967359468,0.07781048163193148,0.06366749830920194
201812004271,0.8655550641075218,0.17796652871458385,0.12428366859310232
201812004422,0.0011678089715402374,0.06296482596411553,0.0494437505518125
201812004433,0.8135663382363771,0.20473374600194263,0.0831039369230083
201812004478,0.8584062565546554,0.19285454383054418,0.11563065849806717
201812004552,0.8021817550693587,0.1891798396224278,0.13612865395080842
201812004625,0.7132631356793249,0.07190669238436234,0.02526224108240442
201812004772,0.568193511306331,0.3482918496932293,0.19845708027471154
201812004817,,,
201812004871,0.8581950763798498,0.20027900348572913,0.15031118571442545
201812004921,,,
201812005259,0.7908918608442596,0.18545171335390834,0.1356742833656308
201812005350,0.7930616690403356,0.06236530770063215,0.019870429556188295
201812005402,0.7138410478575206,0.19224817448690068,0.14759861712798844
201812005434,0.7495088553134325,0.18009446975070376,0.07195394252486377
201812005461,0.7977378194700083,0.2042045835909121,0.13878852071467823
201812005659,0.0010011858148494337,0.05771797862772124,0.03957369239574988
201812005779,0.8464361433937474,0.2070101315331994,0.15983324306981686
201812005853,,,
201812005862,0.0005037073997690192,0.1996318934626749,0.16950878360783855
201812005898,,,
201812006094,0.962473214108163,0.06108109314886906,0.03733072073857667
201812006124,0.7841081795218947,0.20137507811820174,0.13834902481044192
201812006485,0.8498943942425863,0.19344853075592316,0.1437048968853356
201812006628,0.548886927562729,0.18659593688116272,0.06359564458823222
201812006707,0.0025706262744188404,0.05293844494908345,0.0374541756819333
201812006755,,,
201812006820,0.9153186492973774,0.21899972704863596,0.1698173158035139
201812006824,0.9018474205425465,0.2268013216714848,0.1757627822082678
201812007245,0.8486879080384488,0.20549415711634295,0.13771617161196328
201812007280,0.8902761548530567,0.0738033351260168,0.08960802385975715
201812007319,0.5633106438331223,0.20152421814375393,0.13776715747982732
201812007397,0.006238298221771838,0.17044751002037764,0.12231211744658953
201812007439,,,
201812007654,0.8969710513967203,0.19027832687001742,0.13432126826732543
201812007664,0.43882093191843885,0.17757787575549047,0.12618910812552006
201812007718,,,
201812007723,0.8428863107452165,0.2094636663690206,0.13354101764430837
201812007727,0.5551466970294429,0.3089124411819525,0.1849118867961551
201812007780,0.0026678306694520398,0.05293844494908345,0.0374541756819333
201812007788,0.0006075585901747919,0.26372022168473747,0.14730718351700647
201812007839,0.857276356334767,0.1683674694929017,0.1367779271633446
201812007853,0.0021776767207524832,0.25781590413096833,0.1634287344602583
201812008090,0.0013234735540996515,0.05539598303607192,0.027196001294099194
201812008149,,,
201812008346,0.738829971750185,0.052774627667125124,0.05020393185728273
201812008642,0.8067289337522824,0.1921358798619494,0.14735852905699523
201812008657,,,
201812008694,0.7105075321987857,0.1845307658128655,0.1346352909045508
201812008702,0.08321315597577718,0.1485098914144282,0.09573202240347958
201812008708,0.08321315597577718,0.1485098914144282,0.09573202240347958
201812008800,0.878585270538692,0.210874371125991,0.16629876148917744
201812008953,0.734666422001078,0.06495081913307447,0.0392447743622473
201812009363,,,
201812009485,0.9421669597228411,0.059724140323040145,0.05221705164445315
201812009515,0.8415008148287071,0.17552007276988038,0.14525968274694612
201812009556,0.7818871780640242,0.18096207903570888,0.07111010677492255
201812009573,,,
201812009645,0.6028914217074851,0.37670118616346987,0.2022194245992151
201812009682,0.7222351317133607,0.15868760797413586,0.10800632422130521
201812009703,0.7122878031799065,0.06299471934708425,0.05538699886198498
201812009725,0.0015924114400087052,0.05869431725463449,0.03421895894644167
201812009750,0.5189430144696712,0.15600986165881836,0.10594412844180094
201812009753,0.8720287690267652,0.19970831512865883,0.1514588464523873
20182005961,,,
20182009106,,,
20183007131,0.6349796837619138,0.055922910780444125,0.0182754615183559
20184001796,0.8428863107452165,0.2094636663690206,0.13354101764430837
20185003342,0.0012892777566222663,0.06022812586389714,0.04677248906226491
20186002647,0.001340173762205634,0.08648037390139426,0.05806538000035088
20186005840,0.8333111878985021,0.21845669050665206,0.15602710221201377
20186007767,0.9129331131325091,0.22048948192473922,0.16994326406466154
20187001795,0.5332796081293271,0.15981722776158577,0.11413396791369095
20187002397,,,
20187003190,0.8348304548261183,0.20815793926729997,0.15490508805527467
20187003641,0.8357398505173528,0.17774109311587377,0.11965905223865217
20187006392,0.5557000234982581,0.3257770734400734,0.18514122761436294
20187006846,0.8431330582300025,0.160322187884044,0.11593016105635515
20187007250,0.0006214352182293697,0.061061840459932196,0.03912886461075272
20187010782,0.864611204559608,0.17879209518943484,0.14988825749588203
20188002087,0.8126088574840719,0.16896739434029978,0.12207361028904809
20188002441,0.8219497628849758,0.20555481681615398,0.07906681884964532
20188002645,0.5757670997378539,0.3662769354523147,0.20708438696405893
20188005486,0.9089632557154893,0.23976768841247514,0.17641891175713328
20189001829,,,
20189003084,0.6735158685974304,0.1793647584688187,0.13509799484476323
20189003486,0.8960339542292389,0.1799251993410997,0.12824021166403404
20189004803,0.8152730179809268,0.16743423365007948,0.12723719729989072
20189006540,0.7163628059131489,0.055922910780444125,0.0182754615183559
20189007102,0.8068188367921665,0.18096207903570888,0.07111010677492255
20189007821,0.8266889760946708,0.23976768841247514,0.17641891175713328
20189007982,0.7575389888821106,0.15868760797413586,0.10800632422130521
20189008206,0.9040177205560535,0.2236510960964945,0.1735278967116798
20189009645,,,
20191000037,,,
20191000127,,,
20191000242,0.7908078041050276,0.22215256434586508,0.08990641710977973
20191000255,0.9035349591097435,0.19358602637835096,0.13817909312349466
20191000260,0.7823950710174905,0.2111612729616799,0.15344627030146382
20191000269,0.8835804367948605,0.23509816638439346,0.17539920149553703
20191000366,0.8794294972138977,0.25643347323581345,0.18854455343980409
20191000380,,,
20191000382,0.842430149817876,0.20549415711634295,0.13771617161196328
20191000433,0.0013251467247769573,0.05778935517734611,0.0594609967780327
20191000490,0.0010507759051875318,0.06046749750883234,0.05344320852800694
20191000535,0.0008409688558150279,0.05364081259189661,0.05173776520374386
20191000546,0.8620589766998691,0.16881517660189838,0.12511306881860657
20191000553,0.8970055760242125,0.06551369065016001,0.06217115152930342
20191000568,0.8940733929700297,0.18598178659105852,0.13536845839795533
20191000676,0.8359732823008917,0.17647338033479237,0.146459448121295
20191000751,0.8361113077690747,0.19825554840643264,0.13898241855482324
20191000782,0.917560761884799,0.25643347323581345,0.18854455343980409
20191000845,,,
20191000920,0.002401478544000359,0.055493790202249205,0.02799290259174943
20191000928,0.0013718901491665254,0.0553489630603235,0.02714535593843199
20191000957,0.7103461982863672,0.32010575929580504,0.18310214503626396
20191001061,0.6979270284923877,0.22184123314983697,0.1561289069503633
20191001073,0.7607141288379009,0.06268912426909223,0.04350019965153092
20191001178,0.7388729077420761,0.06272866632464404,0.04369769044234285
20191001209,0.7924722861047245,0.2309985271320657,0.17239825858325375
20191001270,0.7503727589475861,0.052774627667125124,0.05020393185728273
20191001457,0.8603017160763404,0.16714622640148796,0.06721272414022662
20191001560,0.8736141597284924,0.19357938705992156,0.1339883427352073
20191001584,,,
20191001595,0.8952446305453737,0.19717638954822164,0.1349292871736756
20191001604,0.001194681629004485,0.06318752363096672,0.05311552350063787
20191001611,0.002127272227546385,0.059986996578581434,0.04345128318457355
20191001699,0.9180453047809607,0.21633591759578832,0.17085310687079916
20191001826,0.9071297262948476,0.2592629787085238,0.18914350640760705
20191001846,0.5647460322920708,0.32010575929580504,0.18310214503626396
20191001877,0.8953337675133011,0.17427585189440106,0.12574834824387096
20191001909,0.0012211888996443746,0.06361944498350462,0.059666249197075645
20191001991,,,
20191001992,0.6164082252707355,0.38894894206248637,0.21036302443070276
20191002027,0.8412663002757677,0.17552007276988038,0.14525968274694612
20191002029,0.7305290066645139,0.05311984139039602,0.0465212073764098
20191002074,0.757452108657019,0.06272866632464404,0.04369769044234285
20191002078,0.7470746242877612,0.06272866632464404,0.04369769044234285
20191002091,0.794237113351171,0.05617979227597956,0.0556495194799112
20191002111,0.844481688662904,0.167932282719918,0.11875610909858346
20191002163,0.8647312079029772,0.06219741727624072,0.06268228370738416
20191002211,0.7883072043095972,0.17355199790974138,0.06845859077381078
20191002216,0.791776460314189,0.1717342861442393,0.0677498032104735
20191002277,0.7542371074509759,0.06660458604282762,0.04590423808008726
20191002297,0.9138923636209343,0.25643347323581345,0.18854455343980409
20191002394,,,
20191002483,0.746086215656079,0.16699765305671385,0.12176421947695962
20191002503,0.8568188120917272,0.1865002531531011,0.15720812033728898
20191002511,,,
20191002521,,,
20191002534,0.0015641677744474161,0.07570566728923753,0.05557739085959602
20191002537,0.08321315597577718,0.1485098914144282,0.09573202240347958
20191002706,0.08321315597577718,0.1485098914144282,0.09573202240347958
20191002742,0.8789992707442295,0.06435767189399247,0.06383281796806708
20191002745,,,
20191002751,0.7255617021905574,0.052774627667125124,0.05020393185728273
20191002759,,,
20191002920,0.8703653839909522,0.17972254922121533,0.1470929412353726
20191002939,0.8201611962078958,0.17603187714595753,0.14632111769824327
20191002953,0.0013452665808806666,0.06737670608859345,0.06985138625193239
20191002956,0.8953255642501419,0.23976768841247514,0.17641891175713328
20191002981,0.002588369330415064,0.06858404943662669,0.06141168878462703
20191003000,0.8772500044136601,0.17972254922121533,0.1470929412353726
20191003019,0.7976715135184866,0.1688747501473423,0.06409702159317959
20191003043,0.8051587490914063,0.20500270987640296,0.16236892966905403
20191003077,0.0009452384351934782,0.24656134678618635,0.14401297713379488
20191003263,0.8681240320529939,0.2322765074442161,0.17702217784131755
20191003312,0.7548881298795761,0.06721190578766217,0.04726278897627918
20191003315,0.008690032932609433,0.17997374523182816,0.1296635788667047
20191003440,0.7969217318677645,0.1743596073280971,0.12955138278568873
20191003465,0.8670026223650902,0.2322765074442161,0.17702217784131755
20191003502,0.8695328549578534,0.20555481681615398,0.07906681884964532
20191003540,0.902669297113086,0.18452863669975023,0.128852544262634
20191003568,0.8697600842073747,0.05865925513953425,0.052725296548488745
20191003594,0.0017778431475561126,0.061160782187465054,0.04978156944713077
20191003680,,,
20191003699,,,
20191003724,0.0011182628267593696,0.2586040912620735,0.15476968372618294
20191003755,0.39373067452555793,0.17182818558522325,0.1210514749447254
20191003756,0.39373067452555793,0.17182818558522325,0.1210514749447254
20191003759,0.7711343689800494,0.06495081913307447,0.0392447743622473
20191003785,0.5373053816832212,0.3118393480489543,0.1848744636530093
20191003861,0.001919685079894807,0.0553489630603235,0.02714535593843199
20191003909,0.001412071752966136,0.07884751263673251,0.09699836050262185
20191003938,0.47331343193333264,0.3009893614323633,0.1573703163449384
20191004011,0.6858179175755837,0.22921519214287195,0.16819568184941222
20191004025,0.6448017860807487,0.17054687418560271,0.1183072077301822
20191004038,,,
20191004043,0.8545603463897523,0.1994954834042807,0.1442039423467175
20191004048,,,
20191004109,0.6336128434230743,0.06387035959160264,0.03196775164617311
20191004146,0.8012753722501377,0.21135752397443353,0.15701059403265186
20191004208,0.7808402419747202,0.21521387141640877,0.15877413525086334
20191004220,,,
20191004224,0.6882764373235805,0.23753163090963916,0.1834177671320489
20191004227,0.7355635619940001,0.06664816901615751,0.05384934019110244
20191004251,0.5932724838593342,0.3046785123211748,0.17360525348107558
20191004267,0.7763064441896597,0.21135752397443353,0.15701059403265186
20191004286,0.6937709641257357,0.21513310790220763,0.15925753636514292
20191004364,0.7117416079251736,0.2103669478512321,0.1381025985054573
20191004374,0.8671712925671494,0.22568251702511147,0.17102313365088764
20191004402,,,
20191004432,,,
20191004440,0.9194642903740545,0.23976768841247514,0.17641891175713328
20191004500,0.7763910623124328,0.06740821573456564,0.054703883378104036
20191004550,0.8862567605056058,0.210874371125991,0.16629876148917744
20191004556,0.6871317970711638,0.17856711925248356,0.1294409147839074
20191004566,0.9222386456350058,0.22546880786199658,0.1753433177055862
20191004680,0.014053779775878458,0.15888795065111372,0.14765472357338014
20191004710,0.7538548826198113,0.06672245572617312,0.04832979581021976
20191004805,0.7442354208530202,0.3076166781063253,0.17610744276206158
20191004843,0.8849257291002715,0.19252502050036313,0.13204406787218806
20191004854,0.9418282558594744,0.06101411239160588,0.05685684287599229
20191004869,,,
20191004891,0.0010757948948237738,0.05973828428258238,0.06559376207947641
20191004909,0.9065638647226294,0.21549077892650675,0.17005001544663279
20191004957,,,
20191004983,0.6598662657368672,0.37670118616346987,0.2022194245992151
20191005120,0.0011743399893334246,0.2516928744423931,0.15793633738200052
20191005134,0.0020092823493250457,0.2510400939431398,0.14887201548928136
20191005248,,,
20191005294,,,
20191005303,0.7765188550808618,0.18484966860835456,0.13015750891093983
20191005314,0.0021384260272746297,0.2651378636214704,0.17389303718793825
20191005347,,,
20191005360,0.9053314507685287,0.25789451687034626,0.18758415042899373
20191005375,0.7487475237204098,0.07329829502591159,0.03746366629562895
20191005395,0.7776318108282556,0.06664816901615751,0.05384934019110244
20191005409,0.015645973792527013,0.17331281352182887,0.15112324535514665
20191005427,0.794237113351171,0.05617979227597956,0.0556495194799112
20191005428,0.840206027567279,0.16187569546995922,0.11250263722756183
20191005462,0.0019310156122207863,0.2685862848522902,0.17176075043816846
20191005480,,,
20191005537,,,
20191005557,0.6782351340694462,0.213466551478722,0.07698260543489835
20191005567,0.0014811894748460266,0.0549127698508122,0.03696093404295607
20191005632,,,
20191005637,0.7431294004925831,0.1948868475761084,0.07728516567715116
20191005681,0.9574589226498065,0.05858422237956888,0.038543382885839556
20191005698,0.8189001208069435,0.18360450425676356,0.07422364131049396
20191005733,0.0007818017895049427,0.15620983411223718,0.1215436942055788
20191005769,0.8034577889241126,0.18096207903570888,0.07111010677492255
20191005838,0.7141024402370879,0.18406956150728665,0.06937255506350948
20191005903,,,
20191005922,,,
20191005924,0.22078869787161456,0.25635226680261214,0.17433400251919962
20191005966,0.8904748022084132,0.19794939418777985,0.14389090350102257
20191006023,0.0013353074476253246,0.06620908647798536,0.04208022620250405
20191006058,0.8057123527663239,0.1949478488980991,0.13510216563991864
20191006064,,,
20191006077,0.0019430213955664009,0.24678444512526473,0.1356385151732487
20191006078,0.8951371985674841,0.25643347323581345,0.18854455343980409
20191006098,0.8953255642501419,0.23976768841247514,0.17641891175713328
20191006110,0.8861940592440921,0.17607617047831547,0.12477838208350094
20191006142,0.5785909973750966,0.32221796713640416,0.1903122691008545
20191006145,0.858237151990421,0.1754264716440192,0.14997577273601673
20191006188,0.9012610702302015,0.19027832687001742,0.13432126826732543
20191006203,0.8969382621186177,0.19252502050036313,0.13204406787218806
20191006207,0.8387773606895619,0.25657790978314554,0.18026295998336506
20191006210,0.8682512103486385,0.17942382916551608,0.1351851398422251
20191006217,0.8334739453082625,0.07921572432246085,0.07703485313049697
20191006233,0.4559606203110348,0.3144856055536234,0.18667824824509585
20191006273,0.8992940947513505,0.23976768841247514,0.17641891175713328
20191006292,,,
20191006301,0.0051227735771960025,0.05435393150774831,0.035888282466964704
20191006309,0.0016946684917739552,0.24932680279447358,0.13731469022724851
20191006333,0.897042626601085,0.19252502050036313,0.13204406787218806
20191006358,0.7488748154006931,0.21794288175776827,0.1603661780641565
20191006382,0.8952135367294389,0.2070101315331994,0.15983324306981686
20191006394,0.7763638561343255,0.207839967839882,0.15693068784264794
20191006436,0.001986589412117215,0.05435393150774831,0.035888282466964704
20191006502,0.808512390057571,0.1936561014364918,0.1392980754404283
20191006520,0.8943389875065364,0.25643347323581345,0.18854455343980409
20191006539,0.849687959328337,0.1659402353533922,0.13894083026821225
20191006585,0.8794131859053315,0.17843544446499646,0.1281451703468204
20191006608,0.7908562647897225,0.0731800418867902,0.028766160341255127
20191006655,0.539076664643134,0.31654445776920254,0.1865514213857957
20191006661,0.5607906831764246,0.053323572609492456,0.046378669763275114
20191006747,0.6323590790699898,0.33645288890032854,0.20308753373067137
20191006756,0.7292301332438257,0.18015588942614308,0.11420932199876456
20191006771,0.8737131961473014,0.1983078192396309,0.13418875645954906
20191006784,0.8985185096994922,0.20212257475722725,0.1545882400834087
20191006788,0.5561045861113023,0.31475205251213995,0.179396664763069
20191006789,0.815500859794449,0.06530805464066822,0.051634564263122844
20191006870,0.0012018055129923942,0.08044216134153728,0.09948945112167876
20191006871,0.8671250564910163,0.23962846076399416,0.18002674023842447
20191006880,0.8794614669349082,0.20555481681615398,0.07906681884964532
20191006886,0.7817686653020619,0.0571598293867398,0.05318849753649523
20191006920,0.7312957342715665,0.1912978035895102,0.1398988524960003
20191006922,,,
20191006956,0.9058354926539499,0.25643347323581345,0.18854455343980409
20191006987,0.8306735761333132,0.16747685326015993,0.06343439409299646
20191007056,0.6617871360774259,0.3158219666534211,0.18479801743817148
20191007068,0.770940242236436,0.06740821573456564,0.054703883378104036
20191007079,0.8595326697979926,0.16454190837922478,0.11080866777190738
20191007149,0.7157068710023182,0.06672245572617312,0.04832979581021976
20191007166,,,
20191007291,,,
20191007305,0.0016255267182568544,0.24903365393429647,0.11260372964106773
20191007344,,,
20191007413,0.8214164755940521,0.17435626648706548,0.13988332390374716
20191007453,0.0005279427639223416,0.059123349540179046,0.06491144349832376
20191007463,,,
20191007469,0.7451413066135107,0.3186003706032638,0.18087124027869556
20191007472,0.8937587327077886,0.18598178659105852,0.13536845839795533
20191007481,0.7753390267587256,0.19633390278732893,0.08019337423909047
20191007501,,,
20191007510,0.850612609441381,0.1669495262021296,0.1247207394355152
20191007558,0.0007580727705358482,0.08044216134153728,0.09948945112167876
20191007560,0.8837786964301554,0.1668748663136246,0.13794937641292418
20191007564,0.001280348312581301,0.054256124341571024,0.03486661567929864
20191007570,0.7637075393213404,0.06740821573456564,0.054703883378104036
20191007587,0.0014800726755097363,0.0542091043658226,0.03480168583417567
20191007597,0.8869170096129935,0.23976768841247514,0.17641891175713328
20191007623,0.001417785818177546,0.0542091043658226,0.03480168583417567
20191007651,0.8214164755940521,0.17061212955307037,0.13301794691541377
20191007666,0.0011186852582398222,0.054256124341571024,0.03486661567929864
20191007668,0.7873613037969797,0.06956847035231736,0.05570797398068519
20191007674,0.003407340835297648,0.06128383554239915,0.042202578850084896
20191007718,0.9084200984843259,0.1968870865682551,0.13783660567754386
20191007810,0.7743692985767614,0.06664816901615751,0.05384934019110244
20191007859,0.8954210253037166,0.1799251993410997,0.12824021166403404
20191007866,0.7224895023115527,0.057345639445502423,0.053703595327776514
20191007873,0.002016327771318685,0.05435393150774831,0.035888282466964704
20191007894,0.9307131947087962,0.25643347323581345,0.18854455343980409
20191007895,,,
20191007901,0.880286094173787,0.23976768841247514,0.17641891175713328
20191007903,0.8649285475109454,0.18598178659105852,0.13536845839795533
20191007908,0.9025375848921522,0.23976768841247514,0.17641891175713328
20191007911,0.0011928611840942558,0.054256124341571024,0.03486661567929864
20191007912,0.8730975680132126,0.17879209518943484,0.14988825749588203
20191007948,0.0010941480271313047,0.24656134678618635,0.14401297713379488
20191007964,0.7338369420653204,0.06740821573456564,0.054703883378104036
20191007970,0.0014788231778483422,0.057554458560133595,0.043870393946118476
20191007975,0.0011928611840942558,0.054256124341571024,0.03486661567929864
20191007993,0.7638102977721977,0.06672245572617312,0.04832979581021976
20191008000,0.8777706780796175,0.20973802067186098,0.07370149719360637
20191008019,0.766760295775542,0.20634022750179792,0.15330127473294067
20191008041,0.7558254716339885,0.056124054640998525,0.05704710914570462
20191008066,0.900428039723178,0.22402230587373745,0.1683197824038766
20191008071,0.8750531320933569,0.19252502050036313,0.13204406787218806
20191008074,0.8272531117953817,0.06530805464066822,0.051634564263122844
20191008076,,,
20191008079,0.8749996962228249,0.19252502050036313,0.13204406787218806
20191008080,0.9399191258302243,0.25176395120773176,0.18745475635401707
20191008096,0.7788810975924154,0.06721190578766217,0.04726278897627918
20191008111,0.0009225529339135411,0.06022812586389714,0.04677248906226491
20191008116,0.9263294326214329,0.25643347323581345,0.18854455343980409
20191008140,0.7829632579843016,0.1991665535223004,0.15769580220895357
20191008155,0.001746919075250872,0.06749777425982689,0.04618676717685221
20191008169,0.5298815091515908,0.3010268507214799,0.0798797533223715
20191008273,0.8961686385080799,0.16782590696869293,0.06614214018338083
20191008283,0.8419927180378182,0.20027900348572913,0.15031118571442545
20191008295,0.0012015189516705012,0.054256124341571024,0.03486661567929864
20191008323,0.8952446305453737,0.19717638954822164,0.1349292871736756
20191008334,0.8246152818706535,0.20419316639752932,0.15393744121171624
20191008335,0.00419563263884762,0.06472418355285155,0.05836978944731538
20191008349,0.7943541565766122,0.06720439533434346,0.046326717342665844
20191008358,0.9080950532707754,0.06871779384748794,0.07507003630820361
20191008359,0.568618288800004,0.07394263522898513,0.054871769271119836
20191008362,0.7968607885635086,0.06721190578766217,0.04726278897627918
20191008363,0.7808097639609332,0.20234411812892528,0.16191615641629836
20191008378,0.8496781103979488,0.20920886393798532,0.17070502429019413
20191008380,0.9227930093372032,0.25643347323581345,0.18854455343980409
20191008388,0.002685928189682085,0.060210203891920444,0.04852218063722375
20191008393,,,
20191008402,0.0016124934170000387,0.08670358121473327,0.0648417871844656
20191008415,0.8803814836170472,0.16137928537168184,0.13718219803054915
20191008420,0.8937735558050485,0.23509816638439346,0.17539920149553703
20191008442,0.7650885488777862,0.05541488188430764,0.047612653342290985
20191008443,0.0015926131785382097,0.07521621722774846,0.05683210851685361
20191008445,0.0016485756001928449,0.057554458560133595,0.043870393946118476
20191008446,,,
20191008454,,,
20191008456,0.0011780367323872452,0.054256124341571024,0.03486661567929864
20191008469,0.0019511877591055372,0.05435393150774831,0.035888282466964704
20191008473,0.5754057427436164,0.30828624915527825,0.15242335305979063
20191008481,0.5480047211980562,0.3119539717426809,0.17975678708284087
20191008500,0.8675022129427699,0.18157972034979375,0.1496763712916901
20191008537,,,
20191008564,0.6084623050399207,0.19064093075208255,0.14062100940401517
20191008566,0.90172876712124,0.17178616554922588,0.11459936845829119
20191008612,0.7707348061288751,0.07885306267848557,0.05674584500239673
20191008645,0.7407817373883273,0.2951462872207091,0.15733624138764762
20191008646,0.830444741459235,0.20137507811820174,0.13834902481044192
20191008668,0.31718963784450566,0.3238138813992708,0.07848707285899595
20191008691,0.0014117754322969746,0.0542091043658226,0.03480168583417567
20191008693,0.7789303712611726,0.06336853083120586,0.03780767523102133
20191008720,0.7738455311543351,0.1675806293788938,0.06415706967985323
20191008742,0.7436691808329619,0.20968663877975222,0.1365744673785311
20191008751,0.0017857711105622868,0.0542091043658226,0.03480168583417567
20191008755,0.7557650273161326,0.18605265377742425,0.11812422493693144
20191008774,0.7456291052163497,0.20007808697858018,0.1391345142745915
20191008797,0.0010941480271313047,0.24656134678618635,0.14401297713379488
20191008808,0.001104781618742405,0.054256124341571024,0.03486661567929864
20191008812,0.7552695483065868,0.20130364850994517,0.16171063454820966
20191008816,0.0015952831901158144,0.08670358121473327,0.0648417871844656
20191008827,0.41207177649452464,0.1551562913103165,0.11098534999470754
20191008833,0.8873651187862995,0.2425971938851855,0.17697934497488324
20191008838,0.8920680160780328,0.07461033110055693,0.08896644479394082
20191008840,0.7971141541045861,0.06720439533434346,0.046326717342665844
20191008846,0.8955899129525773,0.1789272209422596,0.1284960033815071
20191008862,0.7518998282719823,0.17861458703594568,0.07417569564419824
20191008891,0.8656337119680935,0.21893045333202754,0.16739902026253092
20191008913,0.7957927682091773,0.1749054917857501,0.06736558318082961
20191008924,0.8081783057807563,0.18096207903570888,0.07111010677492255
20191008932,0.7219210079914691,0.05579115742305197,0.05420502798690403
20191008940,0.8211592861832665,0.17715702965691274,0.11762628157193307
20191008960,0.8374843487765437,0.17754069453168037,0.07331849276352956
20191008965,0.0014319868213573759,0.0749456205708294,0.054709202391473484
20191008973,0.8976966464369579,0.1787642419161697,0.12701763703501187
20191008981,0.8700738697245856,0.2592629787085238,0.18914350640760705
20191008983,0.7581018321786274,0.052774627667125124,0.05020393185728273
20191008985,0.8240829290099105,0.19251057939241994,0.15180499706187733
20191008989,0.8587595877908848,0.2268506614886014,0.15705698193115433
20191008994,0.643245865586217,0.3313532425035144,0.1942042791029416
20191008995,0.833407272748182,0.2425971938851855,0.17697934497488324
20191009007,,,
20191009021,0.8802278092298971,0.18713445693600994,0.14119080857599148
20191009058,0.7828127754518612,0.1805705985885841,0.12003917536157077
20191009071,,,
20191009078,0.926969703229353,0.1787642419161697,0.12701763703501187
20191009080,0.6082434288123912,0.2984080859515926,0.15806721860804332
20191009081,0.900994225225454,0.18155490686752684,0.1614593900122884
20191009087,0.7725446051609016,0.06713761907764657,0.05266047495747468
20191009105,0.0011061446653130775,0.2340701849781447,0.1441564005809918
20191009106,0.7962885896310505,0.20194648543454533,0.1493718159136885
20191009120,0.5800435141087535,0.1952878571161843,0.14050109802031532
20191009140,0.8249881455288803,0.19750695829421566,0.08453796689519086
20191009168,0.5890471281576858,0.3287396389278363,0.1896401408517404
20191009183,0.7954135950522867,0.17514486142057334,0.13288977463559384
20191009224,0.8383172730122856,0.1965349848472786,0.14818869965541273
20191009239,0.8090894848499652,0.19002565556880735,0.1533680762911401
20191009269,0.7933964185294327,0.06720439533434346,0.046326717342665844
20191009273,0.7933964185294327,0.06720439533434346,0.046326717342665844
20191009284,,,
20191009285,0.8285214197252077,0.16652706451781774,0.11496086791999556
20191009303,0.37348972753983684,0.26028253159767567,0.17870647135042955
20191009316,,,
20191009322,0.8311273214551346,0.167932282719918,0.11875610909858346
20191009331,,,
20191009378,0.9068340445491585,0.25176395120773176,0.18745475635401707
20191009379,0.8010375533190782,0.18322314830471392,0.11775016580881668
20191009382,0.8635013830501326,0.16624421372160592,0.11402148979192339
20191009391,0.7380534123280891,0.06002178984447486,0.03961135176234148
20191009423,,,
20191009426,0.8091426967486577,0.1936561014364918,0.1392980754404283
20191009436,0.9018171906594206,0.05973828428258238,0.06559376207947641
20191009437,0.5921759910685646,0.31475205251213995,0.179396664763069
20191009442,0.7619946940485055,0.07933500228665591,0.05439395465521226
20191009443,0.0021349740334109216,0.05435393150774831,0.035888282466964704
20191009445,0.7922254316194839,0.06720439533434346,0.046326717342665844
20191009465,0.0015348820958472021,0.06147150449855115,0.043175406897267184
20191009485,,,
20191009496,0.7902632264173134,0.07120642871665525,0.05200903858136351
20191009505,0.8264888644225366,0.17013371574046127,0.11528796164015781
20191009519,0.8928664763276848,0.05973828428258238,0.06559376207947641
20191009524,0.015334851211892282,0.17594513483075747,0.07336799891764972
20191009525,0.8252102490595727,0.20464038313274846,0.15482625340418005
20191009535,0.8213893055415306,0.17254189556259503,0.12821006962259662
20191009542,,,
20191009581,0.8700744382602756,0.1616983219105474,0.1283999187188241
20191009585,0.002944771138024976,0.24903365393429647,0.11260372964106773
20191009592,0.7307800698642261,0.06789015534273597,0.05243662424635554
20191009599,0.873905328396416,0.1724181825782838,0.1427739118401995
20191009616,,,
20191009626,0.730036042361164,0.06789015534273597,0.05243662424635554
20191009630,0.0009712126160311352,0.054256124341571024,0.03486661567929864
20191009638,0.6160217791817721,0.3119539717426809,0.17975678708284087
20191009677,0.8952529235610006,0.19027832687001742,0.13432126826732543
20191009680,,,
20191009681,0.8010375533190782,0.18322314830471392,0.11775016580881668
20191009686,0.7808312889679325,0.19747790332562482,0.15778912557834132
20191009711,0.58822850719941,0.3119539717426809,0.17975678708284087
20191009713,0.8600415265268875,0.15583701396045782,0.10619900089410385
20191009721,0.7732191117719844,0.19982556957389125,0.16048604213108378
20191009722,0.9133895038836989,0.07224321282618584,0.08778250837133654
20191009727,0.07891757599795853,0.1485098914144282,0.09573202240347958
20191009734,0.870785961425552,0.16537515996544472,0.12766928549010387
20191009739,0.7732394422383527,0.06789015534273597,0.05243662424635554
20191009759,0.8783981110892354,0.162125648423813,0.14505980857002382
20191009788,,,
20191009789,,,
20191009797,0.7374587237460698,0.052774627667125124,0.05020393185728273
20191009815,0.9437738047289567,0.055028119963557304,0.026117520791328442
20191009817,0.5966110267867306,0.31379376318881347,0.18580536984752766
20191009819,0.8719349800674857,0.18362442242995014,0.13687330809893306
20191009830,,,
20191009831,0.8416831987760488,0.06586428095885416,0.044421340266015914
20191009836,0.6705847096024107,0.1697057381958358,0.12232054313839621
20191009841,0.001014285098253988,0.21866118930392336,0.13632449842659816
20191009850,0.8821073500064132,0.19252502050036313,0.13204406787218806
20191009868,0.0014604500892627425,0.057554458560133595,0.043870393946118476
20191009939,0.8298403488287548,0.1754264716440192,0.14997577273601673
20191009945,0.7955152346166668,0.19122619402527663,0.1301087749143441
20191009948,,,
20191009969,,,
20191009973,0.8717781033005032,0.1754264716440192,0.14997577273601673
20191009979,0.8681710470756214,0.17650036414828452,0.15172921391537192
20191009982,,,
20191009984,0.0021349740334109216,0.05435393150774831,0.035888282466964704
20191010024,0.742941396846667,0.20378987442847102,0.1320480818390343
20191010030,0.7677848403941401,0.20464038313274846,0.15482625340418005
20191010039,,,
20191010046,,,
20191010048,0.6732373427886345,0.16608992130007363,0.11923823576885495
20191010053,0.6645737746180688,0.16099830714421798,0.10917729670884471
20191010054,0.7847958675831683,0.20027900348572913,0.15031118571442545
20191010056,0.8360198726336263,0.059996196687851756,0.026556018478442304
20191010059,0.7544950194482486,0.21351402704735933,0.16035355571050294
20191010079,,,
20191010088,0.8262055177673733,0.15785177175017837,0.12090422366356868
20191010116,0.8436635730676463,0.1789354197661484,0.14977054306461396
20191010121,0.4658125230411959,0.3699343902395888,0.20661832687390463
20191010124,0.002219726011083701,0.2520375863033164,0.14479467078128302
20191010126,0.775445534317041,0.20378987442847102,0.1320480818390343
20191010151,,,
20191010155,,,
20191010159,0.8859726199449444,0.20555481681615398,0.07906681884964532
20191010179,0.794325696699389,0.06328893356060807,0.0439005533669926
20191010185,0.9191766204183188,0.18001955463428415,0.12700756787733058
20191010206,,,
20191010208,0.8565009114589556,0.20555481681615398,0.07906681884964532
20191010213,0.7510930367852283,0.17467383423730296,0.11606080665211213
20191010218,0.7648411499366857,0.0700504099604877,0.05339909927345609
20191010237,0.0009712126160311352,0.054256124341571024,0.03486661567929864
20191010241,0.7957811105174355,0.1983078192396309,0.13418875645954906
20191010250,0.27961844726533025,0.33707331594124446,0.19649651057793877
20191010271,0.7957090327070929,0.20464038313274846,0.15482625340418005
20191010273,0.8054983006014715,0.23098232627497234,0.17561859268318072
20191010278,0.5489180339993153,0.32860041127935535,0.19351834809464008
20191010279,,,
20191010281,0.8858584619841299,0.20555481681615398,0.07906681884964532
20191010286,0.896641312186961,0.23962846076399416,0.18002674023842447
20191010289,0.8807967360763761,0.21020618586401252,0.08079446262439655
20191010292,0.881037406686789,0.1702550193956377,0.14839471496814027
20191010296,,,
20191010299,0.39373067452555793,0.17182818558522325,0.1210514749447254
20191010305,0.0014898060312790195,0.06158223663250159,0.0233701317853355
20191010322,0.8748767769260768,0.20555481681615398,0.07906681884964532
20191010328,0.8576700686584491,0.1798659876937002,0.1516406754911384
20191010329,0.48856132175066946,0.313964923057073,0.18266230642945433
20191010335,,,
20191010347,0.002215741484486115,0.05435393150774831,0.035888282466964704
20191010350,0.775445534317041,0.20378987442847102,0.1320480818390343
20191010367,0.8260107504528403,0.06655004096724668,0.050279952080769214
20191010394,0.730964492718292,0.056124054640998525,0.05704710914570462
20191010408,,,
20191010411,,,
20191010414,0.7374931862250751,0.06789015534273597,0.05243662424635554
20191010418,0.9134644403109907,0.06796357679833245,0.08494492055002308
20191010421,0.7957811105174355,0.1983078192396309,0.13418875645954906
20191010430,,,
20191010433,0.6009780736305042,0.2988997165319447,0.16141635798680115
20191010448,0.003172734471105954,0.07273915335442185,0.05109667000878932
20191010483,0.9025077831962441,0.057617987242275716,0.035657281506420176
20191010484,0.9130769289079855,0.21899972704863596,0.1698173158035139
20191010497,0.879815395854679,0.06464730342441316,0.08564328436007998
20191010506,0.5733051384006178,0.31534829617108356,0.1846214779558257
20191010510,,,
20191010512,0.9649378849732794,0.0600570375409867,0.05495489911282217
20191010514,0.7212984934390565,0.18705888987867458,0.07102659141676923
20191010516,0.8085373922748159,0.07120642871665525,0.05200903858136351
20191010529,,,
20191010532,0.8060093728127834,0.19058884255792097,0.13510926836073175
20191010543,,,
20191010555,0.8492878890846683,0.2141039432656502,0.16815412239547273
20191010563,0.8480370158686733,0.16933752488564216,0.06455983943537386
20191010564,0.849100897662376,0.2141039432656502,0.16815412239547273
20191010565,0.7723511341001777,0.207839967839882,0.15693068784264794
20191010567,,,
20191010580,0.5448563609164535,0.313964923057073,0.18266230642945433
20191010582,,,
20191010585,,,
20191010593,0.4658125230411959,0.3699343902395888,0.20661832687390463
20191010600,0.6373381656004055,0.15981722776158577,0.11413396791369095
20191010603,0.3408251028533397,0.30622933265128416,0.1803442957795173
20191010606,0.018510721677541184,0.1748712423264921,0.07252013009114379
20191010609,0.48269642784912364,0.19287268362126697,0.06726682263606322
20191010610,0.7826401430701885,0.05541488188430764,0.047612653342290985
20191010611,0.5577556488405618,0.313964923057073,0.18266230642945433
20191010613,,,
20191010619,,,
20191010620,0.673104726604647,0.16716381380433898,0.12063230915108573
20191010628,0.5632582913154325,0.3036967235242163,0.17855762350324075
20191010631,0.8716993725734171,0.19252502050036313,0.13204406787218806
20191010640,0.0017146384581572436,0.24973192910938158,0.1338654680853862
20191010647,0.7551680608900617,0.06720439533434346,0.046326717342665844
20191010699,,,
20191010712,,,
20191010724,0.8509687612204813,0.1823010433115641,0.14968314758198178
20191010725,0.856257203452564,0.1754264716440192,0.14997577273601673
20191010733,,,
20191010745,0.9467731796710589,0.05772603512955867,0.04249202225029781
20191010749,,,
20191010754,0.7661481748503651,0.06789015534273597,0.05243662424635554
20191010755,,,
20191010764,,,
20191010782,,,
20191010795,0.8810023703912677,0.1799251993410997,0.12824021166403404
20191010801,0.7295378067617198,0.06789015534273597,0.05243662424635554
20191010808,0.7669385068735239,0.06789015534273597,0.05243662424635554
20191010818,0.9376695536692209,0.059724140323040145,0.05221705164445315
20191010820,,,
20191010821,,,
20191010841,0.9310586186486481,0.17988613426439892,0.1383452375817029
20191010843,,,
20191010846,0.8594381956607112,0.18433970606391303,0.13620600173354414
20191010862,,,
20191010875,0.8470209435981703,0.1823010433115641,0.14968314758198178
20191010878,0.7963957690492165,0.23976768841247514,0.17641891175713328
20191010879,0.9076939138358476,0.19825554840643264,0.13898241855482324
20191010881,0.877875595375942,0.21695952924549283,0.08933873247337493
20191010888,0.8090727083809776,0.06720439533434346,0.046326717342665844
20191010896,,,
20191010902,0.8942334048017125,0.051057800099638714,0.030211994974643164
20191010904,,,
20191010911,0.4150560117586434,0.2885919377433168,0.17814622040074501
20191010920,0.7775384648939829,0.055029995295819666,0.03423930979496278
20191010932,,,
20191010936,0.8108524926046834,0.25643347323581345,0.18854455343980409
20191010937,0.8402973227629938,0.17389453864031623,0.06661076156588652
20191010950,0.8465737319053644,0.059996196687851756,0.026556018478442304
20191010976,0.8869170096129935,0.23976768841247514,0.17641891175713328
20191010981,,,
20191010988,0.7914356519627108,0.20500270987640296,0.16236892966905403
20191010991,0.8580845345347102,0.17650036414828452,0.15172921391537192
20191010994,0.8851683299660024,0.1799251993410997,0.12824021166403404
20191011006,0.7332227231363633,0.16680777064640118,0.11428189090147875
20191011012,,,
20191011018,,,
20191011019,,,
20191011026,0.6703954472052066,0.19364089374469196,0.1454187139110643
20191011033,0.8539203425547749,0.1823010433115641,0.14968314758198178
20191011038,0.49744548058688826,0.2939075491084757,0.08948335562449045
20191011044,0.8494581608174341,0.22276840761940153,0.17173714981289692
20191011051,0.5660902120759819,0.30220586797234594,0.17591848429607782
20191011054,,,
20191011057,0.7867715350461175,0.21135752397443353,0.15701059403265186
20191011062,0.8036928250195632,0.20500270987640296,0.16236892966905403
20191011067,0.5432529542297558,0.19399074028523372,0.0603934263715661
20191011069,0.5639512790330908,0.05409373239451881,0.03429338401267447
20191011070,0.011839620566361644,0.21841742980740395,0.14957104765436857
20191011071,0.776729779123743,0.21135752397443353,0.15701059403265186
20191011098,0.5230033456881261,0.1967314758129469,0.06893902167169282
20191011113,0.8358002378703145,0.059996196687851756,0.026556018478442304
20191011125,0.0046105662150929165,0.06235704807678473,0.050747980603998356
20191011126,0.8813289880209049,0.16348786036811935,0.13213052009498708
20191011127,0.6440927691170161,0.30560019240074854,0.18067930061257145
20191011128,,,
20191011143,,,
20191011155,0.5891988369803194,0.30560019240074854,0.18067930061257145
20191011157,0.7640586286879384,0.06789015534273597,0.05243662424635554
20191011158,0.7819966828093537,0.05541488188430764,0.047612653342290985
20191011161,0.8413568003853782,0.059996196687851756,0.026556018478442304
20191011173,0.8770887817376694,0.18598178659105852,0.13536845839795533
20191011176,0.7663022592175059,0.06789015534273597,0.05243662424635554
20191011177,0.8648176336119097,0.18753930486594722,0.14217260756091613
20191011178,0.8925351078737971,0.06464730342441316,0.08564328436007998
20191011196,0.6644462213788236,0.2974375017877221,0.17021837128500653
20191011207,0.7917910832014674,0.06720439533434346,0.046326717342665844
20191011209,0.6527765593940278,0.35503907680587643,0.20251236743739426
20191011211,0.8630373124766186,0.17647338033479237,0.146459448121295
20191011221,0.7722631113160698,0.06713010862432785,0.05161749848723219
20191011225,,,
20191011232,0.8176955129466417,0.2013073921038013,0.14290236521597824
20191011258,,,
20191011264,0.8038826535487227,0.20299367977417443,0.08041109764609913
20191011267,,,
20191011272,0.587209413434543,0.30220586797234594,0.17591848429607782
20191011273,,,
20191011277,,,
20191011291,0.6227421882374136,0.11606688844466609,0.08973032264451661
20191011292,0.7303515062634967,0.06713010862432785,0.05161749848723219
20191011306,0.6149599253200161,0.31654445776920254,0.1865514213857957
20191011315,,,
20191011319,0.8482748826431481,0.20379655962028065,0.15038772137695605
20191011321,,,
20191011322,0.5876541895216982,0.05322712672645659,0.04160849585452721
20191011325,0.7583624907157743,0.06789015534273597,0.05243662424635554
20191011353,,,
20191011354,,,
20191011355,0.18681719212347767,0.24228004701558567,0.17694396588725014
20191011356,,,
20191011357,,,
20191011358,,,
20191011359,,,
20191011360,,,
20191011361,,,
20191011362,,,
20191011363,,,
20191011364,,,
20191011365,,,
20191011366,,,
20191011367,,,
20191011368,,,
20191011369,,,
20191011370,,,
20191011371,,,
20191011372,,,
20191011373,,,
20191011374,,,
20191011375,,,
20191011376,,,
20191011377,,,
20191011378,,,
20191011379,,,
20191011380,,,
20191011381,,,
20191011382,,,
20191011383,,,
20191011384,,,
20191011385,,,
20191011386,,,
20191011387,,,
20191011388,,,
20191011389,,,
20191011390,,,
20191011391,,,
20191011392,,,
20191011393,,,
20191011399,,,
20191011404,,,
20191011406,0.8937735558050485,0.23509816638439346,0.17539920149553703
20191011408,0.8828022659642333,0.21284097221205878,0.07798991262790667
20191011412,,,
20191011413,,,
20191011414,0.5785549773768467,0.3104559749349438,0.18291260748571753
20191011417,0.5017506240439323,0.3010268507214799,0.0798797533223715
20191011419,,,
20191011424,0.6249587926669954,0.18097780635244387,0.05426436451207772
20191011429,,,
20191011434,0.8836179150339761,0.06464730342441316,0.08564328436007998
20191011438,0.5834413020097586,0.18097780635244387,0.05426436451207772
20191011450,0.4518018770990301,0.3151398938967811,0.08283104569573477
20191011452,,,
20191011457,,,
20191011463,,,
20191011470,,,
20191011492,0.7983728023106401,0.06720439533434346,0.046326717342665844
20191011493,0.7916614843495006,0.06720439533434346,0.046326717342665844
20191011494,0.7787853783108473,0.19982556957389125,0.16048604213108378
20191011496,0.4305351784686065,0.30442117514988254,0.08204150928847331
20191011498,0.8954470311134307,0.06464730342441316,0.08564328436007998
20191011512,0.91669318318845,0.053522537116544006,0.037981252591037455
20191011514,0.8498326537295388,0.187542918530891,0.07202346883033946
20191011522,0.5838171002774564,0.31475205251213995,0.179396664763069
20191011539,0.7722631113160698,0.06789015534273597,0.05243662424635554
20191011549,0.8694693468039261,0.16799043033093708,0.1299500043551826
20191011553,0.8426619512574495,0.1789354197661484,0.14977054306461396
20191011556,0.9483622135535189,0.21899972704863596,0.1698173158035139
20191011559,0.013481190926416782,0.18019684357090654,0.1221235451107282
20191011560,0.018727024733757074,0.16271637504940412,0.10632294359611903
20191011565,,,
20191011566,0.8599829338134601,0.1798659876937002,0.1516406754911384
20191011570,0.634773253804439,0.19865687076465316,0.14491087006786263
20191011592,0.6583333804287321,0.32299339898701107,0.18705197876949106
20191011593,,,
20191011595,0.5678486620927998,0.31475205251213995,0.179396664763069
20191011600,0.8219022862180598,0.18322314830471392,0.11775016580881668
20191011601,0.0019023581243176177,0.06225937084954615,0.05138188501668426
20191011604,0.891528097672528,0.2070101315331994,0.15983324306981686
20191011607,0.7023162578771208,0.1966761441976509,0.14117434990570188
20191011616,0.7587449452973822,0.06720439533434346,0.046326717342665844
20191011617,0.52473296606539,0.31534829617108356,0.1846214779558257
20191011622,0.7951458326508771,0.06720439533434346,0.046326717342665844
20191011623,0.6402447772191697,0.3040003153524885,0.17345920221424813
20191011624,0.8158590960978566,0.06655004096724668,0.050279952080769214
20191011638,0.7936888372886595,0.06720439533434346,0.046326717342665844
20191011640,0.0011530985585161415,0.07296426847626142,0.049802390234778025
20191011645,0.8913803855048071,0.19717638954822164,0.1349292871736756
20191011652,,,
20191011653,0.827972190561845,0.22587205670363325,0.14417747589861288
20191011656,0.5884171420472543,0.34674921946226045,0.19095291033310266
20191011665,0.8854609955792697,0.19252502050036313,0.13204406787218806
20191011677,0.8085246304169479,0.18455668493204308,0.06190028601772555
20191011680,0.8042433910537365,0.18322314830471392,0.11775016580881668
20191011684,,,
20191011688,0.7180624154454215,0.20079280446672182,0.13076379463562243
20191011695,0.7660027541536587,0.06789015534273597,0.05243662424635554
20191011702,0.5767165856605229,0.31534829617108356,0.1846214779558257
20191011711,0.8937735558050485,0.23509816638439346,0.17539920149553703
20191011715,0.5540948835725836,0.3010268507214799,0.0798797533223715
20191011717,0.9380109762236348,0.06068121517365933,0.05402424076334153
20191011718,0.8506316234034222,0.19252502050036313,0.13204406787218806
20191011725,0.8567922236386898,0.1754264716440192,0.14997577273601673
20191011735,0.7744365824768347,0.17774109311587377,0.11965905223865217
20191011739,0.8927021345887105,0.19252502050036313,0.13204406787218806
20191011741,,,
20191011743,0.8866499883887446,0.16624421372160592,0.11402148979192339
20191011745,,,
20191011749,0.8848007247436979,0.2000980972485054,0.14782993826140634
20191011775,0.8269277941985902,0.06655004096724668,0.050279952080769214
20191011778,,,
20191011779,0.6008851208039537,0.1873756296595311,0.0586747302560462
20191011789,0.7732394422383527,0.06789015534273597,0.05243662424635554
20191011790,0.630806180520183,0.1710165133493932,0.060595390605368483
20191011798,0.6871386531104575,0.2956869731968434,0.15833344950993772
20191011800,,,
20191011802,,,
20191011809,0.44525803392395674,0.3091895413345064,0.0847888383282991
20191011828,0.7893644581921551,0.20282267136724638,0.15322325629818392
20191011830,0.5778492473308157,0.313964923057073,0.18266230642945433
20191011835,0.5068746802070575,0.3010268507214799,0.0798797533223715
20191011838,0.8790771146701872,0.19252502050036313,0.13204406787218806
20191011840,0.5234404063808922,0.3119539717426809,0.17975678708284087
20191011843,0.8321501981170455,0.18211703664123144,0.06423364343020452
20191011846,,,
20191011851,0.8937735558050485,0.23509816638439346,0.17539920149553703
20191011855,0.7843589079290512,0.0700504099604877,0.05339909927345609
20191011856,0.6027412237884677,0.20119210073024052,0.06834017456133269
20191011858,,,
20191011862,,,
20191011863,0.4721737060120726,0.30442117514988254,0.08204150928847331
20191011864,0.696595882582389,0.14953805793092467,0.10673487775757322
20191011866,0.8669657382038587,0.19027832687001742,0.13432126826732543
20191011868,0.5287755822198459,0.30442117514988254,0.08204150928847331
20191011869,0.856256358919745,0.1936561014364918,0.1392980754404283
20191011870,0.8255856133194154,0.19838710425901407,0.07375266638762305
20191011873,0.8979761423600167,0.07358332720167514,0.09154778826113619
20191011878,0.5408267067000301,0.31654445776920254,0.1865514213857957
20191011881,0.9017378179292429,0.19252502050036313,0.13204406787218806
20191011885,0.5923312553761958,0.31534829617108356,0.1846214779558257
20191011889,0.6098055251990867,0.3096394197043254,0.17828819520031217
20191011890,0.8397091418360946,0.19132565092378484,0.0673913365380487
20191011892,0.010689979785977178,0.16769883369180083,0.07845448621730235
20191011901,0.5641690271587245,0.3010268507214799,0.0798797533223715
20191011909,0.434525701499209,0.21556738289960467,0.06575793959397679
20191011918,0.7843589079290512,0.0700504099604877,0.05339909927345609
20191011922,,,
20191011926,0.31663270218566375,0.3382534640965543,0.19916024365721946
20191011931,,,
20191011939,0.7943817007742895,0.06720439533434346,0.046326717342665844
20191011943,0.9227930093372032,0.25643347323581345,0.18854455343980409
20191011944,0.5236441533483117,0.31534829617108356,0.1846214779558257
20191011948,0.5741248341847418,0.1870343936024027,0.057280655378119806
20191011951,,,
20191011963,,,
20191011964,0.7683943588094561,0.05904504801188308,0.04122811876864231
20191011968,0.7706117726735381,0.06713010862432785,0.05161749848723219
20191011976,0.8274666502596982,0.1936561014364918,0.1392980754404283
20191011977,0.8268702608682325,0.06655004096724668,0.050279952080769214
20191011982,0.0006463963642930019,0.06022812586389714,0.04677248906226491
20191011983,,,
20191011984,0.8341257856322558,0.20027900348572913,0.15031118571442545
20191011987,0.6156446666795059,0.19480052332267794,0.14330131135776303
20191011989,,,
20191011995,,,
20191011996,,,
20191011997,,,
20191011998,,,
20191011999,,,
20191012000,,,
20191012001,,,
20191012002,,,
20191012006,0.913553063535753,0.2545934566804421,0.18805024734327472
20191012013,0.7307800698642261,0.06789015534273597,0.05243662424635554
20191012017,0.9086788290127457,0.053119317828762655,0.024104592056910075
20191012018,0.8148470770501064,0.06328893356060807,0.0439005533669926
20191012025,0.7780157824315198,0.0700504099604877,0.05339909927345609
20191012027,0.7616067573879701,0.06720439533434346,0.046326717342665844
20191012030,0.8042393725991043,0.1749054917857501,0.06736558318082961
20191012033,,,
20191012037,0.5408550985495125,0.31807883564133144,0.19092006957668295
20191012040,,,
20191012049,,,
20191012055,0.7802057336865481,0.18161254900638174,0.13695911897927793
20191012056,0.8189924024058564,0.06586428095885416,0.044421340266015914
20191012063,0.8551367124434555,0.21070961883724756,0.1637233387535621
20191012066,,,
20191012071,0.7953418947144614,0.06720439533434346,0.046326717342665844
20191012072,0.7780157824315198,0.0700504099604877,0.05339909927345609
20191012073,0.8255812708259809,0.21981139164279756,0.1679072534631953
20191012077,0.8902820817395435,0.1891656624856789,0.14396099037144514
20191012084,0.8356107189442612,0.167932282719918,0.11875610909858346
20191012093,0.835173122221216,0.059996196687851756,0.026556018478442304
20191012095,0.8709176056014529,0.16124437910908618,0.125181395814706
20191012096,0.8763004115725993,0.1750334529437762,0.1453244638615804
20191012100,,,
20191012107,,,
20191012113,,,
20191012116,0.7949123746505112,0.06720439533434346,0.046326717342665844
20191012117,0.7477827984170594,0.06720439533434346,0.046326717342665844
20191012119,,,
20191012121,0.8697076382508555,0.21846444561631193,0.07922231654156414
20191012125,0.657688621493383,0.16687705075514053,0.1171064913571888
20191012126,0.44812818311158437,0.3036556528788107,0.09143576110727264
20191012128,0.8459510954027115,0.05574466802735573,0.0225047330984171
20191012131,0.7535346217971031,0.17510682381063827,0.12186940664677269
20191012132,0.8696820027442609,0.1743596073280971,0.12955138278568873
20191012135,0.00285006768474566,0.05916093239041091,0.03552878443786507
20191012136,0.8060496060179492,0.07120642871665525,0.05200903858136351
20191012141,0.5194613500700351,0.19167191376567816,0.06674332385828158
20191012142,0.8377899900496222,0.16187569546995922,0.11250263722756183
20191012148,0.727498362077032,0.05904504801188308,0.04122811876864231
20191012152,,,
20191012154,0.772926958851322,0.06789015534273597,0.05243662424635554
20191012157,0.880831954717848,0.17647338033479237,0.146459448121295
20191012166,0.8576125403132174,0.16608191691712448,0.12620075153882854
20191012168,0.5510039669938838,0.19352238512275285,0.1427127411263536
20191012175,0.8362753339550203,0.16187569546995922,0.11250263722756183
20191012180,0.5375838472944858,0.3081083086866774,0.17983881968284682
20191012182,0.9083029234232783,0.05107918044033896,0.02929282721308381
20191012184,0.7298458364643486,0.20768973802319612,0.15433531814288814
20191012185,,,
20191012193,0.7713383612116009,0.06789015534273597,0.05243662424635554
20191012195,0.5850434718794523,0.32084053534639867,0.1829655334503655
20191012203,0.6176036782827671,0.31534829617108356,0.1846214779558257
20191012210,0.8008878993745572,0.06720439533434346,0.046326717342665844
20191012216,0.8473810615376584,0.1789354197661484,0.14977054306461396
20191012218,0.5077441141798077,0.3084450236205517,0.18000310672347614
20191012221,,,
20191012225,,,
20191012226,0.7957369801524429,0.06720439533434346,0.046326717342665844
20191012235,0.8907568038753683,0.17698518471086955,0.14752964994360288
20191012251,0.9175869859679997,0.262934198691849,0.1941342292959303
20191012255,0.6105770814163649,0.20639751015009633,0.07361769592557312
20191012261,0.6474736957474487,0.16172684148625263,0.11614717009254259
20191012263,0.8726568661955122,0.22414493469262925,0.1721307356890847
20191012273,0.34144219284768396,0.33635764110983724,0.10143808434239755
20191012276,0.9014711037593351,0.2379276718571038,0.17595639538085164
20191012283,0.8638338886201087,0.2592629787085238,0.18914350640760705
20191012285,0.7873295901880616,0.06720439533434346,0.046326717342665844
20191012293,0.5936248877656738,0.3119539717426809,0.17975678708284087
20191012294,,,
20191012302,0.5900624031546646,0.31654445776920254,0.1865514213857957
20191012303,0.8005718218042354,0.06720439533434346,0.046326717342665844
20191012305,0.8988571779788151,0.1814592514293552,0.1319710050358681
20191012307,0.8388890030176867,0.167932282719918,0.11875610909858346
20191012313,0.8796717005891282,0.05643409880975521,0.045756083640106915
20191012315,0.8560565469470633,0.17854240106590546,0.14512559912882392
20191012317,0.5530706214024815,0.2988997165319447,0.16141635798680115
20191012318,0.12103213335002494,0.19698618766522527,0.12830589268197903
20191012326,,,
20191012336,0.8048935239878117,0.06328893356060807,0.0439005533669926
20191012338,0.8883437364285217,0.18284995118780978,0.13610505681424634
20191012341,0.7928753108480027,0.15905056836723905,0.11174268069648298
20191012349,0.45784935654233017,0.3036556528788107,0.09143576110727264
20191012350,0.43768641271554715,0.2987817499777876,0.09504181808795739
20191012354,0.8908123040480899,0.2592629787085238,0.18914350640760705
20191012357,,,
20191012359,0.5700379847243919,0.3174198195897405,0.18760069804134638
20191012361,0.8515416763457001,0.1754264716440192,0.14997577273601673
20191012370,0.7891886175960859,0.06578999424883855,0.04949451624257818
20191012372,0.4213758794312233,0.30842401906343453,0.0944976760323785
20191012378,0.5853433045765416,0.3036556528788107,0.09143576110727264
20191012379,0.8603613372894289,0.1754264716440192,0.14997577273601673
20191012381,0.7818096869532497,0.18484313982190959,0.13845946485222466
20191012385,0.855616510017392,0.16187569546995922,0.11250263722756183
20191012386,0.8626509483917383,0.0545434429436981,0.03316565930877441
20191012396,0.7928798352223406,0.15905056836723905,0.11174268069648298
20191012400,0.7730628248255658,0.06789015534273597,0.05243662424635554
20191012406,0.7676108428801731,0.20968663877975222,0.1365744673785311
20191012408,,,
20191012419,0.8016724284806662,0.06720439533434346,0.046326717342665844
20191012425,0.8417026739442214,0.23279948823348542,0.16307352075866655
20191012427,0.7962022938457067,0.17194200902591314,0.06608422840063653
20191012428,0.01357803019776202,0.1745176748256076,0.11809153237040657
20191012434,,,
20191012453,0.9008686461919965,0.1787642419161697,0.12701763703501187
20191012456,,,
20191012464,0.7385367135509574,0.06789015534273597,0.05243662424635554
20191012468,0.863962380674907,0.0545434429436981,0.03316565930877441
20191012473,0.5425737947665213,0.3104559749349438,0.18291260748571753
20191012474,0.46306440749855027,0.30842401906343453,0.0944976760323785
20191012475,,,
20191012476,0.8022625757815511,0.2425971938851855,0.17697934497488324
20191012477,0.5441241862845257,0.3081083086866774,0.17983881968284682
20191012479,0.5298572944735004,0.3104559749349438,0.18291260748571753
20191012482,0.499408405395412,0.3036556528788107,0.09143576110727264
20191012485,0.8601561490846779,0.1662186256370502,0.11043039310990492
20191012486,,,
20191012487,,,
20191012490,0.7732394422383527,0.06789015534273597,0.05243662424635554
20191012498,,,
20191012510,0.7891105548063668,0.06720439533434346,0.046326717342665844
20191012511,,,
20191012521,0.8050496862842382,0.06328893356060807,0.0439005533669926
20191012522,,,
20191012525,,,
20191012526,,,
20191012527,,,
20191012528,,,
20191012529,,,
20191012530,,,
20191012531,,,
20191012532,,,
20191012533,,,
20191012534,,,
20191012535,,,
20191012536,,,
20191012537,,,
20191012538,,,
20191012539,,,
20191012540,0.5806024229661115,0.313964923057073,0.18266230642945433
20191012542,0.7643424690639237,0.06586428095885416,0.044421340266015914
20191012547,0.566962076443569,0.18585940604622062,0.05114328805530239
20191012548,0.8610848953450252,0.16954527391151006,0.11373887881265288
20191012555,0.5007036542545475,0.30212866380937503,0.1781994991711555
20191012560,,,
20191012569,0.8211781815207383,0.1725535625037469,0.13161475997139555
20191012571,,,
20191012573,,,
20191012574,0.7661218729018092,0.06789015534273597,0.05243662424635554
20191012580,0.8108743839844915,0.06655004096724668,0.050279952080769214
20191012581,0.8221467524829043,0.21087496898739988,0.16818436261691416
20191012585,0.8591926747681734,0.1735601807196943,0.13334913057874528
20191012587,,,
20191012590,,,
20191012591,0.6767609123285524,0.31171094312298236,0.18116521567503227
20191012595,0.7282576500303428,0.20137507811820174,0.13834902481044192
20191012599,0.8704374981457327,0.18753930486594722,0.14217260756091613
20191012600,0.8767892264841936,0.05268069873748818,0.019599276039679116
20191012602,0.9281829531332587,0.21899972704863596,0.1698173158035139
20191012604,,,
20191012606,,,
20191012607,0.833585238269486,0.18824519544667917,0.14936793090158104
20191012608,0.7606215210135954,0.06789015534273597,0.05243662424635554
20191012610,,,
20191012611,0.7607116480128228,0.06720439533434346,0.046326717342665844
20191012613,0.881686319034215,0.05643409880975521,0.045756083640106915
20191012618,,,
20191012622,0.862663812538353,0.051755935578911436,0.02067777817659199
20191012623,0.9237578239042589,0.25643347323581345,0.18854455343980409
20191012629,0.845845172121446,0.059996196687851756,0.026556018478442304
20191012631,0.8952529235610006,0.19027832687001742,0.13432126826732543
20191012636,,,
20191012638,0.0013821382774271366,0.06789015534273597,0.05243662424635554
20191012640,0.7613088148833215,0.06789015534273597,0.05243662424635554
20191012647,0.813775576492171,0.17774109311587377,0.11965905223865217
20191012648,0.7380293811008456,0.06789015534273597,0.05243662424635554
20191012649,,,
20191012651,0.8781492666852414,0.25643347323581345,0.18854455343980409
20191012656,0.7694259682840942,0.06713010862432785,0.05161749848723219
20191012657,0.8926364914928137,0.056263664403746055,0.08138745898696204
20191012661,,,
20191012663,0.7282576500303428,0.20137507811820174,0.13834902481044192
20191012664,0.810444592963183,0.07120642871665525,0.05200903858136351
20191012668,0.7683439809331,0.06789015534273597,0.05243662424635554
20191012669,0.6795612906198855,0.18221014249321324,0.04888026361888189
20191012671,0.7305819046910254,0.06789015534273597,0.05243662424635554
20191012673,0.6170855802228294,0.3040003153524885,0.17345920221424813
20191012675,,,
20191012677,0.8559760606122856,0.22232722292712714,0.17034857623553085
20191012683,0.7973583629560157,0.06720439533434346,0.046326717342665844
20191012685,0.8388646299483843,0.059996196687851756,0.026556018478442304
20191012687,0.7794955766738729,0.0700504099604877,0.05339909927345609
20191012692,0.7727501695830824,0.06789015534273597,0.05243662424635554
20191012698,0.45439426795913795,0.31475205251213995,0.179396664763069
20191012700,0.7988902711417262,0.06720439533434346,0.046326717342665844
20191012708,0.5140700039793881,0.31475205251213995,0.179396664763069
20191012711,0.46111177200303993,0.1930720847595252,0.053789709195029234
20191012714,0.8110091222481617,0.06720439533434346,0.046326717342665844
20191012720,0.8953255642501419,0.23976768841247514,0.17641891175713328
20191012723,0.7973583629560157,0.06720439533434346,0.046326717342665844
20191012726,0.766369282529156,0.06789015534273597,0.05243662424635554
20191012730,0.8858628851175891,0.17593473644345936,0.12661541550433192
20191012732,0.528269675646417,0.3081083086866774,0.17983881968284682
20191012733,0.7975589283463601,0.06720439533434346,0.046326717342665844
20191012737,0.021887766412824538,0.1737481744712046,0.06849917519740795
20191012739,,,
20191012746,0.7613088148833215,0.06789015534273597,0.05243662424635554
20191012747,0.8687100234093176,0.19004089456723247,0.1566414809530162
20191012748,0.7934444513272495,0.06720439533434346,0.046326717342665844
20191012749,0.7300843040411453,0.06789015534273597,0.05243662424635554
20191012751,0.8162326412685292,0.06328893356060807,0.0439005533669926
20191012752,0.8677036650383927,0.1616983219105474,0.1283999187188241
20191012753,0.5627200913606049,0.31706389619393505,0.18236379858718776
20191012754,,,
20191012755,0.8123963447586684,0.20137507811820174,0.13834902481044192
20191012758,0.561881117900988,0.19492133666408418,0.054184364056371725
20191012759,0.8826169395460308,0.21893045333202754,0.16739902026253092
20191012761,0.4405266437422853,0.2911670075608521,0.06318908930329631
20191012766,0.9420091870861751,0.0567076105671133,0.048362696227731775
20191012767,0.773725024246578,0.06789015534273597,0.05243662424635554
20191012771,0.6576089846412116,0.19452841518067998,0.05344040966923501
20191012772,0.8199700532038907,0.23098232627497234,0.17561859268318072
20191012776,0.8551011273612699,0.16624421372160592,0.11402148979192339
20191012779,0.8789560511213483,0.23976768841247514,0.17641891175713328
20191012780,0.8939778952675566,0.056263664403746055,0.08138745898696204
20191012781,0.8845052189018161,0.17061172405254943,0.12243593144279488
20191012782,,,
20191012786,,,
20191012787,0.7609129495224061,0.06713010862432785,0.05161749848723219
20191012788,0.8969991866223735,0.051057800099638714,0.030211994974643164
20191012790,0.5506186008182489,0.18872765785062562,0.051222301610839654
20191012793,0.8975152770206821,0.051057800099638714,0.030211994974643164
20191012795,0.7298375319941937,0.06789015534273597,0.05243662424635554
20191012796,,,
20191012798,0.9187724784019459,0.21831673079260094,0.16954548562082025
20191012799,0.7849723322894708,0.06336853083120586,0.03780767523102133
20191012800,0.8985613948801403,0.25176395120773176,0.18745475635401707
20191012801,,,
20191012802,0.773069351227072,0.06789015534273597,0.05243662424635554
20191012807,0.7916413187713787,0.06720439533434346,0.046326717342665844
20191012810,,,
20191012812,,,
20191012816,0.762428321790305,0.06789015534273597,0.05243662424635554
20191012817,0.4409195598213882,0.07802377020073771,0.03796443704787875
20191012819,0.7968364463749132,0.06720439533434346,0.046326717342665844
20191012821,0.8068978704229511,0.16496879996008104,0.11649725968489799
20191012822,0.9167119384164325,0.07544998261163871,0.08543423031336919
20191012834,0.7657705008507393,0.06789015534273597,0.05243662424635554
20191012839,0.7893150267904779,0.17608162391650212,0.12443636252580498
20191012845,0.8781492666852414,0.25643347323581345,0.18854455343980409
20191012849,0.7607244704048423,0.06720439533434346,0.046326717342665844
20191012851,0.7701340832256119,0.06789015534273597,0.05243662424635554
20191012853,0.7946156067789522,0.06720439533434346,0.046326717342665844
20191012857,0.7943541565766122,0.06720439533434346,0.046326717342665844
20191012861,0.9165655438089282,0.25643347323581345,0.18854455343980409
20191012864,,,
20191012866,0.7645578265817995,0.07933500228665591,0.05439395465521226
20191012871,0.8953255642501419,0.23976768841247514,0.17641891175713328
20191012873,0.7747514753804312,0.06336853083120586,0.03780767523102133
20191012877,,,
20191012881,,,
20191012882,0.6871627474691141,0.21087496898739988,0.16818436261691416
20191012883,0.6582227474943857,0.3287396389278363,0.1896401408517404
20191012893,,,
20191012894,0.7720859576070156,0.06789015534273597,0.05243662424635554
20191012896,,,
20191012906,0.7631120436766131,0.06789015534273597,0.05243662424635554
20191012907,0.8789560511213483,0.23976768841247514,0.17641891175713328
20191012910,0.7988902711417262,0.06720439533434346,0.046326717342665844
20191012915,0.7727501695830824,0.06789015534273597,0.05243662424635554
20191012918,,,
20191012919,0.4570384211381303,0.20584426890647034,0.07481871880152723
20191012922,0.7951057667254171,0.06720439533434346,0.046326717342665844
20191012923,0.791073455272965,0.06720439533434346,0.046326717342665844
20191012927,0.8627787423088528,0.19004089456723247,0.1566414809530162
20191012935,0.7380293811008456,0.06789015534273597,0.05243662424635554
20191012941,0.8914707683383486,0.1754264716440192,0.14997577273601673
20191012942,0.4212110515843504,0.3076733177211958,0.07390540976627359
20191012945,0.7859601675187353,0.06336853083120586,0.03780767523102133
20191012946,,,
20191012957,0.8180386684183728,0.1725535625037469,0.13161475997139555
20191012959,0.8768783036417376,0.25643347323581345,0.18854455343980409
20191012960,0.8636107023496545,0.16187569546995922,0.11250263722756183
20191012964,,,
20191012966,0.7293390658605731,0.06789015534273597,0.05243662424635554
20191012967,0.5622857188822677,0.31475205251213995,0.179396664763069
20191012970,,,
20191012971,0.7968700859926551,0.06720439533434346,0.046326717342665844
20191012972,0.7150344728170102,0.06713010862432785,0.05161749848723219
20191012973,0.6798535722841678,0.2066082469098116,0.13488287844320962
20191012975,0.8556778103255509,0.18362442242995014,0.13687330809893306
20191012979,,,
20191012980,,,
20191012981,0.5421942325832769,0.313964923057073,0.18266230642945433
20191012986,,,
20191012987,0.5377376776484895,0.29951062710816934,0.06962645104843185
20191012988,0.5260261858861504,0.31534829617108356,0.1846214779558257
20191012991,,,
20191012993,0.8711808670304748,0.16017048660482083,0.1237347514365634
20191012996,,,
20191012998,0.7874091616476827,0.07013572466314258,0.044386027055013356
20191013003,0.8010375533190782,0.18322314830471392,0.11775016580881668
20191013005,0.8309779677878277,0.06586428095885416,0.044421340266015914
20191013012,0.7988966200861513,0.06655004096724668,0.050279952080769214
20191013016,,,
20191013018,,,
20191013020,0.4837323538258228,0.29951062710816934,0.06962645104843185
20191013023,0.7956212782189748,0.06720439533434346,0.046326717342665844
20191013025,,,
20191013027,0.8130756827197593,0.07120642871665525,0.05200903858136351
20191013029,0.8117631887839609,0.20088508029535557,0.16040225602580935
20191013030,,,
20191013038,0.8867083002247892,0.15282980658146084,0.1159479138684285
20191013040,,,
20191013043,0.7701340832256119,0.06789015534273597,0.05243662424635554
20191013047,,,
20191013048,0.019542902120338476,0.1737481744712046,0.06849917519740795
20191013049,0.767994936336316,0.06789015534273597,0.05243662424635554
20191013053,0.7740432370364865,0.06789015534273597,0.05243662424635554
20191013055,0.5995306086534051,0.16278491688998062,0.047415121750231576
20191013056,,,
20191013057,0.7723676058786256,0.06713010862432785,0.05161749848723219
20191013061,0.8258107207231723,0.05616033218471416,0.021672619595199918
20191013063,,,
20191013065,0.837467208725393,0.16954527391151006,0.11373887881265288
20191013067,0.7733816961147579,0.06789015534273597,0.05243662424635554
20191013071,0.8622482744284544,0.16954527391151006,0.11373887881265288
20191013073,0.7956212782189748,0.06720439533434346,0.046326717342665844
20191013074,0.548758845521534,0.313964923057073,0.18266230642945433
20191013075,,,
20191013076,0.6781836355392422,0.16687705075514053,0.1171064913571888
20191013077,0.7919051037242342,0.17689841867769027,0.13552431142747456
20191013079,,,
20191013087,0.8465737319053644,0.059996196687851756,0.026556018478442304
20191013088,0.8817268368626219,0.1458273604317478,0.099784935306301
20191013089,0.5340759483077288,0.31475205251213995,0.179396664763069
20191013091,0.7870613505064297,0.06720439533434346,0.046326717342665844
20191013096,,,
20191013102,0.9014845354054226,0.23976768841247514,0.17641891175713328
20191013106,0.626804205127714,0.16721828681226897,0.11995658475373745
20191013108,0.8010375533190782,0.18322314830471392,0.11775016580881668
20191013109,0.3557759244643059,0.17757787575549047,0.12618910812552006
20191013111,0.9114252581265923,0.22081743881413807,0.17159391729572676
20191013112,,,
20191013115,,,
20191013117,0.8985613948801403,0.25176395120773176,0.18745475635401707
20191013118,0.6191975077363202,0.064052211135121,0.03325563024783952
20191013119,0.8001128356051664,0.06720439533434346,0.046326717342665844
20191013122,0.8792362967398544,0.23976768841247514,0.17641891175713328
20191013124,0.7386933805869257,0.06789015534273597,0.05243662424635554
20191013125,0.876247214419662,0.05643409880975521,0.045756083640106915
20191013127,0.7676584792913527,0.06830542612174259,0.022742351760063464
20191013129,0.5764211390578289,0.3040003153524885,0.17345920221424813
20191013130,0.7871136544063804,0.0700504099604877,0.05339909927345609
20191013132,,,
20191013133,0.8736599502830232,0.16624421372160592,0.11402148979192339
20191013137,0.7972453579165449,0.06720439533434346,0.046326717342665844
20191013146,0.8735059112961501,0.05643409880975521,0.045756083640106915
20191013148,,,
20191013150,,,
20191013153,,,
20191013165,0.6367980333753654,0.06578999424883855,0.04949451624257818
20191013169,0.813775576492171,0.17774109311587377,0.11965905223865217
20191013172,,,
20191013174,,,
20191013176,0.7873295901880616,0.06720439533434346,0.046326717342665844
20191013178,,,
20191013179,0.7724057973976967,0.06789015534273597,0.05243662424635554
20191013180,0.7707149575181109,0.06789015534273597,0.05243662424635554
20191013183,0.9169999756210683,0.05957993777766534,0.08072379859171126
20191013185,0.6114745483401502,0.18347682926205533,0.14452810926614712
20191013186,,,
20191013187,,,
20191013188,,,
20191013189,,,
20191013190,,,
20191013191,0.09660515120082742,0.06942443681374852,0.028994058270740416
20191013192,,,
20191013193,,,
20191013194,,,
20191013195,,,
20191013196,,,
20191013197,,,
20191013198,,,
20191013199,,,
20191013200,,,
20191013201,,,
20191013202,,,
20191013203,0.10823780864972134,0.06942443681374852,0.028994058270740416
20191013204,,,
20191013205,0.8202702857596549,0.06586428095885416,0.044421340266015914
20191013206,0.7808918424416388,0.06586428095885416,0.044421340266015914
20191013210,,,
20191013212,0.8963679656157925,0.21246038408988155,0.1625918589075724
20191013214,0.775445534317041,0.20378987442847102,0.1320480818390343
20191013215,0.7607244704048423,0.06720439533434346,0.046326717342665844
20191013223,0.8517417834179913,0.23279948823348542,0.16307352075866655
20191013224,,,
20191013225,0.7793022250559278,0.2477145948911767,0.1794849017058069
20191013226,0.836899266901229,0.17879209518943484,0.14988825749588203
20191013229,0.7755071591062994,0.06578999424883855,0.04949451624257818
20191013230,0.42565836504889465,0.30842401906343453,0.0944976760323785
20191013231,0.5784406425522377,0.31534829617108356,0.1846214779558257
20191013233,,,
20191013234,,,
20191013237,,,
20191013240,,,
20191013244,0.8670026223650902,0.2322765074442161,0.17702217784131755
20191013245,,,
20191013246,0.8680537424645137,0.2070101315331994,0.15983324306981686
20191013251,0.7888320181766694,0.0700504099604877,0.05339909927345609
20191013252,0.7623420782283923,0.22558682764520038,0.16687324154212815
20191013253,0.8703699889940013,0.20555481681615398,0.07906681884964532
20191013256,,,
20191013259,0.8521119465068798,0.22414493469262925,0.1721307356890847
20191013260,0.8749301927584426,0.1648996302308861,0.13953341931943233
20191013261,0.8856329429531442,0.1789354197661484,0.14977054306461396
20191013263,,,
20191013269,0.7675954621143177,0.20378213283810978,0.13388157038742377
20191013275,0.8148647837236016,0.21331681381058332,0.17121511078783969
20191013277,0.7751566129654764,0.0700504099604877,0.05339909927345609
20191013282,,,
20191013283,,,
20191013292,0.7581737870584044,0.207839967839882,0.15693068784264794
20191013294,0.7700665655710177,0.06789015534273597,0.05243662424635554
20191013295,,,
20191013303,,,
20191013306,0.7694645060315928,0.06789015534273597,0.05243662424635554
20191013308,0.7602642731389718,0.06720439533434346,0.046326717342665844
20191013309,0.6532847181133931,0.296742044855224,0.08728291643111115
20191013310,,,
20191013312,0.8642138403266408,0.0545434429436981,0.03316565930877441
20191013314,,,
20191013316,0.700834928868503,0.225940586355997,0.1690566752355576
20191013321,0.5906852968114926,0.31475205251213995,0.179396664763069
20191013322,0.8121715799616565,0.06655004096724668,0.050279952080769214
20191013324,0.7376502564198539,0.06789015534273597,0.05243662424635554
20191013326,0.9276259148610968,0.16836748882908542,0.12435092371236722
20191013327,0.8432207969463856,0.2268506614886014,0.15705698193115433
20191013329,0.7609524680655811,0.06789015534273597,0.05243662424635554
20191013331,,,
20191013337,0.8661458489257245,0.21012591916814985,0.08498934745076758
20191013340,0.8125007367329745,0.07120642871665525,0.05200903858136351
20191013342,0.667471983128559,0.22872597692455152,0.16695209292813581
20191013344,,,
20191013345,,,
20191013348,0.7708146348326617,0.06789015534273597,0.05243662424635554
20191013349,0.7960454348529444,0.22049613226135684,0.09206961700866385
20191013350,0.7730787466002584,0.19163170362229803,0.12982761863763895
20191013351,0.8467815977281318,0.06275555336919131,0.04310611059414382
20191013354,0.7724057973976967,0.06789015534273597,0.05243662424635554
20191013356,0.7856334600607027,0.06336853083120586,0.03780767523102133
20191013358,0.9007804051896978,0.20212257475722725,0.1545882400834087
20191013359,,,
20191013361,0.7733816961147579,0.06789015534273597,0.05243662424635554
20191013367,0.016008946926274085,0.17267428196693926,0.06770757237127065
20191013369,0.7660181686578973,0.06789015534273597,0.05243662424635554
20191013375,0.654256390862432,0.31534829617108356,0.1846214779558257
20191013378,0.7991474125001727,0.06720439533434346,0.046326717342665844
20191013381,0.882439213817426,0.23962846076399416,0.18002674023842447
20191013382,,,
20191013387,0.880136035154337,0.20555481681615398,0.07906681884964532
20191013388,0.6107876110590358,0.32860041127935535,0.19351834809464008
20191013389,,,
20191013390,0.8930658077035023,0.056263664403746055,0.08138745898696204
20191013391,0.45693685219325897,0.3124153649291681,0.1906773146672757
20191013392,0.8132016198474059,0.07120642871665525,0.05200903858136351
20191013393,0.630087605550402,0.20378987442847102,0.1320480818390343
20191013394,0.7609524680655811,0.06789015534273597,0.05243662424635554
20191013396,0.7608601448454049,0.17510482501207908,0.06533207649045353
20191013398,,,
20191013400,0.7542540829183778,0.19933404743871885,0.0840137965084886
20191013402,0.8122136176727708,0.06769584888187774,0.05124457342974933
20191013404,0.7528565791049032,0.20602225607437993,0.15530590242723752
20191013406,0.8467815977281318,0.06275555336919131,0.04310611059414382
20191013407,0.7661481748503651,0.06789015534273597,0.05243662424635554
20191013412,,,
20191013413,,,
20191013414,0.865344181389769,0.2322765074442161,0.17702217784131755
20191013416,,,
20191013419,0.7642386340376074,0.18015588942614308,0.11420932199876456
20191013423,0.5813074200629671,0.16554042775729488,0.11493566980720467
20191013424,0.8740882367713503,0.18452863669975023,0.128852544262634
20191013428,0.7989009568593772,0.07013572466314258,0.044386027055013356
20191013433,0.9056023214422133,0.16703720386569632,0.11937837125178058
20191013439,0.7376502564198539,0.06789015534273597,0.05243662424635554
20191013441,,,
20191013442,0.820461833188455,0.06275555336919131,0.04310611059414382
20191013446,,,
20191013448,,,
20191013449,,,
20191013450,0.905762254713448,0.16038759685524473,0.11604652200630014
20191013452,0.5650344522625427,0.3119539717426809,0.17975678708284087
20191013453,0.7607244704048423,0.06720439533434346,0.046326717342665844
20191013457,,,
20191013460,,,
20191013461,0.8586637053851118,0.2141039432656502,0.16815412239547273
20191013463,0.8607255561029661,0.21331681381058332,0.17121511078783969
20191013464,0.8075084280694166,0.1749313373973011,0.06765986182010204
20191013469,0.7609524680655811,0.06789015534273597,0.05243662424635554
20191013472,0.8711369991340312,0.162125648423813,0.14505980857002382
20191013476,,,
20191013477,0.7724057973976967,0.06789015534273597,0.05243662424635554
20191013479,0.7708146348326617,0.06789015534273597,0.05243662424635554
20191013493,0.8163273779099492,0.18186023023152517,0.139397793422706
20191013500,0.8894200330540011,0.06770851134766598,0.08442545295900596
20191013501,0.8723349819789987,0.19056128151115173,0.15103846613325494
20191013502,0.7379600164884084,0.06713010862432785,0.05161749848723219
20191013503,0.7886104174497122,0.06720439533434346,0.046326717342665844
20191013504,0.7301820640452039,0.06789015534273597,0.05243662424635554
20191013505,0.8736380004598592,0.17804894272949606,0.11013324206315474
20191013507,0.8106512294961693,0.17467383423730296,0.11606080665211213
20191013509,0.7685065987735407,0.06655004096724668,0.050279952080769214
20191013511,,,
20191013515,0.7296978923960739,0.06789015534273597,0.05243662424635554
20191013520,0.7666063422134769,0.06789015534273597,0.05243662424635554
20191013524,,,
20191013525,0.8968752297896038,0.23962846076399416,0.18002674023842447
20191013526,0.8881404912609182,0.21893045333202754,0.16739902026253092
20191013530,0.5273357276943297,0.29047546311353173,0.08427736427693486
20191013532,0.7510941043520278,0.06720439533434346,0.046326717342665844
20191013534,,,
20191013535,,,
20191013541,0.8983017019606038,0.17100680593940631,0.12066712485920567
20191013542,0.8071030187352765,0.06720439533434346,0.046326717342665844
20191013544,0.7700665655710177,0.06789015534273597,0.05243662424635554
20191013545,0.900431192663088,0.18142477283638442,0.13120051074842823
20191013546,0.8907925612986591,0.2207481650975296,0.1691503219350735
20191013550,,,
20191013551,0.8091558608156183,0.06655004096724668,0.050279952080769214
20191013554,0.7553607882217838,0.06720439533434346,0.046326717342665844
20191013557,0.8651809296221885,0.05372929069281221,0.026690683743698852
20191013560,,,
20191013562,0.7733816961147579,0.06789015534273597,0.05243662424635554
20191013563,,,
20191013566,0.7724057973976967,0.06789015534273597,0.05243662424635554
20191013568,,,
20191013570,0.767112401686329,0.06713010862432785,0.05161749848723219
20191013576,0.8276889776207578,0.06586428095885416,0.044421340266015914
20191013577,0.8998320331711802,0.18284995118780978,0.13610505681424634
20191013582,0.8624310167242758,0.18713445693600994,0.14119080857599148
20191013583,0.24609533881004872,0.34870546138238634,0.18192224901489504
20191013585,0.791073455272965,0.06720439533434346,0.046326717342665844
20191013586,0.8333945452374284,0.1735601807196943,0.13334913057874528
20191013587,,,
20191013598,0.5856590305565791,0.31534829617108356,0.1846214779558257
20191013599,0.7610158129587267,0.06720439533434346,0.046326717342665844
20191013601,0.7724057973976967,0.06789015534273597,0.05243662424635554
20191013602,,,
20191013604,,,
20191013605,0.7798079837532873,0.0700504099604877,0.05339909927345609
20191013606,0.8379555275198753,0.16933752488564216,0.06455983943537386
20191013611,0.7974804771892144,0.17789482015713806,0.06897176769338831
20191013612,0.7603094106917686,0.1632804825841476,0.10946428817228131
20191013613,0.5130050627113026,0.18659593688116272,0.06359564458823222
20191013614,,,
20191013618,0.4860223334615859,0.3036556528788107,0.09143576110727264
20191013621,0.8317991941461875,0.19058884255792097,0.13510926836073175
20191013625,0.8251109246782743,0.16933752488564216,0.06455983943537386
20191013626,0.5132436721296078,0.18659593688116272,0.06359564458823222
20191013636,,,
20191013638,0.8363857541025745,0.18452863669975023,0.128852544262634
20191013640,0.7573845561929724,0.06720439533434346,0.046326717342665844
20191013641,,,
20191013642,0.4812118239792137,0.3036556528788107,0.09143576110727264
20191013645,0.7694645060315928,0.06789015534273597,0.05243662424635554
20191013646,0.9333051265969964,0.1670030493700788,0.1214175965751164
20191013648,0.02286344434403337,0.16441296227040944,0.09660733303555878
20191013649,0.8984631098339576,0.17960706107088237,0.12984212330178563
20191013653,0.5945677967970946,0.3403219902421578,0.18647151114071492
20191013655,0.8967221624190534,0.20212257475722725,0.1545882400834087
20191013657,0.7694645060315928,0.06789015534273597,0.05243662424635554
20191013660,0.8887248181411734,0.05643409880975521,0.045756083640106915
20191013662,0.6493870457823213,0.20166276932270932,0.07185299691298687
20191013663,0.8762313008797338,0.17401469171041695,0.12630837558816752
20191013667,0.7687913457081706,0.06578999424883855,0.04949451624257818
20191013669,0.8069161037703277,0.06050643248956255,0.04270216109385763
20191013673,0.8319117008104986,0.23279948823348542,0.16307352075866655
20191013674,,,
20191013677,0.8928696717675529,0.06770851134766598,0.08442545295900596
20191013679,0.8968752297896038,0.23962846076399416,0.18002674023842447
20191013681,0.8613762230754335,0.2070101315331994,0.15983324306981686
20191013682,0.5305115024043908,0.18659593688116272,0.06359564458823222
20191013683,0.4964704412937372,0.18659593688116272,0.06359564458823222
20191013685,0.7492716243244851,0.19982556957389125,0.16048604213108378
20191013688,0.0027139061819365694,0.05372929069281221,0.026690683743698852
20191013689,,,
20191013693,0.49408092201477866,0.33256578626655003,0.1957378188507201
20191013695,0.7965960593734346,0.06720439533434346,0.046326717342665844
20191013696,0.8781455563945088,0.17879209518943484,0.14988825749588203
20191013699,,,
20191013700,0.8022269441840393,0.2045458590955913,0.1605910228294912
20191013703,,,
20191013707,0.7093553854665451,0.2065618296399569,0.15628613874268757
20191013709,0.7772199660384794,0.17608162391650212,0.12443636252580498
20191013710,0.7751566129654764,0.0700504099604877,0.05339909927345609
20191013714,0.795291570408464,0.19770768981898718,0.0829701191266132
20191013718,0.8725675757395945,0.20555481681615398,0.07906681884964532
20191013719,,,
20191013721,0.8775222282356443,0.2131278935642963,0.08851925828567082
20191013723,0.7665958845158515,0.06713010862432785,0.05161749848723219
20191013724,0.8780042347996393,0.2322765074442161,0.17702217784131755
20191013726,0.481902431750974,0.0720672175981439,0.03135564547145703
20191013728,0.8370076450938485,0.1983078192396309,0.13418875645954906
20191013730,,,
20191013732,0.8132508636484964,0.06586428095885416,0.044421340266015914
20191013733,0.7886104174497122,0.06720439533434346,0.046326717342665844
20191013737,,,
20191013738,0.7626232753132424,0.07933500228665591,0.05439395465521226
20191013741,,,
20191013743,0.8881924308945857,0.056263664403746055,0.08138745898696204
20191013744,0.5841908622513813,0.3277696870776867,0.19755741359729284
20191013748,,,
20191013750,0.8607547209544981,0.0545434429436981,0.03316565930877441
20191013751,0.5202444394893528,0.18659593688116272,0.06359564458823222
20191013755,0.6700857227117781,0.3158219666534211,0.18479801743817148
20191013756,0.8112544292128779,0.06720439533434346,0.046326717342665844
20191013757,0.7994169868564034,0.19058884255792097,0.13510926836073175
20191013759,0.8983943937480443,0.23962846076399416,0.18002674023842447
20191013760,0.8785543645243318,0.17879209518943484,0.14988825749588203
20191013761,0.5241392643168764,0.30684335526209094,0.08599152984736182
20191013762,,,
20191013763,0.8618476255815695,0.17285221286876795,0.13524282290019224
20191013767,0.8897306992603548,0.23962846076399416,0.18002674023842447
20191013768,0.798537127909661,0.19058884255792097,0.13510926836073175
20191013769,0.46278323010692024,0.30704997730721334,0.09391025300124484
20191013770,0.7754355703056789,0.0700504099604877,0.05339909927345609
20191013771,,,
20191013776,,,
20191013777,0.7707149575181109,0.06789015534273597,0.05243662424635554
20191013779,0.10820516801580217,0.142760201244161,0.09183441172954196
20191013784,0.8552447330770049,0.2141039432656502,0.16815412239547273
20191013790,0.8971954651999761,0.18753930486594722,0.14217260756091613
20191013795,0.8711519205102924,0.16651427638045058,0.11973061967715992
20191013796,0.7609524680655811,0.06789015534273597,0.05243662424635554
20191013797,0.8775800435616323,0.2131278935642963,0.08851925828567082
20191013798,0.8700385010305779,0.23962846076399416,0.18002674023842447
20191013802,,,
20191013803,0.5660687202084685,0.07109293348652929,0.03647708587997269
20191013805,0.8041149559438979,0.20027900348572913,0.15031118571442545
20191013806,0.8671250564910163,0.23962846076399416,0.18002674023842447
20191013811,0.8854651992472278,0.1648996302308861,0.13953341931943233
20191013812,0.7296978923960739,0.06789015534273597,0.05243662424635554
20191013815,0.767994936336316,0.06789015534273597,0.05243662424635554
20191013817,0.8596906934152219,0.0545434429436981,0.03316565930877441
20191013818,0.5660514169642609,0.07109293348652929,0.03647708587997269
20191013820,0.5644727065775267,0.31534829617108356,0.1846214779558257
20191013821,0.005932905141227987,0.051755935578911436,0.02067777817659199
20191013822,0.8411373976505979,0.16933752488564216,0.06455983943537386
20191013823,0.775445534317041,0.20378987442847102,0.1320480818390343
20191013824,0.870096016658989,0.051755935578911436,0.02067777817659199
20191013826,,,
20191013827,0.4247704146888402,0.17182818558522325,0.1210514749447254
20191013829,0.7784811099665728,0.19921399668477574,0.15194885439190545
20191013831,0.7911888902310582,0.20378987442847102,0.1320480818390343
20191013835,,,
20191013836,0.39373067452555793,0.17182818558522325,0.1210514749447254
20191013845,0.8681240320529939,0.2322765074442161,0.17702217784131755
20191013846,0.8041149559438979,0.20027900348572913,0.15031118571442545
20191013850,,,
20191013851,,,
20191013852,,,
20191013853,0.4867173242724333,0.1987251263775971,0.06946606242867626
20191013854,0.7661834633809647,0.18015588942614308,0.11420932199876456
20191013855,0.9064945099213443,0.18142477283638442,0.13120051074842823
20191013856,,,
20191013859,0.865344181389769,0.2322765074442161,0.17702217784131755
20191013863,,,
20191013864,,,
20191013866,0.21645471944411485,0.06910927110691573,0.037123912882762886
20191013868,0.49510697542408516,0.0720672175981439,0.03135564547145703
20191013870,0.3952448590067671,0.07557616572027313,0.03131273781577816
20191013871,0.5294235319208216,0.0720672175981439,0.03135564547145703
20191013872,0.4563856241162486,0.0720672175981439,0.03135564547145703
20191013873,0.4649344957355765,0.0720672175981439,0.03135564547145703
20191013874,0.5883442694027097,0.07109293348652929,0.03647708587997269
20191013875,0.5474995974940806,0.0720672175981439,0.03135564547145703
20191013876,0.4649344957355765,0.0720672175981439,0.03135564547145703
20191013877,0.46252650813303475,0.0720672175981439,0.03135564547145703
20191013878,0.5022657090258427,0.0720672175981439,0.03135564547145703
20191013879,0.5491959510724294,0.07077915872800158,0.028306761692125454
20191013880,0.5252194950381661,0.07009386248424312,0.02429181237426021
20191013881,0.5101764907287024,0.07009386248424312,0.02429181237426021
20191013882,0.503413893068973,0.0720672175981439,0.03135564547145703
20191013883,0.4725719104798343,0.0720672175981439,0.03135564547145703
20191013884,0.5308054229216226,0.0720672175981439,0.03135564547145703
20191013885,0.5400638556850247,0.0720672175981439,0.03135564547145703
20191013886,0.8717127001437792,0.21245051759237363,0.1684320669757369
20191013890,0.8797353304228701,0.16348786036811935,0.13213052009498708
20191013895,0.9026709059891804,0.23976768841247514,0.17641891175713328
20191013896,0.7701811977341476,0.06789015534273597,0.05243662424635554
20191013897,0.9039368458709323,0.23976768841247514,0.17641891175713328
20191013899,0.8125007367329745,0.07120642871665525,0.05200903858136351
20191013902,0.8349329531278032,0.209056193163971,0.16399395962220953
20191013905,0.5706202149774102,0.3036967235242163,0.17855762350324075
20191013907,0.5010807567173172,0.20489416642597336,0.07317573377376993
20191013910,,,
20191013912,0.8588487177258396,0.18902905974205048,0.14227805259530732
20191013915,0.8968095563239784,0.22230719369024132,0.17172118320736038
20191013919,0.5836453284318958,0.2939075491084757,0.08948335562449045
20191013925,0.8765541807603509,0.23976768841247514,0.17641891175713328
20191013928,0.8351028233155695,0.21245051759237363,0.1684320669757369
20191013929,0.8380263642755457,0.22750022879061355,0.17281235021581468
20191013931,0.5737331058763405,0.3036967235242163,0.17855762350324075
20191013933,0.9030352125107254,0.23976768841247514,0.17641891175713328
20191013935,,,
20191013936,,,
20191013939,,,
20191013942,0.9064185846979862,0.19358602637835096,0.13817909312349466
20191013943,0.8325565291304862,0.21245051759237363,0.1684320669757369
20191013945,,,
20191013948,0.7728282410339877,0.23976768841247514,0.17641891175713328
20191013950,0.8940620367114804,0.19358602637835096,0.13817909312349466
20191013951,0.8491950434502819,0.18433970606391303,0.13620600173354414
20191013952,0.46972159578553946,0.2651298144424119,0.19067857510418681
20191013953,0.9094247678475668,0.19358602637835096,0.13817909312349466
20191013954,0.9054691297031399,0.0676757347799972,0.06798030051215004
20191013956,0.8313827959824832,0.1998638554665753,0.15254664351334446
20191013961,,,
20191013962,0.8124157270690461,0.06578999424883855,0.04949451624257818
20191013965,0.7992453291265168,0.18830550864404433,0.15909153722346994
20191013967,0.37839177674098284,0.29867591529309956,0.09247989022777045
20191013971,0.7089048690329399,0.22313731036215328,0.15315453389119627
20191013972,0.777708250275826,0.24385109979427322,0.17793046404978896
20191013973,0.7726871667885686,0.06713010862432785,0.05161749848723219
20191013976,,,
20191013977,0.8469037070594492,0.201346278825898,0.14958872252986077
20191013979,0.8503898723771895,0.18433970606391303,0.13620600173354414
20191013980,0.9165655438089282,0.25643347323581345,0.18854455343980409
20191013983,0.6854872715312981,0.3036967235242163,0.17855762350324075
20191013985,0.7986435794771657,0.07013572466314258,0.044386027055013356
20191013986,0.6299773272012459,0.3132452952166761,0.18305790353577206
20191013987,0.8115705811038847,0.20500270987640296,0.16236892966905403
20191013989,0.7437837332501268,0.3189915351575013,0.18559080122498176
20191013991,0.6187978494316504,0.30560019240074854,0.18067930061257145
20191013992,0.8102986085854239,0.07120642871665525,0.05200903858136351
20191013993,0.880388537825943,0.18598178659105852,0.13536845839795533
20191013997,0.3758168352541496,0.30966237510115757,0.08512297649264741
20191014002,0.7242161149649213,0.17402774198942564,0.1166858432279464
20191014003,0.6192897842238413,0.1903336525058597,0.0637571265308591
20191014006,0.8490109563248034,0.17879209518943484,0.14988825749588203
20191014008,,,
20191014011,0.8863716773943053,0.23509816638439346,0.17539920149553703
20191014013,0.7612436201380564,0.06713010862432785,0.05161749848723219
20191014015,0.8004885954708851,0.2071426878313594,0.13573717261481943
20191014016,0.7386912277037084,0.06713010862432785,0.05161749848723219
20191014019,0.855858574048419,0.22134897397527978,0.1668268280794345
20191014020,,,
20191014024,0.7668927175548552,0.06713010862432785,0.05161749848723219
20191014026,0.8796424717057454,0.17257373425028016,0.15186883149902147
20191014029,0.8234171878970408,0.20137507811820174,0.13834902481044192
20191014033,0.8766264627297937,0.18416407482555644,0.13396691801133492
20191014059,0.8718969488417235,0.18433970606391303,0.13620600173354414
20191014064,0.8020132276064,0.18063412214631006,0.07042606080546593
20191014071,0.8025201732143987,0.1823010433115641,0.14968314758198178
20191014080,,,
20191014084,0.9039368458709323,0.23976768841247514,0.17641891175713328
20191014087,0.8566108983032641,0.17879209518943484,0.14988825749588203
20191014090,0.7379633808500861,0.06713010862432785,0.05161749848723219
20191014092,0.5528119640629683,0.3036967235242163,0.17855762350324075
20191014093,0.8599107426219731,0.17879209518943484,0.14988825749588203
20191014094,0.8138744886850057,0.209056193163971,0.16399395962220953
20191014096,,,
20191014097,0.849939688473577,0.1763292097440659,0.10743031294470226
20191014100,0.8869170096129935,0.23976768841247514,0.17641891175713328
20191014101,0.8954210253037166,0.1799251993410997,0.12824021166403404
20191014102,0.5567294163033776,0.1967314758129469,0.06893902167169282
20191014103,,,
20191014104,0.8931282808538887,0.1706544585153938,0.14938859533443763
20191014105,0.8799032268083647,0.18598178659105852,0.13536845839795533
20191014106,0.7726871667885686,0.06713010862432785,0.05161749848723219
20191014107,0.8301648941294402,0.1952508048538425,0.13537739721253222
20191014109,0.8666926894518475,0.209056193163971,0.16399395962220953
20191014110,0.5960468672879414,0.21058946291235997,0.0769418758061874
20191014112,,,
20191014113,0.8460692402240262,0.18433970606391303,0.13620600173354414
20191014117,0.8138444265389696,0.2013073921038013,0.14290236521597824
20191014118,0.8954210253037166,0.1799251993410997,0.12824021166403404
20191014120,0.7989009568593772,0.07013572466314258,0.044386027055013356
20191014123,0.8368812532286717,0.1921312751420734,0.13599718616039452
20191014128,0.6819253392157733,0.19704301322369652,0.14209444004089125
20191014130,0.8609155906413861,0.17879209518943484,0.14988825749588203
20191014131,0.6518774565061772,0.30220586797234594,0.17591848429607782
20191014132,0.45423586245550557,0.2535227613299018,0.17378194619867857
20191014134,0.7916750488557129,0.2056617259279938,0.16524185503123864
20191014136,0.8673191434641679,0.18598178659105852,0.13536845839795533
20191014139,0.8443880131098399,0.21245051759237363,0.1684320669757369
20191014141,0.8929753448865898,0.1706544585153938,0.14938859533443763
20191014142,0.0030214030507421294,0.21643279088472034,0.15351566115759124
20191014145,0.9032725293374333,0.23976768841247514,0.17641891175713328
20191014146,0.7668927175548552,0.06713010862432785,0.05161749848723219
20191014148,0.8729041983381697,0.17925906814599774,0.1295125983052141
20191014149,0.5156165494618214,0.20012580024134952,0.07080469269842427
20191014151,0.8610140940438822,0.19065541736178215,0.14406776179416242
20191014152,0.3254292573373149,0.33417348904582955,0.10169862839399173
20191014157,,,
20191014161,0.8024411721144307,0.2056617259279938,0.16524185503123864
20191014163,0.8793740252384455,0.23976768841247514,0.17641891175713328
20191014164,0.7635571261152398,0.07933500228665591,0.05439395465521226
20191014172,0.7200806830574497,0.3189915351575013,0.18559080122498176
20191014176,0.822407926948957,0.17879209518943484,0.14988825749588203
20191014177,0.7634563235054311,0.07933500228665591,0.05439395465521226
20191014183,,,
20191014186,0.7452795200997311,0.18902905974205048,0.14227805259530732
20191014189,0.7499401471230073,0.20152421814375393,0.13776715747982732
20191014190,0.8162833401735005,0.22035952951772841,0.09099330157002575
20191014192,0.45423586245550557,0.2535227613299018,0.17378194619867857
20191014194,,,
20191014195,0.9145732533272235,0.20549415711634295,0.13771617161196328
20191014196,,,
20191014197,0.5144338683071393,0.2939075491084757,0.08948335562449045
20191014198,,,
20191014201,0.5734744947254407,0.3036967235242163,0.17855762350324075
20191014202,0.7242161149649213,0.17402774198942564,0.1166858432279464
20191014203,0.8376461954418998,0.18830550864404433,0.15909153722346994
20191014207,0.8243692145227326,0.18902905974205048,0.14227805259530732
20191014210,0.38529302196859105,0.2763437848370118,0.1911673165925052
20191014212,0.8360833963630177,0.22134897397527978,0.1668268280794345
20191014215,0.5318246126410209,0.2939075491084757,0.08948335562449045
20191014219,0.5105459771540591,0.1969163123798161,0.06901579191567088
20191014220,,,
20191014221,0.8580919088395285,0.21012591916814985,0.08498934745076758
20191014222,0.5315920786803926,0.2939075491084757,0.08948335562449045
20191014223,0.8762316824919326,0.18598178659105852,0.13536845839795533
20191014224,0.5252017839594012,0.19352198795141345,0.06719725760026299
20191014225,0.4826691374324006,0.2973018735368783,0.09190501029720057
20191014231,0.8783167961167365,0.17257373425028016,0.15186883149902147
20191014235,0.9017947882422508,0.23976768841247514,0.17641891175713328
20191014236,0.8464834201737625,0.19942223833561676,0.16000936616911599
20191014238,0.486156733008035,0.20073466666471806,0.07067439506652665
20191014241,,,
20191014246,0.7982171015185614,0.202931186457746,0.15979040633953037
20191014247,0.8710653833162898,0.17879209518943484,0.14988825749588203
20191014248,0.8848097346030221,0.17932464021072161,0.13301173559304427
20191014250,0.614350576090938,0.35503907680587643,0.20251236743739426
20191014252,0.8089976851490198,0.1751203896529438,0.1304677614822234
20191014255,0.9076048777336319,0.1968870865682551,0.13783660567754386
20191014257,0.8625156730734098,0.18902905974205048,0.14227805259530732
20191014258,,,
20191014259,0.8076364692341197,0.20500270987640296,0.16236892966905403
20191014261,0.8483397931386375,0.22134897397527978,0.1668268280794345
20191014263,0.589919904232034,0.30560019240074854,0.18067930061257145
20191014264,0.8201988843211646,0.21159357667100764,0.1525655276285014
20191014265,0.880388537825943,0.18598178659105852,0.13536845839795533
20191014266,,,
20191014268,0.8507476702882482,0.1807915124276498,0.13421674914100232
20191014274,0.8074802185365053,0.2013073921038013,0.14290236521597824
20191014277,0.5251031030419336,0.19352198795141345,0.06719725760026299
20191014280,0.8965305014450782,0.05771802314125651,0.029048900164050505
20191014281,0.854653429260437,0.17879209518943484,0.14988825749588203
20191014283,0.5557785471687934,0.19352198795141345,0.06719725760026299
20191014284,0.9169655914248187,0.1799251993410997,0.12824021166403404
20191014285,0.849950559612496,0.18433970606391303,0.13620600173354414
20191014288,0.7921122089822551,0.22291755152263346,0.08893121513046952
20191014289,0.8631975039402212,0.18433970606391303,0.13620600173354414
20191014291,,,
20191014292,0.4803089474354605,0.2535227613299018,0.17378194619867857
20191014294,0.6008194972573072,0.35503907680587643,0.20251236743739426
20191014297,0.4846952721593438,0.2055030328493419,0.07304107285710296
20191014298,0.7964812231166061,0.21245051759237363,0.1684320669757369
20191014300,0.8088673371718975,0.21245051759237363,0.1684320669757369
20191014302,0.7700675795157175,0.20953981220893148,0.15538498130670136
20191014305,,,
20191014307,,,
20191014309,0.8199805729765528,0.2069961443274142,0.15243182625600515
20191014310,0.45423586245550557,0.2535227613299018,0.17378194619867857
20191014314,0.8443800493349725,0.1823010433115641,0.14968314758198178
20191014317,0.8954210253037166,0.1799251993410997,0.12824021166403404
20191014318,0.8839172474757091,0.18569182299792678,0.13491048161213012
20191014319,0.5201241910199946,0.19352198795141345,0.06719725760026299
20191014321,,,
20191014322,0.8412345107586641,0.1823010433115641,0.14968314758198178
20191014323,0.8443271567771186,0.1823010433115641,0.14968314758198178
20191014326,0.894912866987141,0.1799251993410997,0.12824021166403404
20191014327,0.8587358410733734,0.19065541736178215,0.14406776179416242
20191014331,0.9058354926539499,0.25643347323581345,0.18854455343980409
20191014336,0.8027201307008549,0.1540391749713175,0.10767838354595219
20191014337,0.8868955175201898,0.17932464021072161,0.13301173559304427
20191014338,0.5126666736876762,0.29285266290795126,0.09054138430912594
20191014339,0.5614545000178994,0.2864202256292435,0.1749682109911631
20191014340,0.7291834123499368,0.1917208521745961,0.07116754605766798
20191014342,0.8767680587045392,0.19030142425001823,0.12885862381656862
20191014343,0.6869372446526687,0.17786357761532395,0.1298433943584268
20191014347,0.8863716773943053,0.23509816638439346,0.17539920149553703
20191014353,0.8554503680999289,0.18902905974205048,0.14227805259530732
20191014354,0.8958973961761516,0.1799251993410997,0.12824021166403404
20191014355,0.90372233757151,0.23976768841247514,0.17641891175713328
20191014357,0.8463905458775641,0.17879209518943484,0.14988825749588203
20191014359,0.7236357476525938,0.19777743942455492,0.07512340219018741
20191014360,0.5384664975592223,0.19639023975581849,0.06730107365212905
20191014363,0.8197326690502856,0.17639524666185336,0.06741554615440906
20191014364,0.5390185964968138,0.19352198795141345,0.06719725760026299
20191014365,0.9039368458709323,0.23976768841247514,0.17641891175713328
20191014369,0.7691438322915869,0.1476297080095921,0.09929807903632358
20191014372,0.8814019685308336,0.18598178659105852,0.13536845839795533
20191014375,0.917560761884799,0.25643347323581345,0.18854455343980409
20191014376,0.7520935570609674,0.20264919934717668,0.08052039576580276
20191014382,0.9076048777336319,0.1968870865682551,0.13783660567754386
20191014385,0.7882700196397504,0.1476297080095921,0.09929807903632358
20191014387,0.7289726749665737,0.18345687330860017,0.133079393677019
20191014388,0.8659047190178215,0.18598178659105852,0.13536845839795533
20191014389,0.8655630393272759,0.23976768841247514,0.17641891175713328
20191014392,0.8489819972843619,0.20549415711634295,0.13771617161196328
20191014393,0.7738329329994384,0.20953981220893148,0.15538498130670136
20191014395,0.491388576858533,0.2010759027218465,0.07239444170399095
20191014396,0.8625125574325276,0.17879209518943484,0.14988825749588203
20191014397,0.8885077009826278,0.17932464021072161,0.13301173559304427
20191014400,0.8304540176944395,0.19818786239203218,0.14355660520291785
20191014404,0.8808733352144152,0.1748502031836841,0.13142106586995567
20191014405,0.5194424302449239,0.17786357761532395,0.1298433943584268
20191014407,0.45423586245550557,0.2535227613299018,0.17378194619867857
20191014413,0.7599499844108966,0.20953981220893148,0.15538498130670136
20191014414,0.6597896301268538,0.19352198795141345,0.06719725760026299
20191014415,0.8427910609542473,0.1823010433115641,0.14968314758198178
20191014416,0.7888322908749545,0.20008237695408412,0.08132690920825249
20191014417,0.6368825229338032,0.1967314758129469,0.06893902167169282
20191014419,0.7425715652084306,0.18975181234397015,0.1258300581328889
20191014420,0.8718984351579825,0.22410345919551392,0.16982013442480942
20191014423,0.45938286268244344,0.32432658026309513,0.09911769687111813
20191014425,0.6277452791774901,0.19352198795141345,0.06719725760026299
20191014427,0.4862506693928291,0.20149984199757073,0.07124758690724775
20191014429,0.8677552384694558,0.19358602637835096,0.13817909312349466
20191014430,0.8607735558745325,0.17879209518943484,0.14988825749588203
20191014431,0.7383469734556275,0.1941030644531095,0.07037090020092483
20191014438,0.6667259309941201,0.17786357761532395,0.1298433943584268
20191014441,0.8483563470819154,0.17879209518943484,0.14988825749588203
20191014442,0.8076229310353784,0.21135752397443353,0.15701059403265186
20191014448,0.5249221988907491,0.19352198795141345,0.06719725760026299
20191014449,0.914693317825984,0.23976768841247514,0.17641891175713328
20191014451,0.7932668919462207,0.20008237695408412,0.08132690920825249
20191014452,0.643572110046341,0.2974375017877221,0.17021837128500653
20191014456,0.8068003799325577,0.1472884719524637,0.09693881880953079
20191014458,0.8588845894989201,0.22228574743001184,0.16806189783354994
20191014459,0.7797777783908258,0.1472884719524637,0.09693881880953079
20191014462,0.5632086151738409,0.1732869095422979,0.06539312585218869
