case:concept:name,pred_outcome,pred_sigmoid_mm_time,pred_uncertainty
201810001660,0.9559389256226622,0.059788606886935054,0.0396244334823847
201810002650,0.24440272570428967,0.29218406046464507,0.09593386341618765
201810006512,0.3057899069457818,0.19640714222935457,0.07551212254737409
201810008108,0.9510941730384908,0.059788606886935054,0.0396244334823847
201810008268,0.3241402951065702,0.26212254815304703,0.1791762165356965
201810008485,0.001099221045345876,0.06554026655249166,0.055076855652085394
201810008899,0.9749067537933253,0.05434021040180177,0.02699879622986123
20181000902,0.02914868372621724,0.25771451294641273,0.10746456564858549
201810010740,0.8437399291411442,0.17826723450416992,0.07276440567272069
201810011081,0.9160930077367713,0.22214995262362627,0.17200441230701932
201810011583,0.8740397673355927,0.1923891013464229,0.08111782856060655
20181012611,0.6763650516379287,0.1652099945540027,0.1142486300104025
20181013679,0.570913557981856,0.33214606193085316,0.1927941781843012
201811000205,0.8455592389409416,0.23562899370619578,0.16359155942616727
201811001580,0.8216367169131539,0.17183823290717926,0.06533984498693456
201811001889,0.9296753976868559,0.21831673079260094,0.16954548562082025
201811002881,0.7505508061457213,0.18322314830471392,0.11775016580881668
201811003327,0.020206174160654736,0.2614485367590792,0.10654454290153671
201811003911,0.882341549564812,0.20704457169225723,0.07912546026852224
201811004163,0.8827752750224527,0.20378655427715195,0.11778500730801875
201811004205,0.8069944320365036,0.17341424052357424,0.06506485779660184
201811004338,0.8904621404354572,0.24166339454509767,0.1811595361756712
201811005226,0.7337166810711334,0.1908688227229716,0.14654801591728986
201811005422,0.8755544334946135,0.23976768841247514,0.17641891175713328
201811005747,0.6648722718416608,0.05578985730403119,0.05528668121183973
201811005954,0.8029441985725846,0.18322314830471392,0.11775016580881668
201811006467,0.7740027064995971,0.053409218006769274,0.03314387836673988
201811006674,0.6040285005844658,0.37670118616346987,0.2022194245992151
201811006982,0.001373289125391012,0.08336747414757173,0.035729897840383336
201811007401,0.5709263679210002,0.3662769354523147,0.20708438696405893
201811008100,0.8887066876913811,0.19945900753663803,0.15149320472281733
201811008330,0.2540368940938021,0.3287941708649108,0.10422208189132205
201811008338,0.6316506382294279,0.3662769354523147,0.20708438696405893
201811008394,0.9652725090793653,0.059928917949043814,0.054356556815512755
201811008598,0.8830657823255087,0.23976768841247514,0.17641891175713328
201811008631,0.8440688415681357,0.22568251702511147,0.17102313365088764
201811008634,0.9126040678512713,0.23976768841247514,0.17641891175713328
201811009132,0.8351857131468968,0.22813111606325015,0.17430958898393042
201811009434,0.8801965394287504,0.25643347323581345,0.18854455343980409
201811009590,0.8922097904343781,0.0709905146883177,0.10283051205864219
201811009800,0.6787919911432525,0.21602950081496541,0.08942459142849189
201811010119,0.967337991001749,0.05657949097517041,0.047836129038415845
201811010142,0.9117241020741405,0.05531693293390691,0.033395699702773195
201811010681,0.18038059733785386,0.3250911149649425,0.0758822264016081
201811010732,0.8733485903390427,0.25643347323581345,0.18854455343980409
201811011699,0.8632221479914723,0.2086361642920466,0.08492636019095233
201811011715,0.8924450579819401,0.2131278935642963,0.08851925828567082
201811011742,0.7816938210587637,0.1844378932651695,0.07598418153112023
201811011907,0.8381723028806547,0.21570356441764155,0.15771789189153268
201811011916,0.6486391834187911,0.19080826732738954,0.12031183353523056
201812000179,0.39265931191152686,0.32270568803065214,0.10218915843534403
201812000181,0.39265931191152686,0.32270568803065214,0.10218915843534403
201812000186,0.8948363684029613,0.23976768841247514,0.17641891175713328
201812000605,0.8112612422331017,0.16486502384134719,0.11518501575090759
201812000606,0.8692847297587302,0.20664228769607756,0.1457015899787112
201812000900,0.6137597353248764,0.15654101106592094,0.10963283026219904
201812002344,0.4806480924466411,0.30499064087132177,0.18239766273282254
201812002552,0.7898793340777204,0.16578377041561415,0.09525596591281066
201812002630,0.47366592389246126,0.363345645285993,0.19988361431827625
201812002677,0.8242212626598717,0.1844378932651695,0.07598418153112023
201812002837,0.690670779403988,0.07965767365381453,0.036988794134848874
201812002893,0.8994431998005618,0.23976768841247514,0.17641891175713328
201812003039,0.8133499693887006,0.2277827415678388,0.17326355416548608
201812003088,0.048998596768150764,0.2611460273267404,0.10644171440165887
201812003287,0.7317871416140734,0.061571403278832884,0.060036455746461714
201812004065,0.8834629879417741,0.06140987461594058,0.0690294814814203
201812004155,0.009792566973940906,0.1881344725651189,0.10119620925530898
201812004198,0.001955719209734289,0.06133865508310986,0.055593676976222244
201812004271,0.8710720196912349,0.2247977336926525,0.16892960559620313
201812004422,0.001777927727979666,0.09912882191168379,0.0616706224851537
201812004433,0.8209317575918522,0.19736284237999796,0.1512968890974628
201812004478,0.8563318977743744,0.1947505084868178,0.1141804712357345
201812004552,0.7954921098083289,0.2102426247236265,0.07956980914953522
201812004625,0.7055289002192858,0.07113890522935477,0.024181512227899306
201812004772,0.2566524681258783,0.34779088366718697,0.09461717360448187
201812004817,0.9574379746344978,0.05988628411417364,0.03913558214447625
201812004871,0.8991036731306132,0.20505414929757154,0.14508328705152462
201812004921,0.006970774712762053,0.03127940043334873,0.018748901859659807
201812005259,0.829242460732751,0.1919925613846134,0.14938716883803035
201812005350,0.8902999549532571,0.06166752315559876,0.03494242389752558
201812005402,0.7822837187854306,0.20298356046967087,0.1537485054563491
201812005434,0.8657047060048404,0.21899972704863596,0.1698173158035139
201812005461,0.8035583263877147,0.22567051333329152,0.15495637254034617
201812005659,0.0011117610016096776,0.10501955511306826,0.053801507053993405
201812005779,0.8759613871667502,0.21899972704863596,0.1698173158035139
201812005853,0.7990165812728293,0.061483596701005144,0.05618444577413989
201812005862,0.0035937409932149116,0.22775403617086346,0.1791072339733442
201812005898,0.9558456659071857,0.059788606886935054,0.0396244334823847
201812006094,0.767380863416188,0.05727622984082377,0.03917852463851495
201812006124,0.7178002738199265,0.17774109311587377,0.11965905223865217
201812006485,0.8235246008142005,0.1530438686949336,0.10992303453916413
201812006628,0.43810007041325,0.180724084179973,0.06830379139676634
201812006707,0.0028769307688224716,0.05084245908340854,0.04441226188395501
201812006755,0.785684249661861,0.061577287284249896,0.04670779655620292
201812006820,0.8712336539106856,0.21546977436938958,0.08927252179965342
201812006824,0.867639020925409,0.19375733584196486,0.07634877120974776
201812007245,0.8751427323738828,0.25643347323581345,0.18854455343980409
201812007280,0.878627560255791,0.0681210974446331,0.07052526471961044
201812007319,0.8007580171468295,0.2313002977023903,0.17335177674750768
201812007397,0.008781542748403379,0.17811981031937113,0.12493499848536001
201812007439,0.5079101612760967,0.060695859438662854,0.02574378064259764
201812007654,0.9201173789276981,0.25176395120773176,0.18745475635401707
201812007664,0.1138834780654198,0.1485098914144282,0.09573202240347958
201812007718,0.028849012612789646,0.25771451294641273,0.10746456564858549
201812007723,0.8349362321925946,0.21135963102529426,0.1318662067827067
201812007727,0.24667269787343118,0.3108097497455409,0.09823183235968042
201812007780,0.0029856829404076675,0.05084245908340854,0.04441226188395501
201812007788,0.0038904741167535514,0.329740551153445,0.18246031845708052
201812007839,0.8242212626598717,0.1844378932651695,0.07598418153112023
201812007853,0.035742927332438064,0.2580715027119336,0.1527249601101916
201812008090,0.001373289125391012,0.08336747414757173,0.035729897840383336
201812008149,0.9511217110557624,0.06476224409724518,0.02835446374813637
201812008346,0.9679946878970064,0.05657949097517041,0.047836129038415845
201812008642,0.8591422903168477,0.21799367987729545,0.16616882192810786
201812008657,0.9191060956381008,0.22048948192473922,0.16994326406466154
201812008694,0.4738156471762361,0.20068338445185507,0.0793159608409056
201812008702,0.3557759244643059,0.17757787575549047,0.12618910812552006
201812008708,0.3557759244643059,0.17757787575549047,0.12618910812552006
201812008800,0.9401319284395112,0.2236510960964945,0.1735278967116798
201812008953,0.875415785267484,0.06891579478012919,0.07737166149838509
201812009363,0.7247361893284894,0.15429850267299328,0.10167947357544174
201812009485,0.7362554488492654,0.05579115742305197,0.05420502798690403
201812009515,0.7957648465122823,0.18537213560299345,0.08176233842698326
201812009556,0.8399314508884816,0.20555481681615398,0.07906681884964532
201812009573,0.9168353259287817,0.05977079872702785,0.03935544737298931
201812009645,0.473802760351659,0.3605161398132827,0.1992506510921789
201812009682,0.7104303925530724,0.15812942875702152,0.10925988389338553
201812009703,0.9536015766810771,0.0678862915517692,0.0537905896799166
201812009725,0.0019116796847764958,0.05659833138895959,0.040576019588084176
201812009750,0.7913469903287758,0.207839967839882,0.15693068784264794
201812009753,0.8704038730772589,0.2201575822768621,0.08984043654777708
20182005961,0.9576630705225829,0.22048948192473922,0.16994326406466154
20182009106,0.031860235517327515,0.255518436552179,0.1525076659835971
20183007131,0.7957127652698227,0.05522512623541073,0.0321376506477401
20184001796,0.8349362321925946,0.21135963102529426,0.1318662067827067
20185003342,0.002110233147363293,0.09944565134354841,0.058323757369737925
20186002647,0.0012692167214598238,0.06253538269128145,0.04763665955584619
20186005840,0.84957051323972,0.21556820624739387,0.1635016940197921
20186007767,0.8599829401716136,0.21695952924549283,0.08933873247337493
20187001795,0.7911439903569566,0.23098232627497234,0.17561859268318072
20187002397,0.017823057057737755,0.2517315148920908,0.10253297382873916
20187003190,0.8548178429894981,0.21293308507914238,0.14951741115769973
20187003641,0.8683328385389626,0.2268506614886014,0.15705698193115433
20187006392,0.515676654808376,0.3053990965928509,0.1192322938201562
20187006846,0.7688592482455999,0.17341424052357424,0.06506485779660184
20187007250,0.0006379835573901455,0.05992903294709047,0.06639067754534313
20187010782,0.8178865711772009,0.18815252744219585,0.08261712743434142
20188002087,0.7609047050676481,0.17881945717341285,0.06871159050267617
20188002441,0.8556773421844506,0.18142477283638442,0.13120051074842823
20188002645,0.4487473575590658,0.3603769121648017,0.20332539663258795
20188005486,0.9411830055346949,0.25643347323581345,0.18854455343980409
20189001829,0.901879587655437,0.07025360342449918,0.08851184623596313
20189003084,0.7473009464948397,0.19946879079190027,0.08211363498709547
20189003486,0.8838261803059566,0.20704457169225723,0.07912546026852224
20189004803,0.8490162581640831,0.18818219205740552,0.08215661242182278
20189006540,0.85275398694056,0.05522512623541073,0.0321376506477401
20189007102,0.8594211894457439,0.20555481681615398,0.07906681884964532
20189007821,0.7866508612971056,0.20685713330704186,0.1361419826259951
20189007982,0.7305443117216013,0.15812942875702152,0.10925988389338553
20189008206,0.8725455077758126,0.22012114341724812,0.09122316454445392
20189009645,0.01707801718141294,0.26210131725833247,0.11303168576447252
20191000037,0.736733799930423,0.05476463973841879,0.03878656726279498
20191000127,0.9217043146900139,0.22048948192473922,0.16994326406466154
20191000242,0.741333808324808,0.20698533810602834,0.08618762458761503
20191000255,0.9077447759226136,0.25176395120773176,0.18745475635401707
20191000260,0.7328403625381374,0.21593641877352232,0.14810933181931896
20191000269,0.9076948092731068,0.25176395120773176,0.18745475635401707
20191000366,0.8035087013521215,0.2290861371070373,0.15902157774009587
20191000380,0.9728756333876601,0.05434021040180177,0.02699879622986123
20191000382,0.7885049702797823,0.17814682098756685,0.11615208443054859
20191000433,0.0020846798793325927,0.08173434638745893,0.07247832667755534
20191000490,0.0018589534764915313,0.0753319827833301,0.062067451813002696
20191000535,0.0009237961824229007,0.05487011782087328,0.051009158916541196
20191000546,0.7945628102370531,0.1819072292414286,0.07021868991643951
20191000553,0.8085097933649796,0.06031199277115189,0.05529786775960246
20191000568,0.8816947211553708,0.20704457169225723,0.07912546026852224
20191000676,0.7773826586249857,0.18583381258755338,0.0807271969902831
20191000751,0.9033438316089835,0.25643347323581345,0.18854455343980409
20191000782,0.903716208307804,0.23976768841247514,0.17641891175713328
20191000845,0.6216245888841191,0.2741647590981573,0.1088873285853945
20191000920,0.0029923137424939707,0.0533978043365743,0.03319331151096489
20191000928,0.00164701823034726,0.08336747414757173,0.035729897840383336
20191000957,0.39153624768119716,0.3196047932697627,0.08729649463888038
20191001061,0.7414304600060674,0.2223254880964583,0.1669301967602383
20191001073,0.8946491854355181,0.06537268638549606,0.08082378133353679
20191001178,0.8887858377112426,0.06700687714585266,0.08327584337676001
20191001209,0.5826067784448337,0.23886603223992003,0.17079363779181925
20191001270,0.9662991560039658,0.05657949097517041,0.047836129038415845
20191001457,0.9066744594980781,0.17018454850038225,0.12520161585998874
20191001560,0.8982920308485449,0.2550650113976359,0.18699013540967754
20191001584,0.031271476146294115,0.2599830816295061,0.10185397880256575
20191001595,0.892457119933431,0.20757738370668166,0.07058334360752677
20191001604,0.0010227583587984425,0.05781034483535043,0.04208576546795002
20191001611,0.001621554426802317,0.05460981778296514,0.03442836279991634
20191001699,0.9157063318075722,0.21549077892650675,0.17005001544663279
20191001826,0.907111211639122,0.20255960464350176,0.1397197294578145
20191001846,0.2539834191203148,0.3196047932697627,0.08729649463888038
20191001877,0.8642384011323236,0.2131278935642963,0.08851925828567082
20191001909,0.001961788330487116,0.07848393025800239,0.06929471768075768
20191001991,0.692240551286379,0.053409218006769274,0.03314387836673988
20191001992,0.4618042514040921,0.363345645285993,0.19988361431827625
20191002027,0.7954791081531214,0.18537213560299345,0.08176233842698326
20191002029,0.9635218235270485,0.05692470469844132,0.04432709544358168
20191002074,0.8981687565153367,0.06700687714585266,0.08327584337676001
20191002078,0.8952151367162414,0.06700687714585266,0.08327584337676001
20191002091,0.9735580796910379,0.05998465558402485,0.0530248826393605
20191002111,0.8703983551944076,0.20555481681615398,0.07906681884964532
20191002163,0.7456188854339374,0.0569957193972326,0.05575249211343741
20191002211,0.8449817072787533,0.17826723450416992,0.07276440567272069
20191002216,0.8477016116981055,0.18818219205740552,0.08215661242182278
20191002277,0.8965642620915151,0.07088279686403623,0.08748091951749147
20191002297,0.8859768715479596,0.23976768841247514,0.17641891175713328
20191002394,0.9212598735292046,0.06790593717623278,0.0870244330001592
20191002483,0.8024379423855514,0.17911960607438832,0.12758041659278588
20191002503,0.8001228532295568,0.19586068540586207,0.08665177331837293
20191002511,0.5065515769324864,0.06555177837072557,0.03152808612711505
20191002521,0.5650128259334813,0.06555177837072557,0.03152808612711505
20191002534,0.0016057800153938318,0.0792356199684839,0.10572125828729519
20191002537,0.3557759244643059,0.17757787575549047,0.12618910812552006
20191002706,0.3557759244643059,0.17757787575549047,0.12618910812552006
20191002742,0.7788464042901236,0.05915597401498434,0.05677582994513495
20191002745,0.9504919398366142,0.21899972704863596,0.1698173158035139
20191002751,0.9405477029553254,0.05657949097517041,0.047836129038415845
20191002759,0.8494347504593934,0.15142547427788305,0.10660712302201543
20191002920,0.9171081301843802,0.21246038408988155,0.1625918589075724
20191002939,0.7759141431295998,0.1858839399790706,0.08235978847000293
20191002953,0.0020597643377005615,0.07690174257526666,0.07210097271153869
20191002956,0.8595223714156787,0.17013371574046127,0.11528796164015781
20191002981,0.003561150806509051,0.10474804538419497,0.07659809445975875
20191003000,0.9260039523237698,0.21246038408988155,0.1625918589075724
20191003019,0.8485601644968386,0.18910596679410635,0.07471619052283075
20191003043,0.8448607534188315,0.21245051759237363,0.1684320669757369
20191003077,0.015815599113514496,0.24878422460389268,0.13563862898660364
20191003263,0.9066111921446609,0.24908151991603536,0.1853978327099041
20191003312,0.8968898038824921,0.07149011660887078,0.09006994585973971
20191003315,0.008900299117683877,0.20390336879935983,0.155672274914514
20191003440,0.8376948193105628,0.20555481681615398,0.07906681884964532
20191003465,0.9057815390665913,0.24908151991603536,0.1853978327099041
20191003502,0.902348544453936,0.22081743881413807,0.17159391729572676
20191003540,0.9041106892802407,0.24908151991603536,0.1853978327099041
20191003568,0.6994060149518092,0.05988856036851094,0.051982783175354604
20191003594,0.0020888706644698906,0.07763260873628668,0.05701130346100724
20191003680,0.7409135569213917,0.05697777951441929,0.046656513537029785
20191003699,0.026232445300166937,0.26169637277817237,0.1104266927656917
20191003724,0.019140971186840373,0.26082696907977987,0.14576983357414003
20191003755,0.09644350466875079,0.142760201244161,0.09183441172954196
20191003756,0.09644350466875079,0.142760201244161,0.09183441172954196
20191003759,0.8829635850849828,0.06891579478012919,0.07737166149838509
20191003785,0.5707931729452583,0.31654445776920254,0.1865514213857957
20191003861,0.0023044181346226537,0.08336747414757173,0.035729897840383336
20191003909,0.0016398296274215795,0.07969390319957506,0.09930717962877253
20191003938,0.18425556019015538,0.30124132889433936,0.08599655245273487
20191004011,0.7726467833887696,0.24226905229118445,0.1767795001681969
20191004025,0.3806458329739857,0.18351137713976956,0.05301674370648919
20191004038,0.9603972363516549,0.059788606886935054,0.0396244334823847
20191004043,0.8524393301225739,0.2016892758812131,0.1408551033588062
20191004048,0.0058942583974194475,0.19050369363357883,0.1315353308158418
20191004109,0.849141417478421,0.07381967219579141,0.07015099089200849
20191004146,0.7550047502815475,0.21613266978627593,0.15154968657787296
20191004208,0.7157844157334818,0.21998901722825118,0.15325189094525166
20191004220,0.91251494971561,0.2236875349561085,0.17089762311630638
20191004224,0.775381842272618,0.2505854910579517,0.19277844020157675
20191004227,0.8784815317184637,0.07061314466321222,0.10616478216231941
20191004251,0.49637840470307176,0.3152615199603894,0.0706762018621337
20191004267,0.7281928804764468,0.21613266978627593,0.15154968657787296
20191004286,0.5981398337669513,0.21990825371405004,0.15371847912557046
20191004364,0.5755210548329663,0.1732869095422979,0.06539312585218869
20191004374,0.8669097281125171,0.22134897397527978,0.1668268280794345
20191004402,0.971062137216221,0.05146846248237617,0.02896355359551503
20191004432,0.7584843019670583,0.05345623798251771,0.033205715224281236
20191004440,0.9229226282956349,0.25643347323581345,0.18854455343980409
20191004500,0.886031346863791,0.07137319138162035,0.10784952687737737
20191004550,0.9317892985586993,0.2236510960964945,0.1735278967116798
20191004556,0.4367286208926686,0.19659560656078554,0.07615488545833328
20191004566,0.8224584891672627,0.1829846459262366,0.0634803470468041
20191004680,0.016089357173106392,0.1665602509501072,0.1508210556002509
20191004710,0.8963729800450776,0.07100066654738173,0.09210336897857505
20191004805,0.43845824456772275,0.3055994884669725,0.07318441875623226
20191004843,0.8818998582847279,0.20292601465882315,0.06907404618510848
20191004854,0.7327171870319547,0.056124054640998525,0.05704710914570462
20191004869,0.45913050882967116,0.17757787575549047,0.12618910812552006
20191004891,0.0013003222130328212,0.07252465961926431,0.07048729445848202
20191004909,0.87939835377251,0.20271405395600328,0.16296576801698254
20191004957,0.9709710808909349,0.05434021040180177,0.02699879622986123
20191004983,0.5176361312567654,0.3605161398132827,0.1992506510921789
20191005120,0.020071169454897377,0.2539157522600994,0.14875234646220756
20191005134,0.03176846146684519,0.2532629717608461,0.1402151144801241
20191005248,0.7014849680178278,0.05345623798251771,0.033205715224281236
20191005294,0.9618274528009468,0.05988628411417364,0.03913558214447625
20191005303,0.814766385863027,0.21592812988720617,0.16223843886850617
20191005314,0.03473303226295552,0.2653934622024356,0.16250390272970092
20191005347,0.9269374695513632,0.21899972704863596,0.1698173158035139
20191005360,0.8706063678063132,0.24122873204700795,0.17552027400322154
20191005375,0.8954072688845722,0.062166297919270995,0.07182598156419352
20191005395,0.8867524683068038,0.07061314466321222,0.10616478216231941
20191005409,0.01573139168290573,0.17697359232206458,0.1513010923050245
20191005427,0.9735580796910379,0.05998465558402485,0.0530248826393605
20191005428,0.8801606536754928,0.20555481681615398,0.07906681884964532
20191005462,0.0420560242109188,0.27080916266999655,0.16177287052054326
20191005480,0.005557033576819246,0.193550557883716,0.11734666544693435
20191005537,0.7029673003992526,0.061577287284249896,0.04670779655620292
20191005557,0.8029311019933167,0.2120660394007463,0.14523398936592843
20191005567,0.0015969714206490282,0.08058701377256641,0.04904858644449787
20191005632,0.7377123380186684,0.061577287284249896,0.04670779655620292
20191005637,0.7776239825389689,0.20101590641634492,0.08442228354947147
20191005681,0.7268172591192794,0.0546512394795807,0.040010783493916895
20191005698,0.9264655539724072,0.21246038408988155,0.1625918589075724
20191005733,0.0011685109047499382,0.19232731977311604,0.1500168363971243
20191005769,0.8568129183663209,0.20555481681615398,0.07906681884964532
20191005838,0.819033067458215,0.21981139164279756,0.1679072534631953
20191005903,0.9730717349369193,0.05443801756797906,0.02778991899522301
20191005922,0.5467409760435816,0.06555177837072557,0.03152808612711505
20191005924,0.2966323448274224,0.24044003046021434,0.17648007297978374
20191005966,0.8882364012186162,0.20123192587895775,0.14291831398324567
20191006023,0.0013708395763711676,0.07236784131456256,0.09162660684347189
20191006058,0.8733637709799454,0.25643347323581345,0.18854455343980409
20191006064,0.9624534494777842,0.05320035170730088,0.034613789055618155
20191006077,0.030751058743254994,0.24900732294297107,0.12775114161264545
20191006078,0.8219083516899993,0.20137507811820174,0.13834902481044192
20191006098,0.8595223714156787,0.1709137357496876,0.11468437127708378
20191006110,0.9170568491064998,0.22214995262362627,0.17200441230701932
20191006142,0.7107888786255872,0.337163842875427,0.19424005639727535
20191006145,0.8083119306300652,0.1866627725660926,0.08255589827295844
20191006188,0.9095763199012584,0.25176395120773176,0.18745475635401707
20191006203,0.9226763599418142,0.22081743881413807,0.17159391729572676
20191006207,0.8852617453543461,0.3166550490559282,0.21977183131761843
20191006210,0.9282213405801971,0.21246038408988155,0.1625918589075724
20191006217,0.6965043137063195,0.10374886484899488,0.05398030151613313
20191006233,0.6351092589482575,0.33214606193085316,0.1927941781843012
20191006273,0.8254804035548855,0.24785382253965768,0.17588793194743454
20191006292,0.7400355659300129,0.053777252462034006,0.0381674743745682
20191006301,0.005731433257322204,0.05225794564207341,0.042555463321998145
20191006309,0.02763094072065779,0.2515496806121799,0.12932984716259638
20191006333,0.8913346017956135,0.17843544446499646,0.1281451703468204
20191006358,0.8908630090603891,0.2277827415678388,0.17326355416548608
20191006382,0.9355788789808654,0.21899972704863596,0.1698173158035139
20191006394,0.7582750502086353,0.21261511365172442,0.1514725595653593
20191006436,0.002475602841223363,0.05225794564207341,0.042555463321998145
20191006502,0.8153613072695663,0.21981139164279756,0.1679072534631953
20191006520,0.8695634954408058,0.23976768841247514,0.17641891175713328
20191006539,0.8183897232608148,0.18548117649977716,0.07906316978190915
20191006585,0.9120994464667221,0.22081743881413807,0.17159391729572676
20191006608,0.9164506491282446,0.060947986469470715,0.06601613923751018
20191006655,0.20196180379485096,0.31818066332013895,0.09969550369432406
20191006661,0.7756489314635643,0.0582151448141774,0.04504190597784775
20191006747,0.40551067706067856,0.29412328627044526,0.1461534903327191
20191006756,0.869307417775903,0.25643347323581345,0.18854455343980409
20191006771,0.9031118288842918,0.25643347323581345,0.18854455343980409
20191006784,0.821495794313002,0.19859262207798087,0.08126663625271245
20191006788,0.2869860396159154,0.3156011286080095,0.09761711012531583
20191006789,0.909773230373995,0.0664330199008086,0.0987436247611779
20191006870,0.0013133638258360418,0.09184306649752291,0.10255755258586989
20191006871,0.9058721499960128,0.25643347323581345,0.18854455343980409
20191006880,0.8248780810121469,0.17789482015713806,0.06897176769338831
20191006886,0.971566797756107,0.06204988713734716,0.05301110069431655
20191006920,0.7440527269679472,0.18035636797134136,0.14107193293031722
20191006922,0.9731566477644363,0.05320035170730088,0.034613789055618155
20191006956,0.8979197157584403,0.23976768841247514,0.17641891175713328
20191006987,0.8798969532844558,0.21292610648787233,0.08757586105146525
20191007056,0.4316348701959109,0.3340746840334302,0.10128031061600265
20191007068,0.8828499030188932,0.07268194057919505,0.10923049778530457
20191007079,0.8855804855046808,0.20921533704435358,0.08202924470495034
20191007149,0.8896098181933374,0.07100066654738173,0.09210336897857505
20191007166,0.9649311557740428,0.05320035170730088,0.034613789055618155
20191007291,0.9607907943451887,0.061520496111859765,0.047354402749116405
20191007305,0.02478587056480043,0.2512565317520028,0.10605582782378621
20191007344,0.7513874671654495,0.061800494597588906,0.05215873906507322
20191007413,0.8351144076595677,0.1618012505567128,0.14068243227001032
20191007453,0.000708677736270172,0.08009873958469878,0.07147948181653274
20191007463,0.7457210006778939,0.061800494597588906,0.05215873906507322
20191007469,0.6140122384316762,0.303654494864241,0.17721378788174233
20191007472,0.8864047050878818,0.20704457169225723,0.07912546026852224
20191007481,0.8719630051682635,0.22228574743001184,0.16806189783354994
20191007501,0.6235062139612213,0.28279753801317364,0.13472011204126655
20191007510,0.883317286828562,0.17708195058898776,0.13022432764910297
20191007558,0.0007348051460571176,0.07969390319957506,0.09930717962877253
20191007560,0.8247497077785881,0.1799669189531548,0.07742296290844994
20191007564,0.0015371462362575414,0.08222761545307083,0.04580749216729698
20191007570,0.8785943519059586,0.07268194057919505,0.10923049778530457
20191007587,0.0017768578053746354,0.08222761545307083,0.04580749216729698
20191007597,0.9057953881241632,0.25643347323581345,0.18854455343980409
20191007623,0.0017021024375692868,0.0521131185001477,0.04126700313460897
20191007651,0.8351144076595677,0.15805711362271768,0.1337778355946133
20191007666,0.0011608015535308806,0.08222761545307083,0.04580749216729698
20191007668,0.8868961298238175,0.07484219519694679,0.11123542521583848
20191007674,0.0039175574414512205,0.07882298017311197,0.05604744411953951
20191007718,0.9096136075848121,0.2550650113976359,0.18699013540967754
20191007810,0.8848538762115974,0.07192189386078693,0.10752418057469526
20191007859,0.8831792616867333,0.20704457169225723,0.07912546026852224
20191007866,0.9557779978858072,0.06223721165018737,0.052155706573143355
20191007873,0.002512643083834721,0.05225794564207341,0.042555463321998145
20191007894,0.8913906311265071,0.2290861371070373,0.15902157774009587
20191007895,0.9622488264799256,0.05320035170730088,0.034613789055618155
20191007901,0.9144424907482115,0.25643347323581345,0.18854455343980409
20191007903,0.8578399799667928,0.20704457169225723,0.07912546026852224
20191007908,0.9066489873643956,0.25643347323581345,0.18854455343980409
20191007911,0.0014321370816554485,0.08222761545307083,0.04580749216729698
20191007912,0.8287215161715913,0.18815252744219585,0.08261712743434142
20191007948,0.01819431850077158,0.24878422460389268,0.13563862898660364
20191007964,0.8749514185769157,0.07268194057919505,0.10923049778530457
20191007970,0.0017753582031097644,0.055458472694458694,0.05202045938571076
20191007975,0.0014321370816554485,0.08222761545307083,0.04580749216729698
20191007993,0.9013187516443466,0.07100066654738173,0.09210336897857505
20191008000,0.914584618857251,0.25212001502100256,0.09869063796772827
20191008019,0.7291301282273713,0.21111537331364033,0.14796937926961842
20191008041,0.9672412075831366,0.059928917949043814,0.054356556815512755
20191008066,0.9264842327093228,0.23976768841247514,0.17641891175713328
20191008071,0.872280653265378,0.20292601465882315,0.06907404618510848
20191008074,0.916138028872758,0.0664330199008086,0.0987436247611779
20191008076,0.9540204538857421,0.061520496111859765,0.047354402749116405
20191008079,0.8722262048266012,0.20292601465882315,0.06907404618510848
20191008080,0.9172468200515537,0.23509816638439346,0.17539920149553703
20191008096,0.9039317458789388,0.06989546790406602,0.08781470779519616
20191008111,0.0014462492413090222,0.09944565134354841,0.058323757369737925
20191008116,0.8129239324731394,0.20137507811820174,0.13834902481044192
20191008140,0.8322919902471894,0.21331681381058332,0.17121511078783969
20191008155,0.0017933843964014022,0.07102772693907328,0.08785808521480944
20191008169,0.6329157682639368,0.3071856055580571,0.17393230533506288
20191008273,0.9437772741634597,0.1713558596479393,0.1258178942524851
20191008283,0.8990880984589487,0.20505414929757154,0.14508328705152462
20191008295,0.0012749609422126947,0.08222761545307083,0.04580749216729698
20191008323,0.892457119933431,0.20757738370668166,0.07058334360752677
20191008334,0.8526832185276532,0.22733320351462688,0.16629292406636914
20191008335,0.0033014327769725115,0.06285626723185905,0.05253971780947085
20191008349,0.9079414468166292,0.07148260615555206,0.08828604941209876
20191008358,0.8272930987949692,0.06351609596847982,0.06677072626719784
20191008359,0.853353530147037,0.0852006970307486,0.12195408428840097
20191008362,0.909221777516341,0.07149011660887078,0.09006994585973971
20191008363,0.832081966484815,0.2321866078183351,0.18307110400560947
20191008378,0.6933549581644671,0.21707636904583968,0.1691161635126585
20191008380,0.8015211732716371,0.18322314830471392,0.11775016580881668
20191008388,0.0019107237792657533,0.05483302509630415,0.0384462578866832
20191008393,0.9641160477543421,0.053153331731552456,0.03454933003317754
20191008402,0.0014244677329927251,0.06275859000462046,0.053196003213624894
20191008415,0.8337129717573255,0.1777997937803839,0.06678162574263975
20191008420,0.9129660438236075,0.25176395120773176,0.18745475635401707
20191008442,0.9643340746947675,0.059347864784295816,0.04586645318409425
20191008443,0.0016349809258356437,0.07874616990699485,0.10810802613423626
20191008445,0.0020238305416203557,0.055458472694458694,0.05202045938571076
20191008446,0.6346954194761574,0.06006842488675902,0.021255908995496633
20191008454,,,
20191008456,0.0014463410249245126,0.08222761545307083,0.04580749216729698
20191008469,0.0024864606997767164,0.05225794564207341,0.042555463321998145
20191008473,0.31152587222040096,0.3116829483812843,0.15043730170378788
20191008481,0.5308834161473704,0.3113577280837373,0.17466964531018803
20191008500,0.8640885569255374,0.1855533899000747,0.07177333960568852
20191008537,0.45913050882967116,0.17757787575549047,0.12618910812552006
20191008564,0.8407294730887366,0.20845552108112902,0.14863942291437202
20191008566,0.9419947583172966,0.23381276084582725,0.1689591843928698
20191008612,0.8827295676385559,0.08412678752311498,0.11330780401854465
20191008645,0.8380778003515217,0.23098232627497234,0.17561859268318072
20191008646,0.7742714331026137,0.17774109311587377,0.11965905223865217
20191008668,0.6472864170984596,0.32299339898701107,0.18705197876949106
20191008691,0.0017332226115042157,0.08222761545307083,0.04580749216729698
20191008693,0.8999640407310157,0.05973828428258238,0.06559376207947641
20191008720,0.8455374664592159,0.1964772564658247,0.08275702519365467
20191008742,0.866623682333047,0.2592629787085238,0.18914350640760705
20191008751,0.0021921864342359866,0.08222761545307083,0.04580749216729698
20191008755,0.9075154953709365,0.2592629787085238,0.18914350640760705
20191008774,0.7935476815404804,0.20335793052083076,0.14201502560863583
20191008797,0.01819431850077158,0.24878422460389268,0.13563862898660364
20191008808,0.001172317548931294,0.08222761545307083,0.04580749216729698
20191008812,0.8110704546635527,0.23114613819935498,0.18283872994164294
20191008816,0.0013907224769150561,0.06275859000462046,0.053196003213624894
20191008827,0.7766644214416363,0.21758257105251672,0.1513490571605625
20191008833,0.9092603989995203,0.2592629787085238,0.18914350640760705
20191008838,0.7641509101300967,0.08248128357729617,0.048211726094273176
20191008840,0.9093509429961338,0.07148260615555206,0.08828604941209876
20191008846,0.8645591332778122,0.2177792626121548,0.09045344190084385
20191008862,0.8898042138798589,0.21002532847201766,0.16471820450328423
20191008891,0.8660996484433356,0.23835164779692042,0.1750157089088586
20191008913,0.8618250283654185,0.20555481681615398,0.07906681884964532
20191008924,0.8604744970209661,0.20555481681615398,0.07906681884964532
20191008932,0.955039767127223,0.059724140323040145,0.05221705164445315
20191008940,0.9078415150504909,0.20119114280532424,0.13856783796759983
20191008960,0.9294872216494653,0.20895143596775234,0.16281465755070723
20191008965,0.0014700877720830992,0.07847557325007577,0.10406975979373843
20191008973,0.8671991465086442,0.20098115723498008,0.07981454645714867
20191008981,0.8553637132878229,0.2425971938851855,0.17697934497488324
20191008983,0.9676310156391041,0.05657949097517041,0.047836129038415845
20191008985,0.7866201844561627,0.19750695829421566,0.08453796689519086
20191008989,0.9071894573120642,0.2592629787085238,0.18914350640760705
20191008994,0.6403871672246048,0.3167867268688297,0.15224100146679118
20191008995,0.8533199137537895,0.2592629787085238,0.18914350640760705
20191009007,0.7499420535959013,0.0536324253201083,0.03701187019719795
20191009021,0.8459959579452486,0.18818219205740552,0.08215661242182278
20191009058,0.9051364641952423,0.2592629787085238,0.18914350640760705
20191009071,0.9493439502509133,0.061520496111859765,0.047354402749116405
20191009078,0.9069814535231653,0.20883795136847055,0.08584121609249132
20191009080,0.302891946667767,0.2986600534135687,0.08637738152784565
20191009081,0.7869068391012982,0.18942241197538118,0.1599565842628849
20191009087,0.8960728770708475,0.072411343922276,0.10515030264776219
20191009105,0.01897233180343058,0.236293062795851,0.13577371236679273
20191009106,0.8672961147650866,0.20672163124638773,0.144176589005068
20191009120,0.8501309122629119,0.21108301089340709,0.14850738485064513
20191009140,0.8086427283464357,0.18898062671317356,0.07980349262605847
20191009168,0.4675426147771558,0.31255459257764906,0.18685604319570623
20191009183,0.8379558478566503,0.18818219205740552,0.08215661242182278
20191009224,0.827813899868467,0.1836445999152712,0.14133458185638836
20191009239,0.8712290748444496,0.19194890397222028,0.15120386292070515
20191009269,0.9074510767697154,0.07148260615555206,0.08828604941209876
20191009273,0.9074510767697154,0.07148260615555206,0.08828604941209876
20191009284,0.7566910147297886,0.05367944529585672,0.03708092360487096
20191009285,0.863288031781257,0.21020618586401252,0.08079446262439655
20191009303,0.3411783739462231,0.24044003046021434,0.17648007297978374
20191009316,0.9780836685870503,0.061520496111859765,0.047354402749116405
20191009322,0.8730088745158612,0.20555481681615398,0.07906681884964532
20191009331,0.9760796300795024,0.061520496111859765,0.047354402749116405
20191009378,0.8725580456165627,0.23509816638439346,0.17539920149553703
20191009379,0.9230905449244798,0.25643347323581345,0.18854455343980409
20191009382,0.8897197430592919,0.19027832687001742,0.13432126826732543
20191009391,0.9590006155955335,0.0649133620491598,0.03846964112687059
20191009423,0.9574241129364084,0.061203598215276,0.05100930200987353
20191009426,0.8235502943564702,0.21981139164279756,0.1679072534631953
20191009436,0.7869263762147573,0.06096758951155906,0.06467002625006482
20191009437,0.31811096164269864,0.31145610283736813,0.074333421161724
20191009442,0.890439949690254,0.08460872713128531,0.10861164466942178
20191009443,0.002720527969158427,0.05225794564207341,0.042555463321998145
20191009445,0.9068506327200572,0.07148260615555206,0.08828604941209876
20191009465,0.0026226332833708273,0.08541649570866397,0.052627460269764455
20191009485,0.9123730974255335,0.21671893123900937,0.17014541283703977
20191009496,0.900461802141527,0.07648015356128468,0.10384954088746348
20191009505,0.9117922184293128,0.25643347323581345,0.18854455343980409
20191009519,0.7701710606083919,0.06096758951155906,0.06467002625006482
20191009524,0.015493569555109317,0.18210388966733465,0.15975343762101107
20191009525,0.8830092649256805,0.20941552894459087,0.14944131841543304
20191009535,0.8689638666505874,0.20886730266177783,0.16264043422853144
20191009542,0.9700956217127572,0.06130127544251459,0.050379994197955226
20191009581,0.8946481446661498,0.17307880539575277,0.14745547789522467
20191009585,0.04229123699465365,0.2512565317520028,0.10605582782378621
20191009592,0.8864918419862292,0.07316388018736539,0.104703326617996
20191009599,0.8252118104396109,0.18141870004326938,0.07085636476911453
20191009616,0.933802099811698,0.21899972704863596,0.1698173158035139
20191009626,0.8861110807538266,0.07316388018736539,0.104703326617996
20191009630,0.001030591821179716,0.08222761545307083,0.04580749216729698
20191009638,0.5995944115642332,0.3113577280837373,0.17466964531018803
20191009677,0.9040202627356069,0.25176395120773176,0.18745475635401707
20191009680,0.7807010103006758,0.06755942504337084,0.03664675685510449
20191009681,0.9230905449244798,0.25643347323581345,0.18854455343980409
20191009686,0.8260330343327651,0.20746019944018765,0.16856856807424983
20191009711,0.5714392999711045,0.3113577280837373,0.17466964531018803
20191009713,0.796366916648152,0.17125646705314854,0.06501809049789814
20191009721,0.8173501005210646,0.20980786568845408,0.17144972582099097
20191009722,0.8135607291366379,0.07736711000647288,0.031909991051386685
20191009727,0.34266927116299817,0.17757787575549047,0.12618910812552006
20191009734,0.7835118761060255,0.18188637293234694,0.07662205312452262
20191009739,0.8964409410623438,0.07316388018736539,0.104703326617996
20191009759,0.8271673606802923,0.1733619493458864,0.07984984895447568
20191009788,0.9476897952224914,0.061203598215276,0.05100930200987353
20191009789,0.9575417175180201,0.061203598215276,0.05100930200987353
20191009797,0.9588795890750396,0.0567076105671133,0.048362696227731775
20191009815,0.7420168392139717,0.05109513706356912,0.02711185141363475
20191009817,0.32601213384346023,0.33977656704552317,0.07913107998856676
20191009819,0.838819076668511,0.17163482691451354,0.12882611304761898
20191009830,0.7374998967725618,0.053777252462034006,0.0381674743745682
20191009831,0.9325682909979647,0.07014249178006277,0.08465492196800352
20191009836,0.4271238649618959,0.18358919973349644,0.05480040541556209
20191009841,0.004384198003600967,0.2172828130871806,0.14372536455507204
20191009850,0.8749420675978259,0.17843544446499646,0.1281451703468204
20191009868,0.0017929601031919824,0.055458472694458694,0.05202045938571076
20191009939,0.847172377272351,0.1866627725660926,0.08255589827295844
20191009945,0.8638182028948048,0.22430997309224654,0.16841731580214847
20191009948,0.9745234348779317,0.06130127544251459,0.050379994197955226
20191009969,0.9736179721274818,0.05320035170730088,0.034613789055618155
20191009973,0.8138095028169948,0.1866627725660926,0.08255589827295844
20191009979,0.8502032356136627,0.18773666507035794,0.08352110024518136
20191009982,0.7968526841719786,0.061483596701005144,0.05618444577413989
20191009984,0.002720527969158427,0.05225794564207341,0.042555463321998145
20191010024,0.8723798125857545,0.25643347323581345,0.18854455343980409
20191010030,0.7660415039609291,0.20941552894459087,0.14944131841543304
20191010039,0.7667516457002942,0.05367944529585672,0.03708092360487096
20191010046,0.8147920064249564,0.21991192875272658,0.16391838626950855
20191010048,0.49303009004127873,0.18411840860837564,0.07015227142353149
20191010053,0.8165463372930091,0.21412958028860635,0.15188144722194566
20191010054,0.8591005576863097,0.20505414929757154,0.14508328705152462
20191010056,0.9248778016047535,0.0626797588042556,0.049341332862490574
20191010059,0.7983716906877786,0.21828917285920174,0.15477637836667552
20191010079,0.7626185121765622,0.053777252462034006,0.0381674743745682
20191010088,0.838063940129449,0.16923225523538374,0.13884736265996533
20191010116,0.8219996849496003,0.1901717206882218,0.08244292722726332
20191010121,0.44373989370232986,0.3603769121648017,0.20332539663258795
20191010124,0.03356007007816459,0.25426046412102277,0.13637486718362618
20191010126,0.9072093423206651,0.25643347323581345,0.18854455343980409
20191010151,0.9700956217127572,0.06130127544251459,0.050379994197955226
20191010155,0.745909833083376,0.0536324253201083,0.03701187019719795
20191010159,0.8364703038417056,0.17183823290717926,0.06533984498693456
20191010179,0.9031598688802708,0.06597249567701191,0.08156764231380255
20191010185,0.8619952565829025,0.16345980563924692,0.1115039005792136
20191010206,0.7555373710162713,0.05367944529585672,0.03708092360487096
20191010208,0.8970675288713569,0.22081743881413807,0.17159391729572676
20191010213,0.8443455200727881,0.1983078192396309,0.13418875645954906
20191010218,0.8864780742567412,0.07532413480511713,0.10662515775362968
20191010237,0.001030591821179716,0.08222761545307083,0.04580749216729698
20191010241,0.8708018695014812,0.25643347323581345,0.18854455343980409
20191010250,0.6303991231532231,0.386119436589776,0.20969687648731392
20191010271,0.8515252217957232,0.20941552894459087,0.14944131841543304
20191010273,0.7194022990093077,0.2035409880312408,0.130826839949021
20191010278,0.4215628298815971,0.3124153649291681,0.1906773146672757
20191010279,0.7402914454966858,0.0536324253201083,0.03701187019719795
20191010281,0.8476011372418513,0.15880843659138838,0.10911959089462898
20191010286,0.9089192681795084,0.25643347323581345,0.18854455343980409
20191010289,0.8538396294460529,0.16345980563924692,0.1115039005792136
20191010292,0.8353738258613306,0.18583381258755338,0.0807271969902831
20191010296,0.7549309928191638,0.05367944529585672,0.03708092360487096
20191010299,0.09644350466875079,0.142760201244161,0.09183441172954196
20191010305,0.0017245614996542757,0.05744611337840301,0.03367637323281798
20191010322,0.8162859036110336,0.17789482015713806,0.06897176769338831
20191010328,0.8084872182212355,0.1892264199464612,0.08358304526707294
20191010329,0.19825080185187716,0.3156011286080095,0.09761711012531583
20191010335,0.7758074422168436,0.06133889949801813,0.056780322690571663
20191010347,0.0028233846279371345,0.05225794564207341,0.042555463321998145
20191010350,0.9072093423206651,0.25643347323581345,0.18854455343980409
20191010367,0.9246903596168322,0.06562304709682379,0.06115681459776503
20191010394,0.9575471373933726,0.0600570375409867,0.05495489911282217
20191010408,0.96671477073704,0.05320035170730088,0.034613789055618155
20191010411,0.7508497524717391,0.0536324253201083,0.03701187019719795
20191010414,0.8899071567157845,0.07316388018736539,0.104703326617996
20191010418,0.8186359212570216,0.06276187891932433,0.07555390028783886
20191010421,0.8708018695014812,0.25643347323581345,0.18854455343980409
20191010430,0.7425348751582693,0.05367944529585672,0.03708092360487096
20191010433,0.25255579628902414,0.2986600534135687,0.08637738152784565
20191010448,0.0025353334989105815,0.05622799665080365,0.03789039273837647
20191010483,0.9514952459551322,0.05819443504029978,0.038040265250133605
20191010484,0.8679932063768222,0.21546977436938958,0.08927252179965342
20191010497,0.7475115668402534,0.05944560554540504,0.07617505702479292
20191010506,0.5635804079476142,0.31475205251213995,0.179396664763069
20191010510,0.7484384227362649,0.05367944529585672,0.03708092360487096
20191010512,0.8233152062130024,0.056124054640998525,0.05704710914570462
20191010514,0.8686553834346861,0.22414493469262925,0.1721307356890847
20191010516,0.9102252116195996,0.07648015356128468,0.10384954088746348
20191010529,0.9486555215564155,0.05320035170730088,0.034613789055618155
20191010532,0.8762081012746846,0.22414493469262925,0.1721307356890847
20191010543,0.968320365810825,0.05329815887347816,0.035628047479741645
20191010555,0.6734014813252223,0.21942382524336806,0.0918446557876869
20191010563,0.8848402876440585,0.20098115723498008,0.07981454645714867
20191010564,0.6730802667073598,0.21942382524336806,0.0918446557876869
20191010565,0.7479383216286626,0.21261511365172442,0.1514725595653593
20191010567,0.9749800922495361,0.06130127544251459,0.050379994197955226
20191010580,0.27777492079580524,0.3156011286080095,0.09761711012531583
20191010582,0.9744719652148931,0.06130127544251459,0.050379994197955226
20191010585,0.7382331252856608,0.053777252462034006,0.0381674743745682
20191010593,0.44373989370232986,0.3603769121648017,0.20332539663258795
20191010600,0.7998870273443862,0.2277827415678388,0.17326355416548608
20191010603,0.44600716753989317,0.3048514132228408,0.1861277587637648
20191010606,0.018701686512177334,0.18102999716306933,0.15790726542490072
20191010609,0.4293875400709118,0.180724084179973,0.06830379139676634
20191010610,0.9717077715975457,0.059358154378261196,0.03894839198673236
20191010611,0.24611483222534233,0.3156011286080095,0.09761711012531583
20191010613,0.9693163693002177,0.053153331731552456,0.03454933003317754
20191010619,0.762118533650821,0.061483596701005144,0.05618444577413989
20191010620,0.4347126849409058,0.18104727534199966,0.054044065519030786
20191010628,0.26075550374547535,0.30345706040584025,0.0955500431456024
20191010631,0.807413106463747,0.19917348115170702,0.07896573385358402
20191010640,0.027284692066158762,0.25195480692708794,0.12608119713324661
20191010647,0.8992543149406339,0.07148260615555206,0.08828604941209876
20191010699,0.9136329013912268,0.01794672499378258,0.024036198248229206
20191010712,0.9195312523319786,0.01794672499378258,0.024036198248229206
20191010724,0.8282502864786119,0.19166147556432506,0.08250407260150898
20191010725,0.8057924818767391,0.18403397040876174,0.07212216215506725
20191010733,0.9733204762417609,0.05320035170730088,0.034613789055618155
20191010745,0.7507331805546444,0.053793052229570495,0.04410975309331186
20191010749,0.96443125628605,0.05320035170730088,0.034613789055618155
20191010754,0.8926676399784661,0.06883026007056596,0.10097707630360124
20191010755,0.9645416660878007,0.053153331731552456,0.03454933003317754
20191010764,0.9213516275463932,0.22514085097259776,0.17365659699614747
20191010782,0.7537036360650483,0.053807564887799614,0.03748910039744076
20191010795,0.8686182744178784,0.20704457169225723,0.07912546026852224
20191010801,0.8858558542937377,0.07316388018736539,0.104703326617996
20191010808,0.8930900499886615,0.07316388018736539,0.104703326617996
20191010818,0.720495633987498,0.05579115742305197,0.05420502798690403
20191010820,0.7807703106474245,0.06133889949801813,0.056780322690571663
20191010821,0.9294205202858238,0.22048948192473922,0.16994326406466154
20191010841,0.9266828188414453,0.17650036414828452,0.15172921391537192
20191010843,0.9316945370170855,0.061156578239527574,0.050914310683218965
20191010846,0.8481134850104343,0.19166147556432506,0.08250407260150898
20191010862,0.9735052506875532,0.05320035170730088,0.034613789055618155
20191010875,0.8238252511562782,0.19166147556432506,0.08250407260150898
20191010878,0.7954385619927368,0.20549415711634295,0.13771617161196328
20191010879,0.9088959377649738,0.25643347323581345,0.18854455343980409
20191010881,0.8803827954081184,0.20958862562354819,0.16264779744014587
20191010888,0.9128896068430178,0.07108958745530908,0.08554796927003322
20191010896,0.9712883385496629,0.05329815887347816,0.035628047479741645
20191010902,0.9331143006847284,0.051294653848162064,0.02948795072611516
20191010904,0.9733614707788616,0.05320035170730088,0.034613789055618155
20191010911,0.6646035483219825,0.3189915351575013,0.18559080122498176
20191010920,0.44493089879100883,0.05625930052479635,0.03375712862057598
20191010932,0.9776412299042135,0.061203598215276,0.05100930200987353
20191010936,0.6943466794679888,0.17814682098756685,0.11615208443054859
20191010937,0.8784725694502095,0.2103277062445738,0.08590488187268863
20191010950,0.9301902578508116,0.06388138880881739,0.0490389473513576
20191010976,0.9057953881241632,0.25643347323581345,0.18854455343980409
20191010981,0.01689172746746641,0.1508963560077144,0.08449083403381535
20191010988,0.8351195052006609,0.21245051759237363,0.1684320669757369
20191010991,0.8389969173255543,0.18773666507035794,0.08352110024518136
20191010994,0.8736539271209961,0.20704457169225723,0.07912546026852224
20191011006,0.8060117537819917,0.2087628268536642,0.13651198258936792
20191011012,0.7420515563949034,0.05367944529585672,0.03708092360487096
20191011018,0.9301990832824036,0.06130127544251459,0.050379994197955226
20191011019,0.7655822055995556,0.061483596701005144,0.05618444577413989
20191011026,0.6123106763690316,0.20678007904986662,0.0839212050083699
20191011033,0.8315627502141003,0.19166147556432506,0.08250407260150898
20191011038,0.6111433370612382,0.2974375017877221,0.17021837128500653
20191011044,0.9096218564260915,0.25176395120773176,0.18745475635401707
20191011051,0.5548245543014659,0.3003023990958137,0.17385271240093708
20191011054,0.7595846800259466,0.053777252462034006,0.0381674743745682
20191011057,0.7327238826065025,0.21613266978627593,0.15154968657787296
20191011062,0.8390915582226023,0.21245051759237363,0.1684320669757369
20191011067,0.44638398162074927,0.19109062415973113,0.06693645851747868
20191011069,0.7778757982525902,0.05898530459920376,0.03330495217403219
20191011070,0.00445430184060339,0.1637423028637502,0.11624077138295774
20191011071,0.7286754452796254,0.21613266978627593,0.15154968657787296
20191011098,0.44301811839070115,0.1906218718259109,0.07447741776025502
20191011113,0.9247664727515498,0.06388138880881739,0.0490389473513576
20191011125,0.0057361284812534625,0.05675179973648603,0.052970682582520925
20191011126,0.8362809708792254,0.18284540661244872,0.07525814607529632
20191011127,0.6158684114137019,0.3036967235242163,0.17855762350324075
20191011128,0.9735052506875532,0.05320035170730088,0.034613789055618155
20191011143,0.9635488221372016,0.053153331731552456,0.03454933003317754
20191011155,0.5595977958437518,0.3036967235242163,0.17855762350324075
20191011157,0.8915485623744441,0.07316388018736539,0.104703326617996
20191011158,0.9716037092066392,0.060304939634915,0.04745385332458271
20191011161,0.9275732834740836,0.06388138880881739,0.0490389473513576
20191011173,0.8705428674562931,0.20704457169225723,0.07912546026852224
20191011176,0.8927500306915632,0.07316388018736539,0.104703326617996
20191011177,0.8777493320938048,0.1789354197661484,0.14977054306461396
20191011178,0.7705824234180154,0.05944560554540504,0.07617505702479292
20191011196,0.59222507340525,0.29550030875512,0.16672279777200943
20191011207,0.9066276639057063,0.07148260615555206,0.08828604941209876
20191011209,0.6760964417181243,0.3748815779433377,0.20506717828535828
20191011211,0.8023253557696615,0.18583381258755338,0.0807271969902831
20191011221,0.8959236638575712,0.07240383346895726,0.1030677294922968
20191011225,0.9742089676018396,0.06130127544251459,0.050379994197955226
20191011232,0.8269797707999083,0.22316668574078186,0.16857214356922817
20191011258,0.9665582064884661,0.05320035170730088,0.034613789055618155
20191011264,0.8192600302981681,0.19562277615222973,0.14639437520316603
20191011267,0.9781906716501314,0.061203598215276,0.05100930200987353
20191011272,0.5575042982341686,0.3003023990958137,0.17385271240093708
20191011273,0.9745234348779317,0.06130127544251459,0.050379994197955226
20191011277,0.7606055369921693,0.053777252462034006,0.0381674743745682
20191011291,0.83695694498057,0.12666827092194102,0.09309285791508519
20191011292,0.8862725763703599,0.07240383346895726,0.1030677294922968
20191011306,0.2970096755834579,0.31818066332013895,0.09969550369432406
20191011315,0.9796182530325251,0.06130127544251459,0.050379994197955226
20191011319,0.8668947397956813,0.20857170543212306,0.14515716076520616
20191011321,0.7700368368068844,0.06138591947376656,0.05688625829311395
20191011322,0.7998389343000226,0.056658214544355615,0.031411383268493846
20191011325,0.8884810731147745,0.07316388018736539,0.104703326617996
20191011353,0.9328773160299001,0.01794672499378258,0.024036198248229206
20191011354,0.9213998546418567,0.01794672499378258,0.024036198248229206
20191011355,0.1997753645338855,0.26212254815304703,0.1791762165356965
20191011356,0.9202238299634957,0.01794672499378258,0.024036198248229206
20191011357,0.9206250666536185,0.01794672499378258,0.024036198248229206
20191011358,0.9182169073001357,0.01794672499378258,0.024036198248229206
20191011359,0.9157581956520058,0.01794672499378258,0.024036198248229206
20191011360,0.9329777098820768,0.01794672499378258,0.024036198248229206
20191011361,0.9198855862062659,0.01794672499378258,0.024036198248229206
20191011362,0.91946108041849,0.01794672499378258,0.024036198248229206
20191011363,0.9216795179865778,0.01794672499378258,0.024036198248229206
20191011364,0.9167963175779925,0.01794672499378258,0.024036198248229206
20191011365,0.92120145669625,0.01794672499378258,0.024036198248229206
20191011366,0.9200227212253744,0.01794672499378258,0.024036198248229206
20191011367,0.9189355450458311,0.01794672499378258,0.024036198248229206
20191011368,0.9214817657960244,0.01794672499378258,0.024036198248229206
20191011369,0.9214817657960244,0.01794672499378258,0.024036198248229206
20191011370,0.7639432490083834,0.06905148135176864,0.034305337864613525
20191011371,0.9240670993460767,0.01794672499378258,0.024036198248229206
20191011372,0.8069445830702476,0.0647710862429853,0.021046245969714727
20191011373,0.9293428226876949,0.01794672499378258,0.024036198248229206
20191011374,0.9194633135611702,0.01794672499378258,0.024036198248229206
20191011375,0.9189355450458311,0.01794672499378258,0.024036198248229206
20191011376,0.9200227212253744,0.01794672499378258,0.024036198248229206
20191011377,0.9145142985277256,0.01794672499378258,0.024036198248229206
20191011378,0.9200227212253744,0.01794672499378258,0.024036198248229206
20191011379,0.9211837997967339,0.01794672499378258,0.024036198248229206
20191011380,0.9249491394463712,0.01794672499378258,0.024036198248229206
20191011381,0.9252882855979935,0.01794672499378258,0.024036198248229206
20191011382,0.9288896121875421,0.01794672499378258,0.024036198248229206
20191011383,0.9249491394463712,0.01794672499378258,0.024036198248229206
20191011384,0.9249800849640116,0.01794672499378258,0.024036198248229206
20191011385,0.9232340240341033,0.01794672499378258,0.024036198248229206
20191011386,0.9240670993460767,0.01794672499378258,0.024036198248229206
20191011387,0.9352191483010988,0.01794672499378258,0.024036198248229206
20191011388,0.9189355450458311,0.01794672499378258,0.024036198248229206
20191011389,0.9167223305070588,0.01794672499378258,0.024036198248229206
20191011390,0.9293428226876949,0.01794672499378258,0.024036198248229206
20191011391,0.9189355450458311,0.01794672499378258,0.024036198248229206
20191011392,0.9194633135611702,0.01794672499378258,0.024036198248229206
20191011393,0.9207970389310491,0.01794672499378258,0.024036198248229206
20191011399,0.7663825154032812,0.061483596701005144,0.05618444577413989
20191011404,0.7513546935755536,0.05367944529585672,0.03708092360487096
20191011406,0.9129660438236075,0.25176395120773176,0.18745475635401707
20191011408,0.885808009760379,0.2070101315331994,0.15983324306981686
20191011412,0.005987259782934334,0.1932053441604451,0.12663609411746735
20191011413,0.7575043681666312,0.053777252462034006,0.0381674743745682
20191011414,0.2642608926560555,0.3094633783285494,0.08539673786884766
20191011417,0.6063702178627988,0.3071856055580571,0.17393230533506288
20191011419,0.7723462394506256,0.06138591947376656,0.05688625829311395
20191011424,0.5222316082750605,0.1780952820226422,0.05967129208182906
20191011429,0.7575502129951948,0.061483596701005144,0.05618444577413989
20191011434,0.7303955283140332,0.05944560554540504,0.07617505702479292
20191011438,0.46570086706347896,0.1780952820226422,0.05967129208182906
20191011450,0.5887770525334319,0.31255459257764906,0.18685604319570623
20191011452,0.7642628818669153,0.061483596701005144,0.05618444577413989
20191011457,0.9627101309849619,0.06130127544251459,0.050379994197955226
20191011463,0.029286641811493503,0.17233631674407646,0.07823040376758184
20191011470,0.7636755435529876,0.061483596701005144,0.05618444577413989
20191011492,0.9099919277620748,0.07148260615555206,0.08828604941209876
20191011493,0.90656110937549,0.07148260615555206,0.08828604941209876
20191011494,0.8174524777698526,0.20980786568845408,0.17144972582099097
20191011496,0.5362884308128154,0.3105799299864597,0.1786393704312518
20191011498,0.7759693951306064,0.05944560554540504,0.07617505702479292
20191011512,0.8238861166682616,0.053759390865067355,0.037071014537790346
20191011514,0.850677076460025,0.19370167336746819,0.15682582194930944
20191011522,0.3106736299445241,0.31297232645067863,0.08527987936475752
20191011539,0.8959236638575712,0.07316388018736539,0.104703326617996
20191011549,0.7815290988552392,0.18450164329783933,0.07799085033656401
20191011553,0.8180872679034985,0.187542918530891,0.07202346883033946
20191011556,0.8737798217539297,0.2062230020781325,0.16274276259144027
20191011559,0.015249104573034558,0.2041264671384382,0.14661981609774988
20191011560,0.019245641512801594,0.1969478526516736,0.13867768871892874
20191011565,0.7452838935514581,0.05367944529585672,0.03708092360487096
20191011566,0.811423580453439,0.1892264199464612,0.08358304526707294
20191011570,0.8022043237512173,0.21647146109369964,0.1531738976430049
20191011592,0.5035741590009941,0.30804704441678626,0.1822310288460362
20191011593,0.9654499591263729,0.056498685925863455,0.043552278655464835
20191011595,0.29684740092829115,0.31297232645067863,0.08527987936475752
20191011600,0.8567704068461267,0.2268506614886014,0.15705698193115433
20191011601,0.0019719714866287268,0.07873119739836777,0.0588440314682285
20191011604,0.8886539913478496,0.21284097221205878,0.07798991262790667
20191011607,0.9023509095759985,0.21083649776169178,0.1565814569399594
20191011616,0.9010021211991321,0.07148260615555206,0.08828604941209876
20191011617,0.5062885757145976,0.31475205251213995,0.179396664763069
20191011622,0.9083462989136704,0.07148260615555206,0.08828604941209876
20191011623,0.5377652722332886,0.29784156051591126,0.07966247706357683
20191011624,0.9197368454836162,0.06767500622738706,0.09615312518129135
20191011638,0.9076008669640862,0.07148260615555206,0.08828604941209876
20191011640,0.0009874909377185035,0.05473521793012687,0.037351770714469636
20191011645,0.8885028548261912,0.20757738370668166,0.07058334360752677
20191011652,0.9666354067641547,0.053153331731552456,0.03454933003317754
20191011653,0.904108311225856,0.25878261180906653,0.18683166578967456
20191011656,0.6337418807887559,0.3662769354523147,0.20708438696405893
20191011665,0.8824473298800468,0.20292601465882315,0.06907404618510848
20191011677,0.8856963743250482,0.22022947291889383,0.16311612351732233
20191011680,0.8974876288072843,0.25643347323581345,0.18854455343980409
20191011684,0.75201465454323,0.05367944529585672,0.03708092360487096
20191011688,0.5504748031111208,0.15600986165881836,0.10594412844180094
20191011695,0.8925898653838237,0.07316388018736539,0.104703326617996
20191011702,0.5676172923576199,0.31475205251213995,0.179396664763069
20191011711,0.9129660438236075,0.25176395120773176,0.18745475635401707
20191011715,0.6633144451906201,0.3071856055580571,0.17393230533506288
20191011717,0.7216735475796072,0.05579115742305197,0.05420502798690403
20191011718,0.8474117428363594,0.20292601465882315,0.06907404618510848
20191011725,0.8375636942260909,0.1866627725660926,0.08255589827295844
20191011735,0.892018289601455,0.25643347323581345,0.18854455343980409
20191011739,0.8902721668800905,0.20292601465882315,0.06907404618510848
20191011741,0.9615832056452381,0.06130127544251459,0.050379994197955226
20191011743,0.933660277754713,0.25176395120773176,0.18745475635401707
20191011745,0.7456306770172944,0.053777252462034006,0.0381674743745682
20191011749,0.8822154243184072,0.21049909140696543,0.07733184949205024
20191011775,0.9251344337416556,0.06767500622738706,0.09615312518129135
20191011778,0.960613291268021,0.05320035170730088,0.034613789055618155
20191011779,0.5004884927801458,0.1784365180797706,0.061123549369661384
20191011789,0.8964409410623438,0.07316388018736539,0.104703326617996
20191011790,0.805305137821184,0.2075978171790888,0.1478940743552747
20191011798,0.3191865974340048,0.29544731007846736,0.08472765057713719
20191011800,0.7518878137338728,0.0536324253201083,0.03701187019719795
20191011802,0.9615616392438723,0.061203598215276,0.05100930200987353
20191011809,0.5595262177790251,0.313964923057073,0.18266230642945433
20191011828,0.7822193297774602,0.2075978171790888,0.1478940743552747
20191011830,0.30544867597152037,0.31297232645067863,0.08527987936475752
20191011835,0.6112519588600374,0.3071856055580571,0.17393230533506288
20191011838,0.874523610261114,0.20292601465882315,0.06907404618510848
20191011840,0.5227735438302985,0.3105705986286704,0.17784923882342885
20191011843,0.8784148540731713,0.2174923412599173,0.07969402554158311
20191011846,0.9760796300795024,0.061203598215276,0.05100930200987353
20191011851,0.9129660438236075,0.25176395120773176,0.18745475635401707
20191011855,0.897256369291345,0.07532413480511713,0.10662515775362968
20191011856,0.7436654824929348,0.21079740188622234,0.14990428500415015
20191011858,0.7374998967725618,0.053777252462034006,0.0381674743745682
20191011862,0.45913050882967116,0.17757787575549047,0.12618910812552006
20191011863,0.5777776573431378,0.3105799299864597,0.1786393704312518
20191011864,0.8052098446397344,0.20464038313274846,0.15482625340418005
20191011866,0.8960719703840219,0.25176395120773176,0.18745475635401707
20191011868,0.6039519239756002,0.3105799299864597,0.1786393704312518
20191011869,0.8265016776550035,0.18847214670577847,0.06532120517481735
20191011870,0.8629758694797331,0.21799367987729545,0.16616882192810786
20191011873,0.7544973108856158,0.07882547752108356,0.043340601243311294
20191011878,0.20272470454981137,0.31818066332013895,0.09969550369432406
20191011881,0.899489441115641,0.20292601465882315,0.06907404618510848
20191011885,0.5833251114431933,0.313964923057073,0.18266230642945433
20191011889,0.5053541603402885,0.30348066486774816,0.08188022935392432
20191011890,0.8916877252510592,0.2152657695918979,0.15565563649631858
20191011892,0.030678458317431326,0.17432777126464627,0.07980482638314693
20191011901,0.6723800280127494,0.3071856055580571,0.17393230533506288
20191011909,0.35899182156704673,0.20341878345831071,0.06677164778554814
20191011918,0.897256369291345,0.07532413480511713,0.10662515775362968
20191011922,0.9647791744158317,0.053153331731552456,0.03454933003317754
20191011926,0.37746425919886856,0.3417792773652686,0.2057117425974398
20191011931,0.7841148547977943,0.06906517877700152,0.02139994390644503
20191011939,0.9079555400189743,0.07148260615555206,0.08828604941209876
20191011943,0.8015211732716371,0.18322314830471392,0.11775016580881668
20191011944,0.4955089099484771,0.31475205251213995,0.179396664763069
20191011948,0.47075408411085834,0.1780952820226422,0.05967129208182906
20191011951,0.9685781058840227,0.05329815887347816,0.035628047479741645
20191011963,0.7518878137338728,0.0536324253201083,0.03701187019719795
20191011964,0.8938669292215771,0.05531205699652106,0.061026059288829586
20191011968,0.8950471374106972,0.07240383346895726,0.1030677294922968
20191011976,0.8407632138998872,0.21981139164279756,0.1679072534631953
20191011977,0.9251065899291009,0.06767500622738706,0.09615312518129135
20191011982,0.0010280215588549695,0.10396620177689989,0.0591599722707833
20191011983,0.7374998967725618,0.053777252462034006,0.0381674743745682
20191011984,0.881015310842058,0.20505414929757154,0.14508328705152462
20191011987,0.7914582879655329,0.20941552894459087,0.14944131841543304
20191011989,0.7375813131874615,0.0536324253201083,0.03701187019719795
20191011995,0.9281800342225728,0.01794672499378258,0.024036198248229206
20191011996,0.9386417474331288,0.01794672499378258,0.024036198248229206
20191011997,0.9250556924518708,0.01794672499378258,0.024036198248229206
20191011998,0.9248178476335975,0.01794672499378258,0.024036198248229206
20191011999,0.9230872162484771,0.01794672499378258,0.024036198248229206
20191012000,0.925434596323933,0.01794672499378258,0.024036198248229206
20191012001,0.9233112453612401,0.01794672499378258,0.024036198248229206
20191012002,0.9123903113232142,0.01794672499378258,0.024036198248229206
20191012006,0.8969728090805772,0.2379276718571038,0.17595639538085164
20191012013,0.8864918419862292,0.07316388018736539,0.104703326617996
20191012017,0.9566676813411605,0.05437186357348517,0.023794571918769995
20191012018,0.9139979150507285,0.06717412568157369,0.08106775972486424
20191012025,0.8937844384006443,0.07532413480511713,0.10662515775362968
20191012027,0.9023935332735137,0.07148260615555206,0.08828604941209876
20191012030,0.8716569390379967,0.20555481681615398,0.07906681884964532
20191012033,0.9544037171197137,0.05320035170730088,0.034613789055618155
20191012037,0.22722110594631664,0.31818066332013895,0.09969550369432406
20191012040,0.9695070612283123,0.05320035170730088,0.034613789055618155
20191012049,0.7669007416658643,0.061483596701005144,0.05618444577413989
20191012055,0.7481300978544282,0.19324186862869813,0.07780371448524208
20191012056,0.9216917023598513,0.07014249178006277,0.08465492196800352
20191012063,0.6923674317684481,0.21602950081496541,0.08942459142849189
20191012066,0.9608615844604058,0.06130127544251459,0.050379994197955226
20191012071,0.9084464935022866,0.07148260615555206,0.08828604941209876
20191012072,0.8937844384006443,0.07532413480511713,0.10662515775362968
20191012073,0.8790664063933283,0.22414493469262925,0.1721307356890847
20191012077,0.8381116614305707,0.1901717206882218,0.08244292722726332
20191012084,0.8799402539925795,0.20555481681615398,0.07906681884964532
20191012093,0.9244484247171478,0.06388138880881739,0.0490389473513576
20191012095,0.8835386908579345,0.17262486259429155,0.1437593008440325
20191012096,0.8494216261541028,0.1866627725660926,0.08255589827295844
20191012100,0.7491058185679098,0.0536324253201083,0.03701187019719795
20191012107,0.7387948048187648,0.05367944529585672,0.03708092360487096
20191012113,0.7161714909537116,0.0536324253201083,0.03701187019719795
20191012116,0.9082269580721825,0.07148260615555206,0.08828604941209876
20191012117,0.8956145779684814,0.07148260615555206,0.08828604941209876
20191012119,0.7210032270424213,0.053777252462034006,0.0381674743745682
20191012121,0.9071562198978463,0.243057183396757,0.08808672683712096
20191012125,0.4041725461803129,0.18411840860837564,0.07015227142353149
20191012126,0.5628245850370529,0.3071856055580571,0.17393230533506288
20191012128,0.8825371131796914,0.05821775994916886,0.026344246056906002
20191012131,0.878242346433887,0.22414493469262925,0.1721307356890847
20191012132,0.8947694210965149,0.20555481681615398,0.07906681884964532
20191012135,0.0030932812005857566,0.07194730772709285,0.038179360521955856
20191012136,0.9089098579872587,0.07648015356128468,0.10384954088746348
20191012141,0.4348330790260756,0.18106532023710142,0.0699661431807113
20191012142,0.8744961817264275,0.20555481681615398,0.07906681884964532
20191012148,0.884809023401715,0.05531205699652106,0.061026059288829586
20191012152,0.7387948048187648,0.05367944529585672,0.03708092360487096
20191012154,0.8962754591382298,0.07316388018736539,0.104703326617996
20191012157,0.835104271468572,0.18583381258755338,0.0807271969902831
20191012166,0.8847154420775432,0.18818219205740552,0.08215661242182278
20191012168,0.7532823916380668,0.20813739074466575,0.14882752981483674
20191012175,0.8804512883696265,0.20555481681615398,0.07906681884964532
20191012180,0.20005145749284342,0.3055994884669725,0.07318441875623226
20191012182,0.956479851602631,0.05233172618506149,0.02891607881934735
20191012184,0.6935932502975458,0.21246488383503853,0.14896745812952555
20191012185,0.9274696850930855,0.21899972704863596,0.1698173158035139
20191012193,0.8954330597331194,0.07316388018736539,0.104703326617996
20191012195,0.3206544227963424,0.32168961144226815,0.09955907848983768
20191012203,0.5808369018826987,0.32084053534639867,0.1829655334503655
20191012210,0.911269431461607,0.07148260615555206,0.08828604941209876
20191012216,0.8227518913180931,0.1901717206882218,0.08244292722726332
20191012218,0.5603266620773868,0.3131501333407999,0.1816358773927237
20191012221,0.7383580342678212,0.053777252462034006,0.0381674743745682
20191012225,0.928704467679915,0.21549077892650675,0.17005001544663279
20191012226,0.9039146959897213,0.07108958745530908,0.08554796927003322
20191012235,0.8437481977165529,0.1863456169636305,0.08131708309484674
20191012251,0.8805666603342273,0.206230824626827,0.14340636118522232
20191012255,0.6520672977263334,0.17027516858468192,0.1177584729154081
20191012261,0.8052811526667394,0.22945022351665498,0.17218074353114896
20191012263,0.612052504751543,0.225523310909372,0.16326718863617393
20191012273,0.47542226903254636,0.30499064087132177,0.18239766273282254
20191012276,0.9173941120180771,0.2545934566804421,0.18805024734327472
20191012283,0.6614012134535082,0.18605265377742425,0.11812422493693144
20191012285,0.9043295620618971,0.07148260615555206,0.08828604941209876
20191012293,0.5640314326142388,0.3174462109179961,0.178144475952062
20191012294,0.9772376037085851,0.061203598215276,0.05100930200987353
20191012302,0.2466944895416441,0.31818066332013895,0.09969550369432406
20191012303,0.9111091292970291,0.07148260615555206,0.08828604941209876
20191012305,0.8685572586085427,0.19232153601859986,0.08168522773366445
20191012307,0.8725833000516715,0.20555481681615398,0.07906681884964532
20191012313,0.9194125946002947,0.05766340403873189,0.04511171544819396
20191012315,0.8397268575778406,0.1901717206882218,0.08244292722726332
20191012317,0.20999213172296016,0.2986600534135687,0.08637738152784565
20191012318,0.1951031831161653,0.33259398431734005,0.19885591849608727
20191012326,0.9560057155070758,0.061203598215276,0.05100930200987353
20191012336,0.9087778508542931,0.06717412568157369,0.08106775972486424
20191012338,0.8354220222048732,0.1901717206882218,0.08244292722726332
20191012341,0.8055877324602081,0.1732605128383398,0.06781757603817423
20191012349,0.5636708712140469,0.3071856055580571,0.17393230533506288
20191012350,0.5555776235915432,0.302311702657034,0.18079187314775103
20191012354,0.7678257584984319,0.17774547148586395,0.1192283094338964
20191012357,0.9631998244853512,0.06130127544251459,0.050379994197955226
20191012359,0.5400577154816328,0.32084053534639867,0.1829655334503655
20191012361,0.8322813396549296,0.1866627725660926,0.08255589827295844
20191012370,0.9180642402905346,0.06486300037841566,0.06020146854139787
20191012372,0.5269612102937099,0.3119539717426809,0.17975678708284087
20191012378,0.683483025601893,0.3071856055580571,0.17393230533506288
20191012379,0.8420329632515164,0.1866627725660926,0.08255589827295844
20191012381,0.7498930881768473,0.19647245944422598,0.07865603072966476
20191012385,0.8922122421995544,0.20555481681615398,0.07906681884964532
20191012386,0.9079065155116155,0.05701653486551124,0.038824023624226954
20191012396,0.8055920472349111,0.1732605128383398,0.06781757603817423
20191012400,0.8963474186544154,0.06883026007056596,0.10097707630360124
20191012406,0.8809201128794049,0.2592629787085238,0.18914350640760705
20191012408,0.9617715391692946,0.053153331731552456,0.03454933003317754
20191012419,0.9070738182454179,0.07108958745530908,0.08554796927003322
20191012425,0.9080818210278042,0.25643347323581345,0.18854455343980409
20191012427,0.8601199731898855,0.1754719617051595,0.1257077324322433
20191012428,0.015358445567631506,0.19779451789388602,0.13364202000914377
20191012434,0.7409195254618539,0.053777252462034006,0.0381674743745682
20191012453,0.8747022112482028,0.20883795136847055,0.08584121609249132
20191012456,0.9610034329408533,0.06130127544251459,0.050379994197955226
20191012464,0.890434814532028,0.07316388018736539,0.104703326617996
20191012468,0.9088315068218592,0.05701653486551124,0.038824023624226954
20191012473,0.1963331030430547,0.3120921804858802,0.09775087426227076
20191012474,0.5688266145930642,0.3119539717426809,0.17975678708284087
20191012475,0.7367598359151801,0.0536324253201083,0.03701187019719795
20191012476,0.8777895425129958,0.2592629787085238,0.18914350640760705
20191012477,0.20467673672618555,0.3055994884669725,0.07318441875623226
20191012479,0.19512904687435015,0.3120921804858802,0.09775087426227076
20191012482,0.604131783018304,0.3071856055580571,0.17393230533506288
20191012485,0.7984652844853647,0.18367268331930015,0.07626326973928366
20191012486,0.7409195254618539,0.053777252462034006,0.0381674743745682
20191012487,0.8691420684737777,0.212503979710508,0.15560290107729566
20191012490,0.8964409410623438,0.07316388018736539,0.104703326617996
20191012498,0.7410685388399909,0.05367944529585672,0.03708092360487096
20191012510,0.9052486477810204,0.07148260615555206,0.08828604941209876
20191012511,0.9561614074848193,0.061203598215276,0.05100930200987353
20191012521,0.9088602797042008,0.06717412568157369,0.08106775972486424
20191012522,0.7661227639281627,0.06275543836662031,0.0640078099613997
20191012525,0.9248178476335975,0.01794672499378258,0.024036198248229206
20191012526,0.9253636075347244,0.01794672499378258,0.024036198248229206
20191012527,0.9212629076208912,0.01794672499378258,0.024036198248229206
20191012528,0.9240043306668897,0.01794672499378258,0.024036198248229206
20191012529,0.925434596323933,0.01794672499378258,0.024036198248229206
20191012530,0.9233112453612401,0.01794672499378258,0.024036198248229206
20191012531,0.9241435515110442,0.01794672499378258,0.024036198248229206
20191012532,0.9212629076208912,0.01794672499378258,0.024036198248229206
20191012533,0.9212629076208912,0.01794672499378258,0.024036198248229206
20191012534,0.9250556924518708,0.01794672499378258,0.024036198248229206
20191012535,0.9250556924518708,0.01794672499378258,0.024036198248229206
20191012536,0.9250247755941532,0.01794672499378258,0.024036198248229206
20191012537,0.925434596323933,0.01794672499378258,0.024036198248229206
20191012538,0.9253636075347244,0.01794672499378258,0.024036198248229206
20191012539,0.9212629076208912,0.01794672499378258,0.024036198248229206
20191012540,0.2638111145121238,0.3156011286080095,0.09761711012531583
20191012542,0.8943049029635671,0.07014249178006277,0.08465492196800352
20191012547,0.45682942416083316,0.1769202944664601,0.05327777867462732
20191012548,0.8877070488115903,0.19357938705992156,0.1339883427352073
20191012555,0.6632793928673488,0.321175687221509,0.18511533188922596
20191012560,0.7508653556617269,0.06190633033720509,0.05188714187686921
20191012569,0.9060951800059186,0.21246038408988155,0.1625918589075724
20191012571,0.9567837346870787,0.06211124728009753,0.04968505030345712
20191012573,0.9554609205900262,0.05477046157848453,0.03818674576267758
20191012574,0.8926535742274512,0.06883026007056596,0.10097707630360124
20191012580,0.917279003792259,0.06767500622738706,0.09615312518129135
20191012581,0.8574345478198253,0.21415481252965046,0.17166629494156316
20191012585,0.8854149273575489,0.18753930486594722,0.14217260756091613
20191012587,0.9615771838053151,0.054868268744661816,0.03930569949864168
20191012590,0.7449845064480779,0.054717619762670366,0.038714337545165116
20191012591,0.5778243395043293,0.3040359646730946,0.07252184116445103
20191012595,0.8746222444737866,0.25643347323581345,0.18854455343980409
20191012599,0.8685371351843919,0.1789354197661484,0.14977054306461396
20191012600,0.9219373440315161,0.05719524279406195,0.024395536405557576
20191012602,0.8839597593446253,0.2070101315331994,0.15983324306981686
20191012604,0.9608292309746577,0.062208924507336116,0.049072079941983295
20191012606,0.9622606523539032,0.06315570976398992,0.05978832925098221
20191012607,0.8713317763396329,0.2141039432656502,0.16815412239547273
20191012608,0.8897005723930417,0.06883026007056596,0.10097707630360124
20191012610,0.9624494552268633,0.062208924507336116,0.049072079941983295
20191012611,0.9019589955498755,0.07148260615555206,0.08828604941209876
20191012613,0.9194519833721575,0.059704856173492526,0.04796757650633908
20191012618,0.7569931839807218,0.06190633033720509,0.05188714187686921
20191012622,0.9124711935207767,0.0562704796354852,0.025737965487696284
20191012623,0.908106592358256,0.23976768841247514,0.17641891175713328
20191012629,0.9298258462060567,0.06388138880881739,0.0490389473513576
20191012631,0.9040202627356069,0.25176395120773176,0.18745475635401707
20191012636,0.9743632875712518,0.06211124728009753,0.04968505030345712
20191012638,0.0014189147898891628,0.07142010802198234,0.09974678209827523
20191012640,0.8900708217660473,0.06883026007056596,0.10097707630360124
20191012647,0.8994431998005618,0.23976768841247514,0.17641891175713328
20191012648,0.8901783909868368,0.06883026007056596,0.10097707630360124
20191012649,0.7566551651623825,0.0628531155938589,0.06321813801441456
20191012651,0.7358354418973059,0.17013371574046127,0.11528796164015781
20191012656,0.8944164572658143,0.06807021335215784,0.09939968787576031
20191012657,0.7707693097960799,0.061487057680165685,0.0809974269302096
20191012661,0.9487574864542303,0.062208924507336116,0.049072079941983295
20191012663,0.8746222444737866,0.25643347323581345,0.18854455343980409
20191012664,0.9112306878847091,0.08801657827845864,0.1059978883807458
20191012668,0.8938400729586128,0.06883026007056596,0.10097707630360124
20191012669,0.5149778374816483,0.17578427413697664,0.05072909833162275
20191012671,0.886390473404879,0.06883026007056596,0.10097707630360124
20191012673,0.5130267598141263,0.29632533690260077,0.0694370641992274
20191012675,0.7380567812571738,0.05476463973841879,0.03878656726279498
20191012677,0.7988163860734491,0.17971643665331527,0.131571211196188
20191012683,0.9094753974213259,0.07108958745530908,0.08554796927003322
20191012685,0.9287949207638722,0.06388138880881739,0.0490389473513576
20191012687,0.894597046580013,0.0709905146883177,0.10283051205864219
20191012692,0.896181804593742,0.06883026007056596,0.10097707630360124
20191012698,0.21761641578873972,0.31145610283736813,0.074333421161724
20191012700,0.9102551317987758,0.07148260615555206,0.08828604941209876
20191012708,0.26107572497314746,0.31145610283736813,0.074333421161724
20191012711,0.40125128259591497,0.1799733828377343,0.05341951150246746
20191012714,0.9119932392721954,0.07108958745530908,0.08554796927003322
20191012720,0.8595223714156787,0.1709137357496876,0.11468437127708378
20191012723,0.9094753974213259,0.07148260615555206,0.08828604941209876
20191012726,0.8927858632453164,0.06883026007056596,0.10097707630360124
20191012730,0.8932956276732278,0.19580815505267968,0.1433575237863377
20191012732,0.2266046407461297,0.3055994884669725,0.07318441875623226
20191012733,0.9095775785980773,0.07148260615555206,0.08828604941209876
20191012737,0.02211278542352926,0.177278127150451,0.13030152876025974
20191012739,0.9622606523539032,0.06315570976398992,0.05978832925098221
20191012746,0.8900708217660473,0.06883026007056596,0.10097707630360124
20191012747,0.8694645996989627,0.19370167336746819,0.15682582194930944
20191012748,0.9074756855381086,0.07148260615555206,0.08828604941209876
20191012749,0.8861357926111681,0.06883026007056596,0.10097707630360124
20191012751,0.9147191535175626,0.06717412568157369,0.08106775972486424
20191012752,0.8926704587112122,0.17307880539575277,0.14745547789522467
20191012753,0.49626588089126183,0.2798648746375032,0.1713471155129504
20191012754,0.7380290923598614,0.05476463973841879,0.03878656726279498
20191012755,0.75202908836268,0.17774109311587377,0.11965905223865217
20191012758,0.5090395000288325,0.1769202944664601,0.05327777867462732
20191012759,0.9088892977637832,0.23835164779692042,0.1750157089088586
20191012761,0.5463793874578516,0.29884198601073986,0.1578512736043442
20191012766,0.7333643850110632,0.052774627667125124,0.05020393185728273
20191012767,0.8966979467281339,0.06883026007056596,0.10097707630360124
20191012771,0.5141084812623298,0.15600986165881836,0.10594412844180094
20191012772,0.678372513647403,0.2066082469098116,0.13488287844320962
20191012776,0.8996253903650534,0.25176395120773176,0.18745475635401707
20191012779,0.9093941589963535,0.25643347323581345,0.18854455343980409
20191012780,0.7732465424564183,0.061487057680165685,0.0809974269302096
20191012781,0.8782000806694689,0.16840857835301534,0.13934247916107065
20191012782,0.7569931839807218,0.06190633033720509,0.05188714187686921
20191012786,0.9615771838053151,0.054868268744661816,0.03930569949864168
20191012787,0.8898576107467362,0.06807021335215784,0.09939968787576031
20191012788,0.934937327749218,0.05333610598292271,0.03135472722367321
20191012790,0.4470375424017633,0.1765790584093317,0.05201193198938641
20191012793,0.9352770433148677,0.05333610598292271,0.03135472722367321
20191012795,0.8860094158575912,0.06883026007056596,0.10097707630360124
20191012796,0.7282061733753201,0.05376054491205119,0.03741928686850539
20191012798,0.8669977159346355,0.1593749874484221,0.11115961779400998
20191012799,0.9031095506888696,0.05973828428258238,0.06559376207947641
20191012800,0.8378979297054593,0.16624421372160592,0.11402148979192339
20191012801,0.7375680271638052,0.053807564887799614,0.03748910039744076
20191012802,0.8963508749259671,0.06883026007056596,0.10097707630360124
20191012807,0.9065507524117875,0.07148260615555206,0.08828604941209876
20191012810,0.7655600475640458,0.06275543836662031,0.0640078099613997
20191012812,0.727505810230618,0.054717619762670366,0.038714337545165116
20191012816,0.8906731354232713,0.06883026007056596,0.10097707630360124
20191012817,0.6555811170213314,0.06896181112558368,0.06580128561576667
20191012819,0.9092093655026523,0.07148260615555206,0.08828604941209876
20191012821,0.9070238939313717,0.22214995262362627,0.17200441230701932
20191012822,0.8247594248003159,0.06480333105408498,0.08033694698600338
20191012834,0.8924656174213922,0.06883026007056596,0.10097707630360124
20191012839,0.8695197575484155,0.21981139164279756,0.1679072534631953
20191012845,0.7358354418973059,0.17013371574046127,0.11528796164015781
20191012849,0.901965224540122,0.07148260615555206,0.08828604941209876
20191012851,0.8947932009030496,0.06883026007056596,0.10097707630360124
20191012853,0.9080751980868128,0.07148260615555206,0.08828604941209876
20191012857,0.9079414468166292,0.07148260615555206,0.08828604941209876
20191012861,0.8755544334946135,0.23976768841247514,0.17641891175713328
20191012864,0.9431276050016013,0.06305803253675132,0.06053515868711411
20191012866,0.8918162134443295,0.08027510701448588,0.10474630258174444
20191012871,0.8595223714156787,0.17013371574046127,0.11528796164015781
20191012873,0.8977727871695171,0.05973828428258238,0.06559376207947641
20191012877,0.7274807380421412,0.05376054491205119,0.03741928686850539
20191012881,0.9522476675713853,0.06211124728009753,0.04968505030345712
20191012882,0.7423415273795224,0.21415481252965046,0.17166629494156316
20191012883,0.5412421236730985,0.31255459257764906,0.18685604319570623
20191012893,0.7252409647854694,0.054862446904596074,0.039923097058071365
20191012894,0.8958297285896307,0.06883026007056596,0.10097707630360124
20191012896,0.7295394764067057,0.054862446904596074,0.039923097058071365
20191012906,0.8910405199455506,0.06883026007056596,0.10097707630360124
20191012907,0.9093941589963535,0.25643347323581345,0.18854455343980409
20191012910,0.9102551317987758,0.07148260615555206,0.08828604941209876
20191012915,0.896181804593742,0.06883026007056596,0.10097707630360124
20191012918,0.7662154265788191,0.061808653109966506,0.05253527580862246
20191012919,0.39394243730736694,0.19401619625431354,0.07649297233430748
20191012922,0.9099816427864664,0.07148260615555206,0.08828604941209876
20191012923,0.9062589803704031,0.07148260615555206,0.08828604941209876
20191012927,0.8635620540306177,0.19370167336746819,0.15682582194930944
20191012935,0.8901783909868368,0.06883026007056596,0.10097707630360124
20191012941,0.8402662622655386,0.1866627725660926,0.08255589827295844
20191012942,0.5272441784397387,0.313964923057073,0.18266230642945433
20191012945,0.9036212997548639,0.05973828428258238,0.06559376207947641
20191012946,0.9631167830658725,0.054723441602736095,0.038115633053863895
20191012957,0.9005028672981267,0.21246038408988155,0.1625918589075724
20191012959,0.746112249266528,0.17774109311587377,0.11965905223865217
20191012960,0.9234575850368308,0.22081743881413807,0.17159391729572676
20191012964,0.9568605544573089,0.06211124728009753,0.04968505030345712
20191012966,0.8857539909395672,0.06883026007056596,0.10097707630360124
20191012967,0.2921445726577715,0.31145610283736813,0.074333421161724
20191012970,0.950061659491489,0.05477046157848453,0.03818674576267758
20191012971,0.9092265181386888,0.07148260615555206,0.08828604941209876
20191012972,0.8914266234936833,0.06807021335215784,0.09939968787576031
20191012973,0.8052251451273268,0.23098232627497234,0.17561859268318072
20191012975,0.8662475659856724,0.2070101315331994,0.15983324306981686
20191012979,0.9625933886826509,0.054723441602736095,0.038115633053863895
20191012980,0.7497917540047865,0.06190633033720509,0.05188714187686921
20191012981,0.23463514149082582,0.31145610283736813,0.074333421161724
20191012986,0.7556730104509183,0.061808653109966506,0.05253527580862246
20191012987,0.6484215838931798,0.3071856055580571,0.17393230533506288
20191012988,0.5075848865645938,0.31475205251213995,0.179396664763069
20191012991,0.7714783550872615,0.061808653109966506,0.05253527580862246
20191012993,0.88449940825099,0.1715509700900262,0.1420979630468444
20191012996,0.9508332743445043,0.06211124728009753,0.04968505030345712
20191012998,0.8989154891112524,0.07107582939097257,0.08547406140583695
20191013003,0.9230905449244798,0.25643347323581345,0.18854455343980409
20191013005,0.9274791107779624,0.07014249178006277,0.08465492196800352
20191013012,0.9113029658189067,0.06767500622738706,0.09615312518129135
20191013016,0.7493757714216388,0.06190633033720509,0.05188714187686921
20191013018,0.9521493598453732,0.06305803253675132,0.06053515868711411
20191013020,0.5890365143420555,0.3071856055580571,0.17393230533506288
20191013023,0.9085892211094575,0.07148260615555206,0.08828604941209876
20191013025,0.9554609205900262,0.05477046157848453,0.03818674576267758
20191013027,0.9126136756596623,0.07214653344448524,0.10015367565680565
20191013029,0.8777191711681478,0.21799367987729545,0.16616882192810786
20191013030,0.7711935552788548,0.06190633033720509,0.05188714187686921
20191013038,0.8956219808821905,0.17115795138978324,0.13769097447461356
20191013040,0.756971218339283,0.06189604074323971,0.061103399713204484
20191013043,0.8947932009030496,0.06883026007056596,0.10097707630360124
20191013047,0.791964811312884,0.06190633033720509,0.05188714187686921
20191013048,0.019744301176270133,0.177278127150451,0.13030152876025974
20191013049,0.8936539461362775,0.06883026007056596,0.10097707630360124
20191013053,0.8968662732424365,0.06883026007056596,0.10097707630360124
20191013055,0.7812070760658413,0.207839967839882,0.15693068784264794
20191013056,0.7705608537321875,0.06190633033720509,0.05188714187686921
20191013057,0.8959790608406808,0.06807021335215784,0.09939968787576031
20191013061,0.9196692391102856,0.053522537116544006,0.037981252591037455
20191013063,0.7464668996286155,0.054717619762670366,0.038714337545165116
20191013065,0.8679212810534198,0.19357938705992156,0.1339883427352073
20191013067,0.8965162504237947,0.06883026007056596,0.10097707630360124
20191013071,0.8886762982096758,0.19357938705992156,0.1339883427352073
20191013073,0.9085892211094575,0.07148260615555206,0.08828604941209876
20191013074,0.23942344335439655,0.31145610283736813,0.074333421161724
20191013075,0.9214474792673627,0.140183523291211,0.09353783519136864
20191013076,0.4407749409795289,0.1799733828377343,0.05341951150246746
20191013077,0.8313208748796488,0.2141039432656502,0.16815412239547273
20191013079,0.7519421685433335,0.054862446904596074,0.039923097058071365
20191013087,0.9301902578508116,0.06388138880881739,0.0490389473513576
20191013088,0.8923941817260536,0.16098663273331054,0.1078297322561148
20191013089,0.2691539301020916,0.31145610283736813,0.074333421161724
20191013091,0.9041909358736787,0.07148260615555206,0.08828604941209876
20191013096,0.7448993799638173,0.05476463973841879,0.03878656726279498
20191013102,0.8289710175022903,0.24785382253965768,0.17588793194743454
20191013106,0.3858184632062154,0.18031461889486272,0.054719615324344065
20191013108,0.9230905449244798,0.25643347323581345,0.18854455343980409
20191013109,0.08321315597577718,0.1485098914144282,0.09573202240347958
20191013111,0.8818573858422909,0.20908476949540036,0.15040367041834335
20191013112,0.7553371043386927,0.061808653109966506,0.05253527580862246
20191013115,0.758169028883018,0.06190633033720509,0.05188714187686921
20191013117,0.8378979297054593,0.16624421372160592,0.11402148979192339
20191013118,0.7102060643960713,0.06617157465052147,0.06196423521757856
20191013119,0.9108762245210279,0.07148260615555206,0.08828604941209876
20191013122,0.909611180178617,0.25643347323581345,0.18854455343980409
20191013124,0.8905139581706848,0.06883026007056596,0.10097707630360124
20191013125,0.9170124170071446,0.059704856173492526,0.04796757650633908
20191013127,0.20204215247933507,0.06732083474441519,0.034755952848720184
20191013129,0.4618813223154183,0.29632533690260077,0.0694370641992274
20191013130,0.8987550493178744,0.0709905146883177,0.10283051205864219
20191013132,0.9674387774238522,0.054868268744661816,0.03930569949864168
20191013133,0.8981572065949482,0.19027832687001742,0.13432126826732543
20191013137,0.9094178127078586,0.07148260615555206,0.08828604941209876
20191013146,0.915086615384249,0.059704856173492526,0.04796757650633908
20191013148,0.7464668996286155,0.054717619762670366,0.038714337545165116
20191013150,0.791964811312884,0.06190633033720509,0.05188714187686921
20191013153,0.757327546888139,0.06190633033720509,0.05188714187686921
20191013165,0.813413465725361,0.07888331199291372,0.10053170738962756
20191013169,0.8994431998005618,0.23976768841247514,0.17641891175713328
20191013172,0.9543889050357977,0.0611135900352076,0.059461336321248844
20191013174,0.7717987955289437,0.061808653109966506,0.05253527580862246
20191013176,0.9043295620618971,0.07148260615555206,0.08828604941209876
20191013178,0.9630336333930128,0.05711172094642792,0.046440625826535624
20191013179,0.8959993057476591,0.06883026007056596,0.10097707630360124
20191013180,0.8951019673546114,0.06883026007056596,0.10097707630360124
20191013183,0.825304863040863,0.06480333105408498,0.08033694698600338
20191013185,0.6708616833879243,0.2141039432656502,0.16815412239547273
20191013186,0.9558750153754556,0.053813386727865356,0.03690934379546853
20191013187,0.16939584972946195,0.06550897504001313,0.02747561829225622
20191013188,0.14857682094641977,0.06942443681374852,0.028994058270740416
20191013189,0.1811920124155079,0.06942443681374852,0.028994058270740416
20191013190,0.14366597470132111,0.06942443681374852,0.028994058270740416
20191013191,0.1320102161589263,0.0729543894929949,0.05515351253141058
20191013192,0.1897741128627733,0.06182631085607396,0.028266376507018184
20191013193,0.1806218432070676,0.06942443681374852,0.028994058270740416
20191013194,0.16617797933642625,0.06942443681374852,0.028994058270740416
20191013195,0.14977957317047833,0.06942443681374852,0.028994058270740416
20191013196,0.1272866942720252,0.06942443681374852,0.028994058270740416
20191013197,0.17469477168486036,0.06182631085607396,0.028266376507018184
20191013198,0.1800438551474979,0.06942443681374852,0.028994058270740416
20191013199,0.12415769977611878,0.06942443681374852,0.028994058270740416
20191013200,0.17801296637941819,0.06942443681374852,0.028994058270740416
20191013201,0.15043763816272845,0.06942443681374852,0.028994058270740416
20191013202,0.18156716095585393,0.06942443681374852,0.028994058270740416
20191013203,0.1472114383957937,0.0729543894929949,0.05515351253141058
20191013204,0.12307071117058184,0.06182631085607396,0.028266376507018184
20191013205,0.922043781469322,0.07014249178006277,0.08465492196800352
20191013206,0.914447555599779,0.07014249178006277,0.08465492196800352
20191013210,0.9626766959219978,0.06315570976398992,0.05978832925098221
20191013212,0.8025649729093679,0.16115748690997522,0.12029305474506645
20191013214,0.9072093423206651,0.25643347323581345,0.18854455343980409
20191013215,0.9016326160255035,0.07148260615555206,0.08828604941209876
20191013223,0.9021373898834698,0.25643347323581345,0.18854455343980409
20191013224,0.9622997302450681,0.06315570976398992,0.05978832925098221
20191013225,0.6999213128611126,0.1983078192396309,0.13418875645954906
20191013226,0.7987614135289758,0.18815252744219585,0.08261712743434142
20191013229,0.9118120620952154,0.06486300037841566,0.06020146854139787
20191013230,0.5390650339133484,0.3105705986286704,0.17784923882342885
20191013231,0.5675338300068234,0.31475205251213995,0.179396664763069
20191013233,0.956932335986494,0.06305803253675132,0.06053515868711411
20191013234,0.7658862684715056,0.06275543836662031,0.0640078099613997
20191013237,0.8802986402915915,0.19188059001952829,0.1310395330003396
20191013240,0.9701579346111221,0.062198634913370736,0.05778832302170066
20191013244,0.9057815390665913,0.24908151991603536,0.1853978327099041
20191013245,0.9575481211282036,0.058190570363623864,0.04257291638046252
20191013246,0.8646520790077483,0.21546977436938958,0.08927252179965342
20191013251,0.8996871174202218,0.0709905146883177,0.10283051205864219
20191013252,0.686867532074254,0.23721614726751677,0.09479732446391516
20191013253,0.8101267540825452,0.17789482015713806,0.06897176769338831
20191013256,0.9521704605783735,0.06210095768613215,0.058510169931256094
20191013259,0.7755164859104631,0.17203956493206746,0.11820469389502516
20191013260,0.8517404251174967,0.18274731079235718,0.07823238566817624
20191013261,0.8703298310865372,0.1901717206882218,0.08244292722726332
20191013263,0.7504170787599042,0.0628531155938589,0.06321813801441456
20191013269,0.6336591320791575,0.20166276932270932,0.07185299691298687
20191013275,0.6169255606817137,0.21942382524336806,0.0918446557876869
20191013277,0.8922097904343781,0.0709905146883177,0.10283051205864219
20191013282,0.771085613496318,0.06270841839087188,0.06388861235341618
20191013283,0.9432134319062758,0.06210095768613215,0.058510169931256094
20191013292,0.7563811910155807,0.21261511365172442,0.1514725595653593
20191013294,0.8947572951901586,0.06883026007056596,0.10097707630360124
20191013295,0.9506231056122809,0.06305803253675132,0.06053515868711411
20191013303,0.9623266354635291,0.06315570976398992,0.05978832925098221
20191013306,0.8944369704610772,0.06883026007056596,0.10097707630360124
20191013308,0.901408303336478,0.07148260615555206,0.08828604941209876
20191013309,0.7424203284580468,0.30027199753447037,0.16603261882864456
20191013310,0.741592653119897,0.05476463973841879,0.03878656726279498
20191013312,0.9090087628101896,0.05905798700027188,0.04128183344341389
20191013314,0.7240817617804597,0.05376054491205119,0.03741928686850539
20191013316,0.5777482974576884,0.22370559914386995,0.16157679811690784
20191013321,0.31677429450900496,0.3156011286080095,0.09761711012531583
20191013322,0.9179202549443854,0.06767500622738706,0.09615312518129135
20191013324,0.8899866344132098,0.06883026007056596,0.10097707630360124
20191013326,0.8722833208691486,0.17913863610988656,0.07758170440844492
20191013327,0.9065298274161547,0.25643347323581345,0.18854455343980409
20191013329,0.8898789006037507,0.06883026007056596,0.10097707630360124
20191013331,0.7504170787599042,0.0628531155938589,0.06321813801441456
20191013337,0.8134149498610573,0.1736927515638923,0.06590085493713028
20191013340,0.9123118721546557,0.07214653344448524,0.10015367565680565
20191013342,0.8701102002770731,0.2277827415678388,0.17326355416548608
20191013344,0.9532953092267809,0.06305803253675132,0.06053515868711411
20191013345,0.9673708371776379,0.05391119389404264,0.037990866907927315
20191013348,0.8951549259188032,0.06883026007056596,0.10097707630360124
20191013349,0.8587598474012307,0.2070101315331994,0.15983324306981686
20191013350,0.8064628624178036,0.2277827415678388,0.17326355416548608
20191013351,0.9300502166407383,0.06664074549015694,0.07960072364251534
20191013354,0.8959993057476591,0.06883026007056596,0.10097707630360124
20191013356,0.9031240212580033,0.05973828428258238,0.06559376207947641
20191013358,0.8251403369799981,0.19859262207798087,0.08126663625271245
20191013359,0.7198331522599778,0.05376054491205119,0.03741928686850539
20191013361,0.8965162504237947,0.06883026007056596,0.10097707630360124
20191013367,0.016174527668616743,0.17620423464618565,0.12879571415564045
20191013369,0.8925981101998469,0.06883026007056596,0.10097707630360124
20191013375,0.6351715165531234,0.31475205251213995,0.179396664763069
20191013378,0.9100789657865447,0.07148260615555206,0.08828604941209876
20191013381,0.9086552198094497,0.25643347323581345,0.18854455343980409
20191013382,0.7274239531788222,0.0539053720539769,0.03858761162456524
20191013387,0.8490299307990573,0.15880843659138838,0.10911959089462898
20191013388,0.428288753753097,0.3320281492118713,0.18848494549179604
20191013389,0.7325217593568519,0.05476463973841879,0.03878656726279498
20191013390,0.771561227929735,0.061487057680165685,0.0809974269302096
20191013391,0.43259569069758,0.3258222828939462,0.09831396280206023
20191013392,0.9145583015502162,0.07214653344448524,0.10015367565680565
20191013393,0.758744258100004,0.25643347323581345,0.18854455343980409
20191013394,0.8898789006037507,0.06883026007056596,0.10097707630360124
20191013396,0.8624985961106266,0.2375294238924044,0.17830896084659967
20191013398,0.7395628542385579,0.05376054491205119,0.03741928686850539
20191013400,0.8780600253917373,0.22232722292712714,0.17034857623553085
20191013402,0.9179410164222226,0.06882081414201813,0.09799782378347054
20191013404,0.7185008771391073,0.21079740188622234,0.14990428500415015
20191013406,0.9300502166407383,0.06664074549015694,0.07960072364251534
20191013407,0.8926676399784661,0.06883026007056596,0.10097707630360124
20191013412,0.7240817617804597,0.05376054491205119,0.03741928686850539
20191013413,0.9567026193139756,0.06305803253675132,0.06053515868711411
20191013414,0.9045534261689191,0.24908151991603536,0.1853978327099041
20191013416,0.6438463262755606,0.05837613729396231,0.041382289875363985
20191013419,0.9147350052310805,0.25643347323581345,0.18854455343980409
20191013423,0.7340657962016082,0.21261511365172442,0.1514725595653593
20191013424,0.8796941605281088,0.24908151991603536,0.1853978327099041
20191013428,0.9051061142208106,0.07107582939097257,0.08547406140583695
20191013433,0.8453363869564898,0.18274731079235718,0.07823238566817624
20191013439,0.8899866344132098,0.06883026007056596,0.10097707630360124
20191013441,0.7658862684715056,0.06275543836662031,0.0640078099613997
20191013442,0.9194015102644079,0.06664074549015694,0.07960072364251534
20191013446,0.7239204320384646,0.0539053720539769,0.03858761162456524
20191013448,0.7913619611366702,0.0628531155938589,0.06321813801441456
20191013449,0.721124737210894,0.05376054491205119,0.03741928686850539
20191013450,0.8645567740661877,0.18264758423201577,0.07747554014329634
20191013452,0.5540481950070519,0.3113577280837373,0.17466964531018803
20191013453,0.9016326160255035,0.07148260615555206,0.08828604941209876
20191013457,0.7505216222443838,0.0628531155938589,0.06321813801441456
20191013460,0.9618669653766709,0.053813386727865356,0.03690934379546853
20191013461,0.6897216983726889,0.21942382524336806,0.0918446557876869
20191013463,0.6933680120507543,0.21942382524336806,0.0918446557876869
20191013464,0.868447508185127,0.18910596679410635,0.07471619052283075
20191013469,0.8898789006037507,0.06883026007056596,0.10097707630360124
20191013472,0.8244365537692943,0.1733619493458864,0.07984984895447568
20191013476,0.9623199782789458,0.06315570976398992,0.05978832925098221
20191013477,0.8959993057476591,0.06883026007056596,0.10097707630360124
20191013479,0.8951549259188032,0.06883026007056596,0.10097707630360124
20191013493,0.6481106358429207,0.1913633545213034,0.08220810886021891
20191013500,0.7648636135637663,0.07293190462408561,0.08402086196341865
20191013501,0.8949067450853833,0.2203322408581242,0.17022356074545034
20191013502,0.889775499858386,0.06807021335215784,0.09939968787576031
20191013503,0.9046673488825385,0.07148260615555206,0.08828604941209876
20191013504,0.8861858437479141,0.06883026007056596,0.10097707630360124
20191013505,0.8332657472980741,0.1901717206882218,0.08244292722726332
20191013507,0.9108547321620352,0.25643347323581345,0.18854455343980409
20191013509,0.9085608454435383,0.06562304709682379,0.06115681459776503
20191013511,0.7505559996390552,0.0628531155938589,0.06321813801441456
20191013515,0.8859378818206547,0.06883026007056596,0.10097707630360124
20191013520,0.8929125748361704,0.06883026007056596,0.10097707630360124
20191013524,0.7505559996390552,0.0628531155938589,0.06321813801441456
20191013525,0.909128214888569,0.25643347323581345,0.18854455343980409
20191013526,0.7444419315516115,0.20495132918577466,0.15700994864413545
20191013530,0.6305389049528958,0.2940054157927781,0.16031535231661384
20191013532,0.8889901355506853,0.07148260615555206,0.08828604941209876
20191013534,0.7702359791436613,0.0628531155938589,0.06321813801441456
20191013535,0.7701717538921456,0.06275543836662031,0.0640078099613997
20191013541,0.8730063739247106,0.21292610648787233,0.08757586105146525
20191013542,0.9096342757449148,0.07108958745530908,0.08554796927003322
20191013544,0.8947572951901586,0.06883026007056596,0.10097707630360124
20191013545,0.8324058039647969,0.16486502384134719,0.11518501575090759
20191013546,0.7153857802146577,0.225523310909372,0.16326718863617393
20191013550,0.7505559996390552,0.0628531155938589,0.06321813801441456
20191013551,0.9164276955984133,0.06767500622738706,0.09615312518129135
20191013554,0.9011490583489589,0.07148260615555206,0.08828604941209876
20191013557,0.9096901550719073,0.05824383474938598,0.033222326459426195
20191013560,0.9607553973983571,0.06315570976398992,0.05978832925098221
20191013562,0.8965162504237947,0.06883026007056596,0.10097707630360124
20191013563,0.9085502041622195,0.07194329501668564,0.07082609025360276
20191013566,0.8959993057476591,0.06883026007056596,0.10097707630360124
20191013568,0.9602910337137011,0.06305803253675132,0.06053515868711411
20191013570,0.897159956632886,0.06807021335215784,0.09939968787576031
20191013576,0.9256423872678246,0.07014249178006277,0.08465492196800352
20191013577,0.8670488928440258,0.1901717206882218,0.08244292722726332
20191013582,0.8404825936314287,0.18818219205740552,0.08215661242182278
20191013583,0.4386951652982952,0.3522312746511006,0.187906693499081
20191013585,0.9059394203638967,0.07148260615555206,0.08828604941209876
20191013586,0.8969494990909828,0.18753930486594722,0.14217260756091613
20191013587,0.961066349531138,0.053813386727865356,0.03690934379546853
20191013598,0.5748016945493212,0.31475205251213995,0.179396664763069
20191013599,0.9017745417265004,0.07148260615555206,0.08828604941209876
20191013601,0.8959993057476591,0.06883026007056596,0.10097707630360124
20191013602,0.9521493598453732,0.06305803253675132,0.06053515868711411
20191013604,0.9607553973983571,0.06315570976398992,0.05978832925098221
20191013605,0.8947683946824274,0.0709905146883177,0.10283051205864219
20191013606,0.8802334210487037,0.20883795136847055,0.08584121609249132
20191013611,0.8062346578145654,0.16486502384134719,0.11518501575090759
20191013612,0.7358360505243209,0.17829980753075478,0.06577467454587542
20191013613,0.42488300793162725,0.180724084179973,0.06830379139676634
20191013614,0.9643299446069623,0.05391119389404264,0.037990866907927315
20191013618,0.5998751044915862,0.3071856055580571,0.17393230533506288
20191013621,0.8682021014236251,0.22414493469262925,0.1721307356890847
20191013625,0.8791886055913842,0.20883795136847055,0.08584121609249132
20191013626,0.42511640940872497,0.180724084179973,0.06830379139676634
20191013636,0.730006674129876,0.05376054491205119,0.03741928686850539
20191013638,0.873687025052366,0.24908151991603536,0.1853978327099041
20191013640,0.8922953559009152,0.07148260615555206,0.08828604941209876
20191013641,0.9521493598453732,0.06305803253675132,0.06053515868711411
20191013642,0.5865907248589016,0.3071856055580571,0.17393230533506288
20191013645,0.8944369704610772,0.06883026007056596,0.10097707630360124
20191013646,0.8871467927546044,0.18264758423201577,0.07747554014329634
20191013648,0.0304715623986743,0.19211375291581606,0.0816540583315324
20191013649,0.8214067044439995,0.17607710839163598,0.0682576669412419
20191013653,0.3245246288332666,0.3356160288181337,0.17811818031724627
20191013655,0.8186112863522323,0.19859262207798087,0.08126663625271245
20191013657,0.8944369704610772,0.06883026007056596,0.10097707630360124
20191013660,0.924436346202257,0.059704856173492526,0.04796757650633908
20191013662,0.5127203067880838,0.15600986165881836,0.10594412844180094
20191013663,0.7954288063616644,0.1574549427153797,0.11089005788621842
20191013667,0.9086937872930713,0.06486300037841566,0.06020146854139787
20191013669,0.9153151272037009,0.05510841056056715,0.07749935746437811
20191013673,0.9019180917180704,0.25643347323581345,0.18854455343980409
20191013674,0.7622833984359154,0.06275543836662031,0.0640078099613997
20191013677,0.7669719509524416,0.07293190462408561,0.08402086196341865
20191013679,0.909128214888569,0.25643347323581345,0.18854455343980409
20191013681,0.896819559608288,0.21899972704863596,0.1698173158035139
20191013682,0.44211229771598803,0.180724084179973,0.06830379139676634
20191013683,0.4088044096921791,0.180724084179973,0.06830379139676634
20191013685,0.8094502995885894,0.20980786568845408,0.17144972582099097
20191013688,0.004474852944676061,0.05824383474938598,0.033222326459426195
20191013689,0.9256876420226418,0.07299804709454341,0.07237329183315322
20191013693,0.4841751612493193,0.3319695426076064,0.19019841168327584
20191013695,0.9087758798048644,0.07148260615555206,0.08828604941209876
20191013696,0.8321192866829413,0.18815252744219585,0.08261712743434142
20191013699,0.7205165113139717,0.05087273117024706,0.026362476475393654
20191013700,0.83843832969812,0.21785445222881447,0.16956703248548935
20191013703,0.7020288875379546,0.04184186439025009,0.025224930921189603
20191013707,0.7037666130766969,0.2113369754517993,0.15085042820737762
20191013709,0.8282526730977934,0.19463090154235568,0.14223213431154502
20191013710,0.8922097904343781,0.0709905146883177,0.10283051205864219
20191013714,0.8169891195571467,0.18725851835198065,0.14803354596253207
20191013718,0.8131263531494023,0.17789482015713806,0.06897176769338831
20191013719,0.7207711366533237,0.05087273117024706,0.026362476475393654
20191013721,0.8344672570158858,0.16767864033658386,0.064117731158968
20191013723,0.8951620501348809,0.06807021335215784,0.09939968787576031
20191013724,0.9139598707865048,0.24908151991603536,0.1853978327099041
20191013726,0.20038908332255945,0.0710826262208165,0.047919201454832576
20191013728,0.8955419806646904,0.25643347323581345,0.18854455343980409
20191013730,0.7545298698188132,0.06275543836662031,0.0640078099613997
20191013732,0.9186047480778001,0.07014249178006277,0.08465492196800352
20191013733,0.9046673488825385,0.07148260615555206,0.08828604941209876
20191013737,0.7284415564211453,0.05087273117024706,0.026362476475393654
20191013738,0.8907779261146375,0.08027510701448588,0.10474630258174444
20191013741,0.7236986256573817,0.05087273117024706,0.026362476475393654
20191013743,0.7392151485653943,0.061487057680165685,0.0809974269302096
20191013744,0.5690504357761451,0.32638631396367623,0.1954609681358606
20191013748,0.6916997781989277,0.05087273117024706,0.026362476475393654
20191013750,0.9065674113594393,0.05905798700027188,0.04128183344341389
20191013751,0.42420913684358547,0.180724084179973,0.06830379139676634
20191013755,0.3645356950390686,0.2892821704129395,0.15464005484235913
20191013756,0.911820154585498,0.07108958745530908,0.08554796927003322
20191013757,0.8695560926827631,0.22414493469262925,0.1721307356890847
20191013759,0.9104848917706518,0.25643347323581345,0.18854455343980409
20191013760,0.8321192866829413,0.18815252744219585,0.08261712743434142
20191013761,0.6539416001801072,0.3253312526477686,0.17555756117561896
20191013762,0.7226831407284476,0.05087273117024706,0.026362476475393654
20191013763,0.80073007538338,0.18599139817394258,0.07804869374280819
20191013767,0.9119343771758333,0.25643347323581345,0.18854455343980409
20191013768,0.8689334568530979,0.22414493469262925,0.1721307356890847
20191013769,0.5685492183315045,0.3105799299864597,0.1786393704312518
20191013770,0.8923636885003139,0.0709905146883177,0.10283051205864219
20191013771,0.9607553973983571,0.062198634913370736,0.05778832302170066
20191013776,0.9507415651789646,0.06305803253675132,0.06053515868711411
20191013777,0.8951019673546114,0.06883026007056596,0.10097707630360124
20191013779,0.42470627250354664,0.17182818558522325,0.1210514749447254
20191013784,0.6837212739182031,0.21942382524336806,0.0918446557876869
20191013790,0.8497953421905813,0.1901717206882218,0.08244292722726332
20191013795,0.8497219240890461,0.1693467610118096,0.07493601677804064
20191013796,0.8898789006037507,0.06883026007056596,0.10097707630360124
20191013797,0.8345415642072923,0.16767864033658386,0.064117731158968
20191013798,0.8865335978412803,0.25643347323581345,0.18854455343980409
20191013802,0.7497259481035428,0.06275543836662031,0.0640078099613997
20191013803,0.224658603356229,0.07010834210920189,0.055746032348745526
20191013805,0.8580442140874989,0.20505414929757154,0.14508328705152462
20191013806,0.9058721499960128,0.25643347323581345,0.18854455343980409
20191013811,0.8409330054779312,0.18274731079235718,0.07823238566817624
20191013812,0.8859378818206547,0.06883026007056596,0.10097707630360124
20191013815,0.8936539461362775,0.06883026007056596,0.10097707630360124
20191013817,0.8945759366317254,0.05905798700027188,0.04128183344341389
20191013818,0.22464633340024173,0.07010834210920189,0.055746032348745526
20191013820,0.5625308644672373,0.31475205251213995,0.179396664763069
20191013821,0.011257938230782003,0.0562704796354852,0.025737965487696284
20191013822,0.8793739747867575,0.20098115723498008,0.07981454645714867
20191013823,0.9072093423206651,0.25643347323581345,0.18854455343980409
20191013824,0.9174658586958818,0.0562704796354852,0.025737965487696284
20191013826,0.7619899625458216,0.06275543836662031,0.0640078099613997
20191013827,0.10823050264074645,0.142760201244161,0.09183441172954196
20191013829,0.7700075313519623,0.20398914249661815,0.1466639967884668
20191013831,0.9147306424281514,0.25643347323581345,0.18854455343980409
20191013835,0.7707696495644913,0.0628531155938589,0.06321813801441456
20191013836,0.09644350466875079,0.142760201244161,0.09183441172954196
20191013845,0.9066111921446609,0.24908151991603536,0.1853978327099041
20191013846,0.8580442140874989,0.20505414929757154,0.14508328705152462
20191013850,0.6763314118334197,0.04653103245737043,0.02660990496471402
20191013851,0.677614320444559,0.04673281953379438,0.02689655599440167
20191013852,0.6810917561709567,0.047070606022947395,0.02677785733992595
20191013853,0.4333363568397898,0.180724084179973,0.06830379139676634
20191013854,0.9155755116280666,0.25643347323581345,0.18854455343980409
20191013855,0.8418841623063581,0.16486502384134719,0.11518501575090759
20191013856,0.7456463411856417,0.057599950804731424,0.04925015052598762
20191013859,0.9045534261689191,0.24908151991603536,0.1853978327099041
20191013863,0.7491844508379872,0.0628531155938589,0.06321813801441456
20191013864,0.7531021287239532,0.0628531155938589,0.06321813801441456
20191013866,0.5167736320691982,0.0736238151634895,0.04620873579282566
20191013868,0.19123908626532987,0.0710826262208165,0.047919201454832576
20191013870,0.23627119680455483,0.07459157434294574,0.047853627917260166
20191013871,0.19736332733303685,0.0710826262208165,0.047919201454832576
20191013872,0.16835816455713543,0.0710826262208165,0.047919201454832576
20191013873,0.17323107258983672,0.0710826262208165,0.047919201454832576
20191013874,0.21526441090745008,0.07010834210920189,0.055746032348745526
20191013875,0.20914067231961625,0.0710826262208165,0.047919201454832576
20191013876,0.17323107258983672,0.0710826262208165,0.047919201454832576
20191013877,0.17184864963728888,0.0710826262208165,0.047919201454832576
20191013878,0.19570726359489168,0.0710826262208165,0.047919201454832576
20191013879,0.21296778363022345,0.06979456735067419,0.043259751016564416
20191013880,0.20247634270246676,0.06910927110691573,0.037123912882762886
20191013881,0.1929210404367008,0.06910927110691573,0.037123912882762886
20191013882,0.19643122166258245,0.0710826262208165,0.047919201454832576
20191013883,0.17766781721156447,0.0710826262208165,0.047919201454832576
20191013884,0.20847896775961738,0.0710826262208165,0.047919201454832576
20191013885,0.20422626604173938,0.0710826262208165,0.047919201454832576
20191013886,0.7143398142585594,0.21668166035584596,0.09047155581924039
20191013890,0.8341961646912477,0.18284540661244872,0.07525814607529632
20191013895,0.9067772652878572,0.25643347323581345,0.18854455343980409
20191013896,0.8944642349483776,0.06883026007056596,0.10097707630360124
20191013897,0.8273625373359389,0.24785382253965768,0.17588793194743454
20191013899,0.9120109428803346,0.08801657827845864,0.1059978883807458
20191013902,0.6505295939901637,0.2132873359274433,0.08808767201150754
20191013905,0.2640360594129389,0.30345706040584025,0.0955500431456024
20191013907,0.44695471816159577,0.19401619625431354,0.07649297233430748
20191013910,0.7872445167659919,0.06189604074323971,0.061103399713204484
20191013912,0.8278316117528822,0.19166147556432506,0.08250407260150898
20191013915,0.7992360175717764,0.18245183391181213,0.0711628469460644
20191013919,0.6975983721089483,0.2974375017877221,0.17021837128500653
20191013925,0.903292369547119,0.25643347323581345,0.18854455343980409
20191013928,0.6508098670575224,0.21668166035584596,0.09047155581924039
20191013929,0.7274092248656762,0.19777743942455492,0.07512340219018741
20191013931,0.26651456486765734,0.30345706040584025,0.0955500431456024
20191013933,0.9118147492468859,0.25643347323581345,0.18854455343980409
20191013935,0.7614176381891439,0.061798363516001126,0.06186665598955885
20191013936,0.7631485481402233,0.06275543836662031,0.0640078099613997
20191013939,0.7651250991521961,0.061798363516001126,0.06186665598955885
20191013942,0.9102637347271083,0.25176395120773176,0.18745475635401707
20191013943,0.646621988689141,0.21668166035584596,0.09047155581924039
20191013945,0.7627340223296928,0.06275543836662031,0.0640078099613997
20191013948,0.7633810719099366,0.22743792964748322,0.17273557017324248
20191013950,0.928541231191686,0.25176395120773176,0.18745475635401707
20191013951,0.8322644126252189,0.19166147556432506,0.08250407260150898
20191013952,0.6289902100391007,0.2756093157447703,0.19375418558915633
20191013953,0.910606472111493,0.25176395120773176,0.18745475635401707
20191013954,0.7835009424672258,0.09841608234956208,0.04962975312216413
20191013956,0.8899598887474405,0.24170694189490471,0.17570874754092303
20191013961,0.7457512002264989,0.06189604074323971,0.061103399713204484
20191013962,0.9177577758483103,0.06691495950897894,0.09465109291303976
20191013965,0.5943439459982931,0.1925366514075167,0.08545438614343731
20191013967,0.48013615493544654,0.3003023990958137,0.17385271240093708
20191013971,0.7700024781958464,0.23976768841247514,0.17641891175713328
20191013972,0.5628480779419978,0.24808224255774555,0.09557352230643072
20191013973,0.8957983594893777,0.06807021335215784,0.09939968787576031
20191013976,0.7654247378895862,0.061798363516001126,0.06186665598955885
20191013977,0.671537781949164,0.2132873359274433,0.08808767201150754
20191013979,0.8335670928139132,0.19166147556432506,0.08250407260150898
20191013980,0.8755544334946135,0.23976768841247514,0.17641891175713328
20191013983,0.3722219663451236,0.30345706040584025,0.0955500431456024
20191013985,0.9046449986609054,0.07107582939097257,0.08547406140583695
20191013986,0.4546732093542653,0.2952870110187876,0.17918913168313294
20191013987,0.8518617039216438,0.21245051759237363,0.1684320669757369
20191013989,0.6147847677609112,0.3040456594184785,0.1818379131497584
20191013991,0.5898449199699245,0.3036967235242163,0.17855762350324075
20191013992,0.9108492986987324,0.07214653344448524,0.10015367565680565
20191013993,0.8722413183399736,0.20704457169225723,0.07912546026852224
20191013997,0.6741803701687872,0.30621309053156703,0.1772277019663559
20191014002,0.7965244546931851,0.20137507811820174,0.13834902481044192
20191014003,0.5097511813537154,0.19028063576878249,0.0727078809150183
20191014006,0.7842881698275151,0.18815252744219585,0.08261712743434142
20191014008,0.7722217559874367,0.061798363516001126,0.06186665598955885
20191014011,0.909966802907932,0.25176395120773176,0.18745475635401707
20191014013,0.8896675849214107,0.06807021335215784,0.09939968787576031
20191014015,0.7357461088582032,0.16518763162409636,0.11363325371006774
20191014016,0.8798300663563775,0.06807021335215784,0.09939968787576031
20191014019,0.846358720922221,0.20888893316554305,0.1619124272342522
20191014020,0.9675977999362518,0.06210095768613215,0.058510169931256094
20191014024,0.8927063786933228,0.06807021335215784,0.09939968787576031
20191014026,0.8340747760677705,0.18815252744219585,0.08261712743434142
20191014029,0.8903393756699103,0.25643347323581345,0.18854455343980409
20191014033,0.907330325601343,0.22048948192473922,0.16994326406466154
20191014059,0.8432237118606736,0.19166147556432506,0.08250407260150898
20191014064,0.8097283283526305,0.1751203896529438,0.1304677614822234
20191014071,0.7593614554946191,0.19166147556432506,0.08250407260150898
20191014080,0.9506372575972155,0.06210095768613215,0.058510169931256094
20191014084,0.8273625373359389,0.24785382253965768,0.17588793194743454
20191014087,0.7943568103028854,0.18815252744219585,0.08261712743434142
20191014090,0.8897772061753801,0.06807021335215784,0.09939968787576031
20191014092,0.2502201024404083,0.30345706040584025,0.0955500431456024
20191014093,0.8119167965096311,0.18815252744219585,0.08261712743434142
20191014094,0.6167445412309035,0.2132873359274433,0.08808767201150754
20191014096,0.9612283591276903,0.06205393771038372,0.05840121022301546
20191014097,0.8330762247252844,0.19166147556432506,0.08250407260150898
20191014100,0.9057953881241632,0.25643347323581345,0.18854455343980409
20191014101,0.8831792616867333,0.20704457169225723,0.07912546026852224
20191014102,0.45987691046006174,0.1906218718259109,0.07447741776025502
20191014103,0.7774279524821944,0.05876355953015721,0.029415647295629743
20191014104,0.8518061792935958,0.1862332517073095,0.08126787107110925
20191014105,0.8717277671468582,0.20704457169225723,0.07912546026852224
20191014106,0.8979994948585008,0.06807021335215784,0.09939968787576031
20191014107,0.8516445702657764,0.22750022879061355,0.17281235021581468
20191014109,0.7052439302045489,0.2132873359274433,0.08808767201150754
20191014110,0.6269418861838774,0.17555586056119105,0.12515027429757705
20191014112,0.7764868369766326,0.061798363516001126,0.06186665598955885
20191014113,0.8288584045559185,0.19166147556432506,0.08250407260150898
20191014117,0.8612547736799061,0.22750022879061355,0.17281235021581468
20191014118,0.8831792616867333,0.20704457169225723,0.07912546026852224
20191014120,0.9047830370499185,0.07107582939097257,0.08547406140583695
20191014123,0.8576571348340338,0.22750022879061355,0.17281235021581468
20191014128,0.8143333512541637,0.22228574743001184,0.16806189783354994
20191014130,0.800094286559297,0.18815252744219585,0.08261712743434142
20191014131,0.6198079682830944,0.3003023990958137,0.17385271240093708
20191014132,0.6289902100391007,0.25745302612496535,0.1781405689125723
20191014134,0.8338780065528163,0.2089415694702444,0.16866286842074604
20191014136,0.8603357762676918,0.20704457169225723,0.07912546026852224
20191014139,0.6663260269652332,0.21668166035584596,0.09047155581924039
20191014141,0.8516039355360974,0.1862332517073095,0.08126787107110925
20191014142,0.006224774660332451,0.21431044341060126,0.16207667199470183
20191014145,0.907356110981275,0.25643347323581345,0.18854455343980409
20191014146,0.8927063786933228,0.06807021335215784,0.09939968787576031
20191014148,0.8438228719751125,0.19166147556432506,0.08250407260150898
20191014149,0.4191531837559476,0.19401619625431354,0.07649297233430748
20191014151,0.8303788407055444,0.19166147556432506,0.08250407260150898
20191014152,0.7365481851690996,0.3189915351575013,0.18559080122498176
20191014157,0.9140469846430391,0.22048948192473922,0.16994326406466154
20191014161,0.8428959174457903,0.2089415694702444,0.16866286842074604
20191014163,0.9137651578694482,0.25643347323581345,0.18854455343980409
20191014164,0.893206999918444,0.08027510701448588,0.10474630258174444
20191014172,0.6118927901478273,0.3040456594184785,0.1818379131497584
20191014176,0.7496442099927209,0.18815252744219585,0.08261712743434142
20191014177,0.8931537363380232,0.08027510701448588,0.10474630258174444
20191014183,0.944160883674637,0.062198634913370736,0.05778832302170066
20191014186,0.6980793977024049,0.19166147556432506,0.08250407260150898
20191014189,0.811399281771446,0.2313002977023903,0.17335177674750768
20191014190,0.912559445669621,0.22048948192473922,0.16994326406466154
20191014192,0.6289902100391007,0.25745302612496535,0.1781405689125723
20191014194,0.9573876809286441,0.062198634913370736,0.05778832302170066
20191014195,0.9301992503510194,0.25643347323581345,0.18854455343980409
20191014196,0.7606027158194585,0.061798363516001126,0.06186665598955885
20191014197,0.6271689073211489,0.2974375017877221,0.17021837128500653
20191014198,0.8772662928357847,0.23976768841247514,0.17641891175713328
20191014201,0.2663079188167895,0.30345706040584025,0.0955500431456024
20191014202,0.7965244546931851,0.20137507811820174,0.13834902481044192
20191014203,0.6550215299826139,0.1925366514075167,0.08545438614343731
20191014207,0.7876487899992316,0.19166147556432506,0.08250407260150898
20191014210,0.4339659808428664,0.286768035548167,0.18667628849403176
20191014212,0.746567962343482,0.18131237455303134,0.06798518753609152
20191014215,0.6514916238241342,0.2974375017877221,0.17021837128500653
20191014219,0.4296401855854792,0.19401619625431354,0.07649297233430748
20191014220,0.7458570362225807,0.06189604074323971,0.061103399713204484
20191014221,0.8029101797810632,0.1736927515638923,0.06590085493713028
20191014222,0.6512795534639623,0.2974375017877221,0.17021837128500653
20191014223,0.8678438253233505,0.20704457169225723,0.07912546026852224
20191014224,0.44519414026999765,0.1906218718259109,0.07447741776025502
20191014225,0.5970017101572771,0.3008318262161247,0.1748249275694316
20191014231,0.8323428574509628,0.18815252744219585,0.08261712743434142
20191014235,0.9059342594186719,0.25643347323581345,0.18854455343980409
20191014236,0.8628758467729388,0.2089415694702444,0.16866286842074604
20191014238,0.4322461238504974,0.1936749601971851,0.07467554717352991
20191014241,0.9566132822956858,0.06210095768613215,0.058510169931256094
20191014246,0.8283348928152708,0.21245051759237363,0.1684320669757369
20191014247,0.8229041494645998,0.18815252744219585,0.08261712743434142
20191014248,0.8464096243601886,0.19166147556432506,0.08250407260150898
20191014250,0.6365705634603034,0.3748815779433377,0.20506717828535828
20191014252,0.8668076499576245,0.18416407482555644,0.13396691801133492
20191014255,0.9088079446203982,0.2550650113976359,0.18699013540967754
20191014257,0.8321468740437248,0.19166147556432506,0.08250407260150898
20191014258,0.7605446711571675,0.06189604074323971,0.061103399713204484
20191014259,0.8486118897195988,0.21245051759237363,0.1684320669757369
20191014261,0.7454391005300713,0.20535898048629667,0.08511694241256802
20191014263,0.5603320493094902,0.3036967235242163,0.17855762350324075
20191014264,0.7828362286213114,0.21259963487355055,0.08737053460949534
20191014265,0.8722413183399736,0.20704457169225723,0.07912546026852224
20191014266,0.7837019369266721,0.05876355953015721,0.029415647295629743
20191014268,0.833957267451621,0.19166147556432506,0.08250407260150898
20191014274,0.8486268714615055,0.22750022879061355,0.17281235021581468
20191014277,0.44398300109587624,0.1906218718259109,0.07447741776025502
20191014280,0.9303104362868696,0.06223256719783028,0.036157636642231025
20191014281,0.7917560851359514,0.18815252744219585,0.08261712743434142
20191014283,0.4757805404975169,0.1906218718259109,0.07447741776025502
20191014284,0.9069838026637124,0.20704457169225723,0.07912546026852224
20191014285,0.8324601383997067,0.19166147556432506,0.08250407260150898
20191014288,0.8001169735011752,0.21554664790068878,0.16190588185205554
20191014289,0.832321790683733,0.19166147556432506,0.08250407260150898
20191014291,0.9519771536449412,0.06210095768613215,0.058510169931256094
20191014292,0.6530906853582968,0.25745302612496535,0.1781405689125723
20191014294,0.6326555499349494,0.3748815779433377,0.20506717828535828
20191014297,0.43081085098926636,0.1936749601971851,0.07467554717352991
20191014298,0.5902051459235028,0.21668166035584596,0.09047155581924039
20191014300,0.6089820632504898,0.21668166035584596,0.09047155581924039
20191014302,0.7157127887866412,0.21431495802077388,0.14998061348040048
20191014305,0.7736054732950692,0.061798363516001126,0.06186665598955885
20191014307,0.9559419184224583,0.062198634913370736,0.05778832302170066
20191014309,0.8414236236114877,0.2117712901392566,0.14713017064814293
20191014310,0.6289902100391007,0.25745302612496535,0.1781405689125723
20191014314,0.8236364777939474,0.19166147556432506,0.08250407260150898
20191014317,0.8831792616867333,0.20704457169225723,0.07912546026852224
20191014318,0.8346483587331883,0.1980075553975358,0.08492058763554668
20191014319,0.4390621285689849,0.1906218718259109,0.07447741776025502
20191014321,0.9632872121365732,0.06210095768613215,0.058510169931256094
20191014322,0.8201609520178111,0.19166147556432506,0.08250407260150898
20191014323,0.8235780079354021,0.19166147556432506,0.08250407260150898
20191014326,0.882619417297746,0.20704457169225723,0.07912546026852224
20191014327,0.8276989072988061,0.19166147556432506,0.08250407260150898
20191014331,0.8979197157584403,0.23976768841247514,0.17641891175713328
20191014336,0.6272262623582419,0.1890727773224864,0.06620022896716941
20191014337,0.8490721233542409,0.19166147556432506,0.08250407260150898
20191014338,0.6255133295015569,0.29638261558719764,0.17223099048345525
20191014339,0.5593112435301512,0.29909190272499186,0.09485363045496324
20191014340,0.8147698206052281,0.1952508048538425,0.13537739721253222
20191014342,0.873256230769244,0.20704457169225723,0.07912546026852224
20191014343,0.47877706755330257,0.19401619625431354,0.07649297233430748
20191014347,0.909966802907932,0.25176395120773176,0.18745475635401707
20191014353,0.8238396669743242,0.19166147556432506,0.08250407260150898
20191014354,0.8766932703934154,0.20704457169225723,0.07912546026852224
20191014355,0.9093780415923212,0.25643347323581345,0.18854455343980409
20191014357,0.7912215746256794,0.18815252744219585,0.08261712743434142
20191014359,0.849618228112489,0.22750022879061355,0.17281235021581468
20191014360,0.44162578084755244,0.19028063576878249,0.0727078809150183
20191014363,0.8715189117937734,0.20704457169225723,0.07912546026852224
20191014364,0.45894065521355343,0.1906218718259109,0.07447741776025502
20191014365,0.8273625373359389,0.24785382253965768,0.17588793194743454
20191014369,0.5773799332179138,0.18746540070145468,0.06365877723573535
20191014372,0.8695655554218219,0.20704457169225723,0.07912546026852224
20191014375,0.903716208307804,0.23976768841247514,0.17641891175713328
20191014376,0.7913876666182753,0.22215256434586508,0.08990641710977973
20191014382,0.9088079446203982,0.2550650113976359,0.18699013540967754
20191014385,0.6156114148000201,0.18746540070145468,0.06365877723573535
20191014387,0.5140444618992068,0.19960949194758973,0.0783993550777192
20191014388,0.8588590213200384,0.20704457169225723,0.07912546026852224
20191014389,0.7703102723431977,0.17402774198942564,0.1166858432279464
20191014392,0.875392953457215,0.25643347323581345,0.18854455343980409
20191014393,0.7074762906897029,0.21431495802077388,0.14998061348040048
20191014395,0.412061552053775,0.19401619625431354,0.07649297233430748
20191014396,0.8022291773701419,0.18815252744219585,0.08261712743434142
20191014397,0.8384468856673025,0.19166147556432506,0.08250407260150898
20191014400,0.8562203552672097,0.22750022879061355,0.17281235021581468
20191014404,0.8553924616342546,0.19073523217355082,0.08272560285505698
20191014405,0.30135319641678693,0.19401619625431354,0.07649297233430748
20191014407,0.6289902100391007,0.25745302612496535,0.1781405689125723
20191014413,0.7216199762616856,0.21431495802077388,0.14998061348040048
20191014414,0.55357080740557,0.1906218718259109,0.07447741776025502
20191014415,0.8218803630250714,0.19166147556432506,0.08250407260150898
20191014416,0.7969309721323578,0.19271147333213945,0.14806167816718385
20191014417,0.5431726422113106,0.1906218718259109,0.07447741776025502
20191014419,0.7581016780150829,0.20689973061317804,0.14505656972541156
20191014420,0.8909242296549482,0.2435246536604068,0.1775469842460494
20191014423,0.6812200848809215,0.30621309053156703,0.1772277019663559
20191014425,0.5334049106184873,0.1906218718259109,0.07447741776025502
20191014427,0.4233585566067887,0.1906218718259109,0.07447741776025502
20191014429,0.8888408317080658,0.25176395120773176,0.18745475635401707
20191014430,0.7999045763584063,0.18815252744219585,0.08261712743434142
20191014431,0.7537299968486771,0.2204036616449965,0.08651581894395854
20191014438,0.4439225652667506,0.19401619625431354,0.07649297233430748
20191014441,0.8128792934294872,0.18815252744219585,0.08261712743434142
20191014442,0.8407905417937486,0.21613266978627593,0.15154968657787296
20191014448,0.4449172356347758,0.1906218718259109,0.07447741776025502
20191014449,0.9183383335604043,0.25643347323581345,0.18854455343980409
20191014451,0.8012383516533164,0.19271147333213945,0.14806167816718385
20191014452,0.5826267651084307,0.29550030875512,0.16672279777200943
20191014456,0.6313228666031383,0.18712416464432624,0.06214628452010493
20191014458,0.7867665433175223,0.1980075553975358,0.08492058763554668
20191014459,0.5921633128525846,0.18712416464432624,0.06214628452010493
20191014462,0.5944337996204409,0.20824758433583165,0.07411838354878025
