case:concept:name,Next_activity,Next_resource
201810001660,Pending Liquidation Request,BOC
201810002650,Pending Request for Reservation Closure,BOCSER
201810006512,Pending Request for Reservation Closure,BOC
201810008108,Pending Liquidation Request,BOC
201810008268,Pending Request for Reservation Closure,SDCRAP
201810008485,Pending Request for Reservation Closure,BOCSER
201810008899,Pending Liquidation Request,BOC
20181000902,Pending Request for Reservation Closure,BOC
201810010740,Service closure Request with network responsibility,00491
201810011081,Pending Request for Reservation Closure,BOC
201810011583,Service closure Request with BO responsibility,00842
20181012611,Pending Request for Reservation Closure,BOC
20181013679,Evaluating Request (WITH registered letter),00000
201811000205,Service closure Request with network responsibility,00752
201811001580,Service closure Request with BO responsibility,00842
201811001889,Service closure Request with network responsibility,00119
201811002881,Pending Request for Reservation Closure,BOC
201811003327,Pending Request for Reservation Closure,BOC
201811003911,Service closure Request with network responsibility,00119
201811004163,Service closure Request with BO responsibility,00854
201811004205,Pending Request for Reservation Closure,BOC
201811004338,Service closure Request with network responsibility,00465
201811005226,Pending Request for Reservation Closure,BOC
201811005422,Service closure Request with network responsibility,00752
201811005747,Pending Request for Reservation Closure,BOC
201811005954,Authorization Requested,00045
201811006467,Pending Liquidation Request,BOC
201811006674,Evaluating Request (WITH registered letter),00341
201811006982,Request completed with account closure,SDCTCC
201811007401,Service closure Request with BO responsibility,00848
201811008100,Pending Request for Reservation Closure,BOC
201811008330,Pending Request for Reservation Closure,BOC
201811008338,Service closure Request with BO responsibility,00849
201811008394,Pending Request for Reservation Closure,BOC
201811008598,Evaluating Request (NO registered letter),00409
201811008631,Authorization Requested,00045
201811008634,Evaluating Request (NO registered letter),00409
201811009132,Service closure Request with network responsibility,00571
201811009434,Evaluating Request (NO registered letter),00571
201811009590,Pending Liquidation Request,BOC
201811009800,Pending Request for Reservation Closure,BOC
201811010119,Pending Request for Reservation Closure,BOC
201811010142,Pending Liquidation Request,BOC
201811010681,Pending Request for Reservation Closure,BOCSER
201811010732,Service closure Request with network responsibility,00119
201811011699,Service closure Request with network responsibility,00119
201811011715,Service closure Request with network responsibility,00119
201811011742,Pending Request for Reservation Closure,BOC
201811011907,Authorization Requested,00045
201811011916,Evaluating Request (WITH registered letter),00045
201812000179,Pending Request for Reservation Closure,BOC
201812000181,Pending Request for Reservation Closure,BOC
201812000186,Evaluating Request (NO registered letter),00733
201812000605,Service closure Request with BO responsibility,00854
201812000606,Service closure Request with BO responsibility,00854
201812000900,Pending Request for Reservation Closure,BOC
201812002344,Pending Request for Reservation Closure,BOC
201812002552,Pending Request for Reservation Closure,BOC
201812002630,Evaluating Request (WITH registered letter),00848
201812002677,Pending Request for Reservation Closure,BOC
201812002837,Pending Request for Reservation Closure,BOC
201812002893,Evaluating Request (NO registered letter),00918
201812003039,Authorization Requested,00767
201812003088,Pending Request for Reservation Closure,BOC
201812003287,Pending Request for Reservation Closure,BOC
201812004065,Pending Liquidation Request,BOC
201812004155,Pending Request for Reservation Closure,BOC
201812004198,Request completed with account closure,BOCSER
201812004271,Service closure Request with BO responsibility,00849
201812004422,Pending Request for Reservation Closure,BOCSER
201812004433,Service closure Request with network responsibility,00119
201812004478,Service closure Request with BO responsibility,00854
201812004552,Service closure Request with network responsibility,00119
201812004625,Pending Request for Reservation Closure,BOC
201812004772,Pending Request for Reservation Closure,BOC
201812004817,Pending Liquidation Request,BOC
201812004871,Service closure Request with BO responsibility,00849
201812004921,Pending Liquidation Request,BOC
201812005259,Evaluating Request (WITH registered letter),00045
201812005350,Pending Liquidation Request,BOC
201812005402,Evaluating Request (WITH registered letter),00594
201812005434,Service closure Request with network responsibility,00119
201812005461,Service closure Request with network responsibility,00752
201812005659,Pending Request for Reservation Closure,SDCRAP
201812005779,Service closure Request with network responsibility,00119
201812005853,Pending Liquidation Request,BOC
201812005862,Service closure Request with BO responsibility,BOCSER
201812005898,Pending Liquidation Request,BOC
201812006094,Pending Request for Reservation Closure,BOC
201812006124,Pending Request for Reservation Closure,SDCRAP
201812006485,Pending Request for Reservation Closure,BOC
201812006628,Pending Request for Reservation Closure,BOC
201812006707,Request completed with account closure,SDCRAP
201812006755,Pending Liquidation Request,BOC
201812006820,Service closure Request with network responsibility,00119
201812006824,Pending Request for Reservation Closure,BOC
201812007245,Service closure Request with network responsibility,00752
201812007280,Pending Request for Reservation Closure,BOC
201812007319,Authorization Requested,00722
201812007397,Pending Request for Reservation Closure,BOC
201812007439,Pending Liquidation Request,BOCSER
201812007654,Evaluating Request (NO registered letter),00045
201812007664,Evaluating Request (NO registered letter),00718
201812007718,Pending Request for Reservation Closure,BOC
201812007723,Service closure Request with network responsibility,00119
201812007727,Pending Request for Reservation Closure,BOC
201812007780,Request completed with account closure,SDCTCC
201812007788,Service closure Request with BO responsibility,BOCSER
201812007839,Pending Request for Reservation Closure,BOC
201812007853,Pending Request for Reservation Closure,BOC
201812008090,Request completed with account closure,SDCTCC
201812008149,Pending Request for Reservation Closure,BOC
201812008346,Pending Request for Reservation Closure,BOC
201812008642,Evaluating Request (WITH registered letter),00341
201812008657,Service closure Request with network responsibility,00119
201812008694,Pending Request for Reservation Closure,BOC
201812008702,Service closure Request with BO responsibility,00848
201812008708,Evaluating Request (NO registered letter),00119
201812008800,Service closure Request with network responsibility,00119
201812008953,Pending Liquidation Request,BOC
201812009363,Pending Request for Reservation Closure,BOC
201812009485,Pending Request for Reservation Closure,BOC
201812009515,Pending Request for Reservation Closure,BOC
201812009556,Service closure Request with network responsibility,00119
201812009573,Pending Request for Reservation Closure,BOC
201812009645,Evaluating Request (WITH registered letter),00341
201812009682,Pending Request for Reservation Closure,BOC
201812009703,Pending Request for Reservation Closure,BOC
201812009725,Request completed with account closure,SDCTCC
201812009750,Service closure Request with BO responsibility,00849
201812009753,Service closure Request with network responsibility,00119
20182005961,Service closure Request with network responsibility,SB32
20182009106,Pending Request for Reservation Closure,BOC
20183007131,Pending Liquidation Request,BOC
20184001796,Service closure Request with network responsibility,00119
20185003342,Pending Request for Reservation Closure,SDCRAP
20186002647,Request completed with account closure,SDCRAP
20186005840,Pending Request for Reservation Closure,BOC
20186007767,Service closure Request with network responsibility,00119
20187001795,Authorization Requested,00045
20187002397,Pending Request for Reservation Closure,BOC
20187003190,Service closure Request with BO responsibility,00849
20187003641,Evaluating Request (WITH registered letter),SB95
20187006392,Pending Request for Reservation Closure,BOC
20187006846,Service closure Request with BO responsibility,00842
20187007250,Pending Liquidation Request,SDCTCC
20187010782,Pending Request for Reservation Closure,BOC
20188002087,Pending Request for Reservation Closure,BOC
20188002441,Service closure Request with BO responsibility,00854
20188002645,Service closure Request with BO responsibility,00848
20188005486,Evaluating Request (NO registered letter),00275
20189001829,Pending Request for Reservation Closure,BOC
20189003084,Authorization Requested,00045
20189003486,Service closure Request with network responsibility,00119
20189004803,Service closure Request with network responsibility,00015
20189006540,Pending Liquidation Request,BOC
20189007102,Service closure Request with network responsibility,00119
20189007821,Authorization Requested,00119
20189007982,Pending Request for Reservation Closure,BOC
20189008206,Service closure Request with network responsibility,00119
20189009645,Pending Request for Reservation Closure,BOC
20191000037,Pending Liquidation Request,BOC
20191000127,Service closure Request with network responsibility,SB32
20191000242,Authorization Requested,00045
20191000255,Service closure Request with network responsibility,00491
20191000260,Authorization Requested,00119
20191000269,Pending Request for Reservation Closure,BOC
20191000366,Pending Request for Reservation Closure,BOC
20191000380,Pending Liquidation Request,BOC
20191000382,Pending Request for Reservation Closure,SDCRAP
20191000433,Pending Request for Reservation Closure,SDCRAP
20191000490,Pending Request for Reservation Closure,SDCTCC
20191000535,Pending Request for Reservation Closure,SDCRAP
20191000546,Pending Request for Reservation Closure,BOC
20191000553,Pending Liquidation Request,BOC
20191000568,Service closure Request with network responsibility,00119
20191000676,Pending Request for Reservation Closure,BOC
20191000751,Service closure Request with network responsibility,00119
20191000782,Evaluating Request (NO registered letter),00040
20191000845,Pending Request for Reservation Closure,BOC
20191000920,Pending Liquidation Request,SDCTCC
20191000928,Request completed with account closure,SDCTCC
20191000957,Pending Request for Reservation Closure,BOC
20191001061,Pending Request for Reservation Closure,BOC
20191001073,Pending Liquidation Request,BOC
20191001178,Pending Liquidation Request,BOC
20191001209,Pending Request for Reservation Closure,BOC
20191001270,Pending Request for Reservation Closure,BOC
20191001457,Pending Request for Reservation Closure,BOC
20191001560,Evaluating Request (WITH registered letter),00850
20191001584,Pending Request for Reservation Closure,BOC
20191001595,Service closure Request with network responsibility,00119
20191001604,Request completed with account closure,SDCRAP
20191001611,Request completed with account closure,BOCSER
20191001699,Service closure Request with network responsibility,00594
20191001826,Service closure Request with network responsibility,00491
20191001846,Pending Request for Reservation Closure,BOC
20191001877,Service closure Request with network responsibility,00341
20191001909,Pending Request for Reservation Closure,SDCTCC
20191001991,Pending Liquidation Request,BOC
20191001992,Service closure Request with BO responsibility,00848
20191002027,Pending Request for Reservation Closure,BOC
20191002029,Pending Request for Reservation Closure,BOC
20191002074,Pending Liquidation Request,BOC
20191002078,Pending Liquidation Request,BOC
20191002091,Pending Request for Reservation Closure,BOC
20191002111,Service closure Request with network responsibility,00491
20191002163,Pending Liquidation Request,BOC
20191002211,Service closure Request with network responsibility,00119
20191002216,Service closure Request with network responsibility,00119
20191002277,Pending Liquidation Request,BOC
20191002297,Evaluating Request (NO registered letter),00076
20191002394,Pending Request for Reservation Closure,BOC
20191002483,Evaluating Request (WITH registered letter),00712
20191002503,Pending Request for Reservation Closure,BOC
20191002511,Pending Liquidation Request,BOCSER
20191002521,Pending Liquidation Request,BOCSER
20191002534,Pending Request for Reservation Closure,SDCTCC
20191002537,Service closure Request with BO responsibility,00854
20191002706,Evaluating Request (NO registered letter),00119
20191002742,Pending Liquidation Request,BOC
20191002745,Service closure Request with network responsibility,00119
20191002751,Pending Request for Reservation Closure,BOC
20191002759,Pending Request for Reservation Closure,BOC
20191002920,Pending Request for Reservation Closure,BOC
20191002939,Pending Request for Reservation Closure,BOC
20191002953,Pending Request for Reservation Closure,SDCRAP
20191002956,Service closure Request with BO responsibility,00854
20191002981,Pending Request for Reservation Closure,SDCRAP
20191003000,Service closure Request with network responsibility,00015
20191003019,Service closure Request with BO responsibility,00854
20191003043,Pending Request for Reservation Closure,BOC
20191003077,Pending Request for Reservation Closure,BOC
20191003263,Service closure Request with network responsibility,00752
20191003312,Pending Liquidation Request,BOC
20191003315,Pending Request for Reservation Closure,BOC
20191003440,Service closure Request with network responsibility,00119
20191003465,Service closure Request with network responsibility,00752
20191003502,Service closure Request with BO responsibility,00842
20191003540,Service closure Request with BO responsibility,00854
20191003568,Pending Liquidation Request,BOC
20191003594,Pending Liquidation Request,BOC
20191003680,Pending Liquidation Request,BOC
20191003699,Pending Request for Reservation Closure,BOC
20191003724,Pending Request for Reservation Closure,BOC
20191003755,Service closure Request with BO responsibility,00849
20191003756,Service closure Request with BO responsibility,BOCSER
20191003759,Pending Liquidation Request,BOC
20191003785,Pending Request for Reservation Closure,BOC
20191003861,Request completed with account closure,SDCTCC
20191003909,Pending Liquidation Request,SDCTCC
20191003938,Pending Request for Reservation Closure,BOC
20191004011,Pending Request for Reservation Closure,BOC
20191004025,Pending Request for Reservation Closure,BOC
20191004038,Pending Liquidation Request,BOC
20191004043,Pending Request for Reservation Closure,BOC
20191004048,Authorization Requested,00275
20191004109,Pending Liquidation Request,BOC
20191004146,Service closure Request with BO responsibility,00849
20191004208,Authorization Requested,00045
20191004220,Service closure Request with network responsibility,00119
20191004224,Pending Request for Reservation Closure,BOC
20191004227,Pending Liquidation Request,BOC
20191004251,Evaluating Request (WITH registered letter),00045
20191004267,Service closure Request with BO responsibility,00849
20191004286,Service closure Request with BO responsibility,00849
20191004364,Service closure Request with BO responsibility,00849
20191004374,Service closure Request with BO responsibility,00849
20191004402,Pending Liquidation Request,BOC
20191004432,Pending Liquidation Request,BOC
20191004440,Evaluating Request (WITH registered letter),00341
20191004500,Pending Liquidation Request,BOC
20191004550,Service closure Request with network responsibility,00119
20191004556,Pending Request for Reservation Closure,BOC
20191004566,Service closure Request with network responsibility,00119
20191004680,Pending Request for Reservation Closure,BOC
20191004710,Pending Liquidation Request,BOC
20191004805,Pending Request for Reservation Closure,BOC
20191004843,Service closure Request with network responsibility,00119
20191004854,Pending Request for Reservation Closure,BOC
20191004869,Evaluating Request (NO registered letter),00341
20191004891,Pending Request for Reservation Closure,BOC
20191004909,Service closure Request with network responsibility,00119
20191004957,Request completed with account closure,BOC
20191004983,Pending Request for Reservation Closure,BOC
20191005120,Pending Request for Reservation Closure,BOC
20191005134,Pending Request for Reservation Closure,BOC
20191005248,Pending Liquidation Request,BOC
20191005294,Pending Liquidation Request,BOC
20191005303,Pending Request for Reservation Closure,BOC
20191005314,Pending Request for Reservation Closure,BOC
20191005347,Service closure Request with network responsibility,00119
20191005360,Evaluating Request (NO registered letter),00119
20191005375,Pending Request for Reservation Closure,BOC
20191005395,Pending Liquidation Request,BOC
20191005409,Pending Request for Reservation Closure,BOC
20191005427,Pending Request for Reservation Closure,BOC
20191005428,Service closure Request with network responsibility,00119
20191005462,Pending Request for Reservation Closure,BOC
20191005480,Authorization Requested,BOC
20191005537,Pending Liquidation Request,BOC
20191005557,Pending Request for Reservation Closure,BOC
20191005567,Request completed with account closure,SDCTCC
20191005632,Pending Liquidation Request,BOC
20191005637,Authorization Requested,00045
20191005681,Pending Request for Reservation Closure,BOC
20191005698,Service closure Request with network responsibility,00015
20191005733,Pending Request for Reservation Closure,BOCSER
20191005769,Service closure Request with network responsibility,00119
20191005838,Authorization Requested,00045
20191005903,Pending Liquidation Request,BOC
20191005922,Pending Liquidation Request,BOCSER
20191005924,Service closure Request with BO responsibility,00849
20191005966,Service closure Request with BO responsibility,00854
20191006023,Pending Request for Reservation Closure,SDCRAP
20191006058,Service closure Request with network responsibility,00341
20191006064,Pending Liquidation Request,BOC
20191006077,Pending Request for Reservation Closure,BOCSER
20191006078,Pending Request for Reservation Closure,BOC
20191006098,Service closure Request with BO responsibility,00854
20191006110,Pending Request for Reservation Closure,BOC
20191006142,Authorization Requested,00045
20191006145,Pending Request for Reservation Closure,BOC
20191006188,Pending Request for Reservation Closure,BOCCRF
20191006203,Service closure Request with BO responsibility,00854
20191006207,Service closure Request with network responsibility,00119
20191006210,Pending Request for Reservation Closure,BOC
20191006217,Pending Request for Reservation Closure,BOC
20191006233,Evaluating Request (WITH registered letter),00594
20191006273,Evaluating Request (NO registered letter),00733
20191006292,Pending Liquidation Request,BOC
20191006301,Request completed with account closure,SDCTCC
20191006309,Pending Request for Reservation Closure,BOC
20191006333,Service closure Request with BO responsibility,00854
20191006358,Service closure Request with BO responsibility,00854
20191006382,Service closure Request with network responsibility,00119
20191006394,Service closure Request with BO responsibility,00849
20191006436,Request completed with account closure,SDCTCC
20191006502,Authorization Requested,00045
20191006520,Evaluating Request (WITH registered letter),00341
20191006539,Pending Request for Reservation Closure,BOC
20191006585,Pending Request for Reservation Closure,BOC
20191006608,Pending Request for Reservation Closure,BOC
20191006655,Pending Request for Reservation Closure,BOC
20191006661,Request completed with account closure,BOC
20191006747,Evaluating Request (WITH registered letter),00594
20191006756,Evaluating Request (WITH registered letter),00045
20191006771,Evaluating Request (NO registered letter),00752
20191006784,Service closure Request with BO responsibility,00842
20191006788,Pending Request for Reservation Closure,BOC
20191006789,Pending Liquidation Request,BOC
20191006870,Pending Request for Reservation Closure,SDCTCC
20191006871,Evaluating Request (NO registered letter),00752
20191006880,Service closure Request with BO responsibility,00842
20191006886,Pending Request for Reservation Closure,BOC
20191006920,Authorization Requested,00045
20191006922,Pending Liquidation Request,BOC
20191006956,Authorization Requested,00045
20191006987,Service closure Request with BO responsibility,00842
20191007056,Service closure Request with BO responsibility,00848
20191007068,Pending Liquidation Request,BOC
20191007079,Service closure Request with BO responsibility,00854
20191007149,Pending Liquidation Request,BOC
20191007166,Pending Liquidation Request,BOC
20191007291,Pending Liquidation Request,BOC
20191007305,Pending Request for Reservation Closure,BOC
20191007344,Pending Liquidation Request,BOC
20191007413,Service closure Request with BO responsibility,00849
20191007453,Pending Request for Reservation Closure,SDCTCC
20191007463,Pending Liquidation Request,BOC
20191007469,Evaluating Request (WITH registered letter),00594
20191007472,Service closure Request with network responsibility,00119
20191007481,Service closure Request with BO responsibility,00849
20191007501,Pending Request for Reservation Closure,BOC
20191007510,Pending Request for Reservation Closure,BOC
20191007558,Pending Request for Reservation Closure,SDCTCC
20191007560,Service closure Request with BO responsibility,00842
20191007564,Request completed with account closure,SDCTCC
20191007570,Pending Liquidation Request,BOC
20191007587,Request completed with account closure,SDCTCC
20191007597,Authorization Requested,00045
20191007623,Request completed with account closure,SDCTCC
20191007651,Pending Request for Reservation Closure,BOC
20191007666,Request completed with account closure,SDCRAP
20191007668,Pending Liquidation Request,BOC
20191007674,Pending Liquidation Request,BOCCRF
20191007718,Service closure Request with network responsibility,00491
20191007810,Pending Liquidation Request,BOC
20191007859,Service closure Request with network responsibility,00119
20191007866,Pending Request for Reservation Closure,BOC
20191007873,Request completed with account closure,SDCTCC
20191007894,Pending Request for Reservation Closure,BOC
20191007895,Pending Liquidation Request,BOC
20191007901,Evaluating Request (WITH registered letter),00119
20191007903,Service closure Request with network responsibility,00119
20191007908,Evaluating Request (WITH registered letter),00341
20191007911,Request completed with account closure,SDCTCC
20191007912,Pending Request for Reservation Closure,BOC
20191007948,Pending Request for Reservation Closure,BOC
20191007964,Pending Liquidation Request,BOC
20191007970,Request completed with account closure,SDCRAP
20191007975,Request completed with account closure,SDCTCC
20191007993,Pending Liquidation Request,BOC
20191008000,Service closure Request with network responsibility,00119
20191008019,Service closure Request with BO responsibility,00849
20191008041,Pending Request for Reservation Closure,BOC
20191008066,Evaluating Request (NO registered letter),00275
20191008071,Pending Request for Reservation Closure,BOC
20191008074,Pending Liquidation Request,BOC
20191008076,Request completed with account closure,BOC
20191008079,Pending Request for Reservation Closure,BOC
20191008080,Service closure Request with network responsibility,00718
20191008096,Pending Liquidation Request,BOC
20191008111,Pending Request for Reservation Closure,SDCTCC
20191008116,Evaluating Request (NO registered letter),00409
20191008140,Pending Request for Reservation Closure,BOC
20191008155,Pending Liquidation Request,SDCTCC
20191008169,Pending Request for Reservation Closure,BOC
20191008273,Pending Request for Reservation Closure,BOC
20191008283,Authorization Requested,00045
20191008295,Pending Liquidation Request,SDCRAP
20191008323,Service closure Request with network responsibility,00119
20191008334,Pending Request for Reservation Closure,BOC
20191008335,Request completed with account closure,SDCRAP
20191008349,Pending Liquidation Request,BOC
20191008358,Pending Liquidation Request,BOC
20191008359,Pending Liquidation Request,BOC
20191008362,Pending Liquidation Request,BOC
20191008363,Service closure Request with BO responsibility,00842
20191008378,Pending Request for Reservation Closure,BOC
20191008380,Evaluating Request (NO registered letter),00076
20191008388,Request completed with account closure,SDCTCC
20191008393,Pending Liquidation Request,BOC
20191008402,Request completed with account closure,SDCRAP
20191008415,Pending Request for Reservation Closure,BOC
20191008420,Evaluating Request (NO registered letter),00071
20191008442,Pending Request for Reservation Closure,BOC
20191008443,Pending Request for Reservation Closure,SDCTCC
20191008445,Request completed with account closure,SDCTCC
20191008446,Pending Liquidation Request,BOCSER
20191008454,,
20191008456,Request completed with account closure,SDCTCC
20191008469,Request completed with account closure,SDCTCC
20191008473,Pending Request for Reservation Closure,BOC
20191008481,Pending Request for Reservation Closure,BOC
20191008500,Service closure Request with network responsibility,00491
20191008537,Service closure Request with BO responsibility,00848
20191008564,Service closure Request with BO responsibility,00849
20191008566,Pending Request for Reservation Closure,BOC
20191008612,Pending Liquidation Request,BOC
20191008645,Authorization Requested,00136
20191008646,Evaluating Request (WITH registered letter),00850
20191008668,Evaluating Request (WITH registered letter),00594
20191008691,Request completed with account closure,SDCTCC
20191008693,Pending Liquidation Request,BOC
20191008720,Pending Request for Reservation Closure,BOC
20191008742,Service closure Request with network responsibility,00752
20191008751,Request completed with account closure,SDCTCC
20191008755,Evaluating Request (WITH registered letter),00594
20191008774,Pending Request for Reservation Closure,BOC
20191008797,Pending Request for Reservation Closure,BOC
20191008808,Request completed with account closure,SDCRAP
20191008812,Pending Request for Reservation Closure,BOC
20191008816,Request completed with account closure,BOCSER
20191008827,Service closure Request with BO responsibility,00849
20191008833,Authorization Requested,00594
20191008838,Pending Request for Reservation Closure,BOC
20191008840,Pending Liquidation Request,BOC
20191008846,Service closure Request with network responsibility,00119
20191008862,Pending Request for Reservation Closure,BOC
20191008891,Authorization Requested,00045
20191008913,Service closure Request with network responsibility,00119
20191008924,Service closure Request with network responsibility,00119
20191008932,Pending Request for Reservation Closure,BOC
20191008940,Service closure Request with network responsibility,00491
20191008960,Service closure Request with network responsibility,00015
20191008965,Pending Liquidation Request,SDCTCC
20191008973,Service closure Request with network responsibility,00752
20191008981,Evaluating Request (NO registered letter),00015
20191008983,Pending Request for Reservation Closure,BOC
20191008985,Authorization Requested,00045
20191008989,Evaluating Request (WITH registered letter),00119
20191008994,Pending Request for Reservation Closure,BOC
20191008995,Authorization Requested,00594
20191009007,Pending Liquidation Request,BOC
20191009021,Pending Request for Reservation Closure,BOC
20191009058,Authorization Requested,00015
20191009071,Pending Liquidation Request,BOC
20191009078,Service closure Request with network responsibility,00119
20191009080,Pending Request for Reservation Closure,BOC
20191009081,Pending Request for Reservation Closure,BOC
20191009087,Pending Liquidation Request,BOC
20191009105,Pending Request for Reservation Closure,BOC
20191009106,Service closure Request with BO responsibility,00849
20191009120,Authorization Requested,00045
20191009140,Authorization Requested,00045
20191009168,Authorization Requested,00119
20191009183,Service closure Request with network responsibility,00015
20191009224,Authorization Requested,00045
20191009239,Pending Request for Reservation Closure,BOC
20191009269,Pending Liquidation Request,BOC
20191009273,Pending Liquidation Request,BOC
20191009284,Pending Liquidation Request,BOC
20191009285,Service closure Request with network responsibility,00119
20191009303,Pending Request for Reservation Closure,BOC
20191009316,Pending Liquidation Request,BOC
20191009322,Service closure Request with network responsibility,00015
20191009331,Request completed with account closure,BOC
20191009378,Evaluating Request (NO registered letter),00119
20191009379,Evaluating Request (NO registered letter),00491
20191009382,Evaluating Request (NO registered letter),00119
20191009391,Pending Request for Reservation Closure,BOC
20191009423,Pending Liquidation Request,BOC
20191009426,Authorization Requested,00045
20191009436,Pending Liquidation Request,BOC
20191009437,Pending Request for Reservation Closure,BOC
20191009442,Pending Liquidation Request,BOC
20191009443,Request completed with account closure,SDCRAP
20191009445,Pending Liquidation Request,BOC
20191009465,Pending Request for Reservation Closure,SDCRAP
20191009485,Service closure Request with network responsibility,00119
20191009496,Pending Liquidation Request,BOC
20191009505,Service closure Request with BO responsibility,00854
20191009519,Pending Liquidation Request,BOC
20191009524,Pending Request for Reservation Closure,BOC
20191009525,Service closure Request with BO responsibility,00849
20191009535,Service closure Request with BO responsibility,00854
20191009542,Pending Liquidation Request,BOC
20191009581,Pending Request for Reservation Closure,BOC
20191009585,Pending Request for Reservation Closure,BOC
20191009592,Pending Liquidation Request,BOC
20191009599,Service closure Request with BO responsibility,00828
20191009616,Service closure Request with network responsibility,00119
20191009626,Pending Liquidation Request,BOC
20191009630,Request completed with account closure,SDCTCC
20191009638,Pending Request for Reservation Closure,BOC
20191009677,Service closure Request with BO responsibility,BOC
20191009680,Pending Liquidation Request,BOCSER
20191009681,Evaluating Request (NO registered letter),00491
20191009686,Pending Request for Reservation Closure,BOC
20191009711,Pending Request for Reservation Closure,BOC
20191009713,Service closure Request with BO responsibility,BOC
20191009721,Pending Request for Reservation Closure,BOC
20191009722,Pending Request for Reservation Closure,BOC
20191009727,Service closure Request with BO responsibility,00854
20191009734,Pending Request for Reservation Closure,BOC
20191009739,Pending Liquidation Request,BOC
20191009759,Service closure Request with BO responsibility,00842
20191009788,Pending Liquidation Request,BOC
20191009789,Pending Liquidation Request,BOC
20191009797,Pending Request for Reservation Closure,BOC
20191009815,Pending Request for Reservation Closure,BOC
20191009817,Evaluating Request (WITH registered letter),00045
20191009819,Service closure Request with network responsibility,00119
20191009830,Pending Liquidation Request,BOC
20191009831,Pending Liquidation Request,BOC
20191009836,Pending Request for Reservation Closure,BOC
20191009841,Authorization Requested,00045
20191009850,Service closure Request with BO responsibility,00854
20191009868,Request completed with account closure,SDCRAP
20191009939,Pending Request for Reservation Closure,BOC
20191009945,Evaluating Request (NO registered letter),00491
20191009948,Pending Liquidation Request,BOC
20191009969,Pending Liquidation Request,BOC
20191009973,Service closure Request with BO responsibility,00842
20191009979,Pending Request for Reservation Closure,BOC
20191009982,Pending Liquidation Request,BOC
20191009984,Request completed with account closure,SDCRAP
20191010024,Evaluating Request (NO registered letter),00565
20191010030,Service closure Request with BO responsibility,00849
20191010039,Pending Liquidation Request,BOC
20191010046,Authorization Requested,00045
20191010048,Pending Request for Reservation Closure,BOC
20191010053,Authorization Requested,00045
20191010054,Authorization Requested,00045
20191010056,Pending Liquidation Request,BOC
20191010059,Authorization Requested,00045
20191010079,Pending Liquidation Request,BOC
20191010088,Pending Request for Reservation Closure,BOC
20191010116,Pending Request for Reservation Closure,BOC
20191010121,Pending Request for Reservation Closure,BOC
20191010124,Pending Request for Reservation Closure,BOC
20191010126,Service closure Request with network responsibility,00752
20191010151,Pending Liquidation Request,BOC
20191010155,Pending Liquidation Request,BOC
20191010159,Service closure Request with BO responsibility,BOC
20191010179,Pending Liquidation Request,BOC
20191010185,Service closure Request with BO responsibility,00854
20191010206,Pending Liquidation Request,BOC
20191010208,Service closure Request with BO responsibility,00854
20191010213,Evaluating Request (NO registered letter),00341
20191010218,Pending Liquidation Request,BOC
20191010237,Request completed with account closure,SDCTCC
20191010241,Authorization Requested,00565
20191010250,Service closure Request with BO responsibility,00848
20191010271,Service closure Request with BO responsibility,00849
20191010273,Authorization Requested,00223
20191010278,Service closure Request with BO responsibility,00848
20191010279,Pending Liquidation Request,BOC
20191010281,Service closure Request with BO responsibility,00854
20191010286,Evaluating Request (NO registered letter),00040
20191010289,Service closure Request with BO responsibility,00854
20191010292,Pending Request for Reservation Closure,BOC
20191010296,Pending Liquidation Request,BOC
20191010299,Service closure Request with BO responsibility,00849
20191010305,Request completed with account closure,SDCRAP
20191010322,Service closure Request with BO responsibility,00842
20191010328,Pending Request for Reservation Closure,BOC
20191010329,Pending Request for Reservation Closure,BOC
20191010335,Pending Liquidation Request,BOC
20191010347,Request completed with account closure,SDCTCC
20191010350,Evaluating Request (NO registered letter),00040
20191010367,Pending Liquidation Request,BOC
20191010394,Pending Request for Reservation Closure,BOC
20191010408,Pending Liquidation Request,BOC
20191010411,Pending Liquidation Request,BOC
20191010414,Pending Liquidation Request,BOC
20191010418,Pending Liquidation Request,BOC
20191010421,Authorization Requested,00565
20191010430,Pending Liquidation Request,BOC
20191010433,Pending Request for Reservation Closure,BOC
20191010448,Pending Liquidation Request,SDCTCC
20191010483,Request completed with account closure,BOC
20191010484,Service closure Request with BO responsibility,00849
20191010497,Pending Liquidation Request,BOC
20191010506,Pending Request for Reservation Closure,BOC
20191010510,Pending Liquidation Request,BOC
20191010512,Pending Request for Reservation Closure,BOC
20191010514,Authorization Requested,00045
20191010516,Pending Liquidation Request,BOC
20191010529,Pending Liquidation Request,BOC
20191010532,Authorization Requested,00045
20191010543,Pending Liquidation Request,BOC
20191010555,Pending Request for Reservation Closure,BOC
20191010563,Service closure Request with BO responsibility,00842
20191010564,Pending Request for Reservation Closure,BOC
20191010565,Service closure Request with BO responsibility,00849
20191010567,Pending Liquidation Request,BOC
20191010580,Pending Request for Reservation Closure,BOC
20191010582,Pending Liquidation Request,BOC
20191010585,Pending Liquidation Request,BOC
20191010593,Pending Request for Reservation Closure,BOC
20191010600,Service closure Request with network responsibility,00708
20191010603,Pending Request for Reservation Closure,BOCSER
20191010606,Pending Request for Reservation Closure,BOC
20191010609,Pending Request for Reservation Closure,BOC
20191010610,Pending Request for Reservation Closure,BOC
20191010611,Pending Request for Reservation Closure,BOC
20191010613,Pending Liquidation Request,BOC
20191010619,Pending Liquidation Request,BOC
20191010620,Pending Request for Reservation Closure,BOC
20191010628,Pending Request for Reservation Closure,BOC
20191010631,Service closure Request with network responsibility,00594
20191010640,Pending Request for Reservation Closure,BOC
20191010647,Pending Liquidation Request,BOC
20191010699,Request completed with account closure,SDCRAP
20191010712,Request completed with account closure,SDCRAP
20191010724,Pending Request for Reservation Closure,BOC
20191010725,Pending Request for Reservation Closure,BOC
20191010733,Pending Liquidation Request,BOC
20191010745,Pending Request for Reservation Closure,BOC
20191010749,Pending Liquidation Request,BOC
20191010754,Pending Liquidation Request,BOC
20191010755,Pending Liquidation Request,BOC
20191010764,Service closure Request with network responsibility,00119
20191010782,Pending Liquidation Request,BOC
20191010795,Service closure Request with network responsibility,00119
20191010801,Pending Liquidation Request,BOC
20191010808,Pending Liquidation Request,BOC
20191010818,Pending Request for Reservation Closure,BOC
20191010820,Pending Liquidation Request,BOC
20191010821,Service closure Request with network responsibility,00119
20191010841,Service closure Request with BO responsibility,00842
20191010843,Pending Liquidation Request,BOC
20191010846,Pending Request for Reservation Closure,BOC
20191010862,Pending Liquidation Request,BOC
20191010875,Pending Request for Reservation Closure,BOC
20191010878,Service closure Request with network responsibility,00752
20191010879,Pending Request for Reservation Closure,BOC
20191010881,Service closure Request with network responsibility,00119
20191010888,Pending Liquidation Request,BOC
20191010896,Pending Liquidation Request,BOC
20191010902,Pending Liquidation Request,BOC
20191010904,Pending Liquidation Request,BOC
20191010911,Authorization Requested,00045
20191010920,Pending Liquidation Request,BOC
20191010932,Request completed with account closure,BOC
20191010936,Evaluating Request (NO registered letter),00045
20191010937,Service closure Request with network responsibility,00119
20191010950,Pending Liquidation Request,BOC
20191010976,Authorization Requested,00045
20191010981,Pending Request for Reservation Closure,BOC
20191010988,Pending Request for Reservation Closure,BOC
20191010991,Pending Request for Reservation Closure,BOC
20191010994,Service closure Request with network responsibility,00119
20191011006,Evaluating Request (NO registered letter),00491
20191011012,Pending Liquidation Request,BOC
20191011018,Pending Liquidation Request,BOC
20191011019,Pending Liquidation Request,BOC
20191011026,Pending Request for Reservation Closure,BOC
20191011033,Pending Request for Reservation Closure,BOC
20191011038,Pending Request for Reservation Closure,BOC
20191011044,Service closure Request with network responsibility,00071
20191011051,Pending Request for Reservation Closure,BOC
20191011054,Pending Liquidation Request,BOC
20191011057,Service closure Request with BO responsibility,00849
20191011062,Pending Request for Reservation Closure,BOC
20191011067,Pending Request for Reservation Closure,BOC
20191011069,Request completed with account closure,BOC
20191011070,Service closure Request with BO responsibility,BOCSER
20191011071,Service closure Request with BO responsibility,00849
20191011098,Pending Request for Reservation Closure,BOC
20191011113,Pending Liquidation Request,BOC
20191011125,Pending Liquidation Request,SDCRAP
20191011126,Pending Request for Reservation Closure,BOC
20191011127,Pending Request for Reservation Closure,BOCSER
20191011128,Pending Liquidation Request,BOC
20191011143,Pending Liquidation Request,BOC
20191011155,Pending Request for Reservation Closure,BOC
20191011157,Pending Liquidation Request,BOC
20191011158,Pending Request for Reservation Closure,BOC
20191011161,Pending Liquidation Request,BOC
20191011173,Service closure Request with network responsibility,00119
20191011176,Pending Liquidation Request,BOC
20191011177,Pending Request for Reservation Closure,BOC
20191011178,Pending Liquidation Request,BOC
20191011196,Pending Request for Reservation Closure,BOC
20191011207,Pending Liquidation Request,BOC
20191011209,Pending Request for Reservation Closure,BOCSER
20191011211,Pending Request for Reservation Closure,BOC
20191011221,Pending Liquidation Request,BOC
20191011225,Pending Liquidation Request,BOC
20191011232,Authorization Requested,00045
20191011258,Pending Liquidation Request,BOC
20191011264,Service closure Request with network responsibility,00119
20191011267,Pending Liquidation Request,BOC
20191011272,Pending Request for Reservation Closure,BOC
20191011273,Pending Liquidation Request,BOC
20191011277,Pending Liquidation Request,BOC
20191011291,Evaluating Request (NO registered letter),00624
20191011292,Pending Liquidation Request,BOC
20191011306,Pending Request for Reservation Closure,BOC
20191011315,Pending Liquidation Request,BOC
20191011319,Service closure Request with BO responsibility,00849
20191011321,Pending Liquidation Request,BOC
20191011322,Request completed with account closure,BOC
20191011325,Pending Liquidation Request,BOC
20191011353,Request completed with account closure,SDCRAP
20191011354,Request completed with account closure,SDCRAP
20191011355,Pending Request for Reservation Closure,BOCSER
20191011356,Request completed with account closure,SDCRAP
20191011357,Request completed with account closure,SDCRAP
20191011358,Request completed with account closure,SDCRAP
20191011359,Request completed with account closure,SDCRAP
20191011360,Request completed with account closure,SDCRAP
20191011361,Request completed with account closure,SDCRAP
20191011362,Request completed with account closure,SDCRAP
20191011363,Request completed with account closure,SDCRAP
20191011364,Request completed with account closure,SDCRAP
20191011365,Request completed with account closure,SDCRAP
20191011366,Request completed with account closure,SDCRAP
20191011367,Request completed with account closure,SDCRAP
20191011368,Request completed with account closure,SDCRAP
20191011369,Request completed with account closure,SDCRAP
20191011370,Pending Liquidation Request,BOCSER
20191011371,Request completed with account closure,SDCRAP
20191011372,Pending Liquidation Request,BOCSER
20191011373,Request completed with account closure,SDCRAP
20191011374,Request completed with account closure,SDCRAP
20191011375,Request completed with account closure,SDCRAP
20191011376,Request completed with account closure,SDCRAP
20191011377,Request completed with account closure,SDCRAP
20191011378,Request completed with account closure,SDCRAP
20191011379,Request completed with account closure,SDCRAP
20191011380,Request completed with account closure,SDCRAP
20191011381,Request completed with account closure,SDCRAP
20191011382,Request completed with account closure,SDCRAP
20191011383,Request completed with account closure,BOCSER
20191011384,Request completed with account closure,BOCSER
20191011385,Request completed with account closure,BOCSER
20191011386,Request completed with account closure,BOCSER
20191011387,Request completed with account closure,BOCSER
20191011388,Request completed with account closure,SDCRAP
20191011389,Request completed with account closure,SDCRAP
20191011390,Request completed with account closure,SDCRAP
20191011391,Request completed with account closure,SDCRAP
20191011392,Request completed with account closure,SDCRAP
20191011393,Request completed with account closure,SDCRAP
20191011399,Pending Liquidation Request,BOC
20191011404,Pending Liquidation Request,BOC
20191011406,Evaluating Request (NO registered letter),00275
20191011408,Service closure Request with network responsibility,00119
20191011412,Authorization Requested,BOC
20191011413,Pending Liquidation Request,BOC
20191011414,Pending Request for Reservation Closure,BOC
20191011417,Pending Request for Reservation Closure,BOC
20191011419,Pending Liquidation Request,BOC
20191011424,Pending Request for Reservation Closure,BOC
20191011429,Pending Liquidation Request,BOC
20191011434,Pending Liquidation Request,BOC
20191011438,Pending Request for Reservation Closure,BOC
20191011450,Evaluating Request (WITH registered letter),00045
20191011452,Pending Liquidation Request,BOC
20191011457,Pending Liquidation Request,BOC
20191011463,Service closure Request with BO responsibility,BOCSER
20191011470,Pending Liquidation Request,BOC
20191011492,Pending Liquidation Request,BOC
20191011493,Pending Liquidation Request,BOC
20191011494,Pending Request for Reservation Closure,BOC
20191011496,Pending Request for Reservation Closure,BOC
20191011498,Pending Liquidation Request,BOC
20191011512,Pending Liquidation Request,BOC
20191011514,Pending Request for Reservation Closure,BOC
20191011522,Pending Request for Reservation Closure,BOC
20191011539,Pending Liquidation Request,BOC
20191011549,Pending Request for Reservation Closure,BOC
20191011553,Pending Request for Reservation Closure,BOC
20191011556,Service closure Request with network responsibility,00119
20191011559,Pending Request for Reservation Closure,BOCCRF
20191011560,Pending Request for Reservation Closure,BOC
20191011565,Pending Liquidation Request,BOC
20191011566,Pending Request for Reservation Closure,BOC
20191011570,Authorization Requested,00045
20191011592,Service closure Request with BO responsibility,00850
20191011593,Pending Liquidation Request,BOC
20191011595,Pending Request for Reservation Closure,BOC
20191011600,Evaluating Request (WITH registered letter),SB95
20191011601,Request completed with account closure,BOCSER
20191011604,Service closure Request with network responsibility,00119
20191011607,Authorization Requested,00045
20191011616,Pending Liquidation Request,BOC
20191011617,Pending Request for Reservation Closure,BOC
20191011622,Pending Liquidation Request,BOC
20191011623,Service closure Request with BO responsibility,00848
20191011624,Pending Liquidation Request,BOC
20191011638,Pending Liquidation Request,BOC
20191011640,Request completed with account closure,SDCTCC
20191011645,Service closure Request with network responsibility,00119
20191011652,Pending Liquidation Request,BOC
20191011653,Authorization Requested,00119
20191011656,Service closure Request with BO responsibility,00850
20191011665,Service closure Request with network responsibility,00119
20191011677,Authorization Requested,00045
20191011680,Pending Request for Reservation Closure,BOCCRF
20191011684,Pending Liquidation Request,BOC
20191011688,Authorization Requested,00045
20191011695,Pending Liquidation Request,BOC
20191011702,Pending Request for Reservation Closure,BOC
20191011711,Evaluating Request (NO registered letter),00275
20191011715,Pending Request for Reservation Closure,BOC
20191011717,Pending Request for Reservation Closure,BOC
20191011718,Service closure Request with network responsibility,00119
20191011725,Pending Request for Reservation Closure,BOC
20191011735,Evaluating Request (WITH registered letter),00045
20191011739,Service closure Request with network responsibility,00119
20191011741,Pending Liquidation Request,BOC
20191011743,Pending Request for Reservation Closure,BOC
20191011745,Pending Liquidation Request,BOC
20191011749,Service closure Request with network responsibility,00119
20191011775,Pending Liquidation Request,BOC
20191011778,Pending Liquidation Request,BOC
20191011779,Pending Request for Reservation Closure,BOC
20191011789,Pending Liquidation Request,BOC
20191011790,Authorization Requested,00045
20191011798,Pending Request for Reservation Closure,BOC
20191011800,Pending Liquidation Request,BOC
20191011802,Pending Liquidation Request,BOC
20191011809,Pending Request for Reservation Closure,BOC
20191011828,Authorization Requested,00045
20191011830,Pending Request for Reservation Closure,BOC
20191011835,Pending Request for Reservation Closure,BOC
20191011838,Service closure Request with network responsibility,00119
20191011840,Pending Request for Reservation Closure,BOC
20191011843,Service closure Request with network responsibility,00119
20191011846,Request completed with account closure,BOC
20191011851,Evaluating Request (NO registered letter),00275
20191011855,Pending Liquidation Request,BOC
20191011856,Authorization Requested,00119
20191011858,Pending Liquidation Request,BOC
20191011862,Service closure Request with BO responsibility,00849
20191011863,Pending Request for Reservation Closure,BOC
20191011864,Authorization Requested,00045
20191011866,Evaluating Request (NO registered letter),00045
20191011868,Pending Request for Reservation Closure,BOC
20191011869,Service closure Request with BO responsibility,00849
20191011870,Evaluating Request (WITH registered letter),00119
20191011873,Pending Request for Reservation Closure,BOC
20191011878,Pending Request for Reservation Closure,BOC
20191011881,Service closure Request with network responsibility,00119
20191011885,Pending Request for Reservation Closure,BOC
20191011889,Service closure Request with BO responsibility,00835
20191011890,Authorization Requested,00119
20191011892,Service closure Request with BO responsibility,00842
20191011901,Pending Request for Reservation Closure,BOC
20191011909,Pending Request for Reservation Closure,BOC
20191011918,Pending Liquidation Request,BOC
20191011922,Pending Liquidation Request,BOC
20191011926,Evaluating Request (WITH registered letter),00401
20191011931,Pending Liquidation Request,BOCSER
20191011939,Pending Liquidation Request,BOC
20191011943,Evaluating Request (NO registered letter),00076
20191011944,Pending Request for Reservation Closure,BOC
20191011948,Pending Request for Reservation Closure,BOC
20191011951,Pending Liquidation Request,BOC
20191011963,Pending Liquidation Request,BOC
20191011964,Pending Liquidation Request,BOC
20191011968,Pending Liquidation Request,BOC
20191011976,Authorization Requested,00119
20191011977,Pending Liquidation Request,BOC
20191011982,Pending Request for Reservation Closure,BOC
20191011983,Pending Liquidation Request,BOC
20191011984,Authorization Requested,00119
20191011987,Authorization Requested,00119
20191011989,Pending Liquidation Request,BOC
20191011995,Request completed with account closure,BOCSER
20191011996,Request completed with account closure,BOCSER
20191011997,Request completed with account closure,BOCSER
20191011998,Request completed with account closure,BOCSER
20191011999,Request completed with account closure,BOCSER
20191012000,Request completed with account closure,BOCSER
20191012001,Request completed with account closure,BOCSER
20191012002,Request completed with account closure,SDCRAP
20191012006,Authorization Requested,BOC
20191012013,Pending Liquidation Request,BOC
20191012017,Request completed with account closure,BOC
20191012018,Pending Liquidation Request,BOC
20191012025,Pending Liquidation Request,BOC
20191012027,Pending Liquidation Request,BOC
20191012030,Service closure Request with network responsibility,00119
20191012033,Pending Liquidation Request,BOC
20191012037,Pending Request for Reservation Closure,BOC
20191012040,Pending Liquidation Request,BOC
20191012049,Pending Liquidation Request,BOC
20191012055,Authorization Requested,00045
20191012056,Pending Liquidation Request,BOC
20191012063,Pending Request for Reservation Closure,BOC
20191012066,Pending Liquidation Request,BOC
20191012071,Pending Liquidation Request,BOC
20191012072,Pending Liquidation Request,BOC
20191012073,Authorization Requested,00045
20191012077,Pending Request for Reservation Closure,BOC
20191012084,Service closure Request with network responsibility,00119
20191012093,Pending Liquidation Request,BOC
20191012095,Pending Request for Reservation Closure,BOC
20191012096,Pending Request for Reservation Closure,BOC
20191012100,Pending Liquidation Request,BOC
20191012107,Pending Liquidation Request,BOC
20191012113,Pending Liquidation Request,BOC
20191012116,Pending Liquidation Request,BOC
20191012117,Pending Liquidation Request,BOC
20191012119,Pending Liquidation Request,BOC
20191012121,Service closure Request with network responsibility,00119
20191012125,Pending Request for Reservation Closure,BOC
20191012126,Pending Request for Reservation Closure,BOC
20191012128,Pending Liquidation Request,BOC
20191012131,Authorization Requested,00045
20191012132,Service closure Request with network responsibility,00119
20191012135,Pending Request for Reservation Closure,BOC
20191012136,Pending Liquidation Request,BOC
20191012141,Pending Request for Reservation Closure,BOC
20191012142,Service closure Request with network responsibility,00119
20191012148,Pending Liquidation Request,BOC
20191012152,Pending Liquidation Request,BOC
20191012154,Pending Liquidation Request,BOC
20191012157,Pending Request for Reservation Closure,BOC
20191012166,Service closure Request with network responsibility,00119
20191012168,Authorization Requested,00119
20191012175,Service closure Request with network responsibility,00119
20191012180,Pending Request for Reservation Closure,BOC
20191012182,Request completed with account closure,BOC
20191012184,Authorization Requested,00119
20191012185,Service closure Request with network responsibility,00119
20191012193,Pending Liquidation Request,BOC
20191012195,Pending Request for Reservation Closure,BOC
20191012203,Pending Request for Reservation Closure,BOC
20191012210,Pending Liquidation Request,BOC
20191012216,Pending Request for Reservation Closure,BOC
20191012218,Pending Request for Reservation Closure,BOC
20191012221,Pending Liquidation Request,BOC
20191012225,Service closure Request with network responsibility,00119
20191012226,Pending Liquidation Request,BOC
20191012235,Service closure Request with BO responsibility,00849
20191012251,Service closure Request with network responsibility,00752
20191012255,Authorization Requested,00045
20191012261,Authorization Requested,SB32
20191012263,Authorization Requested,00045
20191012273,Service closure Request with BO responsibility,00848
20191012276,Service closure Request with network responsibility,00752
20191012283,Service closure Request with network responsibility,00752
20191012285,Pending Liquidation Request,BOC
20191012293,Pending Request for Reservation Closure,BOC
20191012294,Pending Liquidation Request,BOC
20191012302,Pending Request for Reservation Closure,BOC
20191012303,Pending Liquidation Request,BOC
20191012305,Pending Request for Reservation Closure,BOC
20191012307,Service closure Request with network responsibility,00119
20191012313,Pending Liquidation Request,BOC
20191012315,Pending Request for Reservation Closure,BOC
20191012317,Pending Request for Reservation Closure,BOC
20191012318,Service closure Request with BO responsibility,00854
20191012326,Pending Liquidation Request,BOC
20191012336,Pending Liquidation Request,BOC
20191012338,Pending Request for Reservation Closure,BOC
20191012341,Service closure Request with network responsibility,00119
20191012349,Pending Request for Reservation Closure,BOC
20191012350,Pending Request for Reservation Closure,BOC
20191012354,Service closure Request with network responsibility,00752
20191012357,Pending Liquidation Request,BOC
20191012359,Pending Request for Reservation Closure,BOC
20191012361,Pending Request for Reservation Closure,BOC
20191012370,Pending Liquidation Request,BOC
20191012372,Pending Request for Reservation Closure,BOC
20191012378,Pending Request for Reservation Closure,BOC
20191012379,Pending Request for Reservation Closure,BOC
20191012381,Authorization Requested,00045
20191012385,Pending Request for Reservation Closure,BOCCRF
20191012386,Pending Liquidation Request,BOC
20191012396,Service closure Request with network responsibility,00119
20191012400,Pending Liquidation Request,BOC
20191012406,Service closure Request with network responsibility,00752
20191012408,Pending Liquidation Request,BOC
20191012419,Pending Liquidation Request,BOC
20191012425,Service closure Request with network responsibility,00752
20191012427,Pending Request for Reservation Closure,BOC
20191012428,Pending Request for Reservation Closure,BOC
20191012434,Pending Liquidation Request,BOC
20191012453,Service closure Request with network responsibility,00119
20191012456,Pending Liquidation Request,BOC
20191012464,Pending Liquidation Request,BOC
20191012468,Pending Liquidation Request,BOC
20191012473,Pending Request for Reservation Closure,BOC
20191012474,Pending Request for Reservation Closure,BOC
20191012475,Pending Liquidation Request,BOC
20191012476,Service closure Request with network responsibility,00752
20191012477,Pending Request for Reservation Closure,BOC
20191012479,Pending Request for Reservation Closure,BOC
20191012482,Pending Request for Reservation Closure,BOC
20191012485,Pending Request for Reservation Closure,BOC
20191012486,Pending Liquidation Request,BOC
20191012487,Authorization Requested,00119
20191012490,Pending Liquidation Request,BOC
20191012498,Pending Liquidation Request,BOC
20191012510,Pending Liquidation Request,BOC
20191012511,Pending Liquidation Request,BOC
20191012521,Pending Liquidation Request,BOC
20191012522,Pending Liquidation Request,BOC
20191012525,Request completed with account closure,SDCRAP
20191012526,Request completed with account closure,SDCRAP
20191012527,Request completed with account closure,SDCRAP
20191012528,Request completed with account closure,SDCRAP
20191012529,Request completed with account closure,SDCRAP
20191012530,Request completed with account closure,SDCRAP
20191012531,Request completed with account closure,SDCRAP
20191012532,Request completed with account closure,SDCRAP
20191012533,Request completed with account closure,SDCRAP
20191012534,Request completed with account closure,SDCRAP
20191012535,Request completed with account closure,SDCRAP
20191012536,Request completed with account closure,SDCRAP
20191012537,Request completed with account closure,SDCRAP
20191012538,Request completed with account closure,SDCRAP
20191012539,Request completed with account closure,SDCRAP
20191012540,Pending Request for Reservation Closure,BOC
20191012542,Request completed with account closure,BOC
20191012547,Pending Request for Reservation Closure,BOC
20191012548,Evaluating Request (NO registered letter),00119
20191012555,Service closure Request with BO responsibility,BOC
20191012560,Pending Liquidation Request,BOC
20191012569,Service closure Request with network responsibility,00015
20191012571,Pending Liquidation Request,BOC
20191012573,Pending Liquidation Request,BOC
20191012574,Pending Liquidation Request,BOC
20191012580,Pending Liquidation Request,BOC
20191012581,Pending Request for Reservation Closure,BOC
20191012585,Pending Request for Reservation Closure,BOC
20191012587,Pending Liquidation Request,BOC
20191012590,Pending Liquidation Request,BOC
20191012591,Service closure Request with BO responsibility,BOCSER
20191012595,Pending Request for Reservation Closure,SDCRAP
20191012599,Pending Request for Reservation Closure,BOC
20191012600,Pending Liquidation Request,BOC
20191012602,Service closure Request with network responsibility,00119
20191012604,Pending Liquidation Request,BOC
20191012606,Pending Liquidation Request,BOC
20191012607,Pending Request for Reservation Closure,BOC
20191012608,Pending Liquidation Request,BOC
20191012610,Pending Liquidation Request,BOC
20191012611,Pending Liquidation Request,BOC
20191012613,Pending Liquidation Request,BOC
20191012618,Pending Liquidation Request,BOC
20191012622,Pending Liquidation Request,BOC
20191012623,Evaluating Request (NO registered letter),00491
20191012629,Pending Liquidation Request,BOC
20191012631,Service closure Request with BO responsibility,00854
20191012636,Pending Liquidation Request,BOC
20191012638,Pending Request for Reservation Closure,SDCRAP
20191012640,Pending Liquidation Request,BOC
20191012647,Evaluating Request (NO registered letter),00918
20191012648,Pending Liquidation Request,BOC
20191012649,Pending Liquidation Request,BOC
20191012651,Authorization Requested,00733
20191012656,Pending Liquidation Request,BOC
20191012657,Pending Liquidation Request,BOC
20191012661,Pending Liquidation Request,BOC
20191012663,Pending Request for Reservation Closure,SDCRAP
20191012664,Pending Liquidation Request,BOC
20191012668,Pending Liquidation Request,BOC
20191012669,Pending Request for Reservation Closure,BOC
20191012671,Pending Liquidation Request,BOC
20191012673,Service closure Request with BO responsibility,00848
20191012675,Pending Liquidation Request,BOC
20191012677,Service closure Request with BO responsibility,BOC
20191012683,Pending Liquidation Request,BOC
20191012685,Pending Liquidation Request,BOC
20191012687,Pending Liquidation Request,BOC
20191012692,Pending Liquidation Request,BOC
20191012698,Pending Request for Reservation Closure,BOC
20191012700,Pending Liquidation Request,BOC
20191012708,Pending Request for Reservation Closure,BOC
20191012711,Pending Request for Reservation Closure,BOC
20191012714,Pending Liquidation Request,BOC
20191012720,Service closure Request with BO responsibility,00854
20191012723,Pending Liquidation Request,BOC
20191012726,Pending Liquidation Request,BOC
20191012730,Service closure Request with BO responsibility,00854
20191012732,Pending Request for Reservation Closure,BOC
20191012733,Pending Liquidation Request,BOC
20191012737,Pending Request for Reservation Closure,BOC
20191012739,Pending Liquidation Request,BOC
20191012746,Pending Liquidation Request,BOC
20191012747,Pending Request for Reservation Closure,BOC
20191012748,Pending Liquidation Request,BOC
20191012749,Pending Liquidation Request,BOC
20191012751,Pending Liquidation Request,BOC
20191012752,Pending Request for Reservation Closure,BOC
20191012753,Service closure Request with BO responsibility,00849
20191012754,Pending Liquidation Request,BOC
20191012755,Pending Request for Reservation Closure,SDCRAP
20191012758,Pending Request for Reservation Closure,BOC
20191012759,Authorization Requested,00045
20191012761,Pending Request for Reservation Closure,BOC
20191012766,Pending Request for Reservation Closure,BOC
20191012767,Pending Liquidation Request,BOC
20191012771,Service closure Request with BO responsibility,00849
20191012772,Evaluating Request (NO registered letter),00624
20191012776,Evaluating Request (NO registered letter),00119
20191012779,Evaluating Request (NO registered letter),00733
20191012780,Pending Liquidation Request,BOC
20191012781,Pending Request for Reservation Closure,BOC
20191012782,Pending Liquidation Request,BOC
20191012786,Pending Liquidation Request,BOC
20191012787,Pending Liquidation Request,BOC
20191012788,Pending Liquidation Request,BOC
20191012790,Pending Request for Reservation Closure,BOC
20191012793,Pending Liquidation Request,BOC
20191012795,Pending Liquidation Request,BOC
20191012796,Pending Liquidation Request,BOC
20191012798,Service closure Request with BO responsibility,00854
20191012799,Pending Liquidation Request,BOC
20191012800,Service closure Request with BO responsibility,00835
20191012801,Pending Liquidation Request,BOC
20191012802,Pending Liquidation Request,BOC
20191012807,Pending Liquidation Request,BOC
20191012810,Pending Liquidation Request,BOC
20191012812,Pending Liquidation Request,BOC
20191012816,Pending Liquidation Request,BOC
20191012817,Pending Liquidation Request,BOC
20191012819,Pending Liquidation Request,BOC
20191012821,Pending Request for Reservation Closure,BOC
20191012822,Pending Liquidation Request,BOC
20191012834,Pending Liquidation Request,BOC
20191012839,Authorization Requested,00045
20191012845,Authorization Requested,00733
20191012849,Pending Liquidation Request,BOC
20191012851,Pending Liquidation Request,BOC
20191012853,Pending Liquidation Request,BOC
20191012857,Pending Liquidation Request,BOC
20191012861,Authorization Requested,00045
20191012864,Pending Liquidation Request,BOC
20191012866,Pending Liquidation Request,BOC
20191012871,Service closure Request with BO responsibility,00854
20191012873,Pending Liquidation Request,BOC
20191012877,Pending Liquidation Request,BOC
20191012881,Pending Liquidation Request,BOC
20191012882,Pending Request for Reservation Closure,BOC
20191012883,Evaluating Request (WITH registered letter),00341
20191012893,Pending Liquidation Request,BOC
20191012894,Pending Liquidation Request,BOC
20191012896,Pending Liquidation Request,BOC
20191012906,Pending Liquidation Request,BOC
20191012907,Evaluating Request (NO registered letter),00733
20191012910,Pending Liquidation Request,BOC
20191012915,Pending Liquidation Request,BOC
20191012918,Pending Liquidation Request,BOC
20191012919,Pending Request for Reservation Closure,BOC
20191012922,Pending Liquidation Request,BOC
20191012923,Pending Liquidation Request,BOC
20191012927,Pending Request for Reservation Closure,BOC
20191012935,Pending Liquidation Request,BOC
20191012941,Service closure Request with BO responsibility,00842
20191012942,Pending Request for Reservation Closure,BOC
20191012945,Pending Liquidation Request,BOC
20191012946,Pending Liquidation Request,BOC
20191012957,Pending Request for Reservation Closure,BOC
20191012959,Service closure Request with network responsibility,00341
20191012960,Service closure Request with BO responsibility,00854
20191012964,Pending Liquidation Request,BOC
20191012966,Pending Liquidation Request,BOC
20191012967,Pending Request for Reservation Closure,BOCSER
20191012970,Pending Liquidation Request,BOC
20191012971,Pending Liquidation Request,BOC
20191012972,Request completed with account closure,BOC
20191012973,Evaluating Request (NO registered letter),00624
20191012975,Service closure Request with BO responsibility,00854
20191012979,Pending Liquidation Request,BOC
20191012980,Pending Liquidation Request,BOC
20191012981,Pending Request for Reservation Closure,BOC
20191012986,Pending Liquidation Request,BOC
20191012987,Pending Request for Reservation Closure,BOC
20191012988,Pending Request for Reservation Closure,BOC
20191012991,Pending Liquidation Request,BOC
20191012993,Pending Request for Reservation Closure,BOC
20191012996,Pending Liquidation Request,BOC
20191012998,Pending Liquidation Request,BOC
20191013003,Evaluating Request (NO registered letter),00491
20191013005,Pending Liquidation Request,BOC
20191013012,Pending Liquidation Request,BOC
20191013016,Pending Liquidation Request,BOC
20191013018,Pending Liquidation Request,BOC
20191013020,Pending Request for Reservation Closure,BOC
20191013023,Pending Liquidation Request,BOC
20191013025,Pending Liquidation Request,BOC
20191013027,Pending Liquidation Request,BOC
20191013029,Authorization Requested,00045
20191013030,Pending Liquidation Request,BOC
20191013038,Pending Request for Reservation Closure,BOC
20191013040,Pending Liquidation Request,BOC
20191013043,Pending Liquidation Request,BOC
20191013047,Pending Liquidation Request,BOC
20191013048,Pending Request for Reservation Closure,BOC
20191013049,Pending Liquidation Request,BOC
20191013053,Pending Liquidation Request,BOC
20191013055,Authorization Requested,00119
20191013056,Pending Liquidation Request,BOC
20191013057,Pending Liquidation Request,BOC
20191013061,Pending Liquidation Request,BOC
20191013063,Pending Liquidation Request,BOC
20191013065,Evaluating Request (NO registered letter),00733
20191013067,Pending Liquidation Request,BOC
20191013071,Evaluating Request (NO registered letter),00733
20191013073,Pending Liquidation Request,BOC
20191013074,Pending Request for Reservation Closure,BOC
20191013075,Pending Request for Reservation Closure,BOC
20191013076,Pending Request for Reservation Closure,BOC
20191013077,Pending Request for Reservation Closure,BOC
20191013079,Pending Liquidation Request,BOC
20191013087,Pending Liquidation Request,BOC
20191013088,Pending Request for Reservation Closure,BOC
20191013089,Pending Request for Reservation Closure,BOC
20191013091,Pending Liquidation Request,BOC
20191013096,Pending Liquidation Request,BOC
20191013102,Evaluating Request (NO registered letter),00733
20191013106,Pending Request for Reservation Closure,BOC
20191013108,Evaluating Request (NO registered letter),00491
20191013109,Service closure Request with BO responsibility,00854
20191013111,Pending Request for Reservation Closure,BOC
20191013112,Pending Liquidation Request,BOC
20191013115,Pending Liquidation Request,BOC
20191013117,Service closure Request with BO responsibility,00835
20191013118,Pending Liquidation Request,BOCCRF
20191013119,Pending Liquidation Request,BOC
20191013122,Evaluating Request (NO registered letter),00733
20191013124,Pending Liquidation Request,BOC
20191013125,Pending Liquidation Request,BOC
20191013127,Pending Liquidation Request,BOCSER
20191013129,Service closure Request with BO responsibility,00848
20191013130,Pending Liquidation Request,BOC
20191013132,Pending Liquidation Request,BOC
20191013133,Service closure Request with BO responsibility,00854
20191013137,Pending Liquidation Request,BOC
20191013146,Pending Liquidation Request,BOC
20191013148,Pending Liquidation Request,BOC
20191013150,Pending Liquidation Request,BOC
20191013153,Pending Liquidation Request,BOC
20191013165,Request completed with account closure,BOC
20191013169,Evaluating Request (NO registered letter),00918
20191013172,Request completed with account closure,BOC
20191013174,Pending Liquidation Request,BOC
20191013176,Pending Liquidation Request,BOC
20191013178,Pending Liquidation Request,BOC
20191013179,Pending Liquidation Request,BOC
20191013180,Pending Liquidation Request,BOC
20191013183,Pending Liquidation Request,BOC
20191013185,Pending Request for Reservation Closure,BOC
20191013186,Pending Liquidation Request,BOC
20191013187,Pending Liquidation Request,SDCRAP
20191013188,Pending Liquidation Request,SDCRAP
20191013189,Pending Liquidation Request,SDCRAP
20191013190,Pending Liquidation Request,SDCRAP
20191013191,Pending Liquidation Request,SDCRAP
20191013192,Pending Liquidation Request,SDCRAP
20191013193,Pending Liquidation Request,SDCRAP
20191013194,Pending Liquidation Request,SDCRAP
20191013195,Pending Liquidation Request,SDCRAP
20191013196,Pending Liquidation Request,SDCRAP
20191013197,Pending Liquidation Request,SDCRAP
20191013198,Pending Liquidation Request,SDCRAP
20191013199,Pending Liquidation Request,SDCRAP
20191013200,Pending Liquidation Request,SDCRAP
20191013201,Pending Liquidation Request,SDCRAP
20191013202,Pending Liquidation Request,SDCRAP
20191013203,Pending Liquidation Request,SDCRAP
20191013204,Pending Liquidation Request,SDCRAP
20191013205,Pending Liquidation Request,BOC
20191013206,Pending Liquidation Request,BOC
20191013210,Pending Liquidation Request,BOC
20191013212,Pending Request for Reservation Closure,BOC
20191013214,Service closure Request with network responsibility,00040
20191013215,Pending Liquidation Request,BOC
20191013223,Service closure Request with network responsibility,00752
20191013224,Pending Liquidation Request,BOC
20191013225,Evaluating Request (NO registered letter),00594
20191013226,Pending Request for Reservation Closure,BOC
20191013229,Pending Liquidation Request,BOC
20191013230,Pending Request for Reservation Closure,BOC
20191013231,Pending Request for Reservation Closure,BOC
20191013233,Pending Liquidation Request,BOC
20191013234,Pending Liquidation Request,BOC
20191013237,Pending Request for Reservation Closure,BOCSER
20191013240,Request completed with account closure,BOC
20191013244,Service closure Request with network responsibility,00752
20191013245,Pending Liquidation Request,BOC
20191013246,Service closure Request with network responsibility,00119
20191013251,Pending Liquidation Request,BOC
20191013252,Pending Request for Reservation Closure,BOC
20191013253,Service closure Request with BO responsibility,00842
20191013256,Request completed with account closure,BOC
20191013259,Authorization Requested,00045
20191013260,Service closure Request with BO responsibility,00842
20191013261,Service closure Request with BO responsibility,00842
20191013263,Pending Liquidation Request,BOC
20191013269,Service closure Request with BO responsibility,00849
20191013275,Pending Request for Reservation Closure,BOC
20191013277,Pending Liquidation Request,BOC
20191013282,Pending Liquidation Request,BOC
20191013283,Pending Liquidation Request,BOC
20191013292,Service closure Request with BO responsibility,00849
20191013294,Pending Liquidation Request,BOC
20191013295,Pending Liquidation Request,BOC
20191013303,Pending Liquidation Request,BOC
20191013306,Pending Liquidation Request,BOC
20191013308,Pending Liquidation Request,BOC
20191013309,Pending Request for Reservation Closure,BOC
20191013310,Pending Liquidation Request,BOC
20191013312,Pending Liquidation Request,BOC
20191013314,Pending Liquidation Request,BOC
20191013316,Service closure Request with BO responsibility,00850
20191013321,Pending Request for Reservation Closure,BOC
20191013322,Pending Liquidation Request,BOC
20191013324,Pending Liquidation Request,BOC
20191013326,Service closure Request with BO responsibility,00842
20191013327,Service closure Request with network responsibility,00004
20191013329,Pending Liquidation Request,BOC
20191013331,Pending Liquidation Request,BOC
20191013337,Service closure Request with network responsibility,00119
20191013340,Pending Liquidation Request,BOC
20191013342,Evaluating Request (NO registered letter),00401
20191013344,Pending Liquidation Request,BOC
20191013345,Pending Liquidation Request,BOC
20191013348,Pending Liquidation Request,BOC
20191013349,Service closure Request with network responsibility,00341
20191013350,Evaluating Request (NO registered letter),00147
20191013351,Pending Liquidation Request,BOC
20191013354,Pending Liquidation Request,BOC
20191013356,Pending Liquidation Request,BOC
20191013358,Service closure Request with BO responsibility,00842
20191013359,Pending Liquidation Request,BOC
20191013361,Pending Liquidation Request,BOC
20191013367,Pending Request for Reservation Closure,BOC
20191013369,Pending Liquidation Request,BOC
20191013375,Pending Request for Reservation Closure,BOC
20191013378,Pending Liquidation Request,BOC
20191013381,Evaluating Request (NO registered letter),00040
20191013382,Pending Liquidation Request,BOC
20191013387,Service closure Request with BO responsibility,BOC
20191013388,Evaluating Request (WITH registered letter),00045
20191013389,Pending Liquidation Request,BOC
20191013390,Pending Liquidation Request,BOC
20191013391,Service closure Request with BO responsibility,00842
20191013392,Pending Liquidation Request,BOC
20191013393,Pending Request for Reservation Closure,SDCRAP
20191013394,Pending Liquidation Request,BOC
20191013396,Authorization Requested,00045
20191013398,Pending Liquidation Request,BOC
20191013400,Authorization Requested,00045
20191013402,Pending Liquidation Request,BOC
20191013404,Service closure Request with BO responsibility,00849
20191013406,Pending Liquidation Request,BOC
20191013407,Pending Liquidation Request,BOC
20191013412,Pending Liquidation Request,BOC
20191013413,Pending Liquidation Request,BOC
20191013414,Service closure Request with network responsibility,00752
20191013416,Request completed with account closure,BOC
20191013419,Pending Request for Reservation Closure,BOCCRF
20191013423,Authorization Requested,00045
20191013424,Service closure Request with BO responsibility,00854
20191013428,Pending Liquidation Request,BOC
20191013433,Service closure Request with BO responsibility,00842
20191013439,Pending Liquidation Request,BOC
20191013441,Pending Liquidation Request,BOC
20191013442,Pending Liquidation Request,BOC
20191013446,Pending Liquidation Request,BOC
20191013448,Pending Liquidation Request,BOC
20191013449,Pending Liquidation Request,BOC
20191013450,Pending Request for Reservation Closure,BOC
20191013452,Pending Request for Reservation Closure,BOC
20191013453,Pending Liquidation Request,BOC
20191013457,Pending Liquidation Request,BOC
20191013460,Pending Liquidation Request,BOC
20191013461,Pending Request for Reservation Closure,BOC
20191013463,Pending Request for Reservation Closure,BOC
20191013464,Pending Request for Reservation Closure,BOC
20191013469,Pending Liquidation Request,BOC
20191013472,Service closure Request with BO responsibility,00842
20191013476,Pending Liquidation Request,BOC
20191013477,Pending Liquidation Request,BOC
20191013479,Pending Liquidation Request,BOC
20191013493,Service closure Request with BO responsibility,00842
20191013500,Pending Liquidation Request,BOC
20191013501,Service closure Request with network responsibility,00119
20191013502,Pending Liquidation Request,BOC
20191013503,Pending Liquidation Request,BOC
20191013504,Pending Liquidation Request,BOC
20191013505,Service closure Request with BO responsibility,00842
20191013507,Evaluating Request (WITH registered letter),00842
20191013509,Pending Liquidation Request,BOC
20191013511,Pending Liquidation Request,BOC
20191013515,Pending Liquidation Request,BOC
20191013520,Pending Liquidation Request,BOC
20191013524,Pending Liquidation Request,BOC
20191013525,Evaluating Request (NO registered letter),00040
20191013526,Evaluating Request (WITH registered letter),00594
20191013530,Pending Request for Reservation Closure,BOC
20191013532,Request completed with account closure,BOC
20191013534,Pending Liquidation Request,BOC
20191013535,Pending Liquidation Request,BOC
20191013541,Service closure Request with BO responsibility,00842
20191013542,Pending Liquidation Request,BOC
20191013544,Pending Liquidation Request,BOC
20191013545,Service closure Request with BO responsibility,00842
20191013546,Authorization Requested,00045
20191013550,Pending Liquidation Request,BOC
20191013551,Pending Liquidation Request,BOC
20191013554,Request completed with account closure,BOC
20191013557,Pending Liquidation Request,BOC
20191013560,Pending Liquidation Request,BOC
20191013562,Pending Liquidation Request,BOC
20191013563,Request completed with account closure,BOC
20191013566,Pending Liquidation Request,BOC
20191013568,Pending Liquidation Request,BOC
20191013570,Request completed with account closure,BOC
20191013576,Pending Liquidation Request,BOC
20191013577,Service closure Request with BO responsibility,00842
20191013582,Pending Request for Reservation Closure,BOC
20191013583,Pending Request for Reservation Closure,BOC
20191013585,Pending Liquidation Request,BOC
20191013586,Service closure Request with BO responsibility,00842
20191013587,Pending Liquidation Request,BOC
20191013598,Pending Request for Reservation Closure,BOC
20191013599,Request completed with account closure,BOC
20191013601,Pending Liquidation Request,BOC
20191013602,Pending Liquidation Request,BOC
20191013604,Pending Liquidation Request,BOC
20191013605,Pending Liquidation Request,BOC
20191013606,Service closure Request with BO responsibility,00854
20191013611,Service closure Request with BO responsibility,00842
20191013612,Authorization Requested,00045
20191013613,Pending Request for Reservation Closure,BOC
20191013614,Pending Liquidation Request,BOC
20191013618,Pending Request for Reservation Closure,BOC
20191013621,Authorization Requested,00045
20191013625,Service closure Request with BO responsibility,00854
20191013626,Pending Request for Reservation Closure,BOC
20191013636,Pending Liquidation Request,BOC
20191013638,Evaluating Request (NO registered letter),00718
20191013640,Request completed with account closure,BOC
20191013641,Pending Liquidation Request,BOC
20191013642,Pending Request for Reservation Closure,BOC
20191013645,Pending Liquidation Request,BOC
20191013646,Service closure Request with BO responsibility,00842
20191013648,Service closure Request with BO responsibility,BOC
20191013649,Service closure Request with network responsibility,00752
20191013653,Pending Request for Reservation Closure,BOCCRF
20191013655,Service closure Request with BO responsibility,00842
20191013657,Pending Liquidation Request,BOC
20191013660,Pending Liquidation Request,BOC
20191013662,Authorization Requested,00045
20191013663,Service closure Request with network responsibility,00004
20191013667,Pending Liquidation Request,BOC
20191013669,Pending Liquidation Request,BOC
20191013673,Pending Request for Reservation Closure,BOC
20191013674,Pending Liquidation Request,BOC
20191013677,Pending Liquidation Request,BOC
20191013679,Evaluating Request (NO registered letter),00040
20191013681,Service closure Request with network responsibility,00119
20191013682,Pending Request for Reservation Closure,BOC
20191013683,Pending Request for Reservation Closure,BOC
20191013685,Pending Request for Reservation Closure,BOC
20191013688,Pending Liquidation Request,SDCTCC
20191013689,Pending Liquidation Request,BOC
20191013693,Pending Request for Reservation Closure,BOC
20191013695,Pending Liquidation Request,BOC
20191013696,Pending Request for Reservation Closure,BOC
20191013699,Pending Liquidation Request,BOCCRF
20191013700,Authorization Requested,00045
20191013703,Pending Liquidation Request,BOCCRF
20191013707,Pending Request for Reservation Closure,SDCRAP
20191013709,Authorization Requested,00045
20191013710,Pending Liquidation Request,BOC
20191013714,Authorization Requested,00045
20191013718,Service closure Request with BO responsibility,00854
20191013719,Pending Liquidation Request,BOCCRF
20191013721,Service closure Request with BO responsibility,00842
20191013723,Pending Liquidation Request,BOC
20191013724,Service closure Request with network responsibility,00752
20191013726,Pending Liquidation Request,BOCSER
20191013728,Evaluating Request (NO registered letter),00269
20191013730,Pending Liquidation Request,BOC
20191013732,Pending Liquidation Request,BOC
20191013733,Pending Liquidation Request,BOC
20191013737,Pending Liquidation Request,BOCCRF
20191013738,Pending Liquidation Request,BOC
20191013741,Pending Liquidation Request,BOCCRF
20191013743,Pending Liquidation Request,BOC
20191013744,Pending Request for Reservation Closure,BOC
20191013748,Pending Liquidation Request,BOCCRF
20191013750,Pending Liquidation Request,BOC
20191013751,Pending Request for Reservation Closure,BOC
20191013755,Authorization Requested,00045
20191013756,Pending Liquidation Request,BOC
20191013757,Authorization Requested,00045
20191013759,Evaluating Request (NO registered letter),00040
20191013760,Pending Request for Reservation Closure,BOC
20191013761,Service closure Request with BO responsibility,00848
20191013762,Pending Liquidation Request,BOCCRF
20191013763,Pending Request for Reservation Closure,BOC
20191013767,Evaluating Request (NO registered letter),00594
20191013768,Authorization Requested,00045
20191013769,Pending Request for Reservation Closure,BOC
20191013770,Pending Liquidation Request,BOC
20191013771,Pending Liquidation Request,BOC
20191013776,Pending Liquidation Request,BOC
20191013777,Pending Liquidation Request,BOC
20191013779,Service closure Request with BO responsibility,00849
20191013784,Pending Request for Reservation Closure,BOC
20191013790,Pending Request for Reservation Closure,BOC
20191013795,Service closure Request with BO responsibility,00842
20191013796,Pending Liquidation Request,BOC
20191013797,Service closure Request with BO responsibility,BOC
20191013798,Evaluating Request (NO registered letter),00594
20191013802,Pending Liquidation Request,BOC
20191013803,Pending Liquidation Request,BOCSER
20191013805,Authorization Requested,00722
20191013806,Evaluating Request (NO registered letter),00752
20191013811,Service closure Request with BO responsibility,00842
20191013812,Pending Liquidation Request,BOC
20191013815,Pending Liquidation Request,BOC
20191013817,Pending Liquidation Request,BOC
20191013818,Pending Liquidation Request,BOCSER
20191013820,Pending Request for Reservation Closure,BOC
20191013821,Pending Liquidation Request,SDCTCC
20191013822,Service closure Request with BO responsibility,00854
20191013823,Service closure Request with network responsibility,00752
20191013824,Pending Liquidation Request,BOC
20191013826,Pending Liquidation Request,BOC
20191013827,Service closure Request with BO responsibility,BOCSER
20191013829,Service closure Request with BO responsibility,00849
20191013831,Service closure Request with network responsibility,00752
20191013835,Pending Liquidation Request,BOC
20191013836,Service closure Request with BO responsibility,00848
20191013845,Service closure Request with network responsibility,00752
20191013846,Service closure Request with BO responsibility,00849
20191013850,Pending Liquidation Request,BOCCRF
20191013851,Pending Liquidation Request,BOCCRF
20191013852,Pending Liquidation Request,BOCCRF
20191013853,Pending Request for Reservation Closure,BOC
20191013854,Evaluating Request (NO registered letter),00040
20191013855,Service closure Request with BO responsibility,00842
20191013856,Request completed with account closure,BOC
20191013859,Service closure Request with network responsibility,00752
20191013863,Pending Liquidation Request,BOC
20191013864,Pending Liquidation Request,BOC
20191013866,Pending Liquidation Request,BOCSER
20191013868,Pending Liquidation Request,BOCSER
20191013870,Pending Liquidation Request,BOCCRF
20191013871,Pending Liquidation Request,BOCSER
20191013872,Pending Liquidation Request,BOCSER
20191013873,Pending Liquidation Request,BOCSER
20191013874,Pending Liquidation Request,BOCSER
20191013875,Pending Liquidation Request,BOCSER
20191013876,Pending Liquidation Request,BOCSER
20191013877,Pending Liquidation Request,BOCSER
20191013878,Pending Liquidation Request,BOCSER
20191013879,Pending Liquidation Request,BOCSER
20191013880,Pending Liquidation Request,BOCSER
20191013881,Pending Liquidation Request,BOCSER
20191013882,Pending Liquidation Request,BOCSER
20191013883,Pending Liquidation Request,BOCSER
20191013884,Pending Liquidation Request,BOCSER
20191013885,Pending Liquidation Request,BOCSER
20191013886,Pending Request for Reservation Closure,BOC
20191013890,Pending Request for Reservation Closure,BOC
20191013895,Evaluating Request (WITH registered letter),00341
20191013896,Pending Liquidation Request,BOC
20191013897,Pending Request for Reservation Closure,BOC
20191013899,Pending Liquidation Request,BOC
20191013902,Pending Request for Reservation Closure,BOC
20191013905,Pending Request for Reservation Closure,BOC
20191013907,Pending Request for Reservation Closure,BOC
20191013910,Pending Liquidation Request,BOC
20191013912,Pending Request for Reservation Closure,BOC
20191013915,Service closure Request with network responsibility,00119
20191013919,Pending Request for Reservation Closure,BOC
20191013925,Evaluating Request (WITH registered letter),00119
20191013928,Pending Request for Reservation Closure,BOC
20191013929,Authorization Requested,00045
20191013931,Pending Request for Reservation Closure,BOC
20191013933,Service closure Request with network responsibility,00752
20191013935,Pending Liquidation Request,BOC
20191013936,Pending Liquidation Request,BOC
20191013939,Pending Liquidation Request,BOC
20191013942,Evaluating Request (NO registered letter),00718
20191013943,Pending Request for Reservation Closure,BOC
20191013945,Pending Liquidation Request,BOC
20191013948,Evaluating Request (WITH registered letter),00850
20191013950,Pending Request for Reservation Closure,SDCRAP
20191013951,Pending Request for Reservation Closure,BOC
20191013952,Service closure Request with BO responsibility,00849
20191013953,Service closure Request with network responsibility,00491
20191013954,Pending Request for Reservation Closure,BOC
20191013956,Service closure Request with BO responsibility,00849
20191013961,Pending Liquidation Request,BOC
20191013962,Pending Liquidation Request,BOC
20191013965,Pending Request for Reservation Closure,BOC
20191013967,Pending Request for Reservation Closure,BOC
20191013971,Service closure Request with network responsibility,00119
20191013972,Pending Request for Reservation Closure,BOC
20191013973,Pending Liquidation Request,BOC
20191013976,Request completed with account closure,BOC
20191013977,Pending Request for Reservation Closure,BOC
20191013979,Pending Request for Reservation Closure,BOC
20191013980,Service closure Request with network responsibility,00752
20191013983,Pending Request for Reservation Closure,BOC
20191013985,Pending Liquidation Request,BOC
20191013986,Pending Request for Reservation Closure,BOCSER
20191013987,Pending Request for Reservation Closure,BOC
20191013989,Service closure Request with BO responsibility,00848
20191013991,Pending Request for Reservation Closure,BOC
20191013992,Pending Liquidation Request,BOC
20191013993,Service closure Request with network responsibility,00119
20191013997,Evaluating Request (WITH registered letter),00015
20191014002,Evaluating Request (WITH registered letter),00045
20191014003,Pending Request for Reservation Closure,BOC
20191014006,Pending Request for Reservation Closure,BOC
20191014008,Pending Liquidation Request,BOC
20191014011,Service closure Request with network responsibility,00491
20191014013,Pending Liquidation Request,BOC
20191014015,Authorization Requested,00040
20191014016,Pending Liquidation Request,BOC
20191014019,Evaluating Request (WITH registered letter),00341
20191014020,Request completed with account closure,BOC
20191014024,Pending Liquidation Request,BOC
20191014026,Pending Request for Reservation Closure,BOC
20191014029,Evaluating Request (WITH registered letter),00045
20191014033,Service closure Request with network responsibility,00119
20191014059,Pending Request for Reservation Closure,BOC
20191014064,Service closure Request with network responsibility,00119
20191014071,Pending Request for Reservation Closure,BOC
20191014080,Pending Liquidation Request,BOC
20191014084,Service closure Request with network responsibility,00752
20191014087,Pending Request for Reservation Closure,BOC
20191014090,Request completed with account closure,BOC
20191014092,Pending Request for Reservation Closure,BOC
20191014093,Pending Request for Reservation Closure,BOC
20191014094,Pending Request for Reservation Closure,BOC
20191014096,Pending Liquidation Request,BOC
20191014097,Pending Request for Reservation Closure,BOC
20191014100,Authorization Requested,00045
20191014101,Service closure Request with network responsibility,00119
20191014102,Pending Request for Reservation Closure,BOC
20191014103,Pending Liquidation Request,SDCRAP
20191014104,Pending Request for Reservation Closure,BOC
20191014105,Service closure Request with network responsibility,00119
20191014106,Pending Liquidation Request,BOC
20191014107,Service closure Request with BO responsibility,00849
20191014109,Pending Request for Reservation Closure,BOC
20191014110,Service closure Request with BO responsibility,00849
20191014112,Pending Liquidation Request,BOC
20191014113,Pending Request for Reservation Closure,BOC
20191014117,Service closure Request with BO responsibility,00849
20191014118,Service closure Request with network responsibility,00119
20191014120,Pending Liquidation Request,BOC
20191014123,Authorization Requested,00045
20191014128,Authorization Requested,00045
20191014130,Pending Request for Reservation Closure,BOC
20191014131,Pending Request for Reservation Closure,BOC
20191014132,Service closure Request with BO responsibility,00854
20191014134,Pending Request for Reservation Closure,BOC
20191014136,Service closure Request with network responsibility,00119
20191014139,Pending Request for Reservation Closure,BOC
20191014141,Pending Request for Reservation Closure,BOC
20191014142,Authorization Requested,BOC
20191014145,Evaluating Request (WITH registered letter),00341
20191014146,Pending Liquidation Request,BOC
20191014148,Service closure Request with BO responsibility,00828
20191014149,Pending Request for Reservation Closure,BOC
20191014151,Pending Request for Reservation Closure,BOC
20191014152,Evaluating Request (WITH registered letter),00045
20191014157,Service closure Request with network responsibility,00119
20191014161,Pending Request for Reservation Closure,BOC
20191014163,Evaluating Request (WITH registered letter),00119
20191014164,Pending Liquidation Request,BOC
20191014172,Evaluating Request (WITH registered letter),00341
20191014176,Pending Request for Reservation Closure,BOC
20191014177,Pending Liquidation Request,BOC
20191014183,Pending Liquidation Request,BOC
20191014186,Pending Request for Reservation Closure,BOC
20191014189,Authorization Requested,00722
20191014190,Service closure Request with network responsibility,00119
20191014192,Service closure Request with BO responsibility,00854
20191014194,Pending Liquidation Request,BOC
20191014195,Pending Request for Reservation Closure,BOC
20191014196,Request completed with account closure,BOC
20191014197,Pending Request for Reservation Closure,BOC
20191014198,Evaluating Request (NO registered letter),00040
20191014201,Pending Request for Reservation Closure,BOC
20191014202,Evaluating Request (WITH registered letter),00045
20191014203,Pending Request for Reservation Closure,BOC
20191014207,Pending Request for Reservation Closure,BOC
20191014210,Service closure Request with BO responsibility,00849
20191014212,Service closure Request with BO responsibility,00849
20191014215,Pending Request for Reservation Closure,BOC
20191014219,Pending Request for Reservation Closure,BOC
20191014220,Pending Liquidation Request,BOC
20191014221,Service closure Request with network responsibility,00119
20191014222,Pending Request for Reservation Closure,BOC
20191014223,Service closure Request with network responsibility,00119
20191014224,Pending Request for Reservation Closure,BOC
20191014225,Pending Request for Reservation Closure,BOC
20191014231,Pending Request for Reservation Closure,BOC
20191014235,Evaluating Request (WITH registered letter),00341
20191014236,Pending Request for Reservation Closure,BOC
20191014238,Pending Request for Reservation Closure,BOC
20191014241,Pending Liquidation Request,BOC
20191014246,Pending Request for Reservation Closure,BOC
20191014247,Pending Request for Reservation Closure,BOC
20191014248,Pending Request for Reservation Closure,BOC
20191014250,Service closure Request with BO responsibility,BOC
20191014252,Service closure Request with network responsibility,00119
20191014255,Evaluating Request (WITH registered letter),00119
20191014257,Pending Request for Reservation Closure,BOC
20191014258,Pending Liquidation Request,BOC
20191014259,Pending Request for Reservation Closure,BOC
20191014261,Authorization Requested,00045
20191014263,Pending Request for Reservation Closure,BOC
20191014264,Pending Request for Reservation Closure,BOC
20191014265,Service closure Request with network responsibility,00119
20191014266,Pending Liquidation Request,SDCRAP
20191014268,Pending Request for Reservation Closure,BOC
20191014274,Authorization Requested,00045
20191014277,Pending Request for Reservation Closure,BOC
20191014280,Pending Liquidation Request,BOC
20191014281,Pending Request for Reservation Closure,BOC
20191014283,Pending Request for Reservation Closure,BOC
20191014284,Service closure Request with network responsibility,00119
20191014285,Pending Request for Reservation Closure,BOC
20191014288,Service closure Request with network responsibility,00119
20191014289,Pending Request for Reservation Closure,BOC
20191014291,Pending Liquidation Request,BOC
20191014292,Service closure Request with BO responsibility,00854
20191014294,Pending Request for Reservation Closure,SDCRAP
20191014297,Pending Request for Reservation Closure,BOC
20191014298,Pending Request for Reservation Closure,BOC
20191014300,Pending Request for Reservation Closure,BOC
20191014302,Service closure Request with BO responsibility,00849
20191014305,Pending Liquidation Request,BOC
20191014307,Pending Liquidation Request,BOC
20191014309,Service closure Request with BO responsibility,00849
20191014310,Pending Request for Reservation Closure,SDCRAP
20191014314,Pending Request for Reservation Closure,BOC
20191014317,Service closure Request with network responsibility,00119
20191014318,Pending Request for Reservation Closure,BOC
20191014319,Pending Request for Reservation Closure,BOC
20191014321,Pending Liquidation Request,BOC
20191014322,Pending Request for Reservation Closure,BOC
20191014323,Pending Request for Reservation Closure,BOC
20191014326,Service closure Request with network responsibility,00119
20191014327,Pending Request for Reservation Closure,BOC
20191014331,Evaluating Request (WITH registered letter),00119
20191014336,Pending Request for Reservation Closure,BOC
20191014337,Service closure Request with BO responsibility,00828
20191014338,Pending Request for Reservation Closure,BOC
20191014339,Service closure Request with BO responsibility,00848
20191014340,Authorization Requested,00045
20191014342,Service closure Request with network responsibility,00119
20191014343,Pending Request for Reservation Closure,BOC
20191014347,Pending Request for Reservation Closure,SDCRAP
20191014353,Pending Request for Reservation Closure,BOC
20191014354,Service closure Request with network responsibility,00119
20191014355,Evaluating Request (NO registered letter),00040
20191014357,Pending Request for Reservation Closure,BOC
20191014359,Authorization Requested,00045
20191014360,Pending Request for Reservation Closure,BOC
20191014363,Service closure Request with network responsibility,00119
20191014364,Pending Request for Reservation Closure,BOC
20191014365,Evaluating Request (WITH registered letter),00341
20191014369,Pending Request for Reservation Closure,BOC
20191014372,Service closure Request with network responsibility,00119
20191014375,Evaluating Request (NO registered letter),00040
20191014376,Service closure Request with BO responsibility,00849
20191014382,Service closure Request with network responsibility,00491
20191014385,Pending Request for Reservation Closure,BOC
20191014387,Pending Request for Reservation Closure,BOC
20191014388,Service closure Request with network responsibility,00119
20191014389,Pending Request for Reservation Closure,BOC
20191014392,Authorization Requested,00223
20191014393,Service closure Request with BO responsibility,00849
20191014395,Pending Request for Reservation Closure,BOC
20191014396,Pending Request for Reservation Closure,BOC
20191014397,Pending Request for Reservation Closure,BOC
20191014400,Service closure Request with BO responsibility,00849
20191014404,Pending Request for Reservation Closure,BOC
20191014405,Pending Request for Reservation Closure,BOC
20191014407,Service closure Request with BO responsibility,00854
20191014413,Service closure Request with BO responsibility,00849
20191014414,Pending Request for Reservation Closure,BOC
20191014415,Pending Request for Reservation Closure,BOC
20191014416,Service closure Request with network responsibility,00119
20191014417,Pending Request for Reservation Closure,BOC
20191014419,Service closure Request with BO responsibility,00849
20191014420,Evaluating Request (WITH registered letter),00119
20191014423,Evaluating Request (WITH registered letter),00045
20191014425,Pending Request for Reservation Closure,BOC
20191014427,Pending Request for Reservation Closure,BOC
20191014429,Service closure Request with network responsibility,00119
20191014430,Pending Request for Reservation Closure,BOC
20191014431,Authorization Requested,00045
20191014438,Pending Request for Reservation Closure,BOC
20191014441,Pending Request for Reservation Closure,BOC
20191014442,Service closure Request with BO responsibility,00849
20191014448,Pending Request for Reservation Closure,BOC
20191014449,Evaluating Request (WITH registered letter),00341
20191014451,Service closure Request with network responsibility,00119
20191014452,Pending Request for Reservation Closure,BOC
20191014456,Pending Request for Reservation Closure,BOC
20191014458,Authorization Requested,00045
20191014459,Pending Request for Reservation Closure,BOC
20191014462,Service closure Request with BO responsibility,00849
