case:concept:name,inserted_activities,reason
Application_1002602375,O_Accepted;A_Pending,"alignment needed to insert visible activity(ies) not present in the historical log to explain how the model reaches a state consistent with the logged prefix. Never written to the output log -- the saved prefix is always exactly the input log, unchanged -- but these ARE counted in this case's activity-history used for probabilistic weighting of subsequent simulated events."
Application_1003146166,O_Sent (mail and online);A_Complete;A_Cancelled,"alignment needed to insert visible activity(ies) not present in the historical log to explain how the model reaches a state consistent with the logged prefix. Never written to the output log -- the saved prefix is always exactly the input log, unchanged -- but these ARE counted in this case's activity-history used for probabilistic weighting of subsequent simulated events."
Application_1005568510,A_Complete;A_Complete;O_Accepted;A_Pending,"alignment needed to insert visible activity(ies) not present in the historical log to explain how the model reaches a state consistent with the logged prefix. Never written to the output log -- the saved prefix is always exactly the input log, unchanged -- but these ARE counted in this case's activity-history used for probabilistic weighting of subsequent simulated events."
Application_1009170679,A_Complete;O_Accepted;A_Pending,"alignment needed to insert visible activity(ies) not present in the historical log to explain how the model reaches a state consistent with the logged prefix. Never written to the output log -- the saved prefix is always exactly the input log, unchanged -- but these ARE counted in this case's activity-history used for probabilistic weighting of subsequent simulated events."
Application_1017685010,O_Accepted;A_Pending,"alignment needed to insert visible activity(ies) not present in the historical log to explain how the model reaches a state consistent with the logged prefix. Never written to the output log -- the saved prefix is always exactly the input log, unchanged -- but these ARE counted in this case's activity-history used for probabilistic weighting of subsequent simulated events."
Application_101973919,O_Accepted;A_Pending,"alignment needed to insert visible activity(ies) not present in the historical log to explain how the model reaches a state consistent with the logged prefix. Never written to the output log -- the saved prefix is always exactly the input log, unchanged -- but these ARE counted in this case's activity-history used for probabilistic weighting of subsequent simulated events."
Application_1020830584,A_Complete,"alignment needed to insert visible activity(ies) not present in the historical log to explain how the model reaches a state consistent with the logged prefix. Never written to the output log -- the saved prefix is always exactly the input log, unchanged -- but these ARE counted in this case's activity-history used for probabilistic weighting of subsequent simulated events."
Application_1028335742,O_Sent (mail and online),"alignment needed to insert visible activity(ies) not present in the historical log to explain how the model reaches a state consistent with the logged prefix. Never written to the output log -- the saved prefix is always exactly the input log, unchanged -- but these ARE counted in this case's activity-history used for probabilistic weighting of subsequent simulated events."
Application_1033444821,A_Complete;A_Cancelled,"alignment needed to insert visible activity(ies) not present in the historical log to explain how the model reaches a state consistent with the logged prefix. Never written to the output log -- the saved prefix is always exactly the input log, unchanged -- but these ARE counted in this case's activity-history used for probabilistic weighting of subsequent simulated events."
Application_1048229669,O_Accepted;A_Pending,"alignment needed to insert visible activity(ies) not present in the historical log to explain how the model reaches a state consistent with the logged prefix. Never written to the output log -- the saved prefix is always exactly the input log, unchanged -- but these ARE counted in this case's activity-history used for probabilistic weighting of subsequent simulated events."
Application_1049619167,A_Complete,"alignment needed to insert visible activity(ies) not present in the historical log to explain how the model reaches a state consistent with the logged prefix. Never written to the output log -- the saved prefix is always exactly the input log, unchanged -- but these ARE counted in this case's activity-history used for probabilistic weighting of subsequent simulated events."
Application_1061764162,A_Complete,"alignment needed to insert visible activity(ies) not present in the historical log to explain how the model reaches a state consistent with the logged prefix. Never written to the output log -- the saved prefix is always exactly the input log, unchanged -- but these ARE counted in this case's activity-history used for probabilistic weighting of subsequent simulated events."
Application_1090489225,O_Accepted;A_Pending,"alignment needed to insert visible activity(ies) not present in the historical log to explain how the model reaches a state consistent with the logged prefix. Never written to the output log -- the saved prefix is always exactly the input log, unchanged -- but these ARE counted in this case's activity-history used for probabilistic weighting of subsequent simulated events."
Application_1103004057,O_Accepted;A_Pending,"alignment needed to insert visible activity(ies) not present in the historical log to explain how the model reaches a state consistent with the logged prefix. Never written to the output log -- the saved prefix is always exactly the input log, unchanged -- but these ARE counted in this case's activity-history used for probabilistic weighting of subsequent simulated events."
Application_1109311467,O_Accepted;A_Pending,"alignment needed to insert visible activity(ies) not present in the historical log to explain how the model reaches a state consistent with the logged prefix. Never written to the output log -- the saved prefix is always exactly the input log, unchanged -- but these ARE counted in this case's activity-history used for probabilistic weighting of subsequent simulated events."
Application_1115113981,A_Complete,"alignment needed to insert visible activity(ies) not present in the historical log to explain how the model reaches a state consistent with the logged prefix. Never written to the output log -- the saved prefix is always exactly the input log, unchanged -- but these ARE counted in this case's activity-history used for probabilistic weighting of subsequent simulated events."
Application_1123487192,A_Complete,"alignment needed to insert visible activity(ies) not present in the historical log to explain how the model reaches a state consistent with the logged prefix. Never written to the output log -- the saved prefix is always exactly the input log, unchanged -- but these ARE counted in this case's activity-history used for probabilistic weighting of subsequent simulated events."
Application_1128851023,A_Cancelled,"alignment needed to insert visible activity(ies) not present in the historical log to explain how the model reaches a state consistent with the logged prefix. Never written to the output log -- the saved prefix is always exactly the input log, unchanged -- but these ARE counted in this case's activity-history used for probabilistic weighting of subsequent simulated events."
Application_1140614876,O_Sent (mail and online);A_Cancelled,"alignment needed to insert visible activity(ies) not present in the historical log to explain how the model reaches a state consistent with the logged prefix. Never written to the output log -- the saved prefix is always exactly the input log, unchanged -- but these ARE counted in this case's activity-history used for probabilistic weighting of subsequent simulated events."
Application_114551747,O_Accepted;A_Pending,"alignment needed to insert visible activity(ies) not present in the historical log to explain how the model reaches a state consistent with the logged prefix. Never written to the output log -- the saved prefix is always exactly the input log, unchanged -- but these ARE counted in this case's activity-history used for probabilistic weighting of subsequent simulated events."
Application_1152946944,A_Complete;A_Cancelled,"alignment needed to insert visible activity(ies) not present in the historical log to explain how the model reaches a state consistent with the logged prefix. Never written to the output log -- the saved prefix is always exactly the input log, unchanged -- but these ARE counted in this case's activity-history used for probabilistic weighting of subsequent simulated events."
Application_1155107642,O_Accepted;A_Pending,"alignment needed to insert visible activity(ies) not present in the historical log to explain how the model reaches a state consistent with the logged prefix. Never written to the output log -- the saved prefix is always exactly the input log, unchanged -- but these ARE counted in this case's activity-history used for probabilistic weighting of subsequent simulated events."
Application_1157633683,O_Accepted;A_Pending,"alignment needed to insert visible activity(ies) not present in the historical log to explain how the model reaches a state consistent with the logged prefix. Never written to the output log -- the saved prefix is always exactly the input log, unchanged -- but these ARE counted in this case's activity-history used for probabilistic weighting of subsequent simulated events."
Application_1187942887,O_Accepted;A_Pending,"alignment needed to insert visible activity(ies) not present in the historical log to explain how the model reaches a state consistent with the logged prefix. Never written to the output log -- the saved prefix is always exactly the input log, unchanged -- but these ARE counted in this case's activity-history used for probabilistic weighting of subsequent simulated events."
Application_119108505,A_Cancelled,"alignment needed to insert visible activity(ies) not present in the historical log to explain how the model reaches a state consistent with the logged prefix. Never written to the output log -- the saved prefix is always exactly the input log, unchanged -- but these ARE counted in this case's activity-history used for probabilistic weighting of subsequent simulated events."
Application_1213195413,O_Accepted;A_Pending,"alignment needed to insert visible activity(ies) not present in the historical log to explain how the model reaches a state consistent with the logged prefix. Never written to the output log -- the saved prefix is always exactly the input log, unchanged -- but these ARE counted in this case's activity-history used for probabilistic weighting of subsequent simulated events."
Application_1220090149,A_Complete;O_Accepted;A_Pending,"alignment needed to insert visible activity(ies) not present in the historical log to explain how the model reaches a state consistent with the logged prefix. Never written to the output log -- the saved prefix is always exactly the input log, unchanged -- but these ARE counted in this case's activity-history used for probabilistic weighting of subsequent simulated events."
Application_1232392890,A_Complete,"alignment needed to insert visible activity(ies) not present in the historical log to explain how the model reaches a state consistent with the logged prefix. Never written to the output log -- the saved prefix is always exactly the input log, unchanged -- but these ARE counted in this case's activity-history used for probabilistic weighting of subsequent simulated events."
Application_12324686,A_Complete;O_Accepted;A_Pending,"alignment needed to insert visible activity(ies) not present in the historical log to explain how the model reaches a state consistent with the logged prefix. Never written to the output log -- the saved prefix is always exactly the input log, unchanged -- but these ARE counted in this case's activity-history used for probabilistic weighting of subsequent simulated events."
Application_1233625625,A_Complete;A_Cancelled,"alignment needed to insert visible activity(ies) not present in the historical log to explain how the model reaches a state consistent with the logged prefix. Never written to the output log -- the saved prefix is always exactly the input log, unchanged -- but these ARE counted in this case's activity-history used for probabilistic weighting of subsequent simulated events."
Application_1241310529,A_Complete,"alignment needed to insert visible activity(ies) not present in the historical log to explain how the model reaches a state consistent with the logged prefix. Never written to the output log -- the saved prefix is always exactly the input log, unchanged -- but these ARE counted in this case's activity-history used for probabilistic weighting of subsequent simulated events."
Application_1250084864,A_Complete;O_Accepted;A_Pending,"alignment needed to insert visible activity(ies) not present in the historical log to explain how the model reaches a state consistent with the logged prefix. Never written to the output log -- the saved prefix is always exactly the input log, unchanged -- but these ARE counted in this case's activity-history used for probabilistic weighting of subsequent simulated events."
Application_1251055212,O_Sent (mail and online),"alignment needed to insert visible activity(ies) not present in the historical log to explain how the model reaches a state consistent with the logged prefix. Never written to the output log -- the saved prefix is always exactly the input log, unchanged -- but these ARE counted in this case's activity-history used for probabilistic weighting of subsequent simulated events."
Application_1255489836,O_Accepted;A_Pending,"alignment needed to insert visible activity(ies) not present in the historical log to explain how the model reaches a state consistent with the logged prefix. Never written to the output log -- the saved prefix is always exactly the input log, unchanged -- but these ARE counted in this case's activity-history used for probabilistic weighting of subsequent simulated events."
Application_1269805846,A_Complete,"alignment needed to insert visible activity(ies) not present in the historical log to explain how the model reaches a state consistent with the logged prefix. Never written to the output log -- the saved prefix is always exactly the input log, unchanged -- but these ARE counted in this case's activity-history used for probabilistic weighting of subsequent simulated events."
Application_1273378053,A_Complete,"alignment needed to insert visible activity(ies) not present in the historical log to explain how the model reaches a state consistent with the logged prefix. Never written to the output log -- the saved prefix is always exactly the input log, unchanged -- but these ARE counted in this case's activity-history used for probabilistic weighting of subsequent simulated events."
Application_1275545255,A_Complete;A_Cancelled,"alignment needed to insert visible activity(ies) not present in the historical log to explain how the model reaches a state consistent with the logged prefix. Never written to the output log -- the saved prefix is always exactly the input log, unchanged -- but these ARE counted in this case's activity-history used for probabilistic weighting of subsequent simulated events."
Application_1276950247,W_Validate application,"alignment needed to insert visible activity(ies) not present in the historical log to explain how the model reaches a state consistent with the logged prefix. Never written to the output log -- the saved prefix is always exactly the input log, unchanged -- but these ARE counted in this case's activity-history used for probabilistic weighting of subsequent simulated events."
Application_1281219916,O_Accepted;A_Pending,"alignment needed to insert visible activity(ies) not present in the historical log to explain how the model reaches a state consistent with the logged prefix. Never written to the output log -- the saved prefix is always exactly the input log, unchanged -- but these ARE counted in this case's activity-history used for probabilistic weighting of subsequent simulated events."
Application_1282312320,O_Sent (mail and online),"alignment needed to insert visible activity(ies) not present in the historical log to explain how the model reaches a state consistent with the logged prefix. Never written to the output log -- the saved prefix is always exactly the input log, unchanged -- but these ARE counted in this case's activity-history used for probabilistic weighting of subsequent simulated events."
Application_1284111301,A_Complete,"alignment needed to insert visible activity(ies) not present in the historical log to explain how the model reaches a state consistent with the logged prefix. Never written to the output log -- the saved prefix is always exactly the input log, unchanged -- but these ARE counted in this case's activity-history used for probabilistic weighting of subsequent simulated events."
Application_1289787823,A_Complete,"alignment needed to insert visible activity(ies) not present in the historical log to explain how the model reaches a state consistent with the logged prefix. Never written to the output log -- the saved prefix is always exactly the input log, unchanged -- but these ARE counted in this case's activity-history used for probabilistic weighting of subsequent simulated events."
Application_1291779828,A_Complete;O_Accepted;A_Pending,"alignment needed to insert visible activity(ies) not present in the historical log to explain how the model reaches a state consistent with the logged prefix. Never written to the output log -- the saved prefix is always exactly the input log, unchanged -- but these ARE counted in this case's activity-history used for probabilistic weighting of subsequent simulated events."
Application_1295832185,O_Accepted;A_Pending,"alignment needed to insert visible activity(ies) not present in the historical log to explain how the model reaches a state consistent with the logged prefix. Never written to the output log -- the saved prefix is always exactly the input log, unchanged -- but these ARE counted in this case's activity-history used for probabilistic weighting of subsequent simulated events."
Application_1313071265,O_Accepted;A_Pending,"alignment needed to insert visible activity(ies) not present in the historical log to explain how the model reaches a state consistent with the logged prefix. Never written to the output log -- the saved prefix is always exactly the input log, unchanged -- but these ARE counted in this case's activity-history used for probabilistic weighting of subsequent simulated events."
Application_1314534152,O_Accepted;A_Pending,"alignment needed to insert visible activity(ies) not present in the historical log to explain how the model reaches a state consistent with the logged prefix. Never written to the output log -- the saved prefix is always exactly the input log, unchanged -- but these ARE counted in this case's activity-history used for probabilistic weighting of subsequent simulated events."
Application_1320153688,O_Sent (mail and online),"alignment needed to insert visible activity(ies) not present in the historical log to explain how the model reaches a state consistent with the logged prefix. Never written to the output log -- the saved prefix is always exactly the input log, unchanged -- but these ARE counted in this case's activity-history used for probabilistic weighting of subsequent simulated events."
Application_1326874644,A_Complete,"alignment needed to insert visible activity(ies) not present in the historical log to explain how the model reaches a state consistent with the logged prefix. Never written to the output log -- the saved prefix is always exactly the input log, unchanged -- but these ARE counted in this case's activity-history used for probabilistic weighting of subsequent simulated events."
Application_1327286359,O_Accepted;A_Pending,"alignment needed to insert visible activity(ies) not present in the historical log to explain how the model reaches a state consistent with the logged prefix. Never written to the output log -- the saved prefix is always exactly the input log, unchanged -- but these ARE counted in this case's activity-history used for probabilistic weighting of subsequent simulated events."
Application_1338594891,O_Sent (mail and online);A_Complete,"alignment needed to insert visible activity(ies) not present in the historical log to explain how the model reaches a state consistent with the logged prefix. Never written to the output log -- the saved prefix is always exactly the input log, unchanged -- but these ARE counted in this case's activity-history used for probabilistic weighting of subsequent simulated events."
Application_1338704516,O_Accepted;A_Pending,"alignment needed to insert visible activity(ies) not present in the historical log to explain how the model reaches a state consistent with the logged prefix. Never written to the output log -- the saved prefix is always exactly the input log, unchanged -- but these ARE counted in this case's activity-history used for probabilistic weighting of subsequent simulated events."
Application_1364761716,A_Complete;A_Cancelled,"alignment needed to insert visible activity(ies) not present in the historical log to explain how the model reaches a state consistent with the logged prefix. Never written to the output log -- the saved prefix is always exactly the input log, unchanged -- but these ARE counted in this case's activity-history used for probabilistic weighting of subsequent simulated events."
Application_1385574087,A_Complete,"alignment needed to insert visible activity(ies) not present in the historical log to explain how the model reaches a state consistent with the logged prefix. Never written to the output log -- the saved prefix is always exactly the input log, unchanged -- but these ARE counted in this case's activity-history used for probabilistic weighting of subsequent simulated events."
Application_1388302229,O_Accepted;A_Pending,"alignment needed to insert visible activity(ies) not present in the historical log to explain how the model reaches a state consistent with the logged prefix. Never written to the output log -- the saved prefix is always exactly the input log, unchanged -- but these ARE counted in this case's activity-history used for probabilistic weighting of subsequent simulated events."
Application_139089952,O_Accepted;A_Pending,"alignment needed to insert visible activity(ies) not present in the historical log to explain how the model reaches a state consistent with the logged prefix. Never written to the output log -- the saved prefix is always exactly the input log, unchanged -- but these ARE counted in this case's activity-history used for probabilistic weighting of subsequent simulated events."
Application_139354683,O_Accepted;A_Pending,"alignment needed to insert visible activity(ies) not present in the historical log to explain how the model reaches a state consistent with the logged prefix. Never written to the output log -- the saved prefix is always exactly the input log, unchanged -- but these ARE counted in this case's activity-history used for probabilistic weighting of subsequent simulated events."
Application_140542545,O_Accepted;A_Pending,"alignment needed to insert visible activity(ies) not present in the historical log to explain how the model reaches a state consistent with the logged prefix. Never written to the output log -- the saved prefix is always exactly the input log, unchanged -- but these ARE counted in this case's activity-history used for probabilistic weighting of subsequent simulated events."
Application_1407692539,A_Complete;O_Accepted;A_Pending,"alignment needed to insert visible activity(ies) not present in the historical log to explain how the model reaches a state consistent with the logged prefix. Never written to the output log -- the saved prefix is always exactly the input log, unchanged -- but these ARE counted in this case's activity-history used for probabilistic weighting of subsequent simulated events."
Application_1426929415,O_Accepted;A_Pending,"alignment needed to insert visible activity(ies) not present in the historical log to explain how the model reaches a state consistent with the logged prefix. Never written to the output log -- the saved prefix is always exactly the input log, unchanged -- but these ARE counted in this case's activity-history used for probabilistic weighting of subsequent simulated events."
Application_142712048,O_Accepted;A_Pending,"alignment needed to insert visible activity(ies) not present in the historical log to explain how the model reaches a state consistent with the logged prefix. Never written to the output log -- the saved prefix is always exactly the input log, unchanged -- but these ARE counted in this case's activity-history used for probabilistic weighting of subsequent simulated events."
Application_1437532627,A_Complete;A_Cancelled,"alignment needed to insert visible activity(ies) not present in the historical log to explain how the model reaches a state consistent with the logged prefix. Never written to the output log -- the saved prefix is always exactly the input log, unchanged -- but these ARE counted in this case's activity-history used for probabilistic weighting of subsequent simulated events."
Application_1442980784,O_Sent (mail and online);A_Complete;A_Cancelled,"alignment needed to insert visible activity(ies) not present in the historical log to explain how the model reaches a state consistent with the logged prefix. Never written to the output log -- the saved prefix is always exactly the input log, unchanged -- but these ARE counted in this case's activity-history used for probabilistic weighting of subsequent simulated events."
Application_1449083066,A_Complete,"alignment needed to insert visible activity(ies) not present in the historical log to explain how the model reaches a state consistent with the logged prefix. Never written to the output log -- the saved prefix is always exactly the input log, unchanged -- but these ARE counted in this case's activity-history used for probabilistic weighting of subsequent simulated events."
Application_1455055378,O_Accepted;A_Pending,"alignment needed to insert visible activity(ies) not present in the historical log to explain how the model reaches a state consistent with the logged prefix. Never written to the output log -- the saved prefix is always exactly the input log, unchanged -- but these ARE counted in this case's activity-history used for probabilistic weighting of subsequent simulated events."
Application_1458035543,O_Accepted;A_Pending,"alignment needed to insert visible activity(ies) not present in the historical log to explain how the model reaches a state consistent with the logged prefix. Never written to the output log -- the saved prefix is always exactly the input log, unchanged -- but these ARE counted in this case's activity-history used for probabilistic weighting of subsequent simulated events."
Application_1460401130,A_Cancelled,"alignment needed to insert visible activity(ies) not present in the historical log to explain how the model reaches a state consistent with the logged prefix. Never written to the output log -- the saved prefix is always exactly the input log, unchanged -- but these ARE counted in this case's activity-history used for probabilistic weighting of subsequent simulated events."
Application_1467650398,A_Complete,"alignment needed to insert visible activity(ies) not present in the historical log to explain how the model reaches a state consistent with the logged prefix. Never written to the output log -- the saved prefix is always exactly the input log, unchanged -- but these ARE counted in this case's activity-history used for probabilistic weighting of subsequent simulated events."
Application_1469294844,A_Complete,"alignment needed to insert visible activity(ies) not present in the historical log to explain how the model reaches a state consistent with the logged prefix. Never written to the output log -- the saved prefix is always exactly the input log, unchanged -- but these ARE counted in this case's activity-history used for probabilistic weighting of subsequent simulated events."
Application_146968001,O_Accepted;A_Pending,"alignment needed to insert visible activity(ies) not present in the historical log to explain how the model reaches a state consistent with the logged prefix. Never written to the output log -- the saved prefix is always exactly the input log, unchanged -- but these ARE counted in this case's activity-history used for probabilistic weighting of subsequent simulated events."
Application_1473894342,A_Complete,"alignment needed to insert visible activity(ies) not present in the historical log to explain how the model reaches a state consistent with the logged prefix. Never written to the output log -- the saved prefix is always exactly the input log, unchanged -- but these ARE counted in this case's activity-history used for probabilistic weighting of subsequent simulated events."
Application_149980465,O_Accepted;A_Pending,"alignment needed to insert visible activity(ies) not present in the historical log to explain how the model reaches a state consistent with the logged prefix. Never written to the output log -- the saved prefix is always exactly the input log, unchanged -- but these ARE counted in this case's activity-history used for probabilistic weighting of subsequent simulated events."
Application_1524653471,A_Cancelled,"alignment needed to insert visible activity(ies) not present in the historical log to explain how the model reaches a state consistent with the logged prefix. Never written to the output log -- the saved prefix is always exactly the input log, unchanged -- but these ARE counted in this case's activity-history used for probabilistic weighting of subsequent simulated events."
Application_1526587361,O_Accepted;A_Pending,"alignment needed to insert visible activity(ies) not present in the historical log to explain how the model reaches a state consistent with the logged prefix. Never written to the output log -- the saved prefix is always exactly the input log, unchanged -- but these ARE counted in this case's activity-history used for probabilistic weighting of subsequent simulated events."
Application_1531707627,A_Complete,"alignment needed to insert visible activity(ies) not present in the historical log to explain how the model reaches a state consistent with the logged prefix. Never written to the output log -- the saved prefix is always exactly the input log, unchanged -- but these ARE counted in this case's activity-history used for probabilistic weighting of subsequent simulated events."
Application_1532313179,A_Complete,"alignment needed to insert visible activity(ies) not present in the historical log to explain how the model reaches a state consistent with the logged prefix. Never written to the output log -- the saved prefix is always exactly the input log, unchanged -- but these ARE counted in this case's activity-history used for probabilistic weighting of subsequent simulated events."
Application_1535972219,O_Accepted;A_Pending,"alignment needed to insert visible activity(ies) not present in the historical log to explain how the model reaches a state consistent with the logged prefix. Never written to the output log -- the saved prefix is always exactly the input log, unchanged -- but these ARE counted in this case's activity-history used for probabilistic weighting of subsequent simulated events."
Application_1547985122,A_Complete;A_Cancelled,"alignment needed to insert visible activity(ies) not present in the historical log to explain how the model reaches a state consistent with the logged prefix. Never written to the output log -- the saved prefix is always exactly the input log, unchanged -- but these ARE counted in this case's activity-history used for probabilistic weighting of subsequent simulated events."
Application_155555799,O_Accepted;A_Pending,"alignment needed to insert visible activity(ies) not present in the historical log to explain how the model reaches a state consistent with the logged prefix. Never written to the output log -- the saved prefix is always exactly the input log, unchanged -- but these ARE counted in this case's activity-history used for probabilistic weighting of subsequent simulated events."
Application_1561581762,O_Accepted;A_Pending,"alignment needed to insert visible activity(ies) not present in the historical log to explain how the model reaches a state consistent with the logged prefix. Never written to the output log -- the saved prefix is always exactly the input log, unchanged -- but these ARE counted in this case's activity-history used for probabilistic weighting of subsequent simulated events."
Application_157155173,O_Accepted;A_Pending,"alignment needed to insert visible activity(ies) not present in the historical log to explain how the model reaches a state consistent with the logged prefix. Never written to the output log -- the saved prefix is always exactly the input log, unchanged -- but these ARE counted in this case's activity-history used for probabilistic weighting of subsequent simulated events."
Application_1584953437,O_Accepted;A_Pending,"alignment needed to insert visible activity(ies) not present in the historical log to explain how the model reaches a state consistent with the logged prefix. Never written to the output log -- the saved prefix is always exactly the input log, unchanged -- but these ARE counted in this case's activity-history used for probabilistic weighting of subsequent simulated events."
Application_1588476660,O_Accepted;A_Pending,"alignment needed to insert visible activity(ies) not present in the historical log to explain how the model reaches a state consistent with the logged prefix. Never written to the output log -- the saved prefix is always exactly the input log, unchanged -- but these ARE counted in this case's activity-history used for probabilistic weighting of subsequent simulated events."
Application_1600840489,A_Cancelled,"alignment needed to insert visible activity(ies) not present in the historical log to explain how the model reaches a state consistent with the logged prefix. Never written to the output log -- the saved prefix is always exactly the input log, unchanged -- but these ARE counted in this case's activity-history used for probabilistic weighting of subsequent simulated events."
Application_1604168929,O_Accepted;A_Pending,"alignment needed to insert visible activity(ies) not present in the historical log to explain how the model reaches a state consistent with the logged prefix. Never written to the output log -- the saved prefix is always exactly the input log, unchanged -- but these ARE counted in this case's activity-history used for probabilistic weighting of subsequent simulated events."
Application_1611095248,A_Complete,"alignment needed to insert visible activity(ies) not present in the historical log to explain how the model reaches a state consistent with the logged prefix. Never written to the output log -- the saved prefix is always exactly the input log, unchanged -- but these ARE counted in this case's activity-history used for probabilistic weighting of subsequent simulated events."
Application_1612004507,O_Accepted;A_Pending,"alignment needed to insert visible activity(ies) not present in the historical log to explain how the model reaches a state consistent with the logged prefix. Never written to the output log -- the saved prefix is always exactly the input log, unchanged -- but these ARE counted in this case's activity-history used for probabilistic weighting of subsequent simulated events."
Application_161865777,O_Accepted;A_Pending,"alignment needed to insert visible activity(ies) not present in the historical log to explain how the model reaches a state consistent with the logged prefix. Never written to the output log -- the saved prefix is always exactly the input log, unchanged -- but these ARE counted in this case's activity-history used for probabilistic weighting of subsequent simulated events."
Application_1656791018,A_Complete;O_Accepted;A_Pending,"alignment needed to insert visible activity(ies) not present in the historical log to explain how the model reaches a state consistent with the logged prefix. Never written to the output log -- the saved prefix is always exactly the input log, unchanged -- but these ARE counted in this case's activity-history used for probabilistic weighting of subsequent simulated events."
Application_1667989141,O_Accepted;A_Pending,"alignment needed to insert visible activity(ies) not present in the historical log to explain how the model reaches a state consistent with the logged prefix. Never written to the output log -- the saved prefix is always exactly the input log, unchanged -- but these ARE counted in this case's activity-history used for probabilistic weighting of subsequent simulated events."
Application_1669429484,O_Accepted;A_Pending,"alignment needed to insert visible activity(ies) not present in the historical log to explain how the model reaches a state consistent with the logged prefix. Never written to the output log -- the saved prefix is always exactly the input log, unchanged -- but these ARE counted in this case's activity-history used for probabilistic weighting of subsequent simulated events."
Application_1675255697,O_Accepted;A_Pending,"alignment needed to insert visible activity(ies) not present in the historical log to explain how the model reaches a state consistent with the logged prefix. Never written to the output log -- the saved prefix is always exactly the input log, unchanged -- but these ARE counted in this case's activity-history used for probabilistic weighting of subsequent simulated events."
Application_1680315596,O_Accepted;A_Pending,"alignment needed to insert visible activity(ies) not present in the historical log to explain how the model reaches a state consistent with the logged prefix. Never written to the output log -- the saved prefix is always exactly the input log, unchanged -- but these ARE counted in this case's activity-history used for probabilistic weighting of subsequent simulated events."
Application_1680514270,O_Accepted;A_Pending,"alignment needed to insert visible activity(ies) not present in the historical log to explain how the model reaches a state consistent with the logged prefix. Never written to the output log -- the saved prefix is always exactly the input log, unchanged -- but these ARE counted in this case's activity-history used for probabilistic weighting of subsequent simulated events."
Application_1686314556,A_Complete,"alignment needed to insert visible activity(ies) not present in the historical log to explain how the model reaches a state consistent with the logged prefix. Never written to the output log -- the saved prefix is always exactly the input log, unchanged -- but these ARE counted in this case's activity-history used for probabilistic weighting of subsequent simulated events."
Application_1690391662,A_Complete,"alignment needed to insert visible activity(ies) not present in the historical log to explain how the model reaches a state consistent with the logged prefix. Never written to the output log -- the saved prefix is always exactly the input log, unchanged -- but these ARE counted in this case's activity-history used for probabilistic weighting of subsequent simulated events."
Application_1695461065,O_Accepted;A_Pending,"alignment needed to insert visible activity(ies) not present in the historical log to explain how the model reaches a state consistent with the logged prefix. Never written to the output log -- the saved prefix is always exactly the input log, unchanged -- but these ARE counted in this case's activity-history used for probabilistic weighting of subsequent simulated events."
Application_1705393050,A_Complete,"alignment needed to insert visible activity(ies) not present in the historical log to explain how the model reaches a state consistent with the logged prefix. Never written to the output log -- the saved prefix is always exactly the input log, unchanged -- but these ARE counted in this case's activity-history used for probabilistic weighting of subsequent simulated events."
Application_1705571424,O_Accepted,"alignment needed to insert visible activity(ies) not present in the historical log to explain how the model reaches a state consistent with the logged prefix. Never written to the output log -- the saved prefix is always exactly the input log, unchanged -- but these ARE counted in this case's activity-history used for probabilistic weighting of subsequent simulated events."
Application_1707866152,O_Accepted;A_Pending,"alignment needed to insert visible activity(ies) not present in the historical log to explain how the model reaches a state consistent with the logged prefix. Never written to the output log -- the saved prefix is always exactly the input log, unchanged -- but these ARE counted in this case's activity-history used for probabilistic weighting of subsequent simulated events."
Application_1715521459,O_Accepted;A_Pending,"alignment needed to insert visible activity(ies) not present in the historical log to explain how the model reaches a state consistent with the logged prefix. Never written to the output log -- the saved prefix is always exactly the input log, unchanged -- but these ARE counted in this case's activity-history used for probabilistic weighting of subsequent simulated events."
Application_1716488937,A_Complete,"alignment needed to insert visible activity(ies) not present in the historical log to explain how the model reaches a state consistent with the logged prefix. Never written to the output log -- the saved prefix is always exactly the input log, unchanged -- but these ARE counted in this case's activity-history used for probabilistic weighting of subsequent simulated events."
Application_1717449649,A_Complete;O_Accepted;A_Pending,"alignment needed to insert visible activity(ies) not present in the historical log to explain how the model reaches a state consistent with the logged prefix. Never written to the output log -- the saved prefix is always exactly the input log, unchanged -- but these ARE counted in this case's activity-history used for probabilistic weighting of subsequent simulated events."
Application_1721513096,A_Cancelled,"alignment needed to insert visible activity(ies) not present in the historical log to explain how the model reaches a state consistent with the logged prefix. Never written to the output log -- the saved prefix is always exactly the input log, unchanged -- but these ARE counted in this case's activity-history used for probabilistic weighting of subsequent simulated events."
Application_172281488,O_Accepted;A_Pending,"alignment needed to insert visible activity(ies) not present in the historical log to explain how the model reaches a state consistent with the logged prefix. Never written to the output log -- the saved prefix is always exactly the input log, unchanged -- but these ARE counted in this case's activity-history used for probabilistic weighting of subsequent simulated events."
Application_1722967892,O_Accepted;A_Pending,"alignment needed to insert visible activity(ies) not present in the historical log to explain how the model reaches a state consistent with the logged prefix. Never written to the output log -- the saved prefix is always exactly the input log, unchanged -- but these ARE counted in this case's activity-history used for probabilistic weighting of subsequent simulated events."
Application_1730467320,A_Complete;O_Accepted;A_Pending,"alignment needed to insert visible activity(ies) not present in the historical log to explain how the model reaches a state consistent with the logged prefix. Never written to the output log -- the saved prefix is always exactly the input log, unchanged -- but these ARE counted in this case's activity-history used for probabilistic weighting of subsequent simulated events."
Application_1731907819,A_Complete;A_Cancelled,"alignment needed to insert visible activity(ies) not present in the historical log to explain how the model reaches a state consistent with the logged prefix. Never written to the output log -- the saved prefix is always exactly the input log, unchanged -- but these ARE counted in this case's activity-history used for probabilistic weighting of subsequent simulated events."
Application_1740533240,A_Complete;A_Cancelled;O_Cancelled,"alignment needed to insert visible activity(ies) not present in the historical log to explain how the model reaches a state consistent with the logged prefix. Never written to the output log -- the saved prefix is always exactly the input log, unchanged -- but these ARE counted in this case's activity-history used for probabilistic weighting of subsequent simulated events."
Application_1742568771,O_Sent (mail and online),"alignment needed to insert visible activity(ies) not present in the historical log to explain how the model reaches a state consistent with the logged prefix. Never written to the output log -- the saved prefix is always exactly the input log, unchanged -- but these ARE counted in this case's activity-history used for probabilistic weighting of subsequent simulated events."
Application_1758727131,O_Accepted;A_Pending,"alignment needed to insert visible activity(ies) not present in the historical log to explain how the model reaches a state consistent with the logged prefix. Never written to the output log -- the saved prefix is always exactly the input log, unchanged -- but these ARE counted in this case's activity-history used for probabilistic weighting of subsequent simulated events."
Application_176109526,A_Complete;O_Accepted;A_Pending,"alignment needed to insert visible activity(ies) not present in the historical log to explain how the model reaches a state consistent with the logged prefix. Never written to the output log -- the saved prefix is always exactly the input log, unchanged -- but these ARE counted in this case's activity-history used for probabilistic weighting of subsequent simulated events."
Application_1765017489,O_Accepted;A_Pending,"alignment needed to insert visible activity(ies) not present in the historical log to explain how the model reaches a state consistent with the logged prefix. Never written to the output log -- the saved prefix is always exactly the input log, unchanged -- but these ARE counted in this case's activity-history used for probabilistic weighting of subsequent simulated events."
Application_1768567221,O_Accepted;A_Pending,"alignment needed to insert visible activity(ies) not present in the historical log to explain how the model reaches a state consistent with the logged prefix. Never written to the output log -- the saved prefix is always exactly the input log, unchanged -- but these ARE counted in this case's activity-history used for probabilistic weighting of subsequent simulated events."
Application_1777155847,O_Accepted;A_Pending,"alignment needed to insert visible activity(ies) not present in the historical log to explain how the model reaches a state consistent with the logged prefix. Never written to the output log -- the saved prefix is always exactly the input log, unchanged -- but these ARE counted in this case's activity-history used for probabilistic weighting of subsequent simulated events."
Application_1777257181,A_Complete;O_Accepted;A_Pending,"alignment needed to insert visible activity(ies) not present in the historical log to explain how the model reaches a state consistent with the logged prefix. Never written to the output log -- the saved prefix is always exactly the input log, unchanged -- but these ARE counted in this case's activity-history used for probabilistic weighting of subsequent simulated events."
Application_1777350724,O_Accepted;A_Pending,"alignment needed to insert visible activity(ies) not present in the historical log to explain how the model reaches a state consistent with the logged prefix. Never written to the output log -- the saved prefix is always exactly the input log, unchanged -- but these ARE counted in this case's activity-history used for probabilistic weighting of subsequent simulated events."
Application_1781623698,O_Accepted;A_Pending,"alignment needed to insert visible activity(ies) not present in the historical log to explain how the model reaches a state consistent with the logged prefix. Never written to the output log -- the saved prefix is always exactly the input log, unchanged -- but these ARE counted in this case's activity-history used for probabilistic weighting of subsequent simulated events."
Application_1785650204,A_Complete;O_Accepted;A_Pending,"alignment needed to insert visible activity(ies) not present in the historical log to explain how the model reaches a state consistent with the logged prefix. Never written to the output log -- the saved prefix is always exactly the input log, unchanged -- but these ARE counted in this case's activity-history used for probabilistic weighting of subsequent simulated events."
Application_1788428875,O_Accepted;A_Pending,"alignment needed to insert visible activity(ies) not present in the historical log to explain how the model reaches a state consistent with the logged prefix. Never written to the output log -- the saved prefix is always exactly the input log, unchanged -- but these ARE counted in this case's activity-history used for probabilistic weighting of subsequent simulated events."
Application_1791914839,O_Sent (mail and online);A_Complete;O_Accepted;A_Pending,"alignment needed to insert visible activity(ies) not present in the historical log to explain how the model reaches a state consistent with the logged prefix. Never written to the output log -- the saved prefix is always exactly the input log, unchanged -- but these ARE counted in this case's activity-history used for probabilistic weighting of subsequent simulated events."
Application_1812362363,O_Accepted;A_Pending,"alignment needed to insert visible activity(ies) not present in the historical log to explain how the model reaches a state consistent with the logged prefix. Never written to the output log -- the saved prefix is always exactly the input log, unchanged -- but these ARE counted in this case's activity-history used for probabilistic weighting of subsequent simulated events."
Application_1816863492,A_Complete;A_Cancelled,"alignment needed to insert visible activity(ies) not present in the historical log to explain how the model reaches a state consistent with the logged prefix. Never written to the output log -- the saved prefix is always exactly the input log, unchanged -- but these ARE counted in this case's activity-history used for probabilistic weighting of subsequent simulated events."
Application_1827376481,A_Complete,"alignment needed to insert visible activity(ies) not present in the historical log to explain how the model reaches a state consistent with the logged prefix. Never written to the output log -- the saved prefix is always exactly the input log, unchanged -- but these ARE counted in this case's activity-history used for probabilistic weighting of subsequent simulated events."
Application_183198602,O_Accepted,"alignment needed to insert visible activity(ies) not present in the historical log to explain how the model reaches a state consistent with the logged prefix. Never written to the output log -- the saved prefix is always exactly the input log, unchanged -- but these ARE counted in this case's activity-history used for probabilistic weighting of subsequent simulated events."
Application_1838351905,O_Sent (mail and online);A_Complete;A_Cancelled,"alignment needed to insert visible activity(ies) not present in the historical log to explain how the model reaches a state consistent with the logged prefix. Never written to the output log -- the saved prefix is always exactly the input log, unchanged -- but these ARE counted in this case's activity-history used for probabilistic weighting of subsequent simulated events."
Application_1847406506,A_Complete,"alignment needed to insert visible activity(ies) not present in the historical log to explain how the model reaches a state consistent with the logged prefix. Never written to the output log -- the saved prefix is always exactly the input log, unchanged -- but these ARE counted in this case's activity-history used for probabilistic weighting of subsequent simulated events."
Application_1854102565,A_Complete,"alignment needed to insert visible activity(ies) not present in the historical log to explain how the model reaches a state consistent with the logged prefix. Never written to the output log -- the saved prefix is always exactly the input log, unchanged -- but these ARE counted in this case's activity-history used for probabilistic weighting of subsequent simulated events."
Application_1862264307,A_Cancelled,"alignment needed to insert visible activity(ies) not present in the historical log to explain how the model reaches a state consistent with the logged prefix. Never written to the output log -- the saved prefix is always exactly the input log, unchanged -- but these ARE counted in this case's activity-history used for probabilistic weighting of subsequent simulated events."
Application_186667038,O_Sent (mail and online),"alignment needed to insert visible activity(ies) not present in the historical log to explain how the model reaches a state consistent with the logged prefix. Never written to the output log -- the saved prefix is always exactly the input log, unchanged -- but these ARE counted in this case's activity-history used for probabilistic weighting of subsequent simulated events."
Application_1877345729,A_Cancelled,"alignment needed to insert visible activity(ies) not present in the historical log to explain how the model reaches a state consistent with the logged prefix. Never written to the output log -- the saved prefix is always exactly the input log, unchanged -- but these ARE counted in this case's activity-history used for probabilistic weighting of subsequent simulated events."
Application_1883784032,O_Accepted;A_Pending,"alignment needed to insert visible activity(ies) not present in the historical log to explain how the model reaches a state consistent with the logged prefix. Never written to the output log -- the saved prefix is always exactly the input log, unchanged -- but these ARE counted in this case's activity-history used for probabilistic weighting of subsequent simulated events."
Application_1887563703,A_Complete;O_Accepted;A_Pending,"alignment needed to insert visible activity(ies) not present in the historical log to explain how the model reaches a state consistent with the logged prefix. Never written to the output log -- the saved prefix is always exactly the input log, unchanged -- but these ARE counted in this case's activity-history used for probabilistic weighting of subsequent simulated events."
Application_1892394315,O_Accepted;A_Pending,"alignment needed to insert visible activity(ies) not present in the historical log to explain how the model reaches a state consistent with the logged prefix. Never written to the output log -- the saved prefix is always exactly the input log, unchanged -- but these ARE counted in this case's activity-history used for probabilistic weighting of subsequent simulated events."
Application_1895224589,O_Accepted;A_Pending,"alignment needed to insert visible activity(ies) not present in the historical log to explain how the model reaches a state consistent with the logged prefix. Never written to the output log -- the saved prefix is always exactly the input log, unchanged -- but these ARE counted in this case's activity-history used for probabilistic weighting of subsequent simulated events."
Application_1910954034,A_Complete,"alignment needed to insert visible activity(ies) not present in the historical log to explain how the model reaches a state consistent with the logged prefix. Never written to the output log -- the saved prefix is always exactly the input log, unchanged -- but these ARE counted in this case's activity-history used for probabilistic weighting of subsequent simulated events."
Application_1921072973,A_Cancelled,"alignment needed to insert visible activity(ies) not present in the historical log to explain how the model reaches a state consistent with the logged prefix. Never written to the output log -- the saved prefix is always exactly the input log, unchanged -- but these ARE counted in this case's activity-history used for probabilistic weighting of subsequent simulated events."
Application_192191311,O_Accepted;A_Pending,"alignment needed to insert visible activity(ies) not present in the historical log to explain how the model reaches a state consistent with the logged prefix. Never written to the output log -- the saved prefix is always exactly the input log, unchanged -- but these ARE counted in this case's activity-history used for probabilistic weighting of subsequent simulated events."
Application_1921969224,O_Accepted;A_Pending,"alignment needed to insert visible activity(ies) not present in the historical log to explain how the model reaches a state consistent with the logged prefix. Never written to the output log -- the saved prefix is always exactly the input log, unchanged -- but these ARE counted in this case's activity-history used for probabilistic weighting of subsequent simulated events."
Application_1938975575,O_Accepted;A_Pending,"alignment needed to insert visible activity(ies) not present in the historical log to explain how the model reaches a state consistent with the logged prefix. Never written to the output log -- the saved prefix is always exactly the input log, unchanged -- but these ARE counted in this case's activity-history used for probabilistic weighting of subsequent simulated events."
Application_1940707964,O_Accepted;A_Pending,"alignment needed to insert visible activity(ies) not present in the historical log to explain how the model reaches a state consistent with the logged prefix. Never written to the output log -- the saved prefix is always exactly the input log, unchanged -- but these ARE counted in this case's activity-history used for probabilistic weighting of subsequent simulated events."
Application_1942375524,A_Complete,"alignment needed to insert visible activity(ies) not present in the historical log to explain how the model reaches a state consistent with the logged prefix. Never written to the output log -- the saved prefix is always exactly the input log, unchanged -- but these ARE counted in this case's activity-history used for probabilistic weighting of subsequent simulated events."
Application_1947537850,O_Sent (mail and online),"alignment needed to insert visible activity(ies) not present in the historical log to explain how the model reaches a state consistent with the logged prefix. Never written to the output log -- the saved prefix is always exactly the input log, unchanged -- but these ARE counted in this case's activity-history used for probabilistic weighting of subsequent simulated events."
Application_1959891562,A_Complete,"alignment needed to insert visible activity(ies) not present in the historical log to explain how the model reaches a state consistent with the logged prefix. Never written to the output log -- the saved prefix is always exactly the input log, unchanged -- but these ARE counted in this case's activity-history used for probabilistic weighting of subsequent simulated events."
Application_1965696946,O_Accepted;A_Pending,"alignment needed to insert visible activity(ies) not present in the historical log to explain how the model reaches a state consistent with the logged prefix. Never written to the output log -- the saved prefix is always exactly the input log, unchanged -- but these ARE counted in this case's activity-history used for probabilistic weighting of subsequent simulated events."
Application_1972106715,O_Accepted;A_Pending,"alignment needed to insert visible activity(ies) not present in the historical log to explain how the model reaches a state consistent with the logged prefix. Never written to the output log -- the saved prefix is always exactly the input log, unchanged -- but these ARE counted in this case's activity-history used for probabilistic weighting of subsequent simulated events."
Application_1978331738,A_Complete;O_Accepted;A_Pending,"alignment needed to insert visible activity(ies) not present in the historical log to explain how the model reaches a state consistent with the logged prefix. Never written to the output log -- the saved prefix is always exactly the input log, unchanged -- but these ARE counted in this case's activity-history used for probabilistic weighting of subsequent simulated events."
Application_1980172661,A_Complete,"alignment needed to insert visible activity(ies) not present in the historical log to explain how the model reaches a state consistent with the logged prefix. Never written to the output log -- the saved prefix is always exactly the input log, unchanged -- but these ARE counted in this case's activity-history used for probabilistic weighting of subsequent simulated events."
Application_1982448100,A_Complete,"alignment needed to insert visible activity(ies) not present in the historical log to explain how the model reaches a state consistent with the logged prefix. Never written to the output log -- the saved prefix is always exactly the input log, unchanged -- but these ARE counted in this case's activity-history used for probabilistic weighting of subsequent simulated events."
Application_1985157106,A_Complete,"alignment needed to insert visible activity(ies) not present in the historical log to explain how the model reaches a state consistent with the logged prefix. Never written to the output log -- the saved prefix is always exactly the input log, unchanged -- but these ARE counted in this case's activity-history used for probabilistic weighting of subsequent simulated events."
Application_2015936535,O_Accepted;A_Pending,"alignment needed to insert visible activity(ies) not present in the historical log to explain how the model reaches a state consistent with the logged prefix. Never written to the output log -- the saved prefix is always exactly the input log, unchanged -- but these ARE counted in this case's activity-history used for probabilistic weighting of subsequent simulated events."
Application_2024966703,O_Accepted;A_Pending,"alignment needed to insert visible activity(ies) not present in the historical log to explain how the model reaches a state consistent with the logged prefix. Never written to the output log -- the saved prefix is always exactly the input log, unchanged -- but these ARE counted in this case's activity-history used for probabilistic weighting of subsequent simulated events."
Application_2030070785,O_Accepted;A_Pending,"alignment needed to insert visible activity(ies) not present in the historical log to explain how the model reaches a state consistent with the logged prefix. Never written to the output log -- the saved prefix is always exactly the input log, unchanged -- but these ARE counted in this case's activity-history used for probabilistic weighting of subsequent simulated events."
Application_2031031437,O_Accepted;A_Pending,"alignment needed to insert visible activity(ies) not present in the historical log to explain how the model reaches a state consistent with the logged prefix. Never written to the output log -- the saved prefix is always exactly the input log, unchanged -- but these ARE counted in this case's activity-history used for probabilistic weighting of subsequent simulated events."
Application_2033977705,O_Sent (online only),"alignment needed to insert visible activity(ies) not present in the historical log to explain how the model reaches a state consistent with the logged prefix. Never written to the output log -- the saved prefix is always exactly the input log, unchanged -- but these ARE counted in this case's activity-history used for probabilistic weighting of subsequent simulated events."
Application_2041306952,A_Complete,"alignment needed to insert visible activity(ies) not present in the historical log to explain how the model reaches a state consistent with the logged prefix. Never written to the output log -- the saved prefix is always exactly the input log, unchanged -- but these ARE counted in this case's activity-history used for probabilistic weighting of subsequent simulated events."
Application_2054705159,O_Accepted;A_Pending,"alignment needed to insert visible activity(ies) not present in the historical log to explain how the model reaches a state consistent with the logged prefix. Never written to the output log -- the saved prefix is always exactly the input log, unchanged -- but these ARE counted in this case's activity-history used for probabilistic weighting of subsequent simulated events."
Application_2055289424,A_Cancelled,"alignment needed to insert visible activity(ies) not present in the historical log to explain how the model reaches a state consistent with the logged prefix. Never written to the output log -- the saved prefix is always exactly the input log, unchanged -- but these ARE counted in this case's activity-history used for probabilistic weighting of subsequent simulated events."
Application_2055536976,A_Complete;O_Accepted;A_Pending,"alignment needed to insert visible activity(ies) not present in the historical log to explain how the model reaches a state consistent with the logged prefix. Never written to the output log -- the saved prefix is always exactly the input log, unchanged -- but these ARE counted in this case's activity-history used for probabilistic weighting of subsequent simulated events."
Application_2062920725,A_Complete,"alignment needed to insert visible activity(ies) not present in the historical log to explain how the model reaches a state consistent with the logged prefix. Never written to the output log -- the saved prefix is always exactly the input log, unchanged -- but these ARE counted in this case's activity-history used for probabilistic weighting of subsequent simulated events."
Application_2067335172,O_Sent (mail and online),"alignment needed to insert visible activity(ies) not present in the historical log to explain how the model reaches a state consistent with the logged prefix. Never written to the output log -- the saved prefix is always exactly the input log, unchanged -- but these ARE counted in this case's activity-history used for probabilistic weighting of subsequent simulated events."
Application_2072387574,A_Complete,"alignment needed to insert visible activity(ies) not present in the historical log to explain how the model reaches a state consistent with the logged prefix. Never written to the output log -- the saved prefix is always exactly the input log, unchanged -- but these ARE counted in this case's activity-history used for probabilistic weighting of subsequent simulated events."
Application_2073946665,O_Accepted;A_Pending,"alignment needed to insert visible activity(ies) not present in the historical log to explain how the model reaches a state consistent with the logged prefix. Never written to the output log -- the saved prefix is always exactly the input log, unchanged -- but these ARE counted in this case's activity-history used for probabilistic weighting of subsequent simulated events."
Application_20756984,A_Complete,"alignment needed to insert visible activity(ies) not present in the historical log to explain how the model reaches a state consistent with the logged prefix. Never written to the output log -- the saved prefix is always exactly the input log, unchanged -- but these ARE counted in this case's activity-history used for probabilistic weighting of subsequent simulated events."
Application_2092004160,A_Complete;A_Cancelled;O_Cancelled,"alignment needed to insert visible activity(ies) not present in the historical log to explain how the model reaches a state consistent with the logged prefix. Never written to the output log -- the saved prefix is always exactly the input log, unchanged -- but these ARE counted in this case's activity-history used for probabilistic weighting of subsequent simulated events."
Application_2093027855,O_Sent (mail and online);O_Accepted;A_Pending,"alignment needed to insert visible activity(ies) not present in the historical log to explain how the model reaches a state consistent with the logged prefix. Never written to the output log -- the saved prefix is always exactly the input log, unchanged -- but these ARE counted in this case's activity-history used for probabilistic weighting of subsequent simulated events."
Application_2102558833,O_Accepted;A_Pending,"alignment needed to insert visible activity(ies) not present in the historical log to explain how the model reaches a state consistent with the logged prefix. Never written to the output log -- the saved prefix is always exactly the input log, unchanged -- but these ARE counted in this case's activity-history used for probabilistic weighting of subsequent simulated events."
Application_2118959355,O_Accepted;A_Pending,"alignment needed to insert visible activity(ies) not present in the historical log to explain how the model reaches a state consistent with the logged prefix. Never written to the output log -- the saved prefix is always exactly the input log, unchanged -- but these ARE counted in this case's activity-history used for probabilistic weighting of subsequent simulated events."
Application_2123334132,O_Accepted;A_Pending,"alignment needed to insert visible activity(ies) not present in the historical log to explain how the model reaches a state consistent with the logged prefix. Never written to the output log -- the saved prefix is always exactly the input log, unchanged -- but these ARE counted in this case's activity-history used for probabilistic weighting of subsequent simulated events."
Application_2131766598,O_Sent (mail and online),"alignment needed to insert visible activity(ies) not present in the historical log to explain how the model reaches a state consistent with the logged prefix. Never written to the output log -- the saved prefix is always exactly the input log, unchanged -- but these ARE counted in this case's activity-history used for probabilistic weighting of subsequent simulated events."
Application_214000838,O_Accepted;A_Pending,"alignment needed to insert visible activity(ies) not present in the historical log to explain how the model reaches a state consistent with the logged prefix. Never written to the output log -- the saved prefix is always exactly the input log, unchanged -- but these ARE counted in this case's activity-history used for probabilistic weighting of subsequent simulated events."
Application_2143102476,A_Complete,"alignment needed to insert visible activity(ies) not present in the historical log to explain how the model reaches a state consistent with the logged prefix. Never written to the output log -- the saved prefix is always exactly the input log, unchanged -- but these ARE counted in this case's activity-history used for probabilistic weighting of subsequent simulated events."
Application_2143151465,O_Accepted;A_Pending,"alignment needed to insert visible activity(ies) not present in the historical log to explain how the model reaches a state consistent with the logged prefix. Never written to the output log -- the saved prefix is always exactly the input log, unchanged -- but these ARE counted in this case's activity-history used for probabilistic weighting of subsequent simulated events."
Application_2188153,O_Accepted;A_Pending,"alignment needed to insert visible activity(ies) not present in the historical log to explain how the model reaches a state consistent with the logged prefix. Never written to the output log -- the saved prefix is always exactly the input log, unchanged -- but these ARE counted in this case's activity-history used for probabilistic weighting of subsequent simulated events."
Application_242124370,A_Complete;O_Accepted;A_Pending,"alignment needed to insert visible activity(ies) not present in the historical log to explain how the model reaches a state consistent with the logged prefix. Never written to the output log -- the saved prefix is always exactly the input log, unchanged -- but these ARE counted in this case's activity-history used for probabilistic weighting of subsequent simulated events."
Application_260150735,O_Accepted;A_Pending,"alignment needed to insert visible activity(ies) not present in the historical log to explain how the model reaches a state consistent with the logged prefix. Never written to the output log -- the saved prefix is always exactly the input log, unchanged -- but these ARE counted in this case's activity-history used for probabilistic weighting of subsequent simulated events."
Application_268406883,A_Complete;O_Accepted;A_Pending,"alignment needed to insert visible activity(ies) not present in the historical log to explain how the model reaches a state consistent with the logged prefix. Never written to the output log -- the saved prefix is always exactly the input log, unchanged -- but these ARE counted in this case's activity-history used for probabilistic weighting of subsequent simulated events."
Application_268431474,O_Accepted;A_Pending,"alignment needed to insert visible activity(ies) not present in the historical log to explain how the model reaches a state consistent with the logged prefix. Never written to the output log -- the saved prefix is always exactly the input log, unchanged -- but these ARE counted in this case's activity-history used for probabilistic weighting of subsequent simulated events."
Application_274583570,O_Accepted;A_Pending,"alignment needed to insert visible activity(ies) not present in the historical log to explain how the model reaches a state consistent with the logged prefix. Never written to the output log -- the saved prefix is always exactly the input log, unchanged -- but these ARE counted in this case's activity-history used for probabilistic weighting of subsequent simulated events."
Application_277122874,A_Complete;A_Cancelled,"alignment needed to insert visible activity(ies) not present in the historical log to explain how the model reaches a state consistent with the logged prefix. Never written to the output log -- the saved prefix is always exactly the input log, unchanged -- but these ARE counted in this case's activity-history used for probabilistic weighting of subsequent simulated events."
Application_293379010,A_Complete;O_Accepted;A_Pending,"alignment needed to insert visible activity(ies) not present in the historical log to explain how the model reaches a state consistent with the logged prefix. Never written to the output log -- the saved prefix is always exactly the input log, unchanged -- but these ARE counted in this case's activity-history used for probabilistic weighting of subsequent simulated events."
Application_30994806,O_Accepted;A_Pending,"alignment needed to insert visible activity(ies) not present in the historical log to explain how the model reaches a state consistent with the logged prefix. Never written to the output log -- the saved prefix is always exactly the input log, unchanged -- but these ARE counted in this case's activity-history used for probabilistic weighting of subsequent simulated events."
Application_315698810,A_Complete,"alignment needed to insert visible activity(ies) not present in the historical log to explain how the model reaches a state consistent with the logged prefix. Never written to the output log -- the saved prefix is always exactly the input log, unchanged -- but these ARE counted in this case's activity-history used for probabilistic weighting of subsequent simulated events."
Application_32936700,O_Accepted;A_Pending,"alignment needed to insert visible activity(ies) not present in the historical log to explain how the model reaches a state consistent with the logged prefix. Never written to the output log -- the saved prefix is always exactly the input log, unchanged -- but these ARE counted in this case's activity-history used for probabilistic weighting of subsequent simulated events."
Application_342956454,O_Accepted;A_Pending,"alignment needed to insert visible activity(ies) not present in the historical log to explain how the model reaches a state consistent with the logged prefix. Never written to the output log -- the saved prefix is always exactly the input log, unchanged -- but these ARE counted in this case's activity-history used for probabilistic weighting of subsequent simulated events."
Application_373749624,O_Accepted;A_Pending,"alignment needed to insert visible activity(ies) not present in the historical log to explain how the model reaches a state consistent with the logged prefix. Never written to the output log -- the saved prefix is always exactly the input log, unchanged -- but these ARE counted in this case's activity-history used for probabilistic weighting of subsequent simulated events."
Application_37978891,O_Accepted;A_Pending,"alignment needed to insert visible activity(ies) not present in the historical log to explain how the model reaches a state consistent with the logged prefix. Never written to the output log -- the saved prefix is always exactly the input log, unchanged -- but these ARE counted in this case's activity-history used for probabilistic weighting of subsequent simulated events."
Application_397384889,O_Accepted;A_Pending,"alignment needed to insert visible activity(ies) not present in the historical log to explain how the model reaches a state consistent with the logged prefix. Never written to the output log -- the saved prefix is always exactly the input log, unchanged -- but these ARE counted in this case's activity-history used for probabilistic weighting of subsequent simulated events."
Application_419933910,A_Complete;O_Accepted;A_Pending,"alignment needed to insert visible activity(ies) not present in the historical log to explain how the model reaches a state consistent with the logged prefix. Never written to the output log -- the saved prefix is always exactly the input log, unchanged -- but these ARE counted in this case's activity-history used for probabilistic weighting of subsequent simulated events."
Application_423439630,A_Complete,"alignment needed to insert visible activity(ies) not present in the historical log to explain how the model reaches a state consistent with the logged prefix. Never written to the output log -- the saved prefix is always exactly the input log, unchanged -- but these ARE counted in this case's activity-history used for probabilistic weighting of subsequent simulated events."
Application_4267974,A_Complete;O_Returned,"alignment needed to insert visible activity(ies) not present in the historical log to explain how the model reaches a state consistent with the logged prefix. Never written to the output log -- the saved prefix is always exactly the input log, unchanged -- but these ARE counted in this case's activity-history used for probabilistic weighting of subsequent simulated events."
Application_435700999,O_Accepted;A_Pending,"alignment needed to insert visible activity(ies) not present in the historical log to explain how the model reaches a state consistent with the logged prefix. Never written to the output log -- the saved prefix is always exactly the input log, unchanged -- but these ARE counted in this case's activity-history used for probabilistic weighting of subsequent simulated events."
Application_43612522,A_Complete,"alignment needed to insert visible activity(ies) not present in the historical log to explain how the model reaches a state consistent with the logged prefix. Never written to the output log -- the saved prefix is always exactly the input log, unchanged -- but these ARE counted in this case's activity-history used for probabilistic weighting of subsequent simulated events."
Application_44239326,A_Complete,"alignment needed to insert visible activity(ies) not present in the historical log to explain how the model reaches a state consistent with the logged prefix. Never written to the output log -- the saved prefix is always exactly the input log, unchanged -- but these ARE counted in this case's activity-history used for probabilistic weighting of subsequent simulated events."
Application_449631390,O_Accepted;A_Pending,"alignment needed to insert visible activity(ies) not present in the historical log to explain how the model reaches a state consistent with the logged prefix. Never written to the output log -- the saved prefix is always exactly the input log, unchanged -- but these ARE counted in this case's activity-history used for probabilistic weighting of subsequent simulated events."
Application_450199756,A_Cancelled,"alignment needed to insert visible activity(ies) not present in the historical log to explain how the model reaches a state consistent with the logged prefix. Never written to the output log -- the saved prefix is always exactly the input log, unchanged -- but these ARE counted in this case's activity-history used for probabilistic weighting of subsequent simulated events."
Application_451813045,O_Accepted;A_Pending,"alignment needed to insert visible activity(ies) not present in the historical log to explain how the model reaches a state consistent with the logged prefix. Never written to the output log -- the saved prefix is always exactly the input log, unchanged -- but these ARE counted in this case's activity-history used for probabilistic weighting of subsequent simulated events."
Application_45900350,A_Complete,"alignment needed to insert visible activity(ies) not present in the historical log to explain how the model reaches a state consistent with the logged prefix. Never written to the output log -- the saved prefix is always exactly the input log, unchanged -- but these ARE counted in this case's activity-history used for probabilistic weighting of subsequent simulated events."
Application_459955569,O_Accepted;A_Pending,"alignment needed to insert visible activity(ies) not present in the historical log to explain how the model reaches a state consistent with the logged prefix. Never written to the output log -- the saved prefix is always exactly the input log, unchanged -- but these ARE counted in this case's activity-history used for probabilistic weighting of subsequent simulated events."
Application_476454760,O_Accepted;A_Pending,"alignment needed to insert visible activity(ies) not present in the historical log to explain how the model reaches a state consistent with the logged prefix. Never written to the output log -- the saved prefix is always exactly the input log, unchanged -- but these ARE counted in this case's activity-history used for probabilistic weighting of subsequent simulated events."
Application_491957667,A_Complete,"alignment needed to insert visible activity(ies) not present in the historical log to explain how the model reaches a state consistent with the logged prefix. Never written to the output log -- the saved prefix is always exactly the input log, unchanged -- but these ARE counted in this case's activity-history used for probabilistic weighting of subsequent simulated events."
Application_504905109,O_Accepted;A_Pending,"alignment needed to insert visible activity(ies) not present in the historical log to explain how the model reaches a state consistent with the logged prefix. Never written to the output log -- the saved prefix is always exactly the input log, unchanged -- but these ARE counted in this case's activity-history used for probabilistic weighting of subsequent simulated events."
Application_516603717,A_Complete,"alignment needed to insert visible activity(ies) not present in the historical log to explain how the model reaches a state consistent with the logged prefix. Never written to the output log -- the saved prefix is always exactly the input log, unchanged -- but these ARE counted in this case's activity-history used for probabilistic weighting of subsequent simulated events."
Application_522443860,O_Accepted;A_Pending,"alignment needed to insert visible activity(ies) not present in the historical log to explain how the model reaches a state consistent with the logged prefix. Never written to the output log -- the saved prefix is always exactly the input log, unchanged -- but these ARE counted in this case's activity-history used for probabilistic weighting of subsequent simulated events."
Application_535782889,O_Accepted;A_Pending,"alignment needed to insert visible activity(ies) not present in the historical log to explain how the model reaches a state consistent with the logged prefix. Never written to the output log -- the saved prefix is always exactly the input log, unchanged -- but these ARE counted in this case's activity-history used for probabilistic weighting of subsequent simulated events."
Application_542599834,A_Cancelled,"alignment needed to insert visible activity(ies) not present in the historical log to explain how the model reaches a state consistent with the logged prefix. Never written to the output log -- the saved prefix is always exactly the input log, unchanged -- but these ARE counted in this case's activity-history used for probabilistic weighting of subsequent simulated events."
Application_561867924,O_Accepted;A_Pending,"alignment needed to insert visible activity(ies) not present in the historical log to explain how the model reaches a state consistent with the logged prefix. Never written to the output log -- the saved prefix is always exactly the input log, unchanged -- but these ARE counted in this case's activity-history used for probabilistic weighting of subsequent simulated events."
Application_562228671,A_Complete,"alignment needed to insert visible activity(ies) not present in the historical log to explain how the model reaches a state consistent with the logged prefix. Never written to the output log -- the saved prefix is always exactly the input log, unchanged -- but these ARE counted in this case's activity-history used for probabilistic weighting of subsequent simulated events."
Application_566861080,O_Accepted;A_Pending,"alignment needed to insert visible activity(ies) not present in the historical log to explain how the model reaches a state consistent with the logged prefix. Never written to the output log -- the saved prefix is always exactly the input log, unchanged -- but these ARE counted in this case's activity-history used for probabilistic weighting of subsequent simulated events."
Application_573409420,A_Complete,"alignment needed to insert visible activity(ies) not present in the historical log to explain how the model reaches a state consistent with the logged prefix. Never written to the output log -- the saved prefix is always exactly the input log, unchanged -- but these ARE counted in this case's activity-history used for probabilistic weighting of subsequent simulated events."
Application_577888910,O_Accepted;A_Pending,"alignment needed to insert visible activity(ies) not present in the historical log to explain how the model reaches a state consistent with the logged prefix. Never written to the output log -- the saved prefix is always exactly the input log, unchanged -- but these ARE counted in this case's activity-history used for probabilistic weighting of subsequent simulated events."
Application_581494514,A_Cancelled,"alignment needed to insert visible activity(ies) not present in the historical log to explain how the model reaches a state consistent with the logged prefix. Never written to the output log -- the saved prefix is always exactly the input log, unchanged -- but these ARE counted in this case's activity-history used for probabilistic weighting of subsequent simulated events."
Application_588418009,A_Complete,"alignment needed to insert visible activity(ies) not present in the historical log to explain how the model reaches a state consistent with the logged prefix. Never written to the output log -- the saved prefix is always exactly the input log, unchanged -- but these ARE counted in this case's activity-history used for probabilistic weighting of subsequent simulated events."
Application_610717758,A_Cancelled,"alignment needed to insert visible activity(ies) not present in the historical log to explain how the model reaches a state consistent with the logged prefix. Never written to the output log -- the saved prefix is always exactly the input log, unchanged -- but these ARE counted in this case's activity-history used for probabilistic weighting of subsequent simulated events."
Application_618229289,O_Accepted;A_Pending,"alignment needed to insert visible activity(ies) not present in the historical log to explain how the model reaches a state consistent with the logged prefix. Never written to the output log -- the saved prefix is always exactly the input log, unchanged -- but these ARE counted in this case's activity-history used for probabilistic weighting of subsequent simulated events."
Application_619819743,A_Complete,"alignment needed to insert visible activity(ies) not present in the historical log to explain how the model reaches a state consistent with the logged prefix. Never written to the output log -- the saved prefix is always exactly the input log, unchanged -- but these ARE counted in this case's activity-history used for probabilistic weighting of subsequent simulated events."
Application_639140332,O_Sent (mail and online);A_Complete,"alignment needed to insert visible activity(ies) not present in the historical log to explain how the model reaches a state consistent with the logged prefix. Never written to the output log -- the saved prefix is always exactly the input log, unchanged -- but these ARE counted in this case's activity-history used for probabilistic weighting of subsequent simulated events."
Application_64246554,O_Accepted;A_Pending,"alignment needed to insert visible activity(ies) not present in the historical log to explain how the model reaches a state consistent with the logged prefix. Never written to the output log -- the saved prefix is always exactly the input log, unchanged -- but these ARE counted in this case's activity-history used for probabilistic weighting of subsequent simulated events."
Application_64965901,O_Sent (mail and online),"alignment needed to insert visible activity(ies) not present in the historical log to explain how the model reaches a state consistent with the logged prefix. Never written to the output log -- the saved prefix is always exactly the input log, unchanged -- but these ARE counted in this case's activity-history used for probabilistic weighting of subsequent simulated events."
Application_652119414,O_Accepted;A_Pending,"alignment needed to insert visible activity(ies) not present in the historical log to explain how the model reaches a state consistent with the logged prefix. Never written to the output log -- the saved prefix is always exactly the input log, unchanged -- but these ARE counted in this case's activity-history used for probabilistic weighting of subsequent simulated events."
Application_654470447,O_Accepted;A_Pending,"alignment needed to insert visible activity(ies) not present in the historical log to explain how the model reaches a state consistent with the logged prefix. Never written to the output log -- the saved prefix is always exactly the input log, unchanged -- but these ARE counted in this case's activity-history used for probabilistic weighting of subsequent simulated events."
Application_655546228,O_Returned,"alignment needed to insert visible activity(ies) not present in the historical log to explain how the model reaches a state consistent with the logged prefix. Never written to the output log -- the saved prefix is always exactly the input log, unchanged -- but these ARE counted in this case's activity-history used for probabilistic weighting of subsequent simulated events."
Application_694825379,O_Accepted;A_Pending,"alignment needed to insert visible activity(ies) not present in the historical log to explain how the model reaches a state consistent with the logged prefix. Never written to the output log -- the saved prefix is always exactly the input log, unchanged -- but these ARE counted in this case's activity-history used for probabilistic weighting of subsequent simulated events."
Application_699126971,O_Accepted;A_Pending,"alignment needed to insert visible activity(ies) not present in the historical log to explain how the model reaches a state consistent with the logged prefix. Never written to the output log -- the saved prefix is always exactly the input log, unchanged -- but these ARE counted in this case's activity-history used for probabilistic weighting of subsequent simulated events."
Application_729141109,O_Accepted;A_Pending,"alignment needed to insert visible activity(ies) not present in the historical log to explain how the model reaches a state consistent with the logged prefix. Never written to the output log -- the saved prefix is always exactly the input log, unchanged -- but these ARE counted in this case's activity-history used for probabilistic weighting of subsequent simulated events."
Application_744357049,O_Sent (mail and online),"alignment needed to insert visible activity(ies) not present in the historical log to explain how the model reaches a state consistent with the logged prefix. Never written to the output log -- the saved prefix is always exactly the input log, unchanged -- but these ARE counted in this case's activity-history used for probabilistic weighting of subsequent simulated events."
Application_747084251,O_Accepted;A_Pending,"alignment needed to insert visible activity(ies) not present in the historical log to explain how the model reaches a state consistent with the logged prefix. Never written to the output log -- the saved prefix is always exactly the input log, unchanged -- but these ARE counted in this case's activity-history used for probabilistic weighting of subsequent simulated events."
Application_7606451,O_Accepted;A_Pending,"alignment needed to insert visible activity(ies) not present in the historical log to explain how the model reaches a state consistent with the logged prefix. Never written to the output log -- the saved prefix is always exactly the input log, unchanged -- but these ARE counted in this case's activity-history used for probabilistic weighting of subsequent simulated events."
Application_769670015,A_Cancelled,"alignment needed to insert visible activity(ies) not present in the historical log to explain how the model reaches a state consistent with the logged prefix. Never written to the output log -- the saved prefix is always exactly the input log, unchanged -- but these ARE counted in this case's activity-history used for probabilistic weighting of subsequent simulated events."
Application_797417927,O_Accepted;A_Pending,"alignment needed to insert visible activity(ies) not present in the historical log to explain how the model reaches a state consistent with the logged prefix. Never written to the output log -- the saved prefix is always exactly the input log, unchanged -- but these ARE counted in this case's activity-history used for probabilistic weighting of subsequent simulated events."
Application_806234153,O_Sent (mail and online),"alignment needed to insert visible activity(ies) not present in the historical log to explain how the model reaches a state consistent with the logged prefix. Never written to the output log -- the saved prefix is always exactly the input log, unchanged -- but these ARE counted in this case's activity-history used for probabilistic weighting of subsequent simulated events."
Application_807155180,O_Accepted;A_Pending,"alignment needed to insert visible activity(ies) not present in the historical log to explain how the model reaches a state consistent with the logged prefix. Never written to the output log -- the saved prefix is always exactly the input log, unchanged -- but these ARE counted in this case's activity-history used for probabilistic weighting of subsequent simulated events."
Application_808162283,O_Accepted;A_Pending,"alignment needed to insert visible activity(ies) not present in the historical log to explain how the model reaches a state consistent with the logged prefix. Never written to the output log -- the saved prefix is always exactly the input log, unchanged -- but these ARE counted in this case's activity-history used for probabilistic weighting of subsequent simulated events."
Application_808506107,O_Accepted;A_Pending,"alignment needed to insert visible activity(ies) not present in the historical log to explain how the model reaches a state consistent with the logged prefix. Never written to the output log -- the saved prefix is always exactly the input log, unchanged -- but these ARE counted in this case's activity-history used for probabilistic weighting of subsequent simulated events."
Application_809842364,A_Denied;O_Refused,"alignment needed to insert visible activity(ies) not present in the historical log to explain how the model reaches a state consistent with the logged prefix. Never written to the output log -- the saved prefix is always exactly the input log, unchanged -- but these ARE counted in this case's activity-history used for probabilistic weighting of subsequent simulated events."
Application_812506944,A_Complete,"alignment needed to insert visible activity(ies) not present in the historical log to explain how the model reaches a state consistent with the logged prefix. Never written to the output log -- the saved prefix is always exactly the input log, unchanged -- but these ARE counted in this case's activity-history used for probabilistic weighting of subsequent simulated events."
Application_813307149,A_Complete;O_Accepted;A_Pending,"alignment needed to insert visible activity(ies) not present in the historical log to explain how the model reaches a state consistent with the logged prefix. Never written to the output log -- the saved prefix is always exactly the input log, unchanged -- but these ARE counted in this case's activity-history used for probabilistic weighting of subsequent simulated events."
Application_825818565,O_Accepted;A_Pending,"alignment needed to insert visible activity(ies) not present in the historical log to explain how the model reaches a state consistent with the logged prefix. Never written to the output log -- the saved prefix is always exactly the input log, unchanged -- but these ARE counted in this case's activity-history used for probabilistic weighting of subsequent simulated events."
Application_839751740,O_Accepted;A_Pending,"alignment needed to insert visible activity(ies) not present in the historical log to explain how the model reaches a state consistent with the logged prefix. Never written to the output log -- the saved prefix is always exactly the input log, unchanged -- but these ARE counted in this case's activity-history used for probabilistic weighting of subsequent simulated events."
Application_841851350,O_Accepted;A_Pending,"alignment needed to insert visible activity(ies) not present in the historical log to explain how the model reaches a state consistent with the logged prefix. Never written to the output log -- the saved prefix is always exactly the input log, unchanged -- but these ARE counted in this case's activity-history used for probabilistic weighting of subsequent simulated events."
Application_849701067,O_Accepted;A_Pending,"alignment needed to insert visible activity(ies) not present in the historical log to explain how the model reaches a state consistent with the logged prefix. Never written to the output log -- the saved prefix is always exactly the input log, unchanged -- but these ARE counted in this case's activity-history used for probabilistic weighting of subsequent simulated events."
Application_856904799,A_Complete;O_Accepted;A_Pending,"alignment needed to insert visible activity(ies) not present in the historical log to explain how the model reaches a state consistent with the logged prefix. Never written to the output log -- the saved prefix is always exactly the input log, unchanged -- but these ARE counted in this case's activity-history used for probabilistic weighting of subsequent simulated events."
Application_858881040,O_Accepted;A_Pending,"alignment needed to insert visible activity(ies) not present in the historical log to explain how the model reaches a state consistent with the logged prefix. Never written to the output log -- the saved prefix is always exactly the input log, unchanged -- but these ARE counted in this case's activity-history used for probabilistic weighting of subsequent simulated events."
Application_862319891,O_Accepted;A_Pending,"alignment needed to insert visible activity(ies) not present in the historical log to explain how the model reaches a state consistent with the logged prefix. Never written to the output log -- the saved prefix is always exactly the input log, unchanged -- but these ARE counted in this case's activity-history used for probabilistic weighting of subsequent simulated events."
Application_864484571,O_Accepted;A_Pending,"alignment needed to insert visible activity(ies) not present in the historical log to explain how the model reaches a state consistent with the logged prefix. Never written to the output log -- the saved prefix is always exactly the input log, unchanged -- but these ARE counted in this case's activity-history used for probabilistic weighting of subsequent simulated events."
Application_901150708,A_Complete;A_Cancelled,"alignment needed to insert visible activity(ies) not present in the historical log to explain how the model reaches a state consistent with the logged prefix. Never written to the output log -- the saved prefix is always exactly the input log, unchanged -- but these ARE counted in this case's activity-history used for probabilistic weighting of subsequent simulated events."
Application_904451412,O_Sent (mail and online);A_Complete;A_Cancelled,"alignment needed to insert visible activity(ies) not present in the historical log to explain how the model reaches a state consistent with the logged prefix. Never written to the output log -- the saved prefix is always exactly the input log, unchanged -- but these ARE counted in this case's activity-history used for probabilistic weighting of subsequent simulated events."
Application_907188218,O_Accepted;A_Pending,"alignment needed to insert visible activity(ies) not present in the historical log to explain how the model reaches a state consistent with the logged prefix. Never written to the output log -- the saved prefix is always exactly the input log, unchanged -- but these ARE counted in this case's activity-history used for probabilistic weighting of subsequent simulated events."
Application_908229321,O_Accepted;A_Pending,"alignment needed to insert visible activity(ies) not present in the historical log to explain how the model reaches a state consistent with the logged prefix. Never written to the output log -- the saved prefix is always exactly the input log, unchanged -- but these ARE counted in this case's activity-history used for probabilistic weighting of subsequent simulated events."
Application_917640298,A_Complete;A_Cancelled,"alignment needed to insert visible activity(ies) not present in the historical log to explain how the model reaches a state consistent with the logged prefix. Never written to the output log -- the saved prefix is always exactly the input log, unchanged -- but these ARE counted in this case's activity-history used for probabilistic weighting of subsequent simulated events."
Application_923517455,O_Accepted;A_Pending,"alignment needed to insert visible activity(ies) not present in the historical log to explain how the model reaches a state consistent with the logged prefix. Never written to the output log -- the saved prefix is always exactly the input log, unchanged -- but these ARE counted in this case's activity-history used for probabilistic weighting of subsequent simulated events."
Application_944419573,A_Complete,"alignment needed to insert visible activity(ies) not present in the historical log to explain how the model reaches a state consistent with the logged prefix. Never written to the output log -- the saved prefix is always exactly the input log, unchanged -- but these ARE counted in this case's activity-history used for probabilistic weighting of subsequent simulated events."
Application_944860637,O_Accepted;A_Pending,"alignment needed to insert visible activity(ies) not present in the historical log to explain how the model reaches a state consistent with the logged prefix. Never written to the output log -- the saved prefix is always exactly the input log, unchanged -- but these ARE counted in this case's activity-history used for probabilistic weighting of subsequent simulated events."
Application_958762299,O_Accepted;A_Pending,"alignment needed to insert visible activity(ies) not present in the historical log to explain how the model reaches a state consistent with the logged prefix. Never written to the output log -- the saved prefix is always exactly the input log, unchanged -- but these ARE counted in this case's activity-history used for probabilistic weighting of subsequent simulated events."
Application_959893793,O_Accepted;A_Pending,"alignment needed to insert visible activity(ies) not present in the historical log to explain how the model reaches a state consistent with the logged prefix. Never written to the output log -- the saved prefix is always exactly the input log, unchanged -- but these ARE counted in this case's activity-history used for probabilistic weighting of subsequent simulated events."
Application_967577338,A_Complete,"alignment needed to insert visible activity(ies) not present in the historical log to explain how the model reaches a state consistent with the logged prefix. Never written to the output log -- the saved prefix is always exactly the input log, unchanged -- but these ARE counted in this case's activity-history used for probabilistic weighting of subsequent simulated events."
Application_970965406,O_Accepted;A_Pending,"alignment needed to insert visible activity(ies) not present in the historical log to explain how the model reaches a state consistent with the logged prefix. Never written to the output log -- the saved prefix is always exactly the input log, unchanged -- but these ARE counted in this case's activity-history used for probabilistic weighting of subsequent simulated events."
Application_974485148,O_Accepted;A_Pending,"alignment needed to insert visible activity(ies) not present in the historical log to explain how the model reaches a state consistent with the logged prefix. Never written to the output log -- the saved prefix is always exactly the input log, unchanged -- but these ARE counted in this case's activity-history used for probabilistic weighting of subsequent simulated events."
Application_974575173,O_Accepted;A_Pending,"alignment needed to insert visible activity(ies) not present in the historical log to explain how the model reaches a state consistent with the logged prefix. Never written to the output log -- the saved prefix is always exactly the input log, unchanged -- but these ARE counted in this case's activity-history used for probabilistic weighting of subsequent simulated events."
Application_988369102,O_Sent (mail and online),"alignment needed to insert visible activity(ies) not present in the historical log to explain how the model reaches a state consistent with the logged prefix. Never written to the output log -- the saved prefix is always exactly the input log, unchanged -- but these ARE counted in this case's activity-history used for probabilistic weighting of subsequent simulated events."
Application_999464866,A_Complete;O_Accepted;A_Pending,"alignment needed to insert visible activity(ies) not present in the historical log to explain how the model reaches a state consistent with the logged prefix. Never written to the output log -- the saved prefix is always exactly the input log, unchanged -- but these ARE counted in this case's activity-history used for probabilistic weighting of subsequent simulated events."
