case:concept:name,inserted_activities,reason
188485,W_Completeren aanvraag;W_Completeren aanvraag;W_Completeren aanvraag;O_SENT_BACK;W_Completeren aanvraag;O_SELECTED;W_Completeren aanvraag,"alignment needed to insert visible activity(ies) not present in the historical log to explain how the model reaches a state consistent with the logged prefix. Never written to the output log -- the saved prefix is always exactly the input log, unchanged -- but these ARE counted in this case's activity-history used for probabilistic weighting of subsequent simulated events."
189805,W_Completeren aanvraag;W_Completeren aanvraag;O_CANCELLED;W_Completeren aanvraag,"alignment needed to insert visible activity(ies) not present in the historical log to explain how the model reaches a state consistent with the logged prefix. Never written to the output log -- the saved prefix is always exactly the input log, unchanged -- but these ARE counted in this case's activity-history used for probabilistic weighting of subsequent simulated events."
191644,O_SENT_BACK,"alignment needed to insert visible activity(ies) not present in the historical log to explain how the model reaches a state consistent with the logged prefix. Never written to the output log -- the saved prefix is always exactly the input log, unchanged -- but these ARE counted in this case's activity-history used for probabilistic weighting of subsequent simulated events."
193647,W_Completeren aanvraag;O_SELECTED;W_Completeren aanvraag,"alignment needed to insert visible activity(ies) not present in the historical log to explain how the model reaches a state consistent with the logged prefix. Never written to the output log -- the saved prefix is always exactly the input log, unchanged -- but these ARE counted in this case's activity-history used for probabilistic weighting of subsequent simulated events."
193968,O_CANCELLED;W_Completeren aanvraag,"alignment needed to insert visible activity(ies) not present in the historical log to explain how the model reaches a state consistent with the logged prefix. Never written to the output log -- the saved prefix is always exactly the input log, unchanged -- but these ARE counted in this case's activity-history used for probabilistic weighting of subsequent simulated events."
194139,W_Completeren aanvraag;O_SENT_BACK;W_Completeren aanvraag;O_SENT_BACK;O_SELECTED;W_Completeren aanvraag,"alignment needed to insert visible activity(ies) not present in the historical log to explain how the model reaches a state consistent with the logged prefix. Never written to the output log -- the saved prefix is always exactly the input log, unchanged -- but these ARE counted in this case's activity-history used for probabilistic weighting of subsequent simulated events."
194269,O_CANCELLED;W_Completeren aanvraag,"alignment needed to insert visible activity(ies) not present in the historical log to explain how the model reaches a state consistent with the logged prefix. Never written to the output log -- the saved prefix is always exactly the input log, unchanged -- but these ARE counted in this case's activity-history used for probabilistic weighting of subsequent simulated events."
195082,O_CANCELLED;W_Completeren aanvraag,"alignment needed to insert visible activity(ies) not present in the historical log to explain how the model reaches a state consistent with the logged prefix. Never written to the output log -- the saved prefix is always exactly the input log, unchanged -- but these ARE counted in this case's activity-history used for probabilistic weighting of subsequent simulated events."
195175,O_SELECTED;W_Completeren aanvraag,"alignment needed to insert visible activity(ies) not present in the historical log to explain how the model reaches a state consistent with the logged prefix. Never written to the output log -- the saved prefix is always exactly the input log, unchanged -- but these ARE counted in this case's activity-history used for probabilistic weighting of subsequent simulated events."
195247,W_Valideren aanvraag,"alignment needed to insert visible activity(ies) not present in the historical log to explain how the model reaches a state consistent with the logged prefix. Never written to the output log -- the saved prefix is always exactly the input log, unchanged -- but these ARE counted in this case's activity-history used for probabilistic weighting of subsequent simulated events."
195259,W_Completeren aanvraag;W_Completeren aanvraag,"alignment needed to insert visible activity(ies) not present in the historical log to explain how the model reaches a state consistent with the logged prefix. Never written to the output log -- the saved prefix is always exactly the input log, unchanged -- but these ARE counted in this case's activity-history used for probabilistic weighting of subsequent simulated events."
195323,W_Completeren aanvraag;O_SENT_BACK;W_Completeren aanvraag,"alignment needed to insert visible activity(ies) not present in the historical log to explain how the model reaches a state consistent with the logged prefix. Never written to the output log -- the saved prefix is always exactly the input log, unchanged -- but these ARE counted in this case's activity-history used for probabilistic weighting of subsequent simulated events."
195654,W_Completeren aanvraag;O_SELECTED;W_Completeren aanvraag,"alignment needed to insert visible activity(ies) not present in the historical log to explain how the model reaches a state consistent with the logged prefix. Never written to the output log -- the saved prefix is always exactly the input log, unchanged -- but these ARE counted in this case's activity-history used for probabilistic weighting of subsequent simulated events."
196045,W_Completeren aanvraag;O_SELECTED;W_Completeren aanvraag,"alignment needed to insert visible activity(ies) not present in the historical log to explain how the model reaches a state consistent with the logged prefix. Never written to the output log -- the saved prefix is always exactly the input log, unchanged -- but these ARE counted in this case's activity-history used for probabilistic weighting of subsequent simulated events."
196057,W_Completeren aanvraag;O_CANCELLED;W_Completeren aanvraag,"alignment needed to insert visible activity(ies) not present in the historical log to explain how the model reaches a state consistent with the logged prefix. Never written to the output log -- the saved prefix is always exactly the input log, unchanged -- but these ARE counted in this case's activity-history used for probabilistic weighting of subsequent simulated events."
196060,W_Completeren aanvraag;W_Completeren aanvraag,"alignment needed to insert visible activity(ies) not present in the historical log to explain how the model reaches a state consistent with the logged prefix. Never written to the output log -- the saved prefix is always exactly the input log, unchanged -- but these ARE counted in this case's activity-history used for probabilistic weighting of subsequent simulated events."
196341,W_Completeren aanvraag;W_Completeren aanvraag,"alignment needed to insert visible activity(ies) not present in the historical log to explain how the model reaches a state consistent with the logged prefix. Never written to the output log -- the saved prefix is always exactly the input log, unchanged -- but these ARE counted in this case's activity-history used for probabilistic weighting of subsequent simulated events."
196455,W_Completeren aanvraag;O_SENT_BACK,"alignment needed to insert visible activity(ies) not present in the historical log to explain how the model reaches a state consistent with the logged prefix. Never written to the output log -- the saved prefix is always exactly the input log, unchanged -- but these ARE counted in this case's activity-history used for probabilistic weighting of subsequent simulated events."
196521,O_SENT_BACK;W_Completeren aanvraag,"alignment needed to insert visible activity(ies) not present in the historical log to explain how the model reaches a state consistent with the logged prefix. Never written to the output log -- the saved prefix is always exactly the input log, unchanged -- but these ARE counted in this case's activity-history used for probabilistic weighting of subsequent simulated events."
196602,W_Completeren aanvraag;W_Completeren aanvraag,"alignment needed to insert visible activity(ies) not present in the historical log to explain how the model reaches a state consistent with the logged prefix. Never written to the output log -- the saved prefix is always exactly the input log, unchanged -- but these ARE counted in this case's activity-history used for probabilistic weighting of subsequent simulated events."
196867,W_Completeren aanvraag;W_Completeren aanvraag;O_SELECTED;W_Completeren aanvraag,"alignment needed to insert visible activity(ies) not present in the historical log to explain how the model reaches a state consistent with the logged prefix. Never written to the output log -- the saved prefix is always exactly the input log, unchanged -- but these ARE counted in this case's activity-history used for probabilistic weighting of subsequent simulated events."
196948,W_Valideren aanvraag,"alignment needed to insert visible activity(ies) not present in the historical log to explain how the model reaches a state consistent with the logged prefix. Never written to the output log -- the saved prefix is always exactly the input log, unchanged -- but these ARE counted in this case's activity-history used for probabilistic weighting of subsequent simulated events."
197051,W_Completeren aanvraag,"alignment needed to insert visible activity(ies) not present in the historical log to explain how the model reaches a state consistent with the logged prefix. Never written to the output log -- the saved prefix is always exactly the input log, unchanged -- but these ARE counted in this case's activity-history used for probabilistic weighting of subsequent simulated events."
197093,W_Completeren aanvraag;A_ACCEPTED;W_Completeren aanvraag;O_CANCELLED;W_Completeren aanvraag,"alignment needed to insert visible activity(ies) not present in the historical log to explain how the model reaches a state consistent with the logged prefix. Never written to the output log -- the saved prefix is always exactly the input log, unchanged -- but these ARE counted in this case's activity-history used for probabilistic weighting of subsequent simulated events."
197162,O_SENT_BACK;W_Completeren aanvraag,"alignment needed to insert visible activity(ies) not present in the historical log to explain how the model reaches a state consistent with the logged prefix. Never written to the output log -- the saved prefix is always exactly the input log, unchanged -- but these ARE counted in this case's activity-history used for probabilistic weighting of subsequent simulated events."
197168,O_SELECTED;W_Completeren aanvraag,"alignment needed to insert visible activity(ies) not present in the historical log to explain how the model reaches a state consistent with the logged prefix. Never written to the output log -- the saved prefix is always exactly the input log, unchanged -- but these ARE counted in this case's activity-history used for probabilistic weighting of subsequent simulated events."
197321,W_Completeren aanvraag,"alignment needed to insert visible activity(ies) not present in the historical log to explain how the model reaches a state consistent with the logged prefix. Never written to the output log -- the saved prefix is always exactly the input log, unchanged -- but these ARE counted in this case's activity-history used for probabilistic weighting of subsequent simulated events."
197530,W_Completeren aanvraag,"alignment needed to insert visible activity(ies) not present in the historical log to explain how the model reaches a state consistent with the logged prefix. Never written to the output log -- the saved prefix is always exactly the input log, unchanged -- but these ARE counted in this case's activity-history used for probabilistic weighting of subsequent simulated events."
197605,W_Completeren aanvraag;A_ACCEPTED;W_Completeren aanvraag;O_SELECTED;W_Completeren aanvraag,"alignment needed to insert visible activity(ies) not present in the historical log to explain how the model reaches a state consistent with the logged prefix. Never written to the output log -- the saved prefix is always exactly the input log, unchanged -- but these ARE counted in this case's activity-history used for probabilistic weighting of subsequent simulated events."
198026,O_SENT_BACK;W_Completeren aanvraag,"alignment needed to insert visible activity(ies) not present in the historical log to explain how the model reaches a state consistent with the logged prefix. Never written to the output log -- the saved prefix is always exactly the input log, unchanged -- but these ARE counted in this case's activity-history used for probabilistic weighting of subsequent simulated events."
198232,W_Completeren aanvraag;W_Valideren aanvraag,"alignment needed to insert visible activity(ies) not present in the historical log to explain how the model reaches a state consistent with the logged prefix. Never written to the output log -- the saved prefix is always exactly the input log, unchanged -- but these ARE counted in this case's activity-history used for probabilistic weighting of subsequent simulated events."
198253,W_Completeren aanvraag;A_ACCEPTED;W_Completeren aanvraag;W_Completeren aanvraag;A_CANCELLED;W_Completeren aanvraag;A_CANCELLED;W_Completeren aanvraag;A_CANCELLED;W_Completeren aanvraag,"alignment needed to insert visible activity(ies) not present in the historical log to explain how the model reaches a state consistent with the logged prefix. Never written to the output log -- the saved prefix is always exactly the input log, unchanged -- but these ARE counted in this case's activity-history used for probabilistic weighting of subsequent simulated events."
198274,W_Completeren aanvraag,"alignment needed to insert visible activity(ies) not present in the historical log to explain how the model reaches a state consistent with the logged prefix. Never written to the output log -- the saved prefix is always exactly the input log, unchanged -- but these ARE counted in this case's activity-history used for probabilistic weighting of subsequent simulated events."
198585,W_Completeren aanvraag;W_Completeren aanvraag;W_Completeren aanvraag;W_Valideren aanvraag;W_Valideren aanvraag;W_Valideren aanvraag,"alignment needed to insert visible activity(ies) not present in the historical log to explain how the model reaches a state consistent with the logged prefix. Never written to the output log -- the saved prefix is always exactly the input log, unchanged -- but these ARE counted in this case's activity-history used for probabilistic weighting of subsequent simulated events."
198618,O_SELECTED;W_Completeren aanvraag,"alignment needed to insert visible activity(ies) not present in the historical log to explain how the model reaches a state consistent with the logged prefix. Never written to the output log -- the saved prefix is always exactly the input log, unchanged -- but these ARE counted in this case's activity-history used for probabilistic weighting of subsequent simulated events."
199014,W_Completeren aanvraag;W_Valideren aanvraag,"alignment needed to insert visible activity(ies) not present in the historical log to explain how the model reaches a state consistent with the logged prefix. Never written to the output log -- the saved prefix is always exactly the input log, unchanged -- but these ARE counted in this case's activity-history used for probabilistic weighting of subsequent simulated events."
199189,W_Completeren aanvraag;W_Completeren aanvraag,"alignment needed to insert visible activity(ies) not present in the historical log to explain how the model reaches a state consistent with the logged prefix. Never written to the output log -- the saved prefix is always exactly the input log, unchanged -- but these ARE counted in this case's activity-history used for probabilistic weighting of subsequent simulated events."
199570,O_SENT_BACK;W_Completeren aanvraag;O_CANCELLED;W_Completeren aanvraag,"alignment needed to insert visible activity(ies) not present in the historical log to explain how the model reaches a state consistent with the logged prefix. Never written to the output log -- the saved prefix is always exactly the input log, unchanged -- but these ARE counted in this case's activity-history used for probabilistic weighting of subsequent simulated events."
199800,A_CANCELLED;W_Completeren aanvraag,"alignment needed to insert visible activity(ies) not present in the historical log to explain how the model reaches a state consistent with the logged prefix. Never written to the output log -- the saved prefix is always exactly the input log, unchanged -- but these ARE counted in this case's activity-history used for probabilistic weighting of subsequent simulated events."
199893,O_SENT_BACK;O_SELECTED;W_Completeren aanvraag,"alignment needed to insert visible activity(ies) not present in the historical log to explain how the model reaches a state consistent with the logged prefix. Never written to the output log -- the saved prefix is always exactly the input log, unchanged -- but these ARE counted in this case's activity-history used for probabilistic weighting of subsequent simulated events."
200103,W_Completeren aanvraag;W_Completeren aanvraag,"alignment needed to insert visible activity(ies) not present in the historical log to explain how the model reaches a state consistent with the logged prefix. Never written to the output log -- the saved prefix is always exactly the input log, unchanged -- but these ARE counted in this case's activity-history used for probabilistic weighting of subsequent simulated events."
200320,W_Completeren aanvraag;O_CANCELLED;W_Completeren aanvraag,"alignment needed to insert visible activity(ies) not present in the historical log to explain how the model reaches a state consistent with the logged prefix. Never written to the output log -- the saved prefix is always exactly the input log, unchanged -- but these ARE counted in this case's activity-history used for probabilistic weighting of subsequent simulated events."
200386,O_SENT_BACK,"alignment needed to insert visible activity(ies) not present in the historical log to explain how the model reaches a state consistent with the logged prefix. Never written to the output log -- the saved prefix is always exactly the input log, unchanged -- but these ARE counted in this case's activity-history used for probabilistic weighting of subsequent simulated events."
200593,W_Completeren aanvraag;O_SELECTED;W_Completeren aanvraag,"alignment needed to insert visible activity(ies) not present in the historical log to explain how the model reaches a state consistent with the logged prefix. Never written to the output log -- the saved prefix is always exactly the input log, unchanged -- but these ARE counted in this case's activity-history used for probabilistic weighting of subsequent simulated events."
200635,W_Completeren aanvraag;A_ACCEPTED;W_Completeren aanvraag;W_Completeren aanvraag,"alignment needed to insert visible activity(ies) not present in the historical log to explain how the model reaches a state consistent with the logged prefix. Never written to the output log -- the saved prefix is always exactly the input log, unchanged -- but these ARE counted in this case's activity-history used for probabilistic weighting of subsequent simulated events."
200811,W_Completeren aanvraag,"alignment needed to insert visible activity(ies) not present in the historical log to explain how the model reaches a state consistent with the logged prefix. Never written to the output log -- the saved prefix is always exactly the input log, unchanged -- but these ARE counted in this case's activity-history used for probabilistic weighting of subsequent simulated events."
200859,A_CANCELLED;W_Completeren aanvraag,"alignment needed to insert visible activity(ies) not present in the historical log to explain how the model reaches a state consistent with the logged prefix. Never written to the output log -- the saved prefix is always exactly the input log, unchanged -- but these ARE counted in this case's activity-history used for probabilistic weighting of subsequent simulated events."
200877,W_Completeren aanvraag,"alignment needed to insert visible activity(ies) not present in the historical log to explain how the model reaches a state consistent with the logged prefix. Never written to the output log -- the saved prefix is always exactly the input log, unchanged -- but these ARE counted in this case's activity-history used for probabilistic weighting of subsequent simulated events."
201072,W_Completeren aanvraag;W_Completeren aanvraag;W_Nabellen offertes,"alignment needed to insert visible activity(ies) not present in the historical log to explain how the model reaches a state consistent with the logged prefix. Never written to the output log -- the saved prefix is always exactly the input log, unchanged -- but these ARE counted in this case's activity-history used for probabilistic weighting of subsequent simulated events."
201144,W_Completeren aanvraag;A_ACCEPTED;W_Completeren aanvraag,"alignment needed to insert visible activity(ies) not present in the historical log to explain how the model reaches a state consistent with the logged prefix. Never written to the output log -- the saved prefix is always exactly the input log, unchanged -- but these ARE counted in this case's activity-history used for probabilistic weighting of subsequent simulated events."
201244,A_CANCELLED;W_Completeren aanvraag,"alignment needed to insert visible activity(ies) not present in the historical log to explain how the model reaches a state consistent with the logged prefix. Never written to the output log -- the saved prefix is always exactly the input log, unchanged -- but these ARE counted in this case's activity-history used for probabilistic weighting of subsequent simulated events."
201328,W_Completeren aanvraag,"alignment needed to insert visible activity(ies) not present in the historical log to explain how the model reaches a state consistent with the logged prefix. Never written to the output log -- the saved prefix is always exactly the input log, unchanged -- but these ARE counted in this case's activity-history used for probabilistic weighting of subsequent simulated events."
201376,A_ACCEPTED;W_Completeren aanvraag;W_Completeren aanvraag,"alignment needed to insert visible activity(ies) not present in the historical log to explain how the model reaches a state consistent with the logged prefix. Never written to the output log -- the saved prefix is always exactly the input log, unchanged -- but these ARE counted in this case's activity-history used for probabilistic weighting of subsequent simulated events."
201397,W_Completeren aanvraag,"alignment needed to insert visible activity(ies) not present in the historical log to explain how the model reaches a state consistent with the logged prefix. Never written to the output log -- the saved prefix is always exactly the input log, unchanged -- but these ARE counted in this case's activity-history used for probabilistic weighting of subsequent simulated events."
201427,W_Completeren aanvraag;A_CANCELLED;W_Completeren aanvraag,"alignment needed to insert visible activity(ies) not present in the historical log to explain how the model reaches a state consistent with the logged prefix. Never written to the output log -- the saved prefix is always exactly the input log, unchanged -- but these ARE counted in this case's activity-history used for probabilistic weighting of subsequent simulated events."
201433,W_Completeren aanvraag;A_CANCELLED;W_Completeren aanvraag,"alignment needed to insert visible activity(ies) not present in the historical log to explain how the model reaches a state consistent with the logged prefix. Never written to the output log -- the saved prefix is always exactly the input log, unchanged -- but these ARE counted in this case's activity-history used for probabilistic weighting of subsequent simulated events."
201526,W_Completeren aanvraag,"alignment needed to insert visible activity(ies) not present in the historical log to explain how the model reaches a state consistent with the logged prefix. Never written to the output log -- the saved prefix is always exactly the input log, unchanged -- but these ARE counted in this case's activity-history used for probabilistic weighting of subsequent simulated events."
201605,A_ACCEPTED;W_Completeren aanvraag;O_CANCELLED;W_Completeren aanvraag,"alignment needed to insert visible activity(ies) not present in the historical log to explain how the model reaches a state consistent with the logged prefix. Never written to the output log -- the saved prefix is always exactly the input log, unchanged -- but these ARE counted in this case's activity-history used for probabilistic weighting of subsequent simulated events."
201611,W_Completeren aanvraag;O_SENT_BACK,"alignment needed to insert visible activity(ies) not present in the historical log to explain how the model reaches a state consistent with the logged prefix. Never written to the output log -- the saved prefix is always exactly the input log, unchanged -- but these ARE counted in this case's activity-history used for probabilistic weighting of subsequent simulated events."
201725,W_Completeren aanvraag,"alignment needed to insert visible activity(ies) not present in the historical log to explain how the model reaches a state consistent with the logged prefix. Never written to the output log -- the saved prefix is always exactly the input log, unchanged -- but these ARE counted in this case's activity-history used for probabilistic weighting of subsequent simulated events."
201891,W_Completeren aanvraag;O_SELECTED;W_Completeren aanvraag,"alignment needed to insert visible activity(ies) not present in the historical log to explain how the model reaches a state consistent with the logged prefix. Never written to the output log -- the saved prefix is always exactly the input log, unchanged -- but these ARE counted in this case's activity-history used for probabilistic weighting of subsequent simulated events."
201909,W_Completeren aanvraag;O_CANCELLED;W_Completeren aanvraag,"alignment needed to insert visible activity(ies) not present in the historical log to explain how the model reaches a state consistent with the logged prefix. Never written to the output log -- the saved prefix is always exactly the input log, unchanged -- but these ARE counted in this case's activity-history used for probabilistic weighting of subsequent simulated events."
201915,W_Completeren aanvraag,"alignment needed to insert visible activity(ies) not present in the historical log to explain how the model reaches a state consistent with the logged prefix. Never written to the output log -- the saved prefix is always exactly the input log, unchanged -- but these ARE counted in this case's activity-history used for probabilistic weighting of subsequent simulated events."
201927,W_Completeren aanvraag,"alignment needed to insert visible activity(ies) not present in the historical log to explain how the model reaches a state consistent with the logged prefix. Never written to the output log -- the saved prefix is always exactly the input log, unchanged -- but these ARE counted in this case's activity-history used for probabilistic weighting of subsequent simulated events."
201936,W_Completeren aanvraag;A_CANCELLED;W_Completeren aanvraag,"alignment needed to insert visible activity(ies) not present in the historical log to explain how the model reaches a state consistent with the logged prefix. Never written to the output log -- the saved prefix is always exactly the input log, unchanged -- but these ARE counted in this case's activity-history used for probabilistic weighting of subsequent simulated events."
202026,W_Completeren aanvraag,"alignment needed to insert visible activity(ies) not present in the historical log to explain how the model reaches a state consistent with the logged prefix. Never written to the output log -- the saved prefix is always exactly the input log, unchanged -- but these ARE counted in this case's activity-history used for probabilistic weighting of subsequent simulated events."
202056,W_Completeren aanvraag,"alignment needed to insert visible activity(ies) not present in the historical log to explain how the model reaches a state consistent with the logged prefix. Never written to the output log -- the saved prefix is always exactly the input log, unchanged -- but these ARE counted in this case's activity-history used for probabilistic weighting of subsequent simulated events."
202071,W_Completeren aanvraag,"alignment needed to insert visible activity(ies) not present in the historical log to explain how the model reaches a state consistent with the logged prefix. Never written to the output log -- the saved prefix is always exactly the input log, unchanged -- but these ARE counted in this case's activity-history used for probabilistic weighting of subsequent simulated events."
202182,A_CANCELLED;W_Completeren aanvraag,"alignment needed to insert visible activity(ies) not present in the historical log to explain how the model reaches a state consistent with the logged prefix. Never written to the output log -- the saved prefix is always exactly the input log, unchanged -- but these ARE counted in this case's activity-history used for probabilistic weighting of subsequent simulated events."
202256,O_SENT_BACK,"alignment needed to insert visible activity(ies) not present in the historical log to explain how the model reaches a state consistent with the logged prefix. Never written to the output log -- the saved prefix is always exactly the input log, unchanged -- but these ARE counted in this case's activity-history used for probabilistic weighting of subsequent simulated events."
202259,W_Completeren aanvraag,"alignment needed to insert visible activity(ies) not present in the historical log to explain how the model reaches a state consistent with the logged prefix. Never written to the output log -- the saved prefix is always exactly the input log, unchanged -- but these ARE counted in this case's activity-history used for probabilistic weighting of subsequent simulated events."
202271,O_CANCELLED;W_Completeren aanvraag,"alignment needed to insert visible activity(ies) not present in the historical log to explain how the model reaches a state consistent with the logged prefix. Never written to the output log -- the saved prefix is always exactly the input log, unchanged -- but these ARE counted in this case's activity-history used for probabilistic weighting of subsequent simulated events."
202343,W_Completeren aanvraag,"alignment needed to insert visible activity(ies) not present in the historical log to explain how the model reaches a state consistent with the logged prefix. Never written to the output log -- the saved prefix is always exactly the input log, unchanged -- but these ARE counted in this case's activity-history used for probabilistic weighting of subsequent simulated events."
202379,W_Completeren aanvraag;A_ACCEPTED;W_Completeren aanvraag;W_Completeren aanvraag,"alignment needed to insert visible activity(ies) not present in the historical log to explain how the model reaches a state consistent with the logged prefix. Never written to the output log -- the saved prefix is always exactly the input log, unchanged -- but these ARE counted in this case's activity-history used for probabilistic weighting of subsequent simulated events."
202397,W_Completeren aanvraag,"alignment needed to insert visible activity(ies) not present in the historical log to explain how the model reaches a state consistent with the logged prefix. Never written to the output log -- the saved prefix is always exactly the input log, unchanged -- but these ARE counted in this case's activity-history used for probabilistic weighting of subsequent simulated events."
202536,W_Completeren aanvraag,"alignment needed to insert visible activity(ies) not present in the historical log to explain how the model reaches a state consistent with the logged prefix. Never written to the output log -- the saved prefix is always exactly the input log, unchanged -- but these ARE counted in this case's activity-history used for probabilistic weighting of subsequent simulated events."
202542,W_Completeren aanvraag,"alignment needed to insert visible activity(ies) not present in the historical log to explain how the model reaches a state consistent with the logged prefix. Never written to the output log -- the saved prefix is always exactly the input log, unchanged -- but these ARE counted in this case's activity-history used for probabilistic weighting of subsequent simulated events."
202569,W_Completeren aanvraag,"alignment needed to insert visible activity(ies) not present in the historical log to explain how the model reaches a state consistent with the logged prefix. Never written to the output log -- the saved prefix is always exactly the input log, unchanged -- but these ARE counted in this case's activity-history used for probabilistic weighting of subsequent simulated events."
202632,W_Completeren aanvraag;W_Completeren aanvraag,"alignment needed to insert visible activity(ies) not present in the historical log to explain how the model reaches a state consistent with the logged prefix. Never written to the output log -- the saved prefix is always exactly the input log, unchanged -- but these ARE counted in this case's activity-history used for probabilistic weighting of subsequent simulated events."
202641,W_Completeren aanvraag,"alignment needed to insert visible activity(ies) not present in the historical log to explain how the model reaches a state consistent with the logged prefix. Never written to the output log -- the saved prefix is always exactly the input log, unchanged -- but these ARE counted in this case's activity-history used for probabilistic weighting of subsequent simulated events."
202737,W_Completeren aanvraag,"alignment needed to insert visible activity(ies) not present in the historical log to explain how the model reaches a state consistent with the logged prefix. Never written to the output log -- the saved prefix is always exactly the input log, unchanged -- but these ARE counted in this case's activity-history used for probabilistic weighting of subsequent simulated events."
202740,A_CANCELLED;W_Completeren aanvraag;O_SELECTED;W_Completeren aanvraag,"alignment needed to insert visible activity(ies) not present in the historical log to explain how the model reaches a state consistent with the logged prefix. Never written to the output log -- the saved prefix is always exactly the input log, unchanged -- but these ARE counted in this case's activity-history used for probabilistic weighting of subsequent simulated events."
202755,W_Completeren aanvraag,"alignment needed to insert visible activity(ies) not present in the historical log to explain how the model reaches a state consistent with the logged prefix. Never written to the output log -- the saved prefix is always exactly the input log, unchanged -- but these ARE counted in this case's activity-history used for probabilistic weighting of subsequent simulated events."
202893,A_ACCEPTED;W_Completeren aanvraag,"alignment needed to insert visible activity(ies) not present in the historical log to explain how the model reaches a state consistent with the logged prefix. Never written to the output log -- the saved prefix is always exactly the input log, unchanged -- but these ARE counted in this case's activity-history used for probabilistic weighting of subsequent simulated events."
202899,W_Completeren aanvraag,"alignment needed to insert visible activity(ies) not present in the historical log to explain how the model reaches a state consistent with the logged prefix. Never written to the output log -- the saved prefix is always exactly the input log, unchanged -- but these ARE counted in this case's activity-history used for probabilistic weighting of subsequent simulated events."
203013,W_Completeren aanvraag,"alignment needed to insert visible activity(ies) not present in the historical log to explain how the model reaches a state consistent with the logged prefix. Never written to the output log -- the saved prefix is always exactly the input log, unchanged -- but these ARE counted in this case's activity-history used for probabilistic weighting of subsequent simulated events."
203016,A_CANCELLED;W_Completeren aanvraag;O_SENT_BACK;W_Completeren aanvraag,"alignment needed to insert visible activity(ies) not present in the historical log to explain how the model reaches a state consistent with the logged prefix. Never written to the output log -- the saved prefix is always exactly the input log, unchanged -- but these ARE counted in this case's activity-history used for probabilistic weighting of subsequent simulated events."
203079,W_Completeren aanvraag;A_ACCEPTED;W_Completeren aanvraag,"alignment needed to insert visible activity(ies) not present in the historical log to explain how the model reaches a state consistent with the logged prefix. Never written to the output log -- the saved prefix is always exactly the input log, unchanged -- but these ARE counted in this case's activity-history used for probabilistic weighting of subsequent simulated events."
203149,W_Completeren aanvraag,"alignment needed to insert visible activity(ies) not present in the historical log to explain how the model reaches a state consistent with the logged prefix. Never written to the output log -- the saved prefix is always exactly the input log, unchanged -- but these ARE counted in this case's activity-history used for probabilistic weighting of subsequent simulated events."
203158,O_SENT_BACK,"alignment needed to insert visible activity(ies) not present in the historical log to explain how the model reaches a state consistent with the logged prefix. Never written to the output log -- the saved prefix is always exactly the input log, unchanged -- but these ARE counted in this case's activity-history used for probabilistic weighting of subsequent simulated events."
203173,W_Completeren aanvraag,"alignment needed to insert visible activity(ies) not present in the historical log to explain how the model reaches a state consistent with the logged prefix. Never written to the output log -- the saved prefix is always exactly the input log, unchanged -- but these ARE counted in this case's activity-history used for probabilistic weighting of subsequent simulated events."
203227,A_CANCELLED;W_Completeren aanvraag;O_SELECTED;W_Completeren aanvraag;W_Completeren aanvraag,"alignment needed to insert visible activity(ies) not present in the historical log to explain how the model reaches a state consistent with the logged prefix. Never written to the output log -- the saved prefix is always exactly the input log, unchanged -- but these ARE counted in this case's activity-history used for probabilistic weighting of subsequent simulated events."
203260,A_ACCEPTED,"alignment needed to insert visible activity(ies) not present in the historical log to explain how the model reaches a state consistent with the logged prefix. Never written to the output log -- the saved prefix is always exactly the input log, unchanged -- but these ARE counted in this case's activity-history used for probabilistic weighting of subsequent simulated events."
203341,W_Completeren aanvraag;W_Completeren aanvraag;O_CANCELLED;W_Completeren aanvraag,"alignment needed to insert visible activity(ies) not present in the historical log to explain how the model reaches a state consistent with the logged prefix. Never written to the output log -- the saved prefix is always exactly the input log, unchanged -- but these ARE counted in this case's activity-history used for probabilistic weighting of subsequent simulated events."
203380,O_SELECTED;W_Completeren aanvraag,"alignment needed to insert visible activity(ies) not present in the historical log to explain how the model reaches a state consistent with the logged prefix. Never written to the output log -- the saved prefix is always exactly the input log, unchanged -- but these ARE counted in this case's activity-history used for probabilistic weighting of subsequent simulated events."
203480,W_Completeren aanvraag,"alignment needed to insert visible activity(ies) not present in the historical log to explain how the model reaches a state consistent with the logged prefix. Never written to the output log -- the saved prefix is always exactly the input log, unchanged -- but these ARE counted in this case's activity-history used for probabilistic weighting of subsequent simulated events."
203492,A_CANCELLED;W_Completeren aanvraag,"alignment needed to insert visible activity(ies) not present in the historical log to explain how the model reaches a state consistent with the logged prefix. Never written to the output log -- the saved prefix is always exactly the input log, unchanged -- but these ARE counted in this case's activity-history used for probabilistic weighting of subsequent simulated events."
203606,W_Completeren aanvraag,"alignment needed to insert visible activity(ies) not present in the historical log to explain how the model reaches a state consistent with the logged prefix. Never written to the output log -- the saved prefix is always exactly the input log, unchanged -- but these ARE counted in this case's activity-history used for probabilistic weighting of subsequent simulated events."
203732,W_Completeren aanvraag,"alignment needed to insert visible activity(ies) not present in the historical log to explain how the model reaches a state consistent with the logged prefix. Never written to the output log -- the saved prefix is always exactly the input log, unchanged -- but these ARE counted in this case's activity-history used for probabilistic weighting of subsequent simulated events."
203765,W_Completeren aanvraag,"alignment needed to insert visible activity(ies) not present in the historical log to explain how the model reaches a state consistent with the logged prefix. Never written to the output log -- the saved prefix is always exactly the input log, unchanged -- but these ARE counted in this case's activity-history used for probabilistic weighting of subsequent simulated events."
203802,W_Completeren aanvraag,"alignment needed to insert visible activity(ies) not present in the historical log to explain how the model reaches a state consistent with the logged prefix. Never written to the output log -- the saved prefix is always exactly the input log, unchanged -- but these ARE counted in this case's activity-history used for probabilistic weighting of subsequent simulated events."
203829,W_Completeren aanvraag,"alignment needed to insert visible activity(ies) not present in the historical log to explain how the model reaches a state consistent with the logged prefix. Never written to the output log -- the saved prefix is always exactly the input log, unchanged -- but these ARE counted in this case's activity-history used for probabilistic weighting of subsequent simulated events."
203835,W_Completeren aanvraag,"alignment needed to insert visible activity(ies) not present in the historical log to explain how the model reaches a state consistent with the logged prefix. Never written to the output log -- the saved prefix is always exactly the input log, unchanged -- but these ARE counted in this case's activity-history used for probabilistic weighting of subsequent simulated events."
203865,W_Completeren aanvraag;A_CANCELLED;W_Completeren aanvraag,"alignment needed to insert visible activity(ies) not present in the historical log to explain how the model reaches a state consistent with the logged prefix. Never written to the output log -- the saved prefix is always exactly the input log, unchanged -- but these ARE counted in this case's activity-history used for probabilistic weighting of subsequent simulated events."
203883,W_Completeren aanvraag,"alignment needed to insert visible activity(ies) not present in the historical log to explain how the model reaches a state consistent with the logged prefix. Never written to the output log -- the saved prefix is always exactly the input log, unchanged -- but these ARE counted in this case's activity-history used for probabilistic weighting of subsequent simulated events."
203961,A_CANCELLED;W_Completeren aanvraag,"alignment needed to insert visible activity(ies) not present in the historical log to explain how the model reaches a state consistent with the logged prefix. Never written to the output log -- the saved prefix is always exactly the input log, unchanged -- but these ARE counted in this case's activity-history used for probabilistic weighting of subsequent simulated events."
203964,W_Completeren aanvraag;O_SELECTED;W_Completeren aanvraag;W_Completeren aanvraag,"alignment needed to insert visible activity(ies) not present in the historical log to explain how the model reaches a state consistent with the logged prefix. Never written to the output log -- the saved prefix is always exactly the input log, unchanged -- but these ARE counted in this case's activity-history used for probabilistic weighting of subsequent simulated events."
204000,W_Completeren aanvraag,"alignment needed to insert visible activity(ies) not present in the historical log to explain how the model reaches a state consistent with the logged prefix. Never written to the output log -- the saved prefix is always exactly the input log, unchanged -- but these ARE counted in this case's activity-history used for probabilistic weighting of subsequent simulated events."
204030,W_Completeren aanvraag;A_ACCEPTED;W_Completeren aanvraag;W_Completeren aanvraag;O_SENT_BACK,"alignment needed to insert visible activity(ies) not present in the historical log to explain how the model reaches a state consistent with the logged prefix. Never written to the output log -- the saved prefix is always exactly the input log, unchanged -- but these ARE counted in this case's activity-history used for probabilistic weighting of subsequent simulated events."
204045,W_Completeren aanvraag,"alignment needed to insert visible activity(ies) not present in the historical log to explain how the model reaches a state consistent with the logged prefix. Never written to the output log -- the saved prefix is always exactly the input log, unchanged -- but these ARE counted in this case's activity-history used for probabilistic weighting of subsequent simulated events."
204119,W_Completeren aanvraag,"alignment needed to insert visible activity(ies) not present in the historical log to explain how the model reaches a state consistent with the logged prefix. Never written to the output log -- the saved prefix is always exactly the input log, unchanged -- but these ARE counted in this case's activity-history used for probabilistic weighting of subsequent simulated events."
204185,W_Completeren aanvraag;A_CANCELLED;W_Completeren aanvraag;O_CANCELLED;W_Completeren aanvraag,"alignment needed to insert visible activity(ies) not present in the historical log to explain how the model reaches a state consistent with the logged prefix. Never written to the output log -- the saved prefix is always exactly the input log, unchanged -- but these ARE counted in this case's activity-history used for probabilistic weighting of subsequent simulated events."
204200,W_Completeren aanvraag,"alignment needed to insert visible activity(ies) not present in the historical log to explain how the model reaches a state consistent with the logged prefix. Never written to the output log -- the saved prefix is always exactly the input log, unchanged -- but these ARE counted in this case's activity-history used for probabilistic weighting of subsequent simulated events."
204218,A_ACCEPTED;W_Completeren aanvraag,"alignment needed to insert visible activity(ies) not present in the historical log to explain how the model reaches a state consistent with the logged prefix. Never written to the output log -- the saved prefix is always exactly the input log, unchanged -- but these ARE counted in this case's activity-history used for probabilistic weighting of subsequent simulated events."
204314,A_ACCEPTED;W_Completeren aanvraag,"alignment needed to insert visible activity(ies) not present in the historical log to explain how the model reaches a state consistent with the logged prefix. Never written to the output log -- the saved prefix is always exactly the input log, unchanged -- but these ARE counted in this case's activity-history used for probabilistic weighting of subsequent simulated events."
204326,A_ACCEPTED;W_Completeren aanvraag,"alignment needed to insert visible activity(ies) not present in the historical log to explain how the model reaches a state consistent with the logged prefix. Never written to the output log -- the saved prefix is always exactly the input log, unchanged -- but these ARE counted in this case's activity-history used for probabilistic weighting of subsequent simulated events."
204347,A_ACCEPTED;W_Completeren aanvraag,"alignment needed to insert visible activity(ies) not present in the historical log to explain how the model reaches a state consistent with the logged prefix. Never written to the output log -- the saved prefix is always exactly the input log, unchanged -- but these ARE counted in this case's activity-history used for probabilistic weighting of subsequent simulated events."
204442,W_Completeren aanvraag,"alignment needed to insert visible activity(ies) not present in the historical log to explain how the model reaches a state consistent with the logged prefix. Never written to the output log -- the saved prefix is always exactly the input log, unchanged -- but these ARE counted in this case's activity-history used for probabilistic weighting of subsequent simulated events."
204466,W_Completeren aanvraag;A_ACCEPTED;W_Completeren aanvraag,"alignment needed to insert visible activity(ies) not present in the historical log to explain how the model reaches a state consistent with the logged prefix. Never written to the output log -- the saved prefix is always exactly the input log, unchanged -- but these ARE counted in this case's activity-history used for probabilistic weighting of subsequent simulated events."
204472,W_Completeren aanvraag,"alignment needed to insert visible activity(ies) not present in the historical log to explain how the model reaches a state consistent with the logged prefix. Never written to the output log -- the saved prefix is always exactly the input log, unchanged -- but these ARE counted in this case's activity-history used for probabilistic weighting of subsequent simulated events."
204565,W_Completeren aanvraag,"alignment needed to insert visible activity(ies) not present in the historical log to explain how the model reaches a state consistent with the logged prefix. Never written to the output log -- the saved prefix is always exactly the input log, unchanged -- but these ARE counted in this case's activity-history used for probabilistic weighting of subsequent simulated events."
204592,O_CANCELLED;W_Completeren aanvraag,"alignment needed to insert visible activity(ies) not present in the historical log to explain how the model reaches a state consistent with the logged prefix. Never written to the output log -- the saved prefix is always exactly the input log, unchanged -- but these ARE counted in this case's activity-history used for probabilistic weighting of subsequent simulated events."
204613,W_Completeren aanvraag,"alignment needed to insert visible activity(ies) not present in the historical log to explain how the model reaches a state consistent with the logged prefix. Never written to the output log -- the saved prefix is always exactly the input log, unchanged -- but these ARE counted in this case's activity-history used for probabilistic weighting of subsequent simulated events."
204712,W_Completeren aanvraag;A_CANCELLED;W_Completeren aanvraag;O_SENT_BACK,"alignment needed to insert visible activity(ies) not present in the historical log to explain how the model reaches a state consistent with the logged prefix. Never written to the output log -- the saved prefix is always exactly the input log, unchanged -- but these ARE counted in this case's activity-history used for probabilistic weighting of subsequent simulated events."
204730,A_CANCELLED;W_Completeren aanvraag;O_SELECTED;W_Completeren aanvraag;O_SENT_BACK,"alignment needed to insert visible activity(ies) not present in the historical log to explain how the model reaches a state consistent with the logged prefix. Never written to the output log -- the saved prefix is always exactly the input log, unchanged -- but these ARE counted in this case's activity-history used for probabilistic weighting of subsequent simulated events."
204742,A_CANCELLED;W_Completeren aanvraag;W_Completeren aanvraag,"alignment needed to insert visible activity(ies) not present in the historical log to explain how the model reaches a state consistent with the logged prefix. Never written to the output log -- the saved prefix is always exactly the input log, unchanged -- but these ARE counted in this case's activity-history used for probabilistic weighting of subsequent simulated events."
204799,W_Completeren aanvraag,"alignment needed to insert visible activity(ies) not present in the historical log to explain how the model reaches a state consistent with the logged prefix. Never written to the output log -- the saved prefix is always exactly the input log, unchanged -- but these ARE counted in this case's activity-history used for probabilistic weighting of subsequent simulated events."
204859,O_CANCELLED;W_Completeren aanvraag,"alignment needed to insert visible activity(ies) not present in the historical log to explain how the model reaches a state consistent with the logged prefix. Never written to the output log -- the saved prefix is always exactly the input log, unchanged -- but these ARE counted in this case's activity-history used for probabilistic weighting of subsequent simulated events."
204862,A_ACCEPTED;W_Completeren aanvraag;W_Nabellen incomplete dossiers,"alignment needed to insert visible activity(ies) not present in the historical log to explain how the model reaches a state consistent with the logged prefix. Never written to the output log -- the saved prefix is always exactly the input log, unchanged -- but these ARE counted in this case's activity-history used for probabilistic weighting of subsequent simulated events."
204906,A_CANCELLED;W_Completeren aanvraag,"alignment needed to insert visible activity(ies) not present in the historical log to explain how the model reaches a state consistent with the logged prefix. Never written to the output log -- the saved prefix is always exactly the input log, unchanged -- but these ARE counted in this case's activity-history used for probabilistic weighting of subsequent simulated events."
204915,W_Completeren aanvraag,"alignment needed to insert visible activity(ies) not present in the historical log to explain how the model reaches a state consistent with the logged prefix. Never written to the output log -- the saved prefix is always exactly the input log, unchanged -- but these ARE counted in this case's activity-history used for probabilistic weighting of subsequent simulated events."
204924,W_Completeren aanvraag,"alignment needed to insert visible activity(ies) not present in the historical log to explain how the model reaches a state consistent with the logged prefix. Never written to the output log -- the saved prefix is always exactly the input log, unchanged -- but these ARE counted in this case's activity-history used for probabilistic weighting of subsequent simulated events."
204969,A_CANCELLED;W_Completeren aanvraag,"alignment needed to insert visible activity(ies) not present in the historical log to explain how the model reaches a state consistent with the logged prefix. Never written to the output log -- the saved prefix is always exactly the input log, unchanged -- but these ARE counted in this case's activity-history used for probabilistic weighting of subsequent simulated events."
204993,W_Completeren aanvraag,"alignment needed to insert visible activity(ies) not present in the historical log to explain how the model reaches a state consistent with the logged prefix. Never written to the output log -- the saved prefix is always exactly the input log, unchanged -- but these ARE counted in this case's activity-history used for probabilistic weighting of subsequent simulated events."
205005,W_Completeren aanvraag,"alignment needed to insert visible activity(ies) not present in the historical log to explain how the model reaches a state consistent with the logged prefix. Never written to the output log -- the saved prefix is always exactly the input log, unchanged -- but these ARE counted in this case's activity-history used for probabilistic weighting of subsequent simulated events."
205026,W_Completeren aanvraag,"alignment needed to insert visible activity(ies) not present in the historical log to explain how the model reaches a state consistent with the logged prefix. Never written to the output log -- the saved prefix is always exactly the input log, unchanged -- but these ARE counted in this case's activity-history used for probabilistic weighting of subsequent simulated events."
205029,W_Completeren aanvraag;A_CANCELLED;W_Completeren aanvraag;W_Completeren aanvraag,"alignment needed to insert visible activity(ies) not present in the historical log to explain how the model reaches a state consistent with the logged prefix. Never written to the output log -- the saved prefix is always exactly the input log, unchanged -- but these ARE counted in this case's activity-history used for probabilistic weighting of subsequent simulated events."
205035,W_Completeren aanvraag,"alignment needed to insert visible activity(ies) not present in the historical log to explain how the model reaches a state consistent with the logged prefix. Never written to the output log -- the saved prefix is always exactly the input log, unchanged -- but these ARE counted in this case's activity-history used for probabilistic weighting of subsequent simulated events."
205059,W_Completeren aanvraag,"alignment needed to insert visible activity(ies) not present in the historical log to explain how the model reaches a state consistent with the logged prefix. Never written to the output log -- the saved prefix is always exactly the input log, unchanged -- but these ARE counted in this case's activity-history used for probabilistic weighting of subsequent simulated events."
205086,W_Completeren aanvraag,"alignment needed to insert visible activity(ies) not present in the historical log to explain how the model reaches a state consistent with the logged prefix. Never written to the output log -- the saved prefix is always exactly the input log, unchanged -- but these ARE counted in this case's activity-history used for probabilistic weighting of subsequent simulated events."
205143,O_CANCELLED;W_Completeren aanvraag,"alignment needed to insert visible activity(ies) not present in the historical log to explain how the model reaches a state consistent with the logged prefix. Never written to the output log -- the saved prefix is always exactly the input log, unchanged -- but these ARE counted in this case's activity-history used for probabilistic weighting of subsequent simulated events."
205170,A_CANCELLED;W_Completeren aanvraag,"alignment needed to insert visible activity(ies) not present in the historical log to explain how the model reaches a state consistent with the logged prefix. Never written to the output log -- the saved prefix is always exactly the input log, unchanged -- but these ARE counted in this case's activity-history used for probabilistic weighting of subsequent simulated events."
205274,W_Completeren aanvraag,"alignment needed to insert visible activity(ies) not present in the historical log to explain how the model reaches a state consistent with the logged prefix. Never written to the output log -- the saved prefix is always exactly the input log, unchanged -- but these ARE counted in this case's activity-history used for probabilistic weighting of subsequent simulated events."
205313,W_Completeren aanvraag;A_CANCELLED;W_Completeren aanvraag;W_Completeren aanvraag;W_Completeren aanvraag;W_Completeren aanvraag,"alignment needed to insert visible activity(ies) not present in the historical log to explain how the model reaches a state consistent with the logged prefix. Never written to the output log -- the saved prefix is always exactly the input log, unchanged -- but these ARE counted in this case's activity-history used for probabilistic weighting of subsequent simulated events."
205319,W_Completeren aanvraag,"alignment needed to insert visible activity(ies) not present in the historical log to explain how the model reaches a state consistent with the logged prefix. Never written to the output log -- the saved prefix is always exactly the input log, unchanged -- but these ARE counted in this case's activity-history used for probabilistic weighting of subsequent simulated events."
205340,W_Completeren aanvraag;O_SELECTED;W_Completeren aanvraag;W_Completeren aanvraag;O_CANCELLED;W_Completeren aanvraag,"alignment needed to insert visible activity(ies) not present in the historical log to explain how the model reaches a state consistent with the logged prefix. Never written to the output log -- the saved prefix is always exactly the input log, unchanged -- but these ARE counted in this case's activity-history used for probabilistic weighting of subsequent simulated events."
205343,W_Completeren aanvraag,"alignment needed to insert visible activity(ies) not present in the historical log to explain how the model reaches a state consistent with the logged prefix. Never written to the output log -- the saved prefix is always exactly the input log, unchanged -- but these ARE counted in this case's activity-history used for probabilistic weighting of subsequent simulated events."
205364,W_Completeren aanvraag;A_ACCEPTED;W_Completeren aanvraag;O_SENT_BACK,"alignment needed to insert visible activity(ies) not present in the historical log to explain how the model reaches a state consistent with the logged prefix. Never written to the output log -- the saved prefix is always exactly the input log, unchanged -- but these ARE counted in this case's activity-history used for probabilistic weighting of subsequent simulated events."
205379,W_Completeren aanvraag;A_ACCEPTED;W_Completeren aanvraag,"alignment needed to insert visible activity(ies) not present in the historical log to explain how the model reaches a state consistent with the logged prefix. Never written to the output log -- the saved prefix is always exactly the input log, unchanged -- but these ARE counted in this case's activity-history used for probabilistic weighting of subsequent simulated events."
205388,W_Completeren aanvraag,"alignment needed to insert visible activity(ies) not present in the historical log to explain how the model reaches a state consistent with the logged prefix. Never written to the output log -- the saved prefix is always exactly the input log, unchanged -- but these ARE counted in this case's activity-history used for probabilistic weighting of subsequent simulated events."
205468,W_Completeren aanvraag,"alignment needed to insert visible activity(ies) not present in the historical log to explain how the model reaches a state consistent with the logged prefix. Never written to the output log -- the saved prefix is always exactly the input log, unchanged -- but these ARE counted in this case's activity-history used for probabilistic weighting of subsequent simulated events."
205514,W_Completeren aanvraag,"alignment needed to insert visible activity(ies) not present in the historical log to explain how the model reaches a state consistent with the logged prefix. Never written to the output log -- the saved prefix is always exactly the input log, unchanged -- but these ARE counted in this case's activity-history used for probabilistic weighting of subsequent simulated events."
205553,W_Completeren aanvraag,"alignment needed to insert visible activity(ies) not present in the historical log to explain how the model reaches a state consistent with the logged prefix. Never written to the output log -- the saved prefix is always exactly the input log, unchanged -- but these ARE counted in this case's activity-history used for probabilistic weighting of subsequent simulated events."
205556,W_Completeren aanvraag,"alignment needed to insert visible activity(ies) not present in the historical log to explain how the model reaches a state consistent with the logged prefix. Never written to the output log -- the saved prefix is always exactly the input log, unchanged -- but these ARE counted in this case's activity-history used for probabilistic weighting of subsequent simulated events."
205562,W_Completeren aanvraag,"alignment needed to insert visible activity(ies) not present in the historical log to explain how the model reaches a state consistent with the logged prefix. Never written to the output log -- the saved prefix is always exactly the input log, unchanged -- but these ARE counted in this case's activity-history used for probabilistic weighting of subsequent simulated events."
205661,A_CANCELLED;W_Completeren aanvraag;W_Completeren aanvraag,"alignment needed to insert visible activity(ies) not present in the historical log to explain how the model reaches a state consistent with the logged prefix. Never written to the output log -- the saved prefix is always exactly the input log, unchanged -- but these ARE counted in this case's activity-history used for probabilistic weighting of subsequent simulated events."
205715,W_Completeren aanvraag,"alignment needed to insert visible activity(ies) not present in the historical log to explain how the model reaches a state consistent with the logged prefix. Never written to the output log -- the saved prefix is always exactly the input log, unchanged -- but these ARE counted in this case's activity-history used for probabilistic weighting of subsequent simulated events."
205724,W_Completeren aanvraag,"alignment needed to insert visible activity(ies) not present in the historical log to explain how the model reaches a state consistent with the logged prefix. Never written to the output log -- the saved prefix is always exactly the input log, unchanged -- but these ARE counted in this case's activity-history used for probabilistic weighting of subsequent simulated events."
205742,W_Completeren aanvraag,"alignment needed to insert visible activity(ies) not present in the historical log to explain how the model reaches a state consistent with the logged prefix. Never written to the output log -- the saved prefix is always exactly the input log, unchanged -- but these ARE counted in this case's activity-history used for probabilistic weighting of subsequent simulated events."
205757,A_ACCEPTED;W_Completeren aanvraag,"alignment needed to insert visible activity(ies) not present in the historical log to explain how the model reaches a state consistent with the logged prefix. Never written to the output log -- the saved prefix is always exactly the input log, unchanged -- but these ARE counted in this case's activity-history used for probabilistic weighting of subsequent simulated events."
205782,O_SELECTED;W_Completeren aanvraag,"alignment needed to insert visible activity(ies) not present in the historical log to explain how the model reaches a state consistent with the logged prefix. Never written to the output log -- the saved prefix is always exactly the input log, unchanged -- but these ARE counted in this case's activity-history used for probabilistic weighting of subsequent simulated events."
205794,A_CANCELLED;W_Completeren aanvraag,"alignment needed to insert visible activity(ies) not present in the historical log to explain how the model reaches a state consistent with the logged prefix. Never written to the output log -- the saved prefix is always exactly the input log, unchanged -- but these ARE counted in this case's activity-history used for probabilistic weighting of subsequent simulated events."
205797,A_CANCELLED;W_Completeren aanvraag,"alignment needed to insert visible activity(ies) not present in the historical log to explain how the model reaches a state consistent with the logged prefix. Never written to the output log -- the saved prefix is always exactly the input log, unchanged -- but these ARE counted in this case's activity-history used for probabilistic weighting of subsequent simulated events."
205803,W_Completeren aanvraag,"alignment needed to insert visible activity(ies) not present in the historical log to explain how the model reaches a state consistent with the logged prefix. Never written to the output log -- the saved prefix is always exactly the input log, unchanged -- but these ARE counted in this case's activity-history used for probabilistic weighting of subsequent simulated events."
205843,A_ACCEPTED;W_Completeren aanvraag,"alignment needed to insert visible activity(ies) not present in the historical log to explain how the model reaches a state consistent with the logged prefix. Never written to the output log -- the saved prefix is always exactly the input log, unchanged -- but these ARE counted in this case's activity-history used for probabilistic weighting of subsequent simulated events."
205873,A_CANCELLED;W_Completeren aanvraag;O_SELECTED;W_Completeren aanvraag,"alignment needed to insert visible activity(ies) not present in the historical log to explain how the model reaches a state consistent with the logged prefix. Never written to the output log -- the saved prefix is always exactly the input log, unchanged -- but these ARE counted in this case's activity-history used for probabilistic weighting of subsequent simulated events."
205876,W_Completeren aanvraag,"alignment needed to insert visible activity(ies) not present in the historical log to explain how the model reaches a state consistent with the logged prefix. Never written to the output log -- the saved prefix is always exactly the input log, unchanged -- but these ARE counted in this case's activity-history used for probabilistic weighting of subsequent simulated events."
205912,W_Completeren aanvraag;A_ACCEPTED;W_Completeren aanvraag;O_CANCELLED;W_Completeren aanvraag,"alignment needed to insert visible activity(ies) not present in the historical log to explain how the model reaches a state consistent with the logged prefix. Never written to the output log -- the saved prefix is always exactly the input log, unchanged -- but these ARE counted in this case's activity-history used for probabilistic weighting of subsequent simulated events."
205969,W_Completeren aanvraag,"alignment needed to insert visible activity(ies) not present in the historical log to explain how the model reaches a state consistent with the logged prefix. Never written to the output log -- the saved prefix is always exactly the input log, unchanged -- but these ARE counted in this case's activity-history used for probabilistic weighting of subsequent simulated events."
206026,W_Completeren aanvraag,"alignment needed to insert visible activity(ies) not present in the historical log to explain how the model reaches a state consistent with the logged prefix. Never written to the output log -- the saved prefix is always exactly the input log, unchanged -- but these ARE counted in this case's activity-history used for probabilistic weighting of subsequent simulated events."
206047,W_Completeren aanvraag;A_ACCEPTED;W_Completeren aanvraag,"alignment needed to insert visible activity(ies) not present in the historical log to explain how the model reaches a state consistent with the logged prefix. Never written to the output log -- the saved prefix is always exactly the input log, unchanged -- but these ARE counted in this case's activity-history used for probabilistic weighting of subsequent simulated events."
206123,W_Valideren aanvraag,"alignment needed to insert visible activity(ies) not present in the historical log to explain how the model reaches a state consistent with the logged prefix. Never written to the output log -- the saved prefix is always exactly the input log, unchanged -- but these ARE counted in this case's activity-history used for probabilistic weighting of subsequent simulated events."
206132,A_CANCELLED;W_Completeren aanvraag;W_Completeren aanvraag,"alignment needed to insert visible activity(ies) not present in the historical log to explain how the model reaches a state consistent with the logged prefix. Never written to the output log -- the saved prefix is always exactly the input log, unchanged -- but these ARE counted in this case's activity-history used for probabilistic weighting of subsequent simulated events."
206135,W_Completeren aanvraag,"alignment needed to insert visible activity(ies) not present in the historical log to explain how the model reaches a state consistent with the logged prefix. Never written to the output log -- the saved prefix is always exactly the input log, unchanged -- but these ARE counted in this case's activity-history used for probabilistic weighting of subsequent simulated events."
206141,W_Completeren aanvraag,"alignment needed to insert visible activity(ies) not present in the historical log to explain how the model reaches a state consistent with the logged prefix. Never written to the output log -- the saved prefix is always exactly the input log, unchanged -- but these ARE counted in this case's activity-history used for probabilistic weighting of subsequent simulated events."
206147,W_Completeren aanvraag;A_ACCEPTED;W_Completeren aanvraag,"alignment needed to insert visible activity(ies) not present in the historical log to explain how the model reaches a state consistent with the logged prefix. Never written to the output log -- the saved prefix is always exactly the input log, unchanged -- but these ARE counted in this case's activity-history used for probabilistic weighting of subsequent simulated events."
206180,W_Completeren aanvraag,"alignment needed to insert visible activity(ies) not present in the historical log to explain how the model reaches a state consistent with the logged prefix. Never written to the output log -- the saved prefix is always exactly the input log, unchanged -- but these ARE counted in this case's activity-history used for probabilistic weighting of subsequent simulated events."
206219,W_Completeren aanvraag,"alignment needed to insert visible activity(ies) not present in the historical log to explain how the model reaches a state consistent with the logged prefix. Never written to the output log -- the saved prefix is always exactly the input log, unchanged -- but these ARE counted in this case's activity-history used for probabilistic weighting of subsequent simulated events."
206234,A_CANCELLED;W_Completeren aanvraag,"alignment needed to insert visible activity(ies) not present in the historical log to explain how the model reaches a state consistent with the logged prefix. Never written to the output log -- the saved prefix is always exactly the input log, unchanged -- but these ARE counted in this case's activity-history used for probabilistic weighting of subsequent simulated events."
206246,W_Completeren aanvraag,"alignment needed to insert visible activity(ies) not present in the historical log to explain how the model reaches a state consistent with the logged prefix. Never written to the output log -- the saved prefix is always exactly the input log, unchanged -- but these ARE counted in this case's activity-history used for probabilistic weighting of subsequent simulated events."
206249,W_Completeren aanvraag;A_CANCELLED;W_Completeren aanvraag;O_SELECTED;W_Completeren aanvraag,"alignment needed to insert visible activity(ies) not present in the historical log to explain how the model reaches a state consistent with the logged prefix. Never written to the output log -- the saved prefix is always exactly the input log, unchanged -- but these ARE counted in this case's activity-history used for probabilistic weighting of subsequent simulated events."
206258,W_Completeren aanvraag;O_SENT_BACK,"alignment needed to insert visible activity(ies) not present in the historical log to explain how the model reaches a state consistent with the logged prefix. Never written to the output log -- the saved prefix is always exactly the input log, unchanged -- but these ARE counted in this case's activity-history used for probabilistic weighting of subsequent simulated events."
206261,A_CANCELLED;W_Completeren aanvraag,"alignment needed to insert visible activity(ies) not present in the historical log to explain how the model reaches a state consistent with the logged prefix. Never written to the output log -- the saved prefix is always exactly the input log, unchanged -- but these ARE counted in this case's activity-history used for probabilistic weighting of subsequent simulated events."
206279,W_Completeren aanvraag,"alignment needed to insert visible activity(ies) not present in the historical log to explain how the model reaches a state consistent with the logged prefix. Never written to the output log -- the saved prefix is always exactly the input log, unchanged -- but these ARE counted in this case's activity-history used for probabilistic weighting of subsequent simulated events."
206285,W_Completeren aanvraag,"alignment needed to insert visible activity(ies) not present in the historical log to explain how the model reaches a state consistent with the logged prefix. Never written to the output log -- the saved prefix is always exactly the input log, unchanged -- but these ARE counted in this case's activity-history used for probabilistic weighting of subsequent simulated events."
206291,A_ACCEPTED,"alignment needed to insert visible activity(ies) not present in the historical log to explain how the model reaches a state consistent with the logged prefix. Never written to the output log -- the saved prefix is always exactly the input log, unchanged -- but these ARE counted in this case's activity-history used for probabilistic weighting of subsequent simulated events."
206294,W_Completeren aanvraag,"alignment needed to insert visible activity(ies) not present in the historical log to explain how the model reaches a state consistent with the logged prefix. Never written to the output log -- the saved prefix is always exactly the input log, unchanged -- but these ARE counted in this case's activity-history used for probabilistic weighting of subsequent simulated events."
206300,W_Completeren aanvraag,"alignment needed to insert visible activity(ies) not present in the historical log to explain how the model reaches a state consistent with the logged prefix. Never written to the output log -- the saved prefix is always exactly the input log, unchanged -- but these ARE counted in this case's activity-history used for probabilistic weighting of subsequent simulated events."
206309,W_Completeren aanvraag,"alignment needed to insert visible activity(ies) not present in the historical log to explain how the model reaches a state consistent with the logged prefix. Never written to the output log -- the saved prefix is always exactly the input log, unchanged -- but these ARE counted in this case's activity-history used for probabilistic weighting of subsequent simulated events."
206333,A_ACCEPTED;W_Completeren aanvraag,"alignment needed to insert visible activity(ies) not present in the historical log to explain how the model reaches a state consistent with the logged prefix. Never written to the output log -- the saved prefix is always exactly the input log, unchanged -- but these ARE counted in this case's activity-history used for probabilistic weighting of subsequent simulated events."
206336,W_Completeren aanvraag;A_CANCELLED;W_Completeren aanvraag,"alignment needed to insert visible activity(ies) not present in the historical log to explain how the model reaches a state consistent with the logged prefix. Never written to the output log -- the saved prefix is always exactly the input log, unchanged -- but these ARE counted in this case's activity-history used for probabilistic weighting of subsequent simulated events."
206351,A_CANCELLED;W_Completeren aanvraag;O_SELECTED;W_Completeren aanvraag,"alignment needed to insert visible activity(ies) not present in the historical log to explain how the model reaches a state consistent with the logged prefix. Never written to the output log -- the saved prefix is always exactly the input log, unchanged -- but these ARE counted in this case's activity-history used for probabilistic weighting of subsequent simulated events."
206357,W_Completeren aanvraag;A_CANCELLED;W_Completeren aanvraag;O_CANCELLED;W_Completeren aanvraag;W_Completeren aanvraag,"alignment needed to insert visible activity(ies) not present in the historical log to explain how the model reaches a state consistent with the logged prefix. Never written to the output log -- the saved prefix is always exactly the input log, unchanged -- but these ARE counted in this case's activity-history used for probabilistic weighting of subsequent simulated events."
206366,W_Completeren aanvraag,"alignment needed to insert visible activity(ies) not present in the historical log to explain how the model reaches a state consistent with the logged prefix. Never written to the output log -- the saved prefix is always exactly the input log, unchanged -- but these ARE counted in this case's activity-history used for probabilistic weighting of subsequent simulated events."
206372,A_CANCELLED;W_Completeren aanvraag,"alignment needed to insert visible activity(ies) not present in the historical log to explain how the model reaches a state consistent with the logged prefix. Never written to the output log -- the saved prefix is always exactly the input log, unchanged -- but these ARE counted in this case's activity-history used for probabilistic weighting of subsequent simulated events."
206384,W_Completeren aanvraag,"alignment needed to insert visible activity(ies) not present in the historical log to explain how the model reaches a state consistent with the logged prefix. Never written to the output log -- the saved prefix is always exactly the input log, unchanged -- but these ARE counted in this case's activity-history used for probabilistic weighting of subsequent simulated events."
206408,W_Completeren aanvraag,"alignment needed to insert visible activity(ies) not present in the historical log to explain how the model reaches a state consistent with the logged prefix. Never written to the output log -- the saved prefix is always exactly the input log, unchanged -- but these ARE counted in this case's activity-history used for probabilistic weighting of subsequent simulated events."
206441,W_Completeren aanvraag;O_SELECTED;W_Completeren aanvraag,"alignment needed to insert visible activity(ies) not present in the historical log to explain how the model reaches a state consistent with the logged prefix. Never written to the output log -- the saved prefix is always exactly the input log, unchanged -- but these ARE counted in this case's activity-history used for probabilistic weighting of subsequent simulated events."
206444,W_Completeren aanvraag,"alignment needed to insert visible activity(ies) not present in the historical log to explain how the model reaches a state consistent with the logged prefix. Never written to the output log -- the saved prefix is always exactly the input log, unchanged -- but these ARE counted in this case's activity-history used for probabilistic weighting of subsequent simulated events."
206453,W_Completeren aanvraag,"alignment needed to insert visible activity(ies) not present in the historical log to explain how the model reaches a state consistent with the logged prefix. Never written to the output log -- the saved prefix is always exactly the input log, unchanged -- but these ARE counted in this case's activity-history used for probabilistic weighting of subsequent simulated events."
206477,W_Completeren aanvraag,"alignment needed to insert visible activity(ies) not present in the historical log to explain how the model reaches a state consistent with the logged prefix. Never written to the output log -- the saved prefix is always exactly the input log, unchanged -- but these ARE counted in this case's activity-history used for probabilistic weighting of subsequent simulated events."
206510,A_ACCEPTED;W_Completeren aanvraag;O_SENT_BACK,"alignment needed to insert visible activity(ies) not present in the historical log to explain how the model reaches a state consistent with the logged prefix. Never written to the output log -- the saved prefix is always exactly the input log, unchanged -- but these ARE counted in this case's activity-history used for probabilistic weighting of subsequent simulated events."
206513,W_Completeren aanvraag,"alignment needed to insert visible activity(ies) not present in the historical log to explain how the model reaches a state consistent with the logged prefix. Never written to the output log -- the saved prefix is always exactly the input log, unchanged -- but these ARE counted in this case's activity-history used for probabilistic weighting of subsequent simulated events."
206543,W_Completeren aanvraag,"alignment needed to insert visible activity(ies) not present in the historical log to explain how the model reaches a state consistent with the logged prefix. Never written to the output log -- the saved prefix is always exactly the input log, unchanged -- but these ARE counted in this case's activity-history used for probabilistic weighting of subsequent simulated events."
206561,W_Completeren aanvraag,"alignment needed to insert visible activity(ies) not present in the historical log to explain how the model reaches a state consistent with the logged prefix. Never written to the output log -- the saved prefix is always exactly the input log, unchanged -- but these ARE counted in this case's activity-history used for probabilistic weighting of subsequent simulated events."
206567,A_CANCELLED;W_Completeren aanvraag,"alignment needed to insert visible activity(ies) not present in the historical log to explain how the model reaches a state consistent with the logged prefix. Never written to the output log -- the saved prefix is always exactly the input log, unchanged -- but these ARE counted in this case's activity-history used for probabilistic weighting of subsequent simulated events."
206579,W_Completeren aanvraag,"alignment needed to insert visible activity(ies) not present in the historical log to explain how the model reaches a state consistent with the logged prefix. Never written to the output log -- the saved prefix is always exactly the input log, unchanged -- but these ARE counted in this case's activity-history used for probabilistic weighting of subsequent simulated events."
206609,W_Completeren aanvraag,"alignment needed to insert visible activity(ies) not present in the historical log to explain how the model reaches a state consistent with the logged prefix. Never written to the output log -- the saved prefix is always exactly the input log, unchanged -- but these ARE counted in this case's activity-history used for probabilistic weighting of subsequent simulated events."
206615,W_Completeren aanvraag,"alignment needed to insert visible activity(ies) not present in the historical log to explain how the model reaches a state consistent with the logged prefix. Never written to the output log -- the saved prefix is always exactly the input log, unchanged -- but these ARE counted in this case's activity-history used for probabilistic weighting of subsequent simulated events."
206621,W_Completeren aanvraag,"alignment needed to insert visible activity(ies) not present in the historical log to explain how the model reaches a state consistent with the logged prefix. Never written to the output log -- the saved prefix is always exactly the input log, unchanged -- but these ARE counted in this case's activity-history used for probabilistic weighting of subsequent simulated events."
206633,W_Completeren aanvraag,"alignment needed to insert visible activity(ies) not present in the historical log to explain how the model reaches a state consistent with the logged prefix. Never written to the output log -- the saved prefix is always exactly the input log, unchanged -- but these ARE counted in this case's activity-history used for probabilistic weighting of subsequent simulated events."
206642,W_Completeren aanvraag,"alignment needed to insert visible activity(ies) not present in the historical log to explain how the model reaches a state consistent with the logged prefix. Never written to the output log -- the saved prefix is always exactly the input log, unchanged -- but these ARE counted in this case's activity-history used for probabilistic weighting of subsequent simulated events."
206645,W_Completeren aanvraag,"alignment needed to insert visible activity(ies) not present in the historical log to explain how the model reaches a state consistent with the logged prefix. Never written to the output log -- the saved prefix is always exactly the input log, unchanged -- but these ARE counted in this case's activity-history used for probabilistic weighting of subsequent simulated events."
206700,W_Completeren aanvraag,"alignment needed to insert visible activity(ies) not present in the historical log to explain how the model reaches a state consistent with the logged prefix. Never written to the output log -- the saved prefix is always exactly the input log, unchanged -- but these ARE counted in this case's activity-history used for probabilistic weighting of subsequent simulated events."
206718,W_Completeren aanvraag,"alignment needed to insert visible activity(ies) not present in the historical log to explain how the model reaches a state consistent with the logged prefix. Never written to the output log -- the saved prefix is always exactly the input log, unchanged -- but these ARE counted in this case's activity-history used for probabilistic weighting of subsequent simulated events."
206736,A_ACCEPTED;W_Completeren aanvraag,"alignment needed to insert visible activity(ies) not present in the historical log to explain how the model reaches a state consistent with the logged prefix. Never written to the output log -- the saved prefix is always exactly the input log, unchanged -- but these ARE counted in this case's activity-history used for probabilistic weighting of subsequent simulated events."
206745,W_Completeren aanvraag,"alignment needed to insert visible activity(ies) not present in the historical log to explain how the model reaches a state consistent with the logged prefix. Never written to the output log -- the saved prefix is always exactly the input log, unchanged -- but these ARE counted in this case's activity-history used for probabilistic weighting of subsequent simulated events."
206790,W_Completeren aanvraag,"alignment needed to insert visible activity(ies) not present in the historical log to explain how the model reaches a state consistent with the logged prefix. Never written to the output log -- the saved prefix is always exactly the input log, unchanged -- but these ARE counted in this case's activity-history used for probabilistic weighting of subsequent simulated events."
206856,W_Completeren aanvraag,"alignment needed to insert visible activity(ies) not present in the historical log to explain how the model reaches a state consistent with the logged prefix. Never written to the output log -- the saved prefix is always exactly the input log, unchanged -- but these ARE counted in this case's activity-history used for probabilistic weighting of subsequent simulated events."
206865,W_Completeren aanvraag,"alignment needed to insert visible activity(ies) not present in the historical log to explain how the model reaches a state consistent with the logged prefix. Never written to the output log -- the saved prefix is always exactly the input log, unchanged -- but these ARE counted in this case's activity-history used for probabilistic weighting of subsequent simulated events."
206883,A_CANCELLED;W_Completeren aanvraag,"alignment needed to insert visible activity(ies) not present in the historical log to explain how the model reaches a state consistent with the logged prefix. Never written to the output log -- the saved prefix is always exactly the input log, unchanged -- but these ARE counted in this case's activity-history used for probabilistic weighting of subsequent simulated events."
206898,W_Completeren aanvraag;A_ACCEPTED;W_Completeren aanvraag,"alignment needed to insert visible activity(ies) not present in the historical log to explain how the model reaches a state consistent with the logged prefix. Never written to the output log -- the saved prefix is always exactly the input log, unchanged -- but these ARE counted in this case's activity-history used for probabilistic weighting of subsequent simulated events."
206901,W_Completeren aanvraag,"alignment needed to insert visible activity(ies) not present in the historical log to explain how the model reaches a state consistent with the logged prefix. Never written to the output log -- the saved prefix is always exactly the input log, unchanged -- but these ARE counted in this case's activity-history used for probabilistic weighting of subsequent simulated events."
206907,W_Completeren aanvraag,"alignment needed to insert visible activity(ies) not present in the historical log to explain how the model reaches a state consistent with the logged prefix. Never written to the output log -- the saved prefix is always exactly the input log, unchanged -- but these ARE counted in this case's activity-history used for probabilistic weighting of subsequent simulated events."
206910,W_Completeren aanvraag,"alignment needed to insert visible activity(ies) not present in the historical log to explain how the model reaches a state consistent with the logged prefix. Never written to the output log -- the saved prefix is always exactly the input log, unchanged -- but these ARE counted in this case's activity-history used for probabilistic weighting of subsequent simulated events."
206913,W_Completeren aanvraag,"alignment needed to insert visible activity(ies) not present in the historical log to explain how the model reaches a state consistent with the logged prefix. Never written to the output log -- the saved prefix is always exactly the input log, unchanged -- but these ARE counted in this case's activity-history used for probabilistic weighting of subsequent simulated events."
206925,W_Completeren aanvraag,"alignment needed to insert visible activity(ies) not present in the historical log to explain how the model reaches a state consistent with the logged prefix. Never written to the output log -- the saved prefix is always exactly the input log, unchanged -- but these ARE counted in this case's activity-history used for probabilistic weighting of subsequent simulated events."
206934,W_Completeren aanvraag,"alignment needed to insert visible activity(ies) not present in the historical log to explain how the model reaches a state consistent with the logged prefix. Never written to the output log -- the saved prefix is always exactly the input log, unchanged -- but these ARE counted in this case's activity-history used for probabilistic weighting of subsequent simulated events."
206937,A_ACCEPTED;W_Completeren aanvraag,"alignment needed to insert visible activity(ies) not present in the historical log to explain how the model reaches a state consistent with the logged prefix. Never written to the output log -- the saved prefix is always exactly the input log, unchanged -- but these ARE counted in this case's activity-history used for probabilistic weighting of subsequent simulated events."
206952,A_CANCELLED;W_Completeren aanvraag,"alignment needed to insert visible activity(ies) not present in the historical log to explain how the model reaches a state consistent with the logged prefix. Never written to the output log -- the saved prefix is always exactly the input log, unchanged -- but these ARE counted in this case's activity-history used for probabilistic weighting of subsequent simulated events."
207005,W_Completeren aanvraag;W_Completeren aanvraag,"alignment needed to insert visible activity(ies) not present in the historical log to explain how the model reaches a state consistent with the logged prefix. Never written to the output log -- the saved prefix is always exactly the input log, unchanged -- but these ARE counted in this case's activity-history used for probabilistic weighting of subsequent simulated events."
207026,W_Completeren aanvraag,"alignment needed to insert visible activity(ies) not present in the historical log to explain how the model reaches a state consistent with the logged prefix. Never written to the output log -- the saved prefix is always exactly the input log, unchanged -- but these ARE counted in this case's activity-history used for probabilistic weighting of subsequent simulated events."
207041,W_Completeren aanvraag,"alignment needed to insert visible activity(ies) not present in the historical log to explain how the model reaches a state consistent with the logged prefix. Never written to the output log -- the saved prefix is always exactly the input log, unchanged -- but these ARE counted in this case's activity-history used for probabilistic weighting of subsequent simulated events."
207047,A_CANCELLED;W_Completeren aanvraag,"alignment needed to insert visible activity(ies) not present in the historical log to explain how the model reaches a state consistent with the logged prefix. Never written to the output log -- the saved prefix is always exactly the input log, unchanged -- but these ARE counted in this case's activity-history used for probabilistic weighting of subsequent simulated events."
207050,W_Completeren aanvraag,"alignment needed to insert visible activity(ies) not present in the historical log to explain how the model reaches a state consistent with the logged prefix. Never written to the output log -- the saved prefix is always exactly the input log, unchanged -- but these ARE counted in this case's activity-history used for probabilistic weighting of subsequent simulated events."
207071,W_Completeren aanvraag,"alignment needed to insert visible activity(ies) not present in the historical log to explain how the model reaches a state consistent with the logged prefix. Never written to the output log -- the saved prefix is always exactly the input log, unchanged -- but these ARE counted in this case's activity-history used for probabilistic weighting of subsequent simulated events."
207107,W_Completeren aanvraag,"alignment needed to insert visible activity(ies) not present in the historical log to explain how the model reaches a state consistent with the logged prefix. Never written to the output log -- the saved prefix is always exactly the input log, unchanged -- but these ARE counted in this case's activity-history used for probabilistic weighting of subsequent simulated events."
207125,W_Completeren aanvraag,"alignment needed to insert visible activity(ies) not present in the historical log to explain how the model reaches a state consistent with the logged prefix. Never written to the output log -- the saved prefix is always exactly the input log, unchanged -- but these ARE counted in this case's activity-history used for probabilistic weighting of subsequent simulated events."
207137,W_Completeren aanvraag;O_SELECTED;W_Completeren aanvraag,"alignment needed to insert visible activity(ies) not present in the historical log to explain how the model reaches a state consistent with the logged prefix. Never written to the output log -- the saved prefix is always exactly the input log, unchanged -- but these ARE counted in this case's activity-history used for probabilistic weighting of subsequent simulated events."
207212,A_CANCELLED;W_Completeren aanvraag,"alignment needed to insert visible activity(ies) not present in the historical log to explain how the model reaches a state consistent with the logged prefix. Never written to the output log -- the saved prefix is always exactly the input log, unchanged -- but these ARE counted in this case's activity-history used for probabilistic weighting of subsequent simulated events."
207215,W_Completeren aanvraag,"alignment needed to insert visible activity(ies) not present in the historical log to explain how the model reaches a state consistent with the logged prefix. Never written to the output log -- the saved prefix is always exactly the input log, unchanged -- but these ARE counted in this case's activity-history used for probabilistic weighting of subsequent simulated events."
207218,W_Completeren aanvraag,"alignment needed to insert visible activity(ies) not present in the historical log to explain how the model reaches a state consistent with the logged prefix. Never written to the output log -- the saved prefix is always exactly the input log, unchanged -- but these ARE counted in this case's activity-history used for probabilistic weighting of subsequent simulated events."
207242,W_Completeren aanvraag,"alignment needed to insert visible activity(ies) not present in the historical log to explain how the model reaches a state consistent with the logged prefix. Never written to the output log -- the saved prefix is always exactly the input log, unchanged -- but these ARE counted in this case's activity-history used for probabilistic weighting of subsequent simulated events."
207248,W_Completeren aanvraag,"alignment needed to insert visible activity(ies) not present in the historical log to explain how the model reaches a state consistent with the logged prefix. Never written to the output log -- the saved prefix is always exactly the input log, unchanged -- but these ARE counted in this case's activity-history used for probabilistic weighting of subsequent simulated events."
207254,A_ACCEPTED;W_Completeren aanvraag,"alignment needed to insert visible activity(ies) not present in the historical log to explain how the model reaches a state consistent with the logged prefix. Never written to the output log -- the saved prefix is always exactly the input log, unchanged -- but these ARE counted in this case's activity-history used for probabilistic weighting of subsequent simulated events."
207266,W_Completeren aanvraag;W_Completeren aanvraag;W_Completeren aanvraag,"alignment needed to insert visible activity(ies) not present in the historical log to explain how the model reaches a state consistent with the logged prefix. Never written to the output log -- the saved prefix is always exactly the input log, unchanged -- but these ARE counted in this case's activity-history used for probabilistic weighting of subsequent simulated events."
207275,W_Completeren aanvraag,"alignment needed to insert visible activity(ies) not present in the historical log to explain how the model reaches a state consistent with the logged prefix. Never written to the output log -- the saved prefix is always exactly the input log, unchanged -- but these ARE counted in this case's activity-history used for probabilistic weighting of subsequent simulated events."
207278,W_Completeren aanvraag,"alignment needed to insert visible activity(ies) not present in the historical log to explain how the model reaches a state consistent with the logged prefix. Never written to the output log -- the saved prefix is always exactly the input log, unchanged -- but these ARE counted in this case's activity-history used for probabilistic weighting of subsequent simulated events."
207334,W_Completeren aanvraag,"alignment needed to insert visible activity(ies) not present in the historical log to explain how the model reaches a state consistent with the logged prefix. Never written to the output log -- the saved prefix is always exactly the input log, unchanged -- but these ARE counted in this case's activity-history used for probabilistic weighting of subsequent simulated events."
207377,W_Completeren aanvraag,"alignment needed to insert visible activity(ies) not present in the historical log to explain how the model reaches a state consistent with the logged prefix. Never written to the output log -- the saved prefix is always exactly the input log, unchanged -- but these ARE counted in this case's activity-history used for probabilistic weighting of subsequent simulated events."
207461,W_Completeren aanvraag;A_CANCELLED;W_Completeren aanvraag,"alignment needed to insert visible activity(ies) not present in the historical log to explain how the model reaches a state consistent with the logged prefix. Never written to the output log -- the saved prefix is always exactly the input log, unchanged -- but these ARE counted in this case's activity-history used for probabilistic weighting of subsequent simulated events."
207467,W_Completeren aanvraag,"alignment needed to insert visible activity(ies) not present in the historical log to explain how the model reaches a state consistent with the logged prefix. Never written to the output log -- the saved prefix is always exactly the input log, unchanged -- but these ARE counted in this case's activity-history used for probabilistic weighting of subsequent simulated events."
207470,W_Completeren aanvraag;A_ACCEPTED;W_Completeren aanvraag,"alignment needed to insert visible activity(ies) not present in the historical log to explain how the model reaches a state consistent with the logged prefix. Never written to the output log -- the saved prefix is always exactly the input log, unchanged -- but these ARE counted in this case's activity-history used for probabilistic weighting of subsequent simulated events."
207482,W_Completeren aanvraag,"alignment needed to insert visible activity(ies) not present in the historical log to explain how the model reaches a state consistent with the logged prefix. Never written to the output log -- the saved prefix is always exactly the input log, unchanged -- but these ARE counted in this case's activity-history used for probabilistic weighting of subsequent simulated events."
207488,W_Completeren aanvraag,"alignment needed to insert visible activity(ies) not present in the historical log to explain how the model reaches a state consistent with the logged prefix. Never written to the output log -- the saved prefix is always exactly the input log, unchanged -- but these ARE counted in this case's activity-history used for probabilistic weighting of subsequent simulated events."
207506,W_Completeren aanvraag,"alignment needed to insert visible activity(ies) not present in the historical log to explain how the model reaches a state consistent with the logged prefix. Never written to the output log -- the saved prefix is always exactly the input log, unchanged -- but these ARE counted in this case's activity-history used for probabilistic weighting of subsequent simulated events."
207515,W_Completeren aanvraag,"alignment needed to insert visible activity(ies) not present in the historical log to explain how the model reaches a state consistent with the logged prefix. Never written to the output log -- the saved prefix is always exactly the input log, unchanged -- but these ARE counted in this case's activity-history used for probabilistic weighting of subsequent simulated events."
207518,W_Completeren aanvraag,"alignment needed to insert visible activity(ies) not present in the historical log to explain how the model reaches a state consistent with the logged prefix. Never written to the output log -- the saved prefix is always exactly the input log, unchanged -- but these ARE counted in this case's activity-history used for probabilistic weighting of subsequent simulated events."
207527,W_Completeren aanvraag,"alignment needed to insert visible activity(ies) not present in the historical log to explain how the model reaches a state consistent with the logged prefix. Never written to the output log -- the saved prefix is always exactly the input log, unchanged -- but these ARE counted in this case's activity-history used for probabilistic weighting of subsequent simulated events."
207542,W_Completeren aanvraag,"alignment needed to insert visible activity(ies) not present in the historical log to explain how the model reaches a state consistent with the logged prefix. Never written to the output log -- the saved prefix is always exactly the input log, unchanged -- but these ARE counted in this case's activity-history used for probabilistic weighting of subsequent simulated events."
207560,W_Completeren aanvraag;A_CANCELLED;W_Completeren aanvraag,"alignment needed to insert visible activity(ies) not present in the historical log to explain how the model reaches a state consistent with the logged prefix. Never written to the output log -- the saved prefix is always exactly the input log, unchanged -- but these ARE counted in this case's activity-history used for probabilistic weighting of subsequent simulated events."
207593,W_Completeren aanvraag,"alignment needed to insert visible activity(ies) not present in the historical log to explain how the model reaches a state consistent with the logged prefix. Never written to the output log -- the saved prefix is always exactly the input log, unchanged -- but these ARE counted in this case's activity-history used for probabilistic weighting of subsequent simulated events."
207599,W_Completeren aanvraag,"alignment needed to insert visible activity(ies) not present in the historical log to explain how the model reaches a state consistent with the logged prefix. Never written to the output log -- the saved prefix is always exactly the input log, unchanged -- but these ARE counted in this case's activity-history used for probabilistic weighting of subsequent simulated events."
207605,A_CANCELLED;W_Completeren aanvraag;O_CANCELLED;W_Completeren aanvraag,"alignment needed to insert visible activity(ies) not present in the historical log to explain how the model reaches a state consistent with the logged prefix. Never written to the output log -- the saved prefix is always exactly the input log, unchanged -- but these ARE counted in this case's activity-history used for probabilistic weighting of subsequent simulated events."
207632,W_Completeren aanvraag,"alignment needed to insert visible activity(ies) not present in the historical log to explain how the model reaches a state consistent with the logged prefix. Never written to the output log -- the saved prefix is always exactly the input log, unchanged -- but these ARE counted in this case's activity-history used for probabilistic weighting of subsequent simulated events."
207674,W_Completeren aanvraag,"alignment needed to insert visible activity(ies) not present in the historical log to explain how the model reaches a state consistent with the logged prefix. Never written to the output log -- the saved prefix is always exactly the input log, unchanged -- but these ARE counted in this case's activity-history used for probabilistic weighting of subsequent simulated events."
207708,W_Completeren aanvraag;W_Completeren aanvraag;W_Completeren aanvraag,"alignment needed to insert visible activity(ies) not present in the historical log to explain how the model reaches a state consistent with the logged prefix. Never written to the output log -- the saved prefix is always exactly the input log, unchanged -- but these ARE counted in this case's activity-history used for probabilistic weighting of subsequent simulated events."
207711,W_Completeren aanvraag,"alignment needed to insert visible activity(ies) not present in the historical log to explain how the model reaches a state consistent with the logged prefix. Never written to the output log -- the saved prefix is always exactly the input log, unchanged -- but these ARE counted in this case's activity-history used for probabilistic weighting of subsequent simulated events."
207732,W_Completeren aanvraag,"alignment needed to insert visible activity(ies) not present in the historical log to explain how the model reaches a state consistent with the logged prefix. Never written to the output log -- the saved prefix is always exactly the input log, unchanged -- but these ARE counted in this case's activity-history used for probabilistic weighting of subsequent simulated events."
207735,W_Completeren aanvraag,"alignment needed to insert visible activity(ies) not present in the historical log to explain how the model reaches a state consistent with the logged prefix. Never written to the output log -- the saved prefix is always exactly the input log, unchanged -- but these ARE counted in this case's activity-history used for probabilistic weighting of subsequent simulated events."
207741,W_Completeren aanvraag,"alignment needed to insert visible activity(ies) not present in the historical log to explain how the model reaches a state consistent with the logged prefix. Never written to the output log -- the saved prefix is always exactly the input log, unchanged -- but these ARE counted in this case's activity-history used for probabilistic weighting of subsequent simulated events."
207753,W_Completeren aanvraag,"alignment needed to insert visible activity(ies) not present in the historical log to explain how the model reaches a state consistent with the logged prefix. Never written to the output log -- the saved prefix is always exactly the input log, unchanged -- but these ARE counted in this case's activity-history used for probabilistic weighting of subsequent simulated events."
207783,W_Completeren aanvraag,"alignment needed to insert visible activity(ies) not present in the historical log to explain how the model reaches a state consistent with the logged prefix. Never written to the output log -- the saved prefix is always exactly the input log, unchanged -- but these ARE counted in this case's activity-history used for probabilistic weighting of subsequent simulated events."
207792,A_CANCELLED;W_Completeren aanvraag,"alignment needed to insert visible activity(ies) not present in the historical log to explain how the model reaches a state consistent with the logged prefix. Never written to the output log -- the saved prefix is always exactly the input log, unchanged -- but these ARE counted in this case's activity-history used for probabilistic weighting of subsequent simulated events."
207798,W_Completeren aanvraag,"alignment needed to insert visible activity(ies) not present in the historical log to explain how the model reaches a state consistent with the logged prefix. Never written to the output log -- the saved prefix is always exactly the input log, unchanged -- but these ARE counted in this case's activity-history used for probabilistic weighting of subsequent simulated events."
207810,W_Completeren aanvraag,"alignment needed to insert visible activity(ies) not present in the historical log to explain how the model reaches a state consistent with the logged prefix. Never written to the output log -- the saved prefix is always exactly the input log, unchanged -- but these ARE counted in this case's activity-history used for probabilistic weighting of subsequent simulated events."
207831,A_CANCELLED;W_Completeren aanvraag,"alignment needed to insert visible activity(ies) not present in the historical log to explain how the model reaches a state consistent with the logged prefix. Never written to the output log -- the saved prefix is always exactly the input log, unchanged -- but these ARE counted in this case's activity-history used for probabilistic weighting of subsequent simulated events."
207843,W_Completeren aanvraag,"alignment needed to insert visible activity(ies) not present in the historical log to explain how the model reaches a state consistent with the logged prefix. Never written to the output log -- the saved prefix is always exactly the input log, unchanged -- but these ARE counted in this case's activity-history used for probabilistic weighting of subsequent simulated events."
207864,W_Completeren aanvraag,"alignment needed to insert visible activity(ies) not present in the historical log to explain how the model reaches a state consistent with the logged prefix. Never written to the output log -- the saved prefix is always exactly the input log, unchanged -- but these ARE counted in this case's activity-history used for probabilistic weighting of subsequent simulated events."
207867,W_Completeren aanvraag,"alignment needed to insert visible activity(ies) not present in the historical log to explain how the model reaches a state consistent with the logged prefix. Never written to the output log -- the saved prefix is always exactly the input log, unchanged -- but these ARE counted in this case's activity-history used for probabilistic weighting of subsequent simulated events."
207870,W_Completeren aanvraag;A_CANCELLED;W_Completeren aanvraag,"alignment needed to insert visible activity(ies) not present in the historical log to explain how the model reaches a state consistent with the logged prefix. Never written to the output log -- the saved prefix is always exactly the input log, unchanged -- but these ARE counted in this case's activity-history used for probabilistic weighting of subsequent simulated events."
207873,A_CANCELLED;W_Completeren aanvraag,"alignment needed to insert visible activity(ies) not present in the historical log to explain how the model reaches a state consistent with the logged prefix. Never written to the output log -- the saved prefix is always exactly the input log, unchanged -- but these ARE counted in this case's activity-history used for probabilistic weighting of subsequent simulated events."
207894,W_Completeren aanvraag;A_CANCELLED;W_Completeren aanvraag,"alignment needed to insert visible activity(ies) not present in the historical log to explain how the model reaches a state consistent with the logged prefix. Never written to the output log -- the saved prefix is always exactly the input log, unchanged -- but these ARE counted in this case's activity-history used for probabilistic weighting of subsequent simulated events."
207912,W_Completeren aanvraag;W_Completeren aanvraag,"alignment needed to insert visible activity(ies) not present in the historical log to explain how the model reaches a state consistent with the logged prefix. Never written to the output log -- the saved prefix is always exactly the input log, unchanged -- but these ARE counted in this case's activity-history used for probabilistic weighting of subsequent simulated events."
208002,W_Completeren aanvraag,"alignment needed to insert visible activity(ies) not present in the historical log to explain how the model reaches a state consistent with the logged prefix. Never written to the output log -- the saved prefix is always exactly the input log, unchanged -- but these ARE counted in this case's activity-history used for probabilistic weighting of subsequent simulated events."
208025,A_CANCELLED;W_Completeren aanvraag,"alignment needed to insert visible activity(ies) not present in the historical log to explain how the model reaches a state consistent with the logged prefix. Never written to the output log -- the saved prefix is always exactly the input log, unchanged -- but these ARE counted in this case's activity-history used for probabilistic weighting of subsequent simulated events."
208028,W_Completeren aanvraag,"alignment needed to insert visible activity(ies) not present in the historical log to explain how the model reaches a state consistent with the logged prefix. Never written to the output log -- the saved prefix is always exactly the input log, unchanged -- but these ARE counted in this case's activity-history used for probabilistic weighting of subsequent simulated events."
208031,W_Completeren aanvraag,"alignment needed to insert visible activity(ies) not present in the historical log to explain how the model reaches a state consistent with the logged prefix. Never written to the output log -- the saved prefix is always exactly the input log, unchanged -- but these ARE counted in this case's activity-history used for probabilistic weighting of subsequent simulated events."
208034,W_Completeren aanvraag,"alignment needed to insert visible activity(ies) not present in the historical log to explain how the model reaches a state consistent with the logged prefix. Never written to the output log -- the saved prefix is always exactly the input log, unchanged -- but these ARE counted in this case's activity-history used for probabilistic weighting of subsequent simulated events."
208049,W_Afhandelen leads,"alignment needed to insert visible activity(ies) not present in the historical log to explain how the model reaches a state consistent with the logged prefix. Never written to the output log -- the saved prefix is always exactly the input log, unchanged -- but these ARE counted in this case's activity-history used for probabilistic weighting of subsequent simulated events."
208052,W_Completeren aanvraag,"alignment needed to insert visible activity(ies) not present in the historical log to explain how the model reaches a state consistent with the logged prefix. Never written to the output log -- the saved prefix is always exactly the input log, unchanged -- but these ARE counted in this case's activity-history used for probabilistic weighting of subsequent simulated events."
208055,W_Completeren aanvraag,"alignment needed to insert visible activity(ies) not present in the historical log to explain how the model reaches a state consistent with the logged prefix. Never written to the output log -- the saved prefix is always exactly the input log, unchanged -- but these ARE counted in this case's activity-history used for probabilistic weighting of subsequent simulated events."
208064,A_CANCELLED;W_Completeren aanvraag;O_CANCELLED;W_Completeren aanvraag;W_Completeren aanvraag,"alignment needed to insert visible activity(ies) not present in the historical log to explain how the model reaches a state consistent with the logged prefix. Never written to the output log -- the saved prefix is always exactly the input log, unchanged -- but these ARE counted in this case's activity-history used for probabilistic weighting of subsequent simulated events."
208067,W_Completeren aanvraag,"alignment needed to insert visible activity(ies) not present in the historical log to explain how the model reaches a state consistent with the logged prefix. Never written to the output log -- the saved prefix is always exactly the input log, unchanged -- but these ARE counted in this case's activity-history used for probabilistic weighting of subsequent simulated events."
208070,W_Completeren aanvraag,"alignment needed to insert visible activity(ies) not present in the historical log to explain how the model reaches a state consistent with the logged prefix. Never written to the output log -- the saved prefix is always exactly the input log, unchanged -- but these ARE counted in this case's activity-history used for probabilistic weighting of subsequent simulated events."
208094,W_Completeren aanvraag,"alignment needed to insert visible activity(ies) not present in the historical log to explain how the model reaches a state consistent with the logged prefix. Never written to the output log -- the saved prefix is always exactly the input log, unchanged -- but these ARE counted in this case's activity-history used for probabilistic weighting of subsequent simulated events."
208103,A_CANCELLED;W_Completeren aanvraag;W_Completeren aanvraag,"alignment needed to insert visible activity(ies) not present in the historical log to explain how the model reaches a state consistent with the logged prefix. Never written to the output log -- the saved prefix is always exactly the input log, unchanged -- but these ARE counted in this case's activity-history used for probabilistic weighting of subsequent simulated events."
208124,W_Completeren aanvraag;W_Completeren aanvraag,"alignment needed to insert visible activity(ies) not present in the historical log to explain how the model reaches a state consistent with the logged prefix. Never written to the output log -- the saved prefix is always exactly the input log, unchanged -- but these ARE counted in this case's activity-history used for probabilistic weighting of subsequent simulated events."
208127,W_Completeren aanvraag,"alignment needed to insert visible activity(ies) not present in the historical log to explain how the model reaches a state consistent with the logged prefix. Never written to the output log -- the saved prefix is always exactly the input log, unchanged -- but these ARE counted in this case's activity-history used for probabilistic weighting of subsequent simulated events."
208139,W_Afhandelen leads,"alignment needed to insert visible activity(ies) not present in the historical log to explain how the model reaches a state consistent with the logged prefix. Never written to the output log -- the saved prefix is always exactly the input log, unchanged -- but these ARE counted in this case's activity-history used for probabilistic weighting of subsequent simulated events."
208148,W_Completeren aanvraag,"alignment needed to insert visible activity(ies) not present in the historical log to explain how the model reaches a state consistent with the logged prefix. Never written to the output log -- the saved prefix is always exactly the input log, unchanged -- but these ARE counted in this case's activity-history used for probabilistic weighting of subsequent simulated events."
208169,A_CANCELLED;W_Completeren aanvraag,"alignment needed to insert visible activity(ies) not present in the historical log to explain how the model reaches a state consistent with the logged prefix. Never written to the output log -- the saved prefix is always exactly the input log, unchanged -- but these ARE counted in this case's activity-history used for probabilistic weighting of subsequent simulated events."
208172,W_Completeren aanvraag;A_ACCEPTED;W_Completeren aanvraag,"alignment needed to insert visible activity(ies) not present in the historical log to explain how the model reaches a state consistent with the logged prefix. Never written to the output log -- the saved prefix is always exactly the input log, unchanged -- but these ARE counted in this case's activity-history used for probabilistic weighting of subsequent simulated events."
208181,A_ACCEPTED;W_Completeren aanvraag,"alignment needed to insert visible activity(ies) not present in the historical log to explain how the model reaches a state consistent with the logged prefix. Never written to the output log -- the saved prefix is always exactly the input log, unchanged -- but these ARE counted in this case's activity-history used for probabilistic weighting of subsequent simulated events."
208184,W_Completeren aanvraag,"alignment needed to insert visible activity(ies) not present in the historical log to explain how the model reaches a state consistent with the logged prefix. Never written to the output log -- the saved prefix is always exactly the input log, unchanged -- but these ARE counted in this case's activity-history used for probabilistic weighting of subsequent simulated events."
208241,W_Completeren aanvraag,"alignment needed to insert visible activity(ies) not present in the historical log to explain how the model reaches a state consistent with the logged prefix. Never written to the output log -- the saved prefix is always exactly the input log, unchanged -- but these ARE counted in this case's activity-history used for probabilistic weighting of subsequent simulated events."
208244,A_CANCELLED;W_Completeren aanvraag,"alignment needed to insert visible activity(ies) not present in the historical log to explain how the model reaches a state consistent with the logged prefix. Never written to the output log -- the saved prefix is always exactly the input log, unchanged -- but these ARE counted in this case's activity-history used for probabilistic weighting of subsequent simulated events."
208247,W_Completeren aanvraag,"alignment needed to insert visible activity(ies) not present in the historical log to explain how the model reaches a state consistent with the logged prefix. Never written to the output log -- the saved prefix is always exactly the input log, unchanged -- but these ARE counted in this case's activity-history used for probabilistic weighting of subsequent simulated events."
208277,W_Completeren aanvraag,"alignment needed to insert visible activity(ies) not present in the historical log to explain how the model reaches a state consistent with the logged prefix. Never written to the output log -- the saved prefix is always exactly the input log, unchanged -- but these ARE counted in this case's activity-history used for probabilistic weighting of subsequent simulated events."
208283,W_Completeren aanvraag,"alignment needed to insert visible activity(ies) not present in the historical log to explain how the model reaches a state consistent with the logged prefix. Never written to the output log -- the saved prefix is always exactly the input log, unchanged -- but these ARE counted in this case's activity-history used for probabilistic weighting of subsequent simulated events."
208343,W_Completeren aanvraag;A_CANCELLED;W_Completeren aanvraag,"alignment needed to insert visible activity(ies) not present in the historical log to explain how the model reaches a state consistent with the logged prefix. Never written to the output log -- the saved prefix is always exactly the input log, unchanged -- but these ARE counted in this case's activity-history used for probabilistic weighting of subsequent simulated events."
208349,W_Completeren aanvraag,"alignment needed to insert visible activity(ies) not present in the historical log to explain how the model reaches a state consistent with the logged prefix. Never written to the output log -- the saved prefix is always exactly the input log, unchanged -- but these ARE counted in this case's activity-history used for probabilistic weighting of subsequent simulated events."
208379,W_Completeren aanvraag,"alignment needed to insert visible activity(ies) not present in the historical log to explain how the model reaches a state consistent with the logged prefix. Never written to the output log -- the saved prefix is always exactly the input log, unchanged -- but these ARE counted in this case's activity-history used for probabilistic weighting of subsequent simulated events."
208382,W_Completeren aanvraag;A_ACCEPTED;W_Completeren aanvraag,"alignment needed to insert visible activity(ies) not present in the historical log to explain how the model reaches a state consistent with the logged prefix. Never written to the output log -- the saved prefix is always exactly the input log, unchanged -- but these ARE counted in this case's activity-history used for probabilistic weighting of subsequent simulated events."
208403,W_Completeren aanvraag,"alignment needed to insert visible activity(ies) not present in the historical log to explain how the model reaches a state consistent with the logged prefix. Never written to the output log -- the saved prefix is always exactly the input log, unchanged -- but these ARE counted in this case's activity-history used for probabilistic weighting of subsequent simulated events."
208412,A_ACCEPTED,"alignment needed to insert visible activity(ies) not present in the historical log to explain how the model reaches a state consistent with the logged prefix. Never written to the output log -- the saved prefix is always exactly the input log, unchanged -- but these ARE counted in this case's activity-history used for probabilistic weighting of subsequent simulated events."
208418,W_Completeren aanvraag;A_CANCELLED;W_Completeren aanvraag,"alignment needed to insert visible activity(ies) not present in the historical log to explain how the model reaches a state consistent with the logged prefix. Never written to the output log -- the saved prefix is always exactly the input log, unchanged -- but these ARE counted in this case's activity-history used for probabilistic weighting of subsequent simulated events."
208421,W_Completeren aanvraag;A_ACCEPTED;W_Completeren aanvraag,"alignment needed to insert visible activity(ies) not present in the historical log to explain how the model reaches a state consistent with the logged prefix. Never written to the output log -- the saved prefix is always exactly the input log, unchanged -- but these ARE counted in this case's activity-history used for probabilistic weighting of subsequent simulated events."
208451,O_SELECTED;W_Completeren aanvraag,"alignment needed to insert visible activity(ies) not present in the historical log to explain how the model reaches a state consistent with the logged prefix. Never written to the output log -- the saved prefix is always exactly the input log, unchanged -- but these ARE counted in this case's activity-history used for probabilistic weighting of subsequent simulated events."
208478,W_Completeren aanvraag,"alignment needed to insert visible activity(ies) not present in the historical log to explain how the model reaches a state consistent with the logged prefix. Never written to the output log -- the saved prefix is always exactly the input log, unchanged -- but these ARE counted in this case's activity-history used for probabilistic weighting of subsequent simulated events."
208499,W_Completeren aanvraag,"alignment needed to insert visible activity(ies) not present in the historical log to explain how the model reaches a state consistent with the logged prefix. Never written to the output log -- the saved prefix is always exactly the input log, unchanged -- but these ARE counted in this case's activity-history used for probabilistic weighting of subsequent simulated events."
208508,W_Completeren aanvraag;A_CANCELLED;W_Completeren aanvraag,"alignment needed to insert visible activity(ies) not present in the historical log to explain how the model reaches a state consistent with the logged prefix. Never written to the output log -- the saved prefix is always exactly the input log, unchanged -- but these ARE counted in this case's activity-history used for probabilistic weighting of subsequent simulated events."
208514,A_CANCELLED;W_Completeren aanvraag,"alignment needed to insert visible activity(ies) not present in the historical log to explain how the model reaches a state consistent with the logged prefix. Never written to the output log -- the saved prefix is always exactly the input log, unchanged -- but these ARE counted in this case's activity-history used for probabilistic weighting of subsequent simulated events."
208529,A_CANCELLED;W_Completeren aanvraag,"alignment needed to insert visible activity(ies) not present in the historical log to explain how the model reaches a state consistent with the logged prefix. Never written to the output log -- the saved prefix is always exactly the input log, unchanged -- but these ARE counted in this case's activity-history used for probabilistic weighting of subsequent simulated events."
208550,W_Completeren aanvraag,"alignment needed to insert visible activity(ies) not present in the historical log to explain how the model reaches a state consistent with the logged prefix. Never written to the output log -- the saved prefix is always exactly the input log, unchanged -- but these ARE counted in this case's activity-history used for probabilistic weighting of subsequent simulated events."
208556,W_Completeren aanvraag,"alignment needed to insert visible activity(ies) not present in the historical log to explain how the model reaches a state consistent with the logged prefix. Never written to the output log -- the saved prefix is always exactly the input log, unchanged -- but these ARE counted in this case's activity-history used for probabilistic weighting of subsequent simulated events."
208565,A_CANCELLED;W_Completeren aanvraag,"alignment needed to insert visible activity(ies) not present in the historical log to explain how the model reaches a state consistent with the logged prefix. Never written to the output log -- the saved prefix is always exactly the input log, unchanged -- but these ARE counted in this case's activity-history used for probabilistic weighting of subsequent simulated events."
208577,W_Completeren aanvraag;A_ACCEPTED;W_Completeren aanvraag;W_Completeren aanvraag,"alignment needed to insert visible activity(ies) not present in the historical log to explain how the model reaches a state consistent with the logged prefix. Never written to the output log -- the saved prefix is always exactly the input log, unchanged -- but these ARE counted in this case's activity-history used for probabilistic weighting of subsequent simulated events."
208598,W_Completeren aanvraag,"alignment needed to insert visible activity(ies) not present in the historical log to explain how the model reaches a state consistent with the logged prefix. Never written to the output log -- the saved prefix is always exactly the input log, unchanged -- but these ARE counted in this case's activity-history used for probabilistic weighting of subsequent simulated events."
208601,A_CANCELLED;W_Completeren aanvraag,"alignment needed to insert visible activity(ies) not present in the historical log to explain how the model reaches a state consistent with the logged prefix. Never written to the output log -- the saved prefix is always exactly the input log, unchanged -- but these ARE counted in this case's activity-history used for probabilistic weighting of subsequent simulated events."
208607,A_ACCEPTED;W_Completeren aanvraag,"alignment needed to insert visible activity(ies) not present in the historical log to explain how the model reaches a state consistent with the logged prefix. Never written to the output log -- the saved prefix is always exactly the input log, unchanged -- but these ARE counted in this case's activity-history used for probabilistic weighting of subsequent simulated events."
208655,A_ACCEPTED;W_Completeren aanvraag,"alignment needed to insert visible activity(ies) not present in the historical log to explain how the model reaches a state consistent with the logged prefix. Never written to the output log -- the saved prefix is always exactly the input log, unchanged -- but these ARE counted in this case's activity-history used for probabilistic weighting of subsequent simulated events."
208730,W_Completeren aanvraag;W_Completeren aanvraag,"alignment needed to insert visible activity(ies) not present in the historical log to explain how the model reaches a state consistent with the logged prefix. Never written to the output log -- the saved prefix is always exactly the input log, unchanged -- but these ARE counted in this case's activity-history used for probabilistic weighting of subsequent simulated events."
208754,W_Completeren aanvraag,"alignment needed to insert visible activity(ies) not present in the historical log to explain how the model reaches a state consistent with the logged prefix. Never written to the output log -- the saved prefix is always exactly the input log, unchanged -- but these ARE counted in this case's activity-history used for probabilistic weighting of subsequent simulated events."
208766,W_Completeren aanvraag,"alignment needed to insert visible activity(ies) not present in the historical log to explain how the model reaches a state consistent with the logged prefix. Never written to the output log -- the saved prefix is always exactly the input log, unchanged -- but these ARE counted in this case's activity-history used for probabilistic weighting of subsequent simulated events."
208778,W_Completeren aanvraag;A_CANCELLED;W_Completeren aanvraag,"alignment needed to insert visible activity(ies) not present in the historical log to explain how the model reaches a state consistent with the logged prefix. Never written to the output log -- the saved prefix is always exactly the input log, unchanged -- but these ARE counted in this case's activity-history used for probabilistic weighting of subsequent simulated events."
208790,W_Completeren aanvraag,"alignment needed to insert visible activity(ies) not present in the historical log to explain how the model reaches a state consistent with the logged prefix. Never written to the output log -- the saved prefix is always exactly the input log, unchanged -- but these ARE counted in this case's activity-history used for probabilistic weighting of subsequent simulated events."
208793,A_CANCELLED;W_Completeren aanvraag,"alignment needed to insert visible activity(ies) not present in the historical log to explain how the model reaches a state consistent with the logged prefix. Never written to the output log -- the saved prefix is always exactly the input log, unchanged -- but these ARE counted in this case's activity-history used for probabilistic weighting of subsequent simulated events."
208805,W_Completeren aanvraag,"alignment needed to insert visible activity(ies) not present in the historical log to explain how the model reaches a state consistent with the logged prefix. Never written to the output log -- the saved prefix is always exactly the input log, unchanged -- but these ARE counted in this case's activity-history used for probabilistic weighting of subsequent simulated events."
208817,W_Completeren aanvraag,"alignment needed to insert visible activity(ies) not present in the historical log to explain how the model reaches a state consistent with the logged prefix. Never written to the output log -- the saved prefix is always exactly the input log, unchanged -- but these ARE counted in this case's activity-history used for probabilistic weighting of subsequent simulated events."
208832,A_CANCELLED;W_Completeren aanvraag,"alignment needed to insert visible activity(ies) not present in the historical log to explain how the model reaches a state consistent with the logged prefix. Never written to the output log -- the saved prefix is always exactly the input log, unchanged -- but these ARE counted in this case's activity-history used for probabilistic weighting of subsequent simulated events."
208844,W_Completeren aanvraag;W_Completeren aanvraag,"alignment needed to insert visible activity(ies) not present in the historical log to explain how the model reaches a state consistent with the logged prefix. Never written to the output log -- the saved prefix is always exactly the input log, unchanged -- but these ARE counted in this case's activity-history used for probabilistic weighting of subsequent simulated events."
208871,W_Completeren aanvraag,"alignment needed to insert visible activity(ies) not present in the historical log to explain how the model reaches a state consistent with the logged prefix. Never written to the output log -- the saved prefix is always exactly the input log, unchanged -- but these ARE counted in this case's activity-history used for probabilistic weighting of subsequent simulated events."
208898,W_Completeren aanvraag,"alignment needed to insert visible activity(ies) not present in the historical log to explain how the model reaches a state consistent with the logged prefix. Never written to the output log -- the saved prefix is always exactly the input log, unchanged -- but these ARE counted in this case's activity-history used for probabilistic weighting of subsequent simulated events."
208901,W_Completeren aanvraag,"alignment needed to insert visible activity(ies) not present in the historical log to explain how the model reaches a state consistent with the logged prefix. Never written to the output log -- the saved prefix is always exactly the input log, unchanged -- but these ARE counted in this case's activity-history used for probabilistic weighting of subsequent simulated events."
208958,W_Completeren aanvraag,"alignment needed to insert visible activity(ies) not present in the historical log to explain how the model reaches a state consistent with the logged prefix. Never written to the output log -- the saved prefix is always exactly the input log, unchanged -- but these ARE counted in this case's activity-history used for probabilistic weighting of subsequent simulated events."
208961,W_Afhandelen leads,"alignment needed to insert visible activity(ies) not present in the historical log to explain how the model reaches a state consistent with the logged prefix. Never written to the output log -- the saved prefix is always exactly the input log, unchanged -- but these ARE counted in this case's activity-history used for probabilistic weighting of subsequent simulated events."
208967,W_Completeren aanvraag,"alignment needed to insert visible activity(ies) not present in the historical log to explain how the model reaches a state consistent with the logged prefix. Never written to the output log -- the saved prefix is always exactly the input log, unchanged -- but these ARE counted in this case's activity-history used for probabilistic weighting of subsequent simulated events."
209006,W_Completeren aanvraag,"alignment needed to insert visible activity(ies) not present in the historical log to explain how the model reaches a state consistent with the logged prefix. Never written to the output log -- the saved prefix is always exactly the input log, unchanged -- but these ARE counted in this case's activity-history used for probabilistic weighting of subsequent simulated events."
209009,W_Completeren aanvraag,"alignment needed to insert visible activity(ies) not present in the historical log to explain how the model reaches a state consistent with the logged prefix. Never written to the output log -- the saved prefix is always exactly the input log, unchanged -- but these ARE counted in this case's activity-history used for probabilistic weighting of subsequent simulated events."
209012,W_Completeren aanvraag,"alignment needed to insert visible activity(ies) not present in the historical log to explain how the model reaches a state consistent with the logged prefix. Never written to the output log -- the saved prefix is always exactly the input log, unchanged -- but these ARE counted in this case's activity-history used for probabilistic weighting of subsequent simulated events."
209030,W_Completeren aanvraag,"alignment needed to insert visible activity(ies) not present in the historical log to explain how the model reaches a state consistent with the logged prefix. Never written to the output log -- the saved prefix is always exactly the input log, unchanged -- but these ARE counted in this case's activity-history used for probabilistic weighting of subsequent simulated events."
209078,W_Completeren aanvraag,"alignment needed to insert visible activity(ies) not present in the historical log to explain how the model reaches a state consistent with the logged prefix. Never written to the output log -- the saved prefix is always exactly the input log, unchanged -- but these ARE counted in this case's activity-history used for probabilistic weighting of subsequent simulated events."
209087,W_Completeren aanvraag,"alignment needed to insert visible activity(ies) not present in the historical log to explain how the model reaches a state consistent with the logged prefix. Never written to the output log -- the saved prefix is always exactly the input log, unchanged -- but these ARE counted in this case's activity-history used for probabilistic weighting of subsequent simulated events."
209090,W_Completeren aanvraag,"alignment needed to insert visible activity(ies) not present in the historical log to explain how the model reaches a state consistent with the logged prefix. Never written to the output log -- the saved prefix is always exactly the input log, unchanged -- but these ARE counted in this case's activity-history used for probabilistic weighting of subsequent simulated events."
209105,W_Completeren aanvraag;A_ACCEPTED;W_Completeren aanvraag,"alignment needed to insert visible activity(ies) not present in the historical log to explain how the model reaches a state consistent with the logged prefix. Never written to the output log -- the saved prefix is always exactly the input log, unchanged -- but these ARE counted in this case's activity-history used for probabilistic weighting of subsequent simulated events."
209138,W_Completeren aanvraag,"alignment needed to insert visible activity(ies) not present in the historical log to explain how the model reaches a state consistent with the logged prefix. Never written to the output log -- the saved prefix is always exactly the input log, unchanged -- but these ARE counted in this case's activity-history used for probabilistic weighting of subsequent simulated events."
209179,W_Completeren aanvraag,"alignment needed to insert visible activity(ies) not present in the historical log to explain how the model reaches a state consistent with the logged prefix. Never written to the output log -- the saved prefix is always exactly the input log, unchanged -- but these ARE counted in this case's activity-history used for probabilistic weighting of subsequent simulated events."
209188,W_Completeren aanvraag,"alignment needed to insert visible activity(ies) not present in the historical log to explain how the model reaches a state consistent with the logged prefix. Never written to the output log -- the saved prefix is always exactly the input log, unchanged -- but these ARE counted in this case's activity-history used for probabilistic weighting of subsequent simulated events."
209200,W_Completeren aanvraag,"alignment needed to insert visible activity(ies) not present in the historical log to explain how the model reaches a state consistent with the logged prefix. Never written to the output log -- the saved prefix is always exactly the input log, unchanged -- but these ARE counted in this case's activity-history used for probabilistic weighting of subsequent simulated events."
209221,W_Completeren aanvraag,"alignment needed to insert visible activity(ies) not present in the historical log to explain how the model reaches a state consistent with the logged prefix. Never written to the output log -- the saved prefix is always exactly the input log, unchanged -- but these ARE counted in this case's activity-history used for probabilistic weighting of subsequent simulated events."
209257,W_Completeren aanvraag;A_ACCEPTED;W_Completeren aanvraag,"alignment needed to insert visible activity(ies) not present in the historical log to explain how the model reaches a state consistent with the logged prefix. Never written to the output log -- the saved prefix is always exactly the input log, unchanged -- but these ARE counted in this case's activity-history used for probabilistic weighting of subsequent simulated events."
209260,W_Completeren aanvraag,"alignment needed to insert visible activity(ies) not present in the historical log to explain how the model reaches a state consistent with the logged prefix. Never written to the output log -- the saved prefix is always exactly the input log, unchanged -- but these ARE counted in this case's activity-history used for probabilistic weighting of subsequent simulated events."
209284,W_Completeren aanvraag,"alignment needed to insert visible activity(ies) not present in the historical log to explain how the model reaches a state consistent with the logged prefix. Never written to the output log -- the saved prefix is always exactly the input log, unchanged -- but these ARE counted in this case's activity-history used for probabilistic weighting of subsequent simulated events."
209323,W_Completeren aanvraag,"alignment needed to insert visible activity(ies) not present in the historical log to explain how the model reaches a state consistent with the logged prefix. Never written to the output log -- the saved prefix is always exactly the input log, unchanged -- but these ARE counted in this case's activity-history used for probabilistic weighting of subsequent simulated events."
209341,W_Afhandelen leads,"alignment needed to insert visible activity(ies) not present in the historical log to explain how the model reaches a state consistent with the logged prefix. Never written to the output log -- the saved prefix is always exactly the input log, unchanged -- but these ARE counted in this case's activity-history used for probabilistic weighting of subsequent simulated events."
209371,W_Completeren aanvraag,"alignment needed to insert visible activity(ies) not present in the historical log to explain how the model reaches a state consistent with the logged prefix. Never written to the output log -- the saved prefix is always exactly the input log, unchanged -- but these ARE counted in this case's activity-history used for probabilistic weighting of subsequent simulated events."
209374,W_Completeren aanvraag;W_Completeren aanvraag,"alignment needed to insert visible activity(ies) not present in the historical log to explain how the model reaches a state consistent with the logged prefix. Never written to the output log -- the saved prefix is always exactly the input log, unchanged -- but these ARE counted in this case's activity-history used for probabilistic weighting of subsequent simulated events."
209380,W_Completeren aanvraag,"alignment needed to insert visible activity(ies) not present in the historical log to explain how the model reaches a state consistent with the logged prefix. Never written to the output log -- the saved prefix is always exactly the input log, unchanged -- but these ARE counted in this case's activity-history used for probabilistic weighting of subsequent simulated events."
209395,W_Completeren aanvraag,"alignment needed to insert visible activity(ies) not present in the historical log to explain how the model reaches a state consistent with the logged prefix. Never written to the output log -- the saved prefix is always exactly the input log, unchanged -- but these ARE counted in this case's activity-history used for probabilistic weighting of subsequent simulated events."
209398,W_Completeren aanvraag,"alignment needed to insert visible activity(ies) not present in the historical log to explain how the model reaches a state consistent with the logged prefix. Never written to the output log -- the saved prefix is always exactly the input log, unchanged -- but these ARE counted in this case's activity-history used for probabilistic weighting of subsequent simulated events."
209419,W_Completeren aanvraag;A_ACCEPTED;W_Completeren aanvraag,"alignment needed to insert visible activity(ies) not present in the historical log to explain how the model reaches a state consistent with the logged prefix. Never written to the output log -- the saved prefix is always exactly the input log, unchanged -- but these ARE counted in this case's activity-history used for probabilistic weighting of subsequent simulated events."
209434,W_Completeren aanvraag,"alignment needed to insert visible activity(ies) not present in the historical log to explain how the model reaches a state consistent with the logged prefix. Never written to the output log -- the saved prefix is always exactly the input log, unchanged -- but these ARE counted in this case's activity-history used for probabilistic weighting of subsequent simulated events."
209449,W_Completeren aanvraag;A_ACCEPTED;W_Completeren aanvraag,"alignment needed to insert visible activity(ies) not present in the historical log to explain how the model reaches a state consistent with the logged prefix. Never written to the output log -- the saved prefix is always exactly the input log, unchanged -- but these ARE counted in this case's activity-history used for probabilistic weighting of subsequent simulated events."
209461,W_Completeren aanvraag,"alignment needed to insert visible activity(ies) not present in the historical log to explain how the model reaches a state consistent with the logged prefix. Never written to the output log -- the saved prefix is always exactly the input log, unchanged -- but these ARE counted in this case's activity-history used for probabilistic weighting of subsequent simulated events."
209502,W_Completeren aanvraag,"alignment needed to insert visible activity(ies) not present in the historical log to explain how the model reaches a state consistent with the logged prefix. Never written to the output log -- the saved prefix is always exactly the input log, unchanged -- but these ARE counted in this case's activity-history used for probabilistic weighting of subsequent simulated events."
209511,W_Completeren aanvraag,"alignment needed to insert visible activity(ies) not present in the historical log to explain how the model reaches a state consistent with the logged prefix. Never written to the output log -- the saved prefix is always exactly the input log, unchanged -- but these ARE counted in this case's activity-history used for probabilistic weighting of subsequent simulated events."
209520,W_Completeren aanvraag,"alignment needed to insert visible activity(ies) not present in the historical log to explain how the model reaches a state consistent with the logged prefix. Never written to the output log -- the saved prefix is always exactly the input log, unchanged -- but these ARE counted in this case's activity-history used for probabilistic weighting of subsequent simulated events."
209577,W_Completeren aanvraag,"alignment needed to insert visible activity(ies) not present in the historical log to explain how the model reaches a state consistent with the logged prefix. Never written to the output log -- the saved prefix is always exactly the input log, unchanged -- but these ARE counted in this case's activity-history used for probabilistic weighting of subsequent simulated events."
209592,W_Afhandelen leads,"alignment needed to insert visible activity(ies) not present in the historical log to explain how the model reaches a state consistent with the logged prefix. Never written to the output log -- the saved prefix is always exactly the input log, unchanged -- but these ARE counted in this case's activity-history used for probabilistic weighting of subsequent simulated events."
209604,W_Completeren aanvraag,"alignment needed to insert visible activity(ies) not present in the historical log to explain how the model reaches a state consistent with the logged prefix. Never written to the output log -- the saved prefix is always exactly the input log, unchanged -- but these ARE counted in this case's activity-history used for probabilistic weighting of subsequent simulated events."
209607,W_Completeren aanvraag;A_CANCELLED;W_Completeren aanvraag,"alignment needed to insert visible activity(ies) not present in the historical log to explain how the model reaches a state consistent with the logged prefix. Never written to the output log -- the saved prefix is always exactly the input log, unchanged -- but these ARE counted in this case's activity-history used for probabilistic weighting of subsequent simulated events."
209619,W_Completeren aanvraag,"alignment needed to insert visible activity(ies) not present in the historical log to explain how the model reaches a state consistent with the logged prefix. Never written to the output log -- the saved prefix is always exactly the input log, unchanged -- but these ARE counted in this case's activity-history used for probabilistic weighting of subsequent simulated events."
209646,W_Completeren aanvraag,"alignment needed to insert visible activity(ies) not present in the historical log to explain how the model reaches a state consistent with the logged prefix. Never written to the output log -- the saved prefix is always exactly the input log, unchanged -- but these ARE counted in this case's activity-history used for probabilistic weighting of subsequent simulated events."
209661,W_Completeren aanvraag,"alignment needed to insert visible activity(ies) not present in the historical log to explain how the model reaches a state consistent with the logged prefix. Never written to the output log -- the saved prefix is always exactly the input log, unchanged -- but these ARE counted in this case's activity-history used for probabilistic weighting of subsequent simulated events."
209664,W_Afhandelen leads,"alignment needed to insert visible activity(ies) not present in the historical log to explain how the model reaches a state consistent with the logged prefix. Never written to the output log -- the saved prefix is always exactly the input log, unchanged -- but these ARE counted in this case's activity-history used for probabilistic weighting of subsequent simulated events."
209667,W_Completeren aanvraag,"alignment needed to insert visible activity(ies) not present in the historical log to explain how the model reaches a state consistent with the logged prefix. Never written to the output log -- the saved prefix is always exactly the input log, unchanged -- but these ARE counted in this case's activity-history used for probabilistic weighting of subsequent simulated events."
209712,W_Completeren aanvraag,"alignment needed to insert visible activity(ies) not present in the historical log to explain how the model reaches a state consistent with the logged prefix. Never written to the output log -- the saved prefix is always exactly the input log, unchanged -- but these ARE counted in this case's activity-history used for probabilistic weighting of subsequent simulated events."
209721,W_Completeren aanvraag,"alignment needed to insert visible activity(ies) not present in the historical log to explain how the model reaches a state consistent with the logged prefix. Never written to the output log -- the saved prefix is always exactly the input log, unchanged -- but these ARE counted in this case's activity-history used for probabilistic weighting of subsequent simulated events."
209733,W_Completeren aanvraag,"alignment needed to insert visible activity(ies) not present in the historical log to explain how the model reaches a state consistent with the logged prefix. Never written to the output log -- the saved prefix is always exactly the input log, unchanged -- but these ARE counted in this case's activity-history used for probabilistic weighting of subsequent simulated events."
209742,W_Completeren aanvraag,"alignment needed to insert visible activity(ies) not present in the historical log to explain how the model reaches a state consistent with the logged prefix. Never written to the output log -- the saved prefix is always exactly the input log, unchanged -- but these ARE counted in this case's activity-history used for probabilistic weighting of subsequent simulated events."
209751,W_Completeren aanvraag;A_ACCEPTED;W_Completeren aanvraag,"alignment needed to insert visible activity(ies) not present in the historical log to explain how the model reaches a state consistent with the logged prefix. Never written to the output log -- the saved prefix is always exactly the input log, unchanged -- but these ARE counted in this case's activity-history used for probabilistic weighting of subsequent simulated events."
209790,W_Completeren aanvraag,"alignment needed to insert visible activity(ies) not present in the historical log to explain how the model reaches a state consistent with the logged prefix. Never written to the output log -- the saved prefix is always exactly the input log, unchanged -- but these ARE counted in this case's activity-history used for probabilistic weighting of subsequent simulated events."
